Algorithm: FastMap
Target dimensions: 3
Pivots per dimension:
Dim 1: 2908 4567
Dim 2: 2040 4909
Dim 3: 4672 4180
Object coordinates:
0: 155.896605 106.763916 100.716957
1: 116.045422 129.247960 84.833086
2: 78.557024 144.654647 87.175189
3: 98.704914 74.886601 120.953425
4: 126.290507 107.891783 126.745103
5: 140.496078 97.228501 133.123560
6: 77.732519 89.936101 147.769976
7: 107.208353 100.898291 76.192350
8: 134.332969 133.278017 88.445520
9: 105.955692 95.235293 48.430179
10: 95.484280 77.565579 37.788301
11: 82.815070 108.962700 105.294236
12: 73.183148 109.806040 61.266086
13: 79.867442 110.441960 80.996584
14: 86.107750 72.081092 133.795888
15: 103.288958 145.198206 121.964058
16: 93.496471 89.791576 81.458063
17: 84.241103 18.642240 104.004026
18: 73.352877 111.296882 74.055085
19: 139.564882 80.771409 76.101476
20: 115.164754 86.517093 122.279411
21: 96.129853 87.758973 97.412024
22: 56.613886 108.233037 67.648744
23: 167.487606 107.390289 79.891805
24: 139.939336 105.825867 86.345816
25: 56.798544 98.817835 38.254427
26: 129.314854 83.095923 135.103209
27: 29.993898 101.525854 84.593951
28: 88.371499 58.259174 69.584183
29: 92.616523 129.810294 74.673639
30: 150.397419 90.417142 102.751505
31: 68.692961 44.897831 61.298103
32: 69.859150 90.094851 159.269522
33: 105.670474 86.812593 118.213921
34: 94.104238 104.494248 96.490783
35: 50.754587 132.356251 101.813616
36: 114.562785 73.146163 72.878380
37: 97.094404 103.322936 136.113137
38: 30.767300 141.487628 81.952255
39: 94.002092 29.953747 85.321356
40: 91.159417 151.403781 78.617660
41: 82.862344 167.777736 102.236042
42: 59.767654 94.088815 75.370678
43: 117.792714 98.459181 123.857754
44: 64.921587 161.341098 104.554937
45: 154.538579 127.309949 98.272218
46: 111.345197 105.307018 54.385957
47: 94.828854 104.255497 55.846180
48: 149.688180 132.327589 103.544729
49: 121.883328 140.911472 52.664435
50: 125.941924 121.607764 47.106150
51: 63.602748 96.803022 59.999810
52: 101.901656 148.667885 107.414643
53: 54.247343 141.855225 88.620063
54: 70.731142 103.148951 66.960068
55: 99.104551 94.359259 83.298740
56: 56.937000 67.257184 93.628975
57: 117.191314 98.827060 100.833561
58: 44.848474 55.313037 87.411614
59: 50.804477 125.906922 125.148617
60: 127.371603 82.862356 126.031748
61: 72.169931 85.992649 111.604420
62: 37.593525 128.959069 87.063128
63: 104.183951 113.898410 123.948269
64: 69.764030 107.083115 52.161997
65: 86.756118 80.388916 113.926665
66: 96.531120 87.008428 39.038484
67: 55.897681 49.721301 114.424873
68: 68.770082 52.604906 110.913417
69: 71.362306 149.691101 97.853377
70: 60.278153 81.240389 92.845166
71: 109.560746 115.201158 67.923567
72: 81.098007 58.941534 84.608824
73: 99.603419 132.160193 55.787234
74: 94.835651 87.425102 88.820275
75: 80.777409 61.784694 92.275367
76: 94.591609 18.861522 98.741872
77: 51.403001 123.448260 111.995726
78: 47.663345 101.142512 76.093009
79: 109.355887 157.127150 89.169495
80: 65.715871 82.232416 78.389547
81: 95.163415 95.965663 141.778945
82: 141.907850 126.789907 117.268651
83: 105.901253 52.121542 71.454291
84: 30.073279 106.000980 107.100490
85: 85.551536 93.337781 131.589121
86: 79.327247 122.302428 34.923269
87: 87.397497 107.548330 128.201848
88: 77.979728 114.552624 57.923988
89: 74.274694 40.933270 113.199433
90: 111.549765 79.096365 50.117942
91: 36.221287 109.195493 81.972389
92: 95.944688 106.119498 12.252892
93: 112.143427 101.739579 121.058246
94: 123.797603 130.848892 74.722709
95: 47.200410 73.047586 56.212147
96: 79.715745 153.100415 105.621591
97: 84.178629 74.666750 58.479287
98: 159.616219 68.020973 114.805778
99: 140.215929 73.930202 84.618464
100: 115.310820 93.136218 81.512906
101: 67.695639 40.833772 127.660277
102: 122.109343 120.408013 126.014774
103: 99.135684 83.037710 38.496116
104: 124.547789 108.341350 65.085320
105: 73.760027 108.101221 89.272404
106: 70.407882 56.179437 51.683018
107: 75.303217 86.906607 105.443007
108: 19.123498 86.161336 86.196696
109: 111.982016 81.368863 86.546841
110: 80.783151 50.811039 75.735881
111: 122.964465 140.187149 139.936786
112: 98.763695 103.772410 166.666838
113: 140.949046 130.795689 132.763268
114: 86.412010 74.219285 105.778136
115: 118.743827 104.929700 128.178805
116: 59.369875 72.653552 74.638955
117: 91.361705 97.654430 123.892024
118: 103.584587 69.600262 61.991357
119: 100.465666 120.952861 85.115451
120: 123.622130 126.457903 29.228889
121: 107.003099 63.426391 141.932160
122: 93.038098 123.238711 77.708966
123: 117.227340 116.870112 100.399568
124: 142.197684 132.424363 88.932803
125: 127.530032 128.409873 105.073353
126: 88.197380 54.855949 108.069133
127: 133.376554 40.518301 58.421443
128: 112.879429 45.597815 98.561597
129: 122.729591 101.353063 131.115859
130: 95.162441 105.212225 35.802547
131: 90.376153 83.111703 88.230684
132: 59.318195 45.569071 93.219781
133: 64.378729 70.991167 40.552729
134: 79.716292 119.665858 62.898150
135: 115.801281 28.908247 98.459305
136: 75.274893 111.665593 136.922507
137: 60.376308 76.605181 106.965000
138: 72.293710 160.329938 61.220109
139: 69.036066 86.272339 86.956910
140: 49.759073 101.311671 57.537512
141: 133.570601 77.573368 103.741036
142: 40.146066 54.567364 66.839685
143: 92.435496 95.249065 77.946789
144: 67.953459 129.861057 86.712654
145: 19.267996 116.735687 97.900753
146: 108.234569 95.446809 145.872407
147: 124.689044 140.039793 98.280751
148: 90.338158 117.645455 62.386270
149: 84.901583 87.150433 43.258566
150: 82.652398 84.261729 115.854372
151: 107.024284 83.647667 66.968036
152: 111.078668 118.420158 81.035232
153: 142.397176 89.853207 116.819232
154: 85.580660 140.691530 110.841621
155: 88.464397 165.622265 102.100184
156: 92.117976 129.810692 71.928335
157: 65.906187 119.449318 108.885102
158: 122.724521 124.157406 80.659923
159: 115.216210 112.151378 61.762567
160: 122.645733 97.414718 86.922890
161: 105.821181 62.864247 85.680591
162: 98.141525 103.451721 118.490915
163: 112.150450 89.319872 142.626145
164: 126.469352 106.486014 128.264240
165: 86.238456 133.930627 102.033443
166: 65.209047 76.280338 91.532231
167: 65.128193 106.193352 125.704958
168: 112.269689 126.013529 94.196308
169: 89.013559 66.773032 98.599983
170: 93.829954 81.786985 20.173248
171: 126.231032 101.877445 123.219749
172: 124.188974 120.596236 64.507063
173: 38.257320 127.148247 77.717592
174: 54.762063 129.264477 62.533769
175: 61.350063 107.958100 111.070055
176: 94.254987 108.996301 86.877127
177: 82.298493 77.478770 90.232944
178: 83.127895 117.545243 55.562278
179: 137.602917 152.163466 128.540361
180: 119.262811 42.065725 96.421118
181: 72.822155 94.351506 125.394590
182: 84.298394 49.136063 141.098702
183: 76.987952 52.598780 105.730222
184: 56.781373 78.046291 86.335294
185: 140.556388 90.430569 128.933202
186: 65.365713 138.326142 72.321805
187: 82.837487 111.114766 80.885706
188: 103.969115 103.097044 135.272484
189: 65.182962 83.140300 78.217953
190: 154.097539 69.612727 91.026629
191: 87.916843 99.038461 124.966393
192: 69.363742 122.638293 117.235760
193: 36.513286 125.338352 76.715338
194: 74.987634 60.611172 116.948209
195: 53.463827 121.605488 89.585677
196: 94.011567 108.887262 109.569821
197: 65.787052 121.955372 131.114225
198: 83.246529 87.157166 88.304589
199: 126.852731 90.044866 134.202621
200: 51.626705 112.178445 110.108725
201: 78.161177 46.050751 126.141683
202: 103.331118 155.196051 95.152938
203: 62.147852 66.751439 109.329154
204: 99.187443 82.053806 64.724934
205: 100.358466 61.777107 51.432242
206: 59.914301 46.053225 121.435997
207: 128.117480 109.102275 88.958577
208: 86.356208 85.484061 74.883368
209: 45.991810 84.155067 118.009841
210: 74.808589 122.660036 119.110134
211: 76.254342 76.422075 88.393748
212: 84.998442 35.840022 81.125556
213: 152.091442 113.564165 112.731363
214: 112.964869 85.689994 92.361908
215: 116.172911 86.022294 90.129423
216: 91.537289 87.334981 75.433974
217: 98.178383 66.395457 104.286178
218: 71.140072 81.940840 123.876845
219: 88.732241 130.153431 41.035919
220: 72.468548 148.417464 65.909353
221: 105.142897 124.625973 37.772860
222: 78.272374 105.886003 72.421978
223: 59.080834 82.515161 99.029473
224: 110.233172 29.854735 68.016678
225: 118.877390 100.239392 93.060792
226: 111.822714 87.571338 28.867492
227: 100.492339 74.726985 18.190867
228: 61.708292 107.131299 86.107499
229: 98.137574 76.795287 65.490423
230: 127.137975 62.342838 73.482156
231: 102.154829 143.040377 86.403900
232: 126.621095 99.375532 83.271632
233: 100.451437 81.814307 77.096449
234: 119.780841 58.923734 97.787460
235: 108.714654 58.179166 87.173734
236: 75.981242 141.737688 85.799594
237: 91.503940 78.134908 29.487392
238: 76.451721 157.949329 111.163974
239: 104.937320 84.214677 68.580497
240: 48.522100 99.293773 80.651286
241: 63.385412 122.801451 134.980814
242: 79.174307 99.479362 98.565478
243: 96.862139 105.188464 100.162250
244: 25.707702 81.775052 107.403041
245: 126.111484 126.687531 105.317555
246: 81.959279 105.616557 102.952608
247: 124.163804 70.046502 101.922500
248: 44.621558 88.116876 111.349745
249: 116.743742 104.440082 63.900709
250: 82.618268 94.285698 98.671025
251: 85.748993 135.738926 87.501429
252: 57.201722 94.991050 70.586281
253: 137.226181 87.429653 120.709838
254: 53.796428 72.753598 76.292814
255: 54.913981 94.609313 74.339463
256: 135.036674 86.061669 109.073554
257: 98.244827 137.042369 72.930029
258: 57.925914 111.430947 105.344764
259: 166.395505 101.314518 93.962792
260: 145.585248 100.067667 94.882917
261: 106.961760 83.891593 136.727142
262: 104.149426 119.230475 67.907583
263: 83.345111 124.085304 75.152082
264: 61.457580 162.955567 90.200379
265: 99.196227 123.346137 41.411462
266: 73.837420 85.537368 50.446342
267: 38.295405 94.757970 51.501769
268: 102.413773 105.630828 108.086196
269: 114.216979 95.653661 58.325651
270: 64.390988 67.675975 74.381478
271: 139.182048 108.440061 101.080133
272: 100.131330 46.837926 99.721598
273: 102.115280 110.503786 112.296774
274: 71.824484 153.345348 95.709468
275: 110.013944 31.262751 73.638194
276: 91.627579 100.011151 52.018248
277: 103.390328 89.649617 127.971811
278: 139.344709 84.557324 87.512608
279: 125.614413 58.706311 49.444935
280: 79.576492 117.636074 106.491417
281: 80.193158 169.956484 102.589406
282: 71.007238 114.726394 55.006471
283: 60.722090 122.281768 100.102643
284: 101.949112 72.725383 101.682596
285: 84.850143 122.132570 74.507904
286: 47.577988 60.901665 89.122088
287: 107.382686 103.244954 59.312322
288: 12.230457 117.508096 109.620020
289: 52.028349 88.759827 134.206265
290: 52.127154 110.742087 66.986034
291: 82.011416 44.781049 35.858546
292: 116.405390 109.126724 79.601579
293: 60.759767 61.074977 122.980771
294: 79.230969 97.053810 112.845495
295: 63.815377 108.278393 102.574125
296: 66.012846 77.344552 38.245884
297: 88.945027 130.718915 33.717316
298: 70.634362 118.884801 84.488992
299: 100.665813 47.973111 97.868945
300: 116.130782 120.041050 26.772441
301: 95.808205 98.552027 69.024640
302: 46.640215 84.611051 74.888878
303: 102.272648 83.638460 129.331064
304: 120.183985 120.354011 84.935559
305: 83.204226 53.019649 92.485424
306: 79.226693 95.837228 90.501555
307: 124.450523 70.958682 42.509067
308: 78.734420 83.739592 107.321088
309: 76.343255 54.169892 112.914326
310: 106.889144 99.108072 107.825827
311: 126.482725 61.807175 62.676070
312: 111.242362 65.527673 64.216207
313: 86.261021 32.907874 91.052596
314: 103.501891 74.793098 55.918146
315: 64.757061 63.993289 60.230595
316: 47.947238 56.256365 122.173328
317: 93.249997 88.204742 65.525869
318: 68.409551 118.392821 21.745869
319: 99.966254 125.398673 133.616587
320: 51.034562 113.834424 103.191838
321: 99.173293 62.822017 92.795910
322: 70.407378 110.327276 145.432121
323: 93.254725 153.066717 70.058305
324: 43.712246 71.770549 88.567140
325: 110.160092 92.968903 101.464709
326: 93.578222 75.716519 134.778178
327: 136.178202 79.590454 83.140632
328: 117.304518 74.781535 80.126995
329: 111.134054 95.689017 58.090601
330: 44.813748 76.424455 85.971187
331: 123.009107 115.819629 46.394965
332: 102.161859 143.728254 80.874701
333: 118.113014 65.640675 95.771734
334: 145.784398 136.499757 125.602276
335: 61.103883 88.356108 74.276789
336: 140.902116 108.508324 87.448435
337: 91.571273 46.865632 122.537088
338: 95.300869 128.094812 58.697382
339: 110.948482 104.861679 92.902831
340: 71.760146 85.172029 126.299361
341: 81.771114 112.815833 11.468238
342: 106.885312 58.116306 112.081677
343: 54.748179 64.389445 87.427132
344: 85.381117 86.765579 34.990650
345: 101.499482 165.332645 91.775992
346: 96.182562 106.685688 110.709583
347: 41.334742 78.302503 132.566413
348: 73.465834 94.548988 82.779910
349: 126.584047 113.241089 96.034007
350: 58.227173 99.741335 72.720271
351: 79.935596 125.933542 68.083368
352: 120.776218 112.858855 110.413883
353: 78.782811 123.393585 117.445143
354: 75.232478 46.152934 103.667186
355: 98.486769 40.133939 111.224597
356: 35.949769 100.262186 85.563517
357: 81.929372 80.457407 79.984654
358: 108.972638 104.572811 74.593822
359: 100.755068 62.678958 142.439033
360: 74.070973 50.326596 62.833330
361: 106.493738 108.702740 112.312038
362: 69.127487 50.961066 82.027465
363: 111.974492 75.174586 88.751838
364: 54.791408 113.726320 111.653955
365: 64.862765 109.762577 92.692150
366: 59.236203 106.829107 67.264303
367: 77.554935 54.571799 103.329287
368: 108.676750 91.978182 98.470317
369: 42.572854 104.907486 88.503940
370: 156.321092 112.596696 81.994851
371: 110.860777 55.942667 104.100594
372: 82.145988 111.617175 56.243774
373: 81.782036 124.496097 57.429939
374: 43.040556 139.822732 67.720674
375: 65.433448 116.551060 103.679936
376: 106.217499 54.099962 100.458504
377: 93.061142 94.543896 130.696469
378: 62.459765 81.631209 43.451164
379: 67.899681 152.742955 101.822300
380: 87.774358 129.423529 29.096672
381: 146.335828 105.034381 76.069580
382: 49.392297 58.247186 137.210254
383: 62.248291 117.452506 90.683387
384: 111.919455 42.950571 108.808633
385: 70.975284 64.222328 89.501678
386: 93.029690 96.012460 121.285436
387: 78.345855 88.918700 136.992187
388: 102.198338 86.665590 106.934878
389: 144.129131 107.347865 74.088430
390: 110.713717 109.931319 111.306949
391: 88.983875 109.972405 102.544995
392: 132.907691 60.720299 91.930169
393: 90.264123 129.106554 136.063522
394: 101.257512 39.376207 64.215404
395: 73.983542 114.099126 33.389494
396: 150.992651 113.093674 37.933329
397: 113.384662 142.924948 80.508838
398: 104.101272 73.199348 33.280647
399: 149.598718 123.992921 80.475390
400: 120.502655 60.794837 82.033850
401: 152.472308 61.978618 64.168759
402: 165.204722 95.368735 80.981743
403: 95.635705 66.716371 70.313998
404: 103.834200 54.511899 118.804818
405: 29.603964 93.912789 95.399585
406: 23.927880 77.469172 99.076901
407: 30.666490 80.802381 84.768127
408: 65.418495 68.591008 59.772835
409: 78.826624 128.579239 33.247921
410: 71.798501 147.506324 77.791652
411: 83.024810 63.220698 106.649526
412: 53.384512 107.966699 47.795842
413: 101.209174 139.597889 58.314271
414: 124.942905 111.860588 141.718013
415: 79.554748 72.636516 131.107258
416: 109.981383 109.262198 137.901917
417: 163.176106 104.224747 82.218940
418: 94.883081 139.340662 52.584696
419: 92.477160 86.067357 40.561368
420: 119.502153 78.157224 110.184691
421: 152.156714 127.292667 43.065489
422: 20.340838 76.374368 74.992138
423: 134.376121 47.213706 103.622321
424: 67.840108 90.300194 94.774258
425: 115.710833 144.529167 83.046215
426: 86.724998 164.161184 61.372821
427: 148.684850 92.214558 65.435021
428: 130.484701 109.451301 64.087044
429: 95.588735 114.772780 66.391217
430: 91.794453 125.599056 133.725849
431: 127.466724 146.883901 123.650187
432: 61.008357 124.080802 77.894661
433: 78.765652 27.852275 109.202737
434: 130.488875 109.873067 121.494971
435: 114.749387 43.872374 100.170025
436: 105.908512 158.443348 122.619122
437: 120.625996 35.660624 98.303253
438: 80.471288 108.886820 134.831735
439: 151.458805 97.137317 71.334292
440: 80.205424 130.593434 90.797665
441: 99.920518 123.600757 159.381369
442: 73.489891 128.810825 129.183212
443: 73.314964 93.929333 92.926128
444: 36.667237 124.697768 82.799953
445: 70.969902 129.124883 122.960394
446: 102.243829 173.693135 77.003469
447: 93.990619 138.316230 79.050085
448: 134.241865 95.754196 92.277129
449: 108.040115 113.877859 84.021251
450: 111.916871 113.070900 80.180309
451: 76.234593 79.749870 119.582488
452: 85.274681 61.679135 108.788541
453: 94.047859 86.688592 57.585581
454: 76.128095 92.157377 32.883591
455: 131.738805 142.533850 89.498322
456: 39.012921 114.770501 72.247015
457: 71.642665 101.670525 82.958543
458: 84.915448 134.494956 77.625578
459: 65.045619 110.436625 25.572136
460: 84.523447 115.977181 135.016979
461: 86.234214 99.870831 107.485382
462: 40.511993 94.190960 46.573482
463: 122.642527 88.540794 47.763654
464: 45.558101 83.830566 101.789986
465: 80.244439 101.408509 114.550187
466: 116.682203 82.487127 97.786647
467: 77.721496 146.382908 57.881698
468: 116.665378 121.134745 39.828012
469: 71.127863 48.291682 53.209417
470: 105.489524 92.999226 120.024181
471: 104.694402 134.176146 121.855881
472: 90.749184 89.934170 69.749451
473: 100.937145 82.079227 91.634519
474: 100.907652 99.757908 57.986392
475: 140.522332 97.353283 124.167353
476: 57.295162 124.144946 48.196415
477: 90.073236 75.410467 75.300852
478: 109.103111 36.030045 100.090242
479: 121.616992 107.892182 126.970312
480: 110.311985 95.622536 87.690762
481: 111.852373 84.664072 50.419720
482: 80.507568 108.500132 36.055390
483: 61.545917 69.358540 47.488783
484: 82.472227 52.570964 102.501656
485: 37.089680 78.246874 67.907438
486: 150.421937 131.117947 81.831393
487: 86.719807 116.508392 79.584526
488: 95.576933 141.384923 89.907073
489: 87.185384 104.206598 78.565114
490: 113.014515 133.694999 61.867801
491: 72.909919 89.889561 83.663585
492: 58.600793 133.210284 144.076429
493: 40.565384 80.786558 94.046723
494: 97.876744 80.761619 63.036283
495: 71.121511 102.092848 48.670935
496: 35.974843 86.720815 55.728817
497: 87.187592 88.037534 134.787489
498: 92.372860 157.797130 59.466300
499: 82.176099 73.216581 79.527386
500: 71.998686 82.972752 130.634345
501: 121.576866 57.257638 20.378746
502: 143.539991 94.831926 87.970065
503: 106.643278 90.073125 69.172118
504: 66.557326 81.943225 97.299384
505: 136.158191 107.382942 68.363375
506: 86.988837 101.077962 114.691352
507: 89.891199 135.889315 86.724786
508: 107.104419 115.350635 101.726718
509: 106.194813 37.205371 68.488015
510: 54.039716 126.454745 65.363920
511: 116.482816 125.856626 84.475736
512: 83.437156 88.540717 73.258560
513: 33.811062 57.571862 83.823978
514: 77.954341 109.651216 39.570214
515: 59.481686 89.683008 89.095534
516: 107.957176 137.578437 90.569676
517: 78.271478 116.015842 81.226653
518: 132.327858 119.749438 123.421159
519: 100.500131 64.417255 95.794603
520: 132.351643 80.952551 121.109155
521: 89.736460 68.567528 70.812716
522: 80.581492 95.655871 69.079247
523: 127.911850 73.366375 44.491087
524: 53.366946 59.504729 97.895953
525: 46.353561 109.757685 90.669613
526: 107.544172 74.387954 100.828123
527: 97.706533 116.238965 98.026019
528: 62.740867 126.921812 117.409555
529: 107.367824 122.747799 47.393301
530: 129.847878 136.932801 111.551018
531: 122.988914 93.148710 87.416933
532: 78.878833 69.629475 75.540960
533: 94.351700 99.480359 39.840366
534: 68.721114 80.329873 86.283099
535: 116.636094 107.615639 111.648306
536: 89.513370 97.139571 90.330300
537: 111.975750 58.864880 71.638292
538: 65.488593 110.401653 76.703690
539: 80.227781 70.733525 99.127733
540: 65.041801 67.290209 122.973557
541: 88.205099 128.949870 77.709113
542: 89.853069 113.989235 48.291050
543: 40.281872 86.193940 63.104878
544: 102.292770 81.752396 120.777340
545: 144.345031 99.482556 67.229323
546: 96.355062 128.024243 98.528436
547: 78.926106 95.718853 116.087705
548: 56.153260 73.321103 73.569997
549: 79.656921 99.643711 104.451620
550: 91.687326 134.589753 88.475585
551: 132.372156 59.410224 46.196012
552: 83.593500 126.078268 50.096005
553: 105.511512 135.118144 131.699702
554: 118.689283 148.802852 57.376906
555: 118.935920 43.320885 96.729681
556: 59.648655 141.853870 108.208592
557: 110.001959 29.668396 69.854539
558: 110.178386 46.763639 111.921074
559: 50.487545 66.951495 74.291163
560: 105.216851 78.734220 68.240016
561: 79.336011 65.356713 65.132780
562: 109.404518 53.992909 77.063256
563: 154.402189 75.640806 60.215244
564: 93.167213 71.042798 68.751615
565: 132.704413 114.421679 80.186801
566: 88.473959 141.418080 91.651788
567: 133.220045 62.438246 66.629920
568: 113.337717 88.053892 100.436093
569: 76.089852 120.650278 40.758143
570: 60.697785 47.707862 109.788076
571: 81.265065 47.389575 80.198753
572: 12.377052 78.966551 73.160003
573: 43.684012 80.938356 81.988269
574: 151.635437 128.706754 112.140063
575: 95.255030 99.517324 127.501915
576: 72.303344 60.458806 28.282310
577: 89.384288 122.624577 62.687285
578: 91.630323 80.750255 69.566718
579: 93.988674 89.070418 132.818113
580: 73.075402 135.986504 108.471103
581: 89.537831 26.431022 114.549385
582: 111.509895 92.472812 88.781081
583: 93.031224 106.555654 130.608631
584: 57.770088 63.559928 136.572354
585: 97.554107 79.999490 125.574877
586: 72.823081 124.677508 62.051584
587: 76.782912 108.674225 25.973256
588: 105.150676 147.169405 69.215160
589: 125.735652 111.338862 139.152223
590: 118.364783 68.410724 60.275048
591: 42.441445 94.485464 60.830213
592: 85.711569 56.993646 73.650538
593: 39.459418 84.599878 62.245658
594: 106.700776 76.878907 90.494659
595: 97.299211 74.522577 76.881552
596: 75.590303 94.989692 60.366795
597: 104.274314 106.290293 103.412103
598: 50.783817 119.541465 95.382615
599: 108.186584 104.533018 65.008299
600: 103.281907 112.876145 84.187526
601: 105.513519 102.402164 95.927467
602: 118.842352 66.420116 69.291016
603: 114.509770 116.548572 46.243528
604: 65.016739 77.592954 95.073945
605: 98.341922 93.599282 40.629451
606: 116.758718 129.243154 103.227968
607: 77.476272 86.949547 91.653353
608: 81.736150 115.065880 149.696650
609: 50.550258 67.726571 133.841755
610: 31.846431 76.519702 74.203731
611: 124.763056 139.917298 74.029972
612: 95.145636 101.363199 93.618464
613: 100.798624 96.822626 111.934424
614: 50.787264 46.459351 131.849934
615: 124.387854 94.403121 80.095548
616: 135.111119 100.162600 67.291540
617: 71.002559 83.729057 67.087946
618: 76.652907 135.709013 92.114293
619: 71.340948 113.061389 81.340846
620: 149.014390 84.292370 92.454232
621: 78.608778 151.188154 62.387007
622: 61.403864 87.474821 135.638735
623: 107.228493 118.537742 92.690388
624: 67.488284 72.104353 79.529034
625: 74.804010 117.805000 86.713576
626: 90.136121 47.134167 53.716540
627: 142.230086 76.232186 136.521481
628: 45.057982 63.286916 65.652375
629: 90.653404 99.234345 134.620010
630: 127.707147 135.568781 122.554815
631: 45.729657 101.835381 83.147563
632: 98.913999 109.295922 14.164574
633: 87.047983 84.269586 71.052032
634: 86.392084 95.775363 57.773007
635: 155.967848 110.597663 54.192420
636: 50.575795 86.935864 62.280664
637: 98.968412 127.929148 128.368495
638: 125.203932 119.975003 103.661945
639: 141.130167 91.925814 106.938697
640: 90.609761 108.131728 72.195729
641: 96.696755 94.207927 78.188014
642: 52.332958 68.755076 124.626846
643: 81.866165 91.428422 110.504358
644: 80.552839 155.262655 98.983646
645: 119.774030 117.774349 58.300734
646: 86.016894 153.597239 104.173200
647: 97.245520 122.845618 52.326564
648: 75.752719 151.151797 107.204342
649: 41.549462 123.949259 73.314409
650: 80.910259 119.985150 105.503987
651: 110.943885 44.207072 85.595788
652: 73.260771 81.704309 95.698622
653: 68.073268 120.122205 119.912951
654: 141.590720 99.576558 103.250308
655: 76.806899 82.881909 125.480153
656: 91.069514 47.840798 89.367988
657: 78.487570 116.815077 85.729798
658: 95.175882 61.632317 119.416337
659: 115.749646 99.791735 148.201746
660: 85.872815 101.721063 49.383266
661: 106.835329 91.962336 139.125390
662: 107.852632 107.012196 112.822423
663: 86.714661 143.122736 106.474534
664: 63.340542 92.020387 111.917349
665: 80.749322 49.735910 100.124667
666: 160.058670 124.596234 106.166024
667: 98.030822 93.655489 140.826454
668: 111.304232 61.250347 62.529656
669: 43.753224 73.048366 46.422184
670: 62.227398 118.561154 100.133780
671: 77.423440 84.646584 55.703936
672: 134.526067 74.654491 134.284002
673: 55.879028 89.522053 76.150024
674: 150.225172 110.946096 95.910831
675: 107.948634 46.992960 71.446127
676: 127.502563 130.493474 128.405555
677: 49.669290 111.202945 66.617887
678: 118.820681 131.165269 59.410261
679: 75.016147 44.828848 103.804644
680: 128.457539 104.534849 75.381842
681: 109.238765 138.121873 104.300762
682: 32.615899 76.480381 68.736342
683: 112.524262 113.457298 147.591964
684: 139.574108 117.254806 102.541523
685: 102.892616 111.184957 137.910831
686: 116.419408 119.040927 87.470790
687: 114.950422 105.104921 129.428907
688: 49.683036 111.041253 84.528141
689: 85.141776 33.599785 89.040644
690: 145.500552 129.059546 96.943257
691: 123.707469 89.320401 114.212019
692: 102.828393 88.427403 121.588045
693: 84.265286 103.679279 96.017589
694: 99.520679 127.053246 126.667101
695: 94.047845 130.196369 55.692898
696: 99.873272 88.788426 146.760151
697: 140.265611 103.845899 111.317626
698: 80.921692 116.441657 131.063022
699: 100.762589 19.555995 103.250800
700: 90.702468 135.148143 80.830510
701: 80.519366 70.419930 34.198813
702: 59.686695 125.572902 58.224821
703: 116.665863 80.653701 67.612121
704: 105.657997 72.803543 95.573270
705: 122.259006 149.947042 92.469566
706: 122.803593 102.866773 96.730195
707: 38.489395 83.303879 81.863802
708: 140.674281 107.347966 37.486344
709: 65.052615 154.887485 110.367911
710: 79.290960 38.482416 92.858914
711: 88.146770 70.771106 132.938764
712: 120.922610 107.562778 47.380606
713: 102.437132 132.869906 88.901207
714: 115.291808 107.888532 130.206480
715: 110.568898 91.802570 88.425036
716: 72.525754 76.719814 81.669772
717: 77.066975 170.326804 87.543048
718: 102.348805 72.569232 127.464523
719: 99.460995 66.565918 28.662634
720: 63.950197 108.172512 68.288809
721: 102.714372 157.562395 74.409143
722: 36.885316 84.738972 90.120993
723: 85.286842 106.029533 75.148927
724: 99.901396 94.309139 140.198621
725: 129.020690 114.741442 47.410357
726: 91.798886 57.074286 74.514985
727: 40.662451 100.471531 54.672460
728: 133.789855 55.695403 119.116542
729: 56.038706 134.952508 151.455770
730: 134.189126 99.369628 83.382686
731: 157.687039 97.614924 103.115736
732: 58.895779 60.600066 129.241563
733: 85.529425 110.084882 77.997419
734: 59.797503 123.018325 76.757138
735: 131.609112 100.662714 86.616986
736: 151.384697 96.664973 88.219730
737: 68.665598 81.667133 66.749472
738: 69.046024 99.227206 93.005097
739: 102.807467 106.722627 47.701837
740: 95.333803 61.333419 84.491622
741: 129.151089 144.335868 83.394241
742: 96.328955 55.454421 113.915240
743: 75.742494 65.200528 74.246036
744: 86.181869 67.383997 83.106676
745: 92.795343 86.359930 135.629230
746: 81.553242 85.751951 115.077430
747: 107.667400 123.595087 85.264898
748: 85.750251 139.362282 96.257163
749: 140.871857 103.623548 136.724968
750: 78.879686 46.202561 127.694883
751: 112.592173 59.557785 107.449645
752: 79.454029 111.663340 95.405679
753: 38.116738 96.570858 57.528324
754: 126.844674 128.141965 106.962817
755: 60.923275 66.961972 79.102202
756: 89.126824 135.809515 85.132794
757: 154.588275 123.464172 97.083002
758: 101.740890 150.067366 62.307050
759: 118.844034 120.998120 131.433532
760: 93.834319 99.073686 102.308739
761: 96.292943 131.248591 66.614669
762: 132.172435 60.398401 90.586798
763: 76.460139 44.227094 55.407152
764: 99.110419 44.562859 74.338029
765: 105.592508 87.279306 49.237613
766: 80.882910 49.468203 86.849158
767: 93.677532 88.357752 108.796965
768: 79.753859 88.541376 90.085057
769: 83.211325 158.055293 103.093391
770: 112.457119 76.564367 127.976365
771: 116.599343 124.008037 46.775480
772: 65.750864 63.375539 90.252465
773: 93.248855 89.858889 58.096335
774: 130.141661 126.270523 72.648026
775: 60.939186 95.491116 96.177327
776: 61.345328 68.548697 52.328570
777: 114.385687 115.463726 49.330011
778: 127.109965 75.071262 92.715953
779: 74.428477 84.570500 81.031891
780: 84.387498 44.377399 104.078171
781: 71.263844 105.127289 85.832853
782: 135.068754 104.725005 76.369516
783: 87.204109 90.571978 47.874112
784: 97.506161 133.084615 76.392790
785: 63.223490 79.265740 40.841779
786: 48.964316 62.538550 142.963067
787: 114.203063 35.301125 90.023836
788: 118.359540 91.013470 10.659866
789: 107.825901 133.313950 101.448699
790: 79.428861 87.482616 109.426811
791: 70.951619 84.283501 68.187367
792: 77.235251 102.990811 64.099316
793: 72.389937 67.835374 102.934138
794: 99.617095 115.791027 86.186102
795: 28.529107 105.752258 69.262936
796: 98.975145 61.505361 112.546584
797: 111.349638 84.614664 73.622350
798: 113.627271 84.359661 124.672395
799: 89.461578 146.160614 118.461043
800: 67.058446 88.024186 129.276082
801: 100.373343 95.047226 115.316954
802: 91.732272 44.584510 87.489693
803: 112.659975 118.423365 142.283008
804: 25.841768 89.075929 78.646190
805: 74.838190 120.811445 56.431583
806: 86.252130 95.090012 78.007423
807: 51.852536 99.216311 150.044850
808: 91.978489 143.593813 119.775397
809: 93.158372 101.258733 37.548360
810: 103.610187 92.767702 101.274506
811: 83.412579 98.238806 102.399655
812: 57.553035 81.347671 49.314921
813: 90.149289 84.133271 144.968138
814: 82.448789 80.645161 80.617063
815: 58.644218 112.572828 101.506128
816: 60.364333 35.369183 97.487534
817: 68.303108 68.545398 96.300445
818: 99.051113 82.722843 94.809404
819: 90.456704 65.621054 68.440897
820: 141.222338 98.114567 68.023680
821: 92.214654 99.734641 79.943306
822: 71.721619 128.307318 103.774972
823: 48.338744 100.799267 59.240217
824: 62.928770 113.947522 39.792562
825: 114.307541 123.661490 45.484082
826: 72.700100 87.217819 127.341591
827: 110.301516 71.221094 83.531767
828: 72.788659 131.337009 88.281672
829: 103.428527 93.745994 61.717092
830: 23.454425 118.316292 76.937141
831: 87.846471 71.136351 90.518421
832: 63.744475 110.631501 45.755770
833: 138.451230 118.275758 106.565017
834: 143.986504 127.594689 58.414453
835: 62.851050 84.296169 69.087152
836: 90.568301 128.102486 70.245789
837: 77.553269 100.851068 169.411972
838: 66.222552 84.125090 71.843872
839: 97.801576 112.757898 37.300627
840: 107.738494 110.953159 95.334949
841: 86.368913 58.031392 136.104324
842: 122.598332 81.881935 136.946927
843: 139.739648 115.737180 76.692543
844: 45.007428 78.527900 123.262450
845: 80.781395 128.513961 70.639411
846: 112.986955 103.987080 101.051932
847: 117.380214 73.506444 115.858311
848: 60.554635 130.600965 63.885023
849: 122.514450 86.532839 80.559760
850: 72.452414 97.959528 128.874271
851: 61.632868 89.108911 120.033830
852: 67.036298 119.918796 36.474087
853: 133.008662 97.715518 78.144577
854: 63.768012 106.098384 128.858332
855: 82.769379 135.509994 62.664064
856: 97.871757 111.038631 128.273716
857: 47.976662 95.696267 53.655595
858: 48.893540 149.006663 94.675689
859: 111.654916 99.887117 65.093359
860: 97.248096 71.363090 139.260957
861: 126.761921 97.936094 70.027465
862: 128.048853 111.151215 114.286031
863: 168.164524 101.886151 83.392199
864: 92.739801 80.824637 40.486151
865: 53.664825 118.682363 93.943682
866: 131.188151 104.749696 75.047188
867: 22.013265 66.894379 76.295231
868: 97.014126 68.841559 103.515887
869: 142.265474 113.191981 90.914845
870: 120.194291 73.442883 43.213553
871: 75.441064 115.431955 90.961709
872: 56.074277 84.874329 93.671129
873: 53.630158 57.717609 45.993005
874: 93.362199 179.724783 72.865699
875: 95.966761 80.019298 34.612973
876: 87.661251 70.967163 61.982002
877: 129.242186 61.093911 106.402476
878: 51.785060 93.268074 101.640634
879: 112.650955 51.229891 92.587546
880: 128.531825 57.918423 121.204110
881: 78.317123 98.953839 100.032327
882: 70.949208 75.735992 119.902267
883: 59.227758 143.994717 104.623828
884: 93.708838 47.878754 72.382544
885: 98.311013 46.695562 79.024422
886: 96.168912 116.549225 101.895753
887: 98.974172 34.182499 72.563980
888: 43.194853 80.616649 75.410463
889: 119.430176 95.835340 86.798440
890: 120.120950 92.221671 50.632853
891: 69.670318 95.995237 63.870380
892: 155.701143 92.063563 86.555354
893: 58.164717 32.478638 109.418825
894: 100.410496 95.491560 73.344958
895: 139.261120 93.162739 88.186494
896: 66.645280 63.422869 98.654069
897: 114.962874 113.644735 101.373098
898: 125.623916 96.888760 76.148771
899: 83.018357 112.483324 42.425127
900: 48.866244 115.092436 48.185346
901: 101.910097 50.863183 49.222981
902: 89.522092 63.630946 92.251998
903: 90.838080 110.837537 94.976704
904: 76.660887 69.706162 147.359944
905: 94.936618 85.033355 20.479390
906: 56.124848 121.921558 69.787265
907: 74.687452 34.921364 115.651729
908: 89.110829 128.101914 124.320414
909: 76.611981 97.842999 85.178592
910: 76.332796 89.566888 65.360182
911: 111.060697 118.731649 106.751149
912: 87.486093 129.080031 125.659683
913: 103.298237 136.046387 93.112861
914: 115.511694 104.184623 33.280924
915: 80.026395 94.890640 66.930010
916: 81.167924 39.442271 41.000462
917: 94.287673 82.096916 29.402217
918: 113.283293 67.218086 99.391961
919: 114.270845 57.484461 88.411392
920: 91.946981 125.982665 138.114929
921: 41.939566 65.056217 80.592811
922: 70.581094 78.568990 84.904976
923: 54.490017 84.382577 60.080464
924: 49.804358 55.183561 79.564398
925: 43.993152 90.904170 114.976854
926: 72.699414 125.665073 73.131920
927: 90.429284 74.481115 106.396911
928: 80.143188 55.700132 139.415571
929: 63.410646 59.382801 43.620114
930: 88.757687 38.192652 93.604055
931: 71.567164 98.013195 90.293896
932: 112.110303 92.824572 90.460517
933: 15.174304 76.517585 83.478785
934: 90.886915 111.382736 87.262068
935: 41.873921 103.535568 55.346894
936: 46.016860 125.917038 103.188491
937: 130.965669 48.179795 76.208484
938: 73.710722 114.179574 65.492868
939: 53.833676 91.469996 96.679253
940: 115.783472 99.458297 59.395866
941: 103.691637 100.124455 124.924524
942: 96.421300 109.471818 17.362204
943: 110.464348 67.617836 115.809697
944: 90.419176 110.204945 113.870076
945: 88.466962 96.684989 68.279115
946: 65.641985 112.398359 73.981236
947: 93.947157 133.431417 71.140863
948: 80.892502 165.583401 88.782366
949: 79.890033 120.731972 50.098010
950: 98.384759 104.741250 135.168915
951: 140.124665 46.264886 72.273886
952: 119.441696 138.559702 39.811245
953: 99.880523 71.039207 108.941355
954: 144.171033 79.734406 108.493783
955: 94.385772 169.152587 85.856371
956: 98.374212 172.287587 72.623153
957: 62.025510 130.210439 103.347119
958: 81.862371 102.530453 32.900673
959: 85.161987 139.742500 144.952916
960: 38.527017 107.969657 99.969155
961: 140.633608 56.480821 60.690470
962: 118.149478 103.924128 97.327261
963: 92.565804 127.027308 126.372147
964: 71.604561 63.237371 121.321185
965: 42.359676 92.148894 98.549366
966: 123.706267 81.026563 80.751184
967: 48.981733 114.967709 85.851031
968: 94.739209 87.873550 135.142134
969: 127.906416 106.336667 113.170361
970: 92.214030 115.280121 149.071991
971: 136.247984 72.883440 71.776652
972: 41.183471 84.283803 100.509995
973: 91.403376 69.951162 123.906998
974: 90.037070 34.812455 87.558302
975: 91.580188 51.644556 41.914758
976: 74.267121 118.024964 106.303976
977: 88.060977 77.850036 96.451559
978: 110.584661 94.942603 134.841392
979: 56.820451 94.137639 122.025309
980: 84.227949 61.482459 145.659556
981: 79.592147 74.868040 101.544992
982: 86.002114 131.584558 132.715514
983: 101.576814 140.708314 69.009220
984: 103.041559 150.091465 111.114089
985: 98.456180 140.890012 60.246477
986: 87.367023 93.746917 82.081353
987: 24.812125 77.337469 87.408660
988: 88.420645 61.186248 99.033651
989: 48.733273 140.251339 113.327557
990: 103.503339 54.029340 72.407853
991: 58.108286 49.773149 94.639306
992: 20.621208 90.127678 111.911416
993: 85.639015 88.021485 154.688169
994: 68.691444 68.858633 100.052616
995: 103.026136 143.010104 121.674520
996: 84.268002 158.998260 83.413414
997: 59.533111 65.606117 119.756324
998: 108.797393 132.954203 63.621161
999: 85.908057 82.051029 103.120767
1000: 53.341303 122.390498 68.120182
1001: 75.957879 44.227267 91.995006
1002: 132.233319 89.895895 103.989690
1003: 88.062683 147.994831 91.301905
1004: 113.139570 94.232233 106.702725
1005: 39.191654 86.832155 101.460208
1006: 133.213379 38.816642 99.881953
1007: 63.956022 65.863300 55.671769
1008: 100.541468 153.520840 68.082225
1009: 127.703812 83.584800 53.334851
1010: 72.068099 127.549898 108.233210
1011: 59.228284 98.280636 121.445492
1012: 52.973765 131.022389 69.177757
1013: 84.441928 85.744639 139.785134
1014: 95.360887 110.383900 147.841327
1015: 92.194253 139.134210 119.046274
1016: 126.961347 88.661165 87.932116
1017: 138.800483 72.082216 70.509186
1018: 98.434606 112.130740 56.184037
1019: 101.734186 51.049912 74.407289
1020: 106.523721 131.759538 62.415525
1021: 103.368714 90.379022 163.294091
1022: 72.548251 147.801213 62.882204
1023: 69.284967 141.796241 91.185309
1024: 125.930748 100.640258 83.909302
1025: 71.526309 98.490884 48.060662
1026: 94.648729 116.464549 41.210852
1027: 99.422246 57.990868 87.698989
1028: 73.382283 60.859962 57.062086
1029: 67.897265 103.815600 110.243201
1030: 49.885081 118.899346 113.606210
1031: 58.988535 133.485786 82.985958
1032: 94.820750 84.278712 86.285122
1033: 108.674527 150.978453 77.088261
1034: 128.105363 91.565306 134.331861
1035: 68.968430 87.125697 56.095312
1036: 136.589947 67.925598 54.375500
1037: 42.956956 83.735233 58.297612
1038: 110.280972 69.635583 111.796788
1039: 54.265566 102.979120 51.377213
1040: 102.778710 59.200804 78.492960
1041: 127.031091 72.338876 40.831825
1042: 94.588023 52.080432 135.826918
1043: 92.065869 141.686023 98.213091
1044: 81.658105 72.975672 27.325766
1045: 80.179209 50.272982 48.944558
1046: 116.495221 55.741193 55.241623
1047: 107.480784 115.815116 135.538001
1048: 110.230407 115.695760 111.529417
1049: 85.579637 118.542017 90.551085
1050: 123.914647 103.733281 24.469197
1051: 82.122842 148.204457 71.296769
1052: 127.295065 56.765388 79.953088
1053: 56.394652 54.721087 74.336658
1054: 86.786893 117.295925 57.866708
1055: 103.356198 71.445430 116.556412
1056: 49.821250 112.348343 90.545167
1057: 117.922751 109.646383 11.996206
1058: 107.435790 142.990770 110.400850
1059: 76.394710 83.050085 103.056741
1060: 130.900984 119.995882 73.082020
1061: 43.804800 45.827699 46.803598
1062: 105.753736 102.490344 59.660347
1063: 110.896890 146.485544 106.132749
1064: 115.389943 42.354372 53.166094
1065: 85.272908 66.219473 76.993113
1066: 73.877122 120.514902 57.414767
1067: 116.159482 109.930008 117.309696
1068: 117.812285 117.072756 143.510942
1069: 46.368861 60.707181 60.590647
1070: 79.014580 117.721840 50.962463
1071: 83.096872 55.503953 81.013488
1072: 85.736721 44.805923 107.101055
1073: 62.779580 86.421403 44.649625
1074: 48.174096 122.629289 53.922527
1075: 76.411157 92.272682 131.123009
1076: 110.459352 137.860336 114.748489
1077: 80.014880 72.751807 64.108493
1078: 117.888108 69.732011 56.794234
1079: 98.473093 76.502938 96.153929
1080: 133.898382 113.678003 67.544187
1081: 64.688673 85.168655 84.487405
1082: 80.305884 79.165384 70.411189
1083: 68.358473 131.303715 108.828365
1084: 115.232484 151.572439 73.266746
1085: 89.393984 84.890177 69.315584
1086: 103.800675 87.108042 81.283315
1087: 79.942477 107.287415 113.883050
1088: 96.014609 113.032955 111.026177
1089: 95.214819 109.648684 135.539836
1090: 119.480418 56.584119 65.852423
1091: 92.172748 107.120711 115.379778
1092: 49.947140 101.193583 68.839946
1093: 89.210077 57.231744 91.189422
1094: 152.174861 90.866855 78.895276
1095: 116.998868 38.615880 60.707313
1096: 119.361148 146.387924 72.120134
1097: 69.970171 36.239010 67.103723
1098: 81.957577 137.653693 104.578876
1099: 66.098301 93.121828 120.959741
1100: 65.621009 66.459214 76.139650
1101: 73.147624 121.657467 117.178084
1102: 163.353025 85.818122 92.085892
1103: 79.023869 113.096905 70.341239
1104: 102.492780 71.199385 110.185339
1105: 105.827773 78.451566 87.412864
1106: 121.730259 42.593964 78.247433
1107: 21.827746 76.741477 93.636415
1108: 110.722283 98.317056 122.622385
1109: 79.425139 69.862731 115.438366
1110: 95.815086 138.746686 64.781030
1111: 151.932568 80.727097 102.131439
1112: 85.896779 84.979963 89.394495
1113: 81.618966 128.712391 107.075357
1114: 65.979583 52.527742 60.525613
1115: 89.250774 77.280202 100.740576
1116: 95.617757 76.543250 89.129969
1117: 54.762062 90.088031 98.917634
1118: 88.130550 130.736670 149.295802
1119: 77.070532 132.231683 43.226171
1120: 114.322677 93.974358 123.760247
1121: 96.262894 77.742734 68.969354
1122: 74.717428 149.706533 79.185249
1123: 83.949675 48.899786 49.614271
1124: 97.088195 34.147063 108.638349
1125: 94.612966 92.697943 133.277789
1126: 125.150700 31.080158 76.544748
1127: 69.758279 76.759310 45.477208
1128: 84.037129 96.901788 128.796387
1129: 62.960859 104.059265 55.656049
1130: 137.820720 94.332155 80.702746
1131: 55.145109 99.659454 100.737392
1132: 123.490378 76.460690 104.583384
1133: 122.646335 138.445505 106.521492
1134: 121.526588 110.546280 60.880888
1135: 97.246220 99.002744 32.933435
1136: 110.588966 103.359831 120.569642
1137: 103.284108 129.735374 62.343695
1138: 83.217116 92.900040 55.565679
1139: 162.349622 113.444167 73.737621
1140: 56.892420 87.559958 106.927412
1141: 61.144062 143.167593 78.982233
1142: 106.551710 52.628947 66.886882
1143: 100.225374 49.440627 103.033078
1144: 109.169980 80.100701 116.037116
1145: 81.649998 57.575147 84.627450
1146: 107.247319 130.443239 103.506247
1147: 46.400558 65.054598 77.979542
1148: 77.351564 122.962018 95.686222
1149: 105.118899 45.732239 116.530424
1150: 76.998717 72.035136 152.962531
1151: 86.016133 91.148448 84.378259
1152: 134.526058 108.969633 104.563140
1153: 113.510560 75.002994 62.678233
1154: 73.598340 60.609771 122.441866
1155: 131.129985 139.437469 140.727902
1156: 73.284807 100.321721 139.011383
1157: 103.084028 116.523405 74.542215
1158: 53.532787 94.517207 82.694332
1159: 114.147976 131.940799 55.261223
1160: 41.740056 110.241339 105.170348
1161: 83.605487 156.759597 64.014195
1162: 100.341512 76.892035 114.976796
1163: 123.613954 86.923706 95.083830
1164: 101.187804 119.883655 85.742216
1165: 55.486950 107.787282 88.469788
1166: 151.805338 92.516904 73.588785
1167: 114.916084 114.854088 59.294500
1168: 87.676106 140.737437 99.524115
1169: 50.415607 114.557792 105.140381
1170: 44.569547 96.700072 116.406757
1171: 82.265351 76.374474 112.030169
1172: 156.412075 96.477951 79.665975
1173: 108.899885 105.789697 121.416910
1174: 26.371460 93.868302 92.909879
1175: 86.936097 73.619681 115.536279
1176: 57.903265 54.966422 101.207143
1177: 127.053321 95.083668 114.482171
1178: 123.374694 86.272194 95.623426
1179: 96.446382 85.818182 148.347986
1180: 97.532530 37.310775 111.027598
1181: 100.328680 98.371931 81.346169
1182: 77.820940 31.625096 120.982138
1183: 79.965264 104.832303 87.962168
1184: 56.400789 69.184496 72.441845
1185: 107.667059 86.967467 63.138478
1186: 19.080275 93.559940 90.399808
1187: 86.725628 71.840354 127.180232
1188: 103.726444 77.951599 44.463415
1189: 81.457213 64.203838 101.061274
1190: 84.956808 89.858804 67.717427
1191: 114.419961 84.550043 153.136619
1192: 100.341527 143.046754 135.610528
1193: 64.723799 54.931130 139.847536
1194: 55.328644 81.576787 100.767454
1195: 69.108523 104.614859 140.159082
1196: 98.372399 54.289293 131.546959
1197: 74.057752 133.213202 39.173428
1198: 88.625213 51.971459 104.829564
1199: 114.982498 98.739793 103.112452
1200: 80.343326 124.484704 42.348523
1201: 79.820392 123.614610 59.920184
1202: 133.711490 32.992301 67.133284
1203: 46.488601 64.378048 105.962556
1204: 99.172416 107.404009 85.192270
1205: 70.043688 62.258691 90.277321
1206: 82.115393 56.921314 45.066599
1207: 109.022714 107.764433 102.187339
1208: 50.615942 57.322033 71.992179
1209: 95.403660 79.816677 97.523776
1210: 116.072939 150.643483 60.154081
1211: 113.732858 84.701935 134.126744
1212: 115.505580 91.228052 103.509132
1213: 45.134464 108.284003 110.421635
1214: 117.722375 96.307305 106.997129
1215: 131.838812 90.747049 45.788896
1216: 75.549002 131.811055 110.562017
1217: 93.005817 108.147051 44.048334
1218: 132.740555 80.242914 123.271673
1219: 109.653044 111.274234 92.208953
1220: 108.549879 125.018153 141.443571
1221: 46.645307 121.301160 110.444052
1222: 44.474605 128.572533 92.045941
1223: 88.940422 134.048373 94.352704
1224: 129.130750 86.989226 85.520397
1225: 82.005779 121.798854 104.602295
1226: 106.657221 118.580781 53.126691
1227: 129.990654 99.235640 88.217179
1228: 129.641511 110.665427 88.297046
1229: 74.620482 57.762270 88.826515
1230: 109.408851 80.306780 65.870713
1231: 99.381174 49.781598 41.604062
1232: 78.699631 82.142977 127.721704
1233: 118.444720 84.295786 96.774014
1234: 44.659318 120.474437 94.419526
1235: 82.010200 116.205377 89.042297
1236: 96.425965 107.741102 76.200048
1237: 98.267620 117.792901 40.872381
1238: 83.349185 144.067170 110.928767
1239: 65.453806 121.083968 74.413719
1240: 131.150665 72.947643 88.762353
1241: 28.204224 99.733653 61.958591
1242: 94.802664 113.718619 54.612217
1243: 128.303421 66.842113 97.572842
1244: 100.733397 140.373526 107.852611
1245: 60.380583 51.731002 84.867334
1246: 85.068499 57.590456 100.726027
1247: 42.751747 111.414481 77.864053
1248: 56.637459 71.261145 30.266759
1249: 91.054543 131.754363 52.259651
1250: 90.355967 101.483338 73.345292
1251: 69.017418 114.974249 96.236636
1252: 96.721958 74.423007 100.369466
1253: 111.758676 87.953233 56.121596
1254: 113.364662 65.718037 87.018808
1255: 73.256724 119.835834 98.070389
1256: 109.696775 111.697176 82.037700
1257: 67.499059 84.470269 55.725708
1258: 71.473746 48.545263 121.707796
1259: 93.584794 117.485682 39.005400
1260: 133.950564 94.510672 97.148385
1261: 77.535273 162.448378 67.278894
1262: 140.688717 117.391687 99.689993
1263: 34.922916 74.381902 74.544795
1264: 119.264864 119.043839 97.552914
1265: 47.174077 150.419807 78.970614
1266: 62.306818 102.321139 76.355433
1267: 68.025063 127.073750 125.198003
1268: 131.272341 48.697016 45.364245
1269: 120.312521 111.257634 41.135481
1270: 102.557347 93.004732 59.958856
1271: 74.702961 127.724258 79.438839
1272: 109.754436 74.612277 88.704090
1273: 151.942451 116.249038 101.303384
1274: 80.908625 61.112685 107.065165
1275: 38.110428 86.231598 84.508973
1276: 89.679878 107.931047 86.048284
1277: 72.936124 110.979792 111.523830
1278: 79.548332 77.226228 70.235370
1279: 107.062878 141.251204 122.718173
1280: 80.459559 49.345324 108.514743
1281: 99.870344 139.053333 104.307039
1282: 105.622699 92.505746 86.492841
1283: 86.574242 92.507271 97.903613
1284: 105.340444 90.177567 82.457978
1285: 65.016044 100.385712 117.863092
1286: 87.970308 106.635118 94.067649
1287: 94.764101 88.717574 72.365938
1288: 98.545471 149.117777 62.229379
1289: 57.252830 69.984577 89.439881
1290: 44.294040 106.636322 61.401374
1291: 98.123531 93.181734 150.910002
1292: 82.132101 99.228689 47.485151
1293: 58.648225 89.136612 29.537656
1294: 68.280499 51.881291 50.523683
1295: 84.435621 75.973533 93.362760
1296: 111.935347 125.839112 45.041722
1297: 127.770996 57.098120 98.402294
1298: 94.644198 151.837926 122.032115
1299: 128.741319 56.138183 70.616139
1300: 84.033559 118.852032 139.410046
1301: 91.434636 112.517722 74.849841
1302: 89.782413 85.525288 61.376449
1303: 115.122835 80.756517 104.390381
1304: 90.819643 56.871751 134.687632
1305: 50.309310 96.633940 64.636885
1306: 88.627421 123.000591 101.040462
1307: 46.471914 88.505679 80.279041
1308: 56.679088 127.582448 107.318985
1309: 99.118437 75.972360 75.688581
1310: 88.471552 88.408574 128.633865
1311: 98.074353 97.793394 40.540993
1312: 108.730376 154.739288 89.214440
1313: 59.094821 112.863144 113.144952
1314: 76.879068 70.390008 114.195753
1315: 129.402378 113.236152 95.974415
1316: 44.357064 98.926527 36.908492
1317: 75.653481 112.850970 106.102253
1318: 115.595944 144.097238 108.873037
1319: 82.847181 68.739895 124.054127
1320: 137.023137 127.285858 101.098600
1321: 92.506618 71.558183 48.420245
1322: 123.799594 131.132139 109.655798
1323: 88.317341 110.375937 108.304028
1324: 55.029554 79.097311 97.894313
1325: 110.392995 105.585098 130.144001
1326: 46.659691 70.585187 68.059064
1327: 120.497638 94.705878 104.430773
1328: 99.984023 74.659869 110.014865
1329: 86.903195 95.183987 16.769497
1330: 138.160081 115.709624 62.122966
1331: 106.174627 151.084472 113.129803
1332: 70.031963 108.819206 34.348631
1333: 96.452689 92.627207 90.792164
1334: 100.133016 49.042077 97.341248
1335: 28.095146 82.153034 86.879262
1336: 68.803515 152.094557 94.752412
1337: 116.956368 96.355047 63.109619
1338: 83.012759 127.009112 106.524102
1339: 101.965739 80.973981 82.306354
1340: 71.552775 140.370284 81.084223
1341: 91.397502 62.540131 118.136453
1342: 120.897152 100.070794 76.135397
1343: 80.675914 120.778623 113.112543
1344: 110.357932 79.167252 126.212130
1345: 138.535406 122.806000 70.960065
1346: 53.401175 102.777498 155.741846
1347: 96.268812 103.827305 54.669802
1348: 146.623409 119.584391 118.117279
1349: 80.040095 97.516868 112.533950
1350: 48.064729 70.689258 87.358806
1351: 114.345637 90.452734 137.634215
1352: 81.885289 91.206763 28.828956
1353: 67.701649 114.494471 103.450177
1354: 107.404254 77.570486 133.151090
1355: 95.116692 117.777557 69.148909
1356: 74.200225 127.561415 81.766895
1357: 77.157119 95.218058 57.935260
1358: 84.097056 174.051875 77.816641
1359: 99.145147 105.350201 23.991894
1360: 65.022212 37.728572 87.163335
1361: 145.714816 75.509468 82.087716
1362: 134.711857 65.370406 121.033510
1363: 105.669068 80.550181 90.315872
1364: 80.981370 144.185202 112.787680
1365: 128.987734 121.114298 110.265833
1366: 69.987045 151.782204 80.897089
1367: 62.478095 42.081911 85.591029
1368: 78.240839 154.893363 98.002723
1369: 15.816454 102.924007 102.011185
1370: 19.836259 94.443224 100.908509
1371: 65.873873 59.088541 41.743801
1372: 113.915585 138.859426 101.254649
1373: 99.574778 74.074824 130.216995
1374: 117.014443 61.994190 111.182552
1375: 83.194276 37.563533 113.272051
1376: 69.420443 66.364054 133.076408
1377: 96.763183 131.764294 88.969777
1378: 53.437862 74.311060 93.936689
1379: 54.613866 127.909842 48.314118
1380: 85.929984 51.344068 115.749882
1381: 91.656566 124.257851 129.618577
1382: 59.765411 114.360228 91.070613
1383: 128.198777 119.650833 107.983370
1384: 46.682820 65.511227 105.331510
1385: 130.625415 60.944756 86.809637
1386: 127.097388 88.736694 50.911997
1387: 100.409705 119.380037 49.227579
1388: 81.157738 92.016226 50.671672
1389: 79.927531 140.895194 117.744402
1390: 127.107579 76.966852 119.319664
1391: 100.253812 38.160653 74.150368
1392: 119.090140 54.247954 135.988276
1393: 81.878397 75.575054 46.442558
1394: 88.765777 80.269428 141.032478
1395: 96.743843 125.774211 55.283775
1396: 60.859712 73.599654 60.816832
1397: 114.621873 110.991601 100.297114
1398: 63.843308 89.455637 76.018021
1399: 117.168921 73.182442 86.591594
1400: 42.659950 73.165625 117.627584
1401: 108.360937 96.172252 42.757172
1402: 67.274023 97.360931 123.546144
1403: 90.774976 63.356075 37.502626
1404: 136.154722 111.559928 75.958864
1405: 97.806228 119.282477 132.782633
1406: 86.476282 98.276603 36.406675
1407: 123.636754 157.380607 56.375131
1408: 96.460926 91.561794 49.199978
1409: 144.094695 89.794269 118.943006
1410: 137.419392 81.646132 84.402685
1411: 41.173130 122.523613 123.344830
1412: 106.061856 127.794468 91.423572
1413: 58.246505 112.039591 89.627413
1414: 48.543582 88.819535 107.534630
1415: 78.595649 64.153247 65.892268
1416: 139.803833 74.821001 103.221055
1417: 100.229278 69.714039 130.677746
1418: 32.457619 96.210136 79.793645
1419: 30.423206 86.600100 97.671493
1420: 110.109958 78.539359 80.368489
1421: 89.131301 89.732265 103.655107
1422: 104.531129 120.463065 55.046113
1423: 49.526968 48.877791 50.366173
1424: 147.274257 89.444437 75.131902
1425: 103.927645 108.684265 63.015586
1426: 74.191835 93.302958 24.080692
1427: 123.834375 123.428493 34.236397
1428: 56.232579 92.371868 79.514628
1429: 83.996175 94.109105 90.290996
1430: 71.981729 146.125117 97.072393
1431: 94.767073 92.708256 101.076515
1432: 86.379859 50.489131 109.601967
1433: 151.906798 114.687740 92.219092
1434: 112.298421 108.437434 152.183212
1435: 57.294391 82.610643 132.289443
1436: 124.317565 130.358006 98.456202
1437: 92.327014 63.552288 97.933133
1438: 108.617139 53.573156 110.747358
1439: 105.904678 55.211145 95.436370
1440: 77.297357 72.314047 78.829053
1441: 94.625190 136.546910 148.369356
1442: 114.188634 113.225756 127.629883
1443: 88.486816 80.311187 89.004129
1444: 95.126213 108.705873 110.369946
1445: 112.199529 119.414085 85.262409
1446: 79.317654 76.257076 82.257407
1447: 105.708841 85.600408 50.119411
1448: 98.933196 103.709097 119.155397
1449: 106.713255 119.367579 51.367890
1450: 71.847832 112.890945 114.201802
1451: 115.843861 108.027482 88.478032
1452: 106.156715 87.058211 101.962136
1453: 106.526109 106.092611 75.312064
1454: 80.784881 124.571647 64.751181
1455: 59.192819 94.986201 145.674732
1456: 97.904293 123.555555 144.378719
1457: 73.714557 99.585831 121.402630
1458: 116.217462 161.850003 128.247019
1459: 86.748904 71.978451 106.815985
1460: 151.500127 125.925496 84.918082
1461: 64.471646 66.129302 85.851794
1462: 108.022839 90.415407 67.899486
1463: 88.024965 118.537062 61.224240
1464: 76.452845 96.610255 100.101061
1465: 100.490583 56.589744 59.977173
1466: 100.550156 80.690797 82.169284
1467: 97.218809 72.810881 63.655824
1468: 43.050956 93.321847 147.746686
1469: 89.711329 71.672373 141.218023
1470: 85.041754 119.090707 99.065252
1471: 77.597583 96.179201 110.313509
1472: 78.952319 90.238726 80.222677
1473: 96.196958 127.146254 144.051400
1474: 116.760257 101.711326 89.731799
1475: 67.367869 95.988898 127.696887
1476: 69.927185 83.999721 82.730961
1477: 92.383496 89.832156 104.345324
1478: 88.611419 117.735461 92.768402
1479: 80.384223 51.601950 94.294958
1480: 128.983046 90.213569 71.906710
1481: 94.112038 109.797158 70.097087
1482: 119.494377 107.618460 72.174362
1483: 100.623210 90.900650 140.924287
1484: 114.349735 93.639157 126.545452
1485: 66.789967 145.307426 43.210548
1486: 85.541727 126.523602 131.721192
1487: 84.276944 117.703035 131.292643
1488: 121.399750 87.683997 112.411206
1489: 107.838061 93.019631 51.267090
1490: 93.431844 128.112492 50.375892
1491: 98.808330 73.628887 37.150622
1492: 95.126693 37.081910 102.547796
1493: 59.339234 100.892066 103.641486
1494: 84.725199 80.572069 41.810195
1495: 65.262634 65.661599 96.715842
1496: 52.349593 93.086549 84.855567
1497: 86.870639 132.825859 85.223625
1498: 67.707199 87.222950 83.738556
1499: 98.417436 75.499190 85.009549
1500: 39.005007 87.689480 76.979375
1501: 56.226534 146.590463 103.971724
1502: 142.097101 127.002918 124.711471
1503: 88.767641 99.143851 73.419313
1504: 102.913208 100.566405 94.842942
1505: 127.737998 113.633376 81.445860
1506: 100.633219 50.996551 68.041021
1507: 69.050250 106.194189 123.567519
1508: 120.494323 78.503055 73.053668
1509: 51.967756 80.009547 99.445065
1510: 88.546307 135.688347 64.574715
1511: 107.603140 75.128910 60.861640
1512: 79.463484 69.379461 123.864784
1513: 109.455540 63.418547 73.111521
1514: 119.130413 92.170112 139.036567
1515: 138.905075 90.648676 134.148755
1516: 124.227342 136.809541 69.036859
1517: 97.059226 157.171741 119.378123
1518: 86.249314 184.595594 97.182089
1519: 86.944357 133.206141 115.118579
1520: 82.308157 116.630086 134.124540
1521: 109.614162 81.549447 103.011352
1522: 118.050591 74.987300 62.911958
1523: 147.242979 72.550175 49.628264
1524: 79.300782 75.728895 107.626164
1525: 100.557682 75.999692 80.930735
1526: 147.711646 106.991882 92.523596
1527: 97.811205 149.014569 65.512801
1528: 82.601524 91.171315 97.466016
1529: 68.034647 118.593519 95.745810
1530: 116.846866 121.687494 123.767230
1531: 105.857072 134.767156 55.291473
1532: 93.237632 50.708318 112.504010
1533: 75.332029 95.884202 64.866871
1534: 64.400909 73.646161 65.491281
1535: 118.888971 134.451121 147.932581
1536: 124.167456 114.119563 87.949401
1537: 38.815862 128.021386 73.128182
1538: 117.715005 105.220091 151.534282
1539: 101.601724 81.008285 69.234168
1540: 88.619470 77.813391 128.482875
1541: 141.189171 122.135692 50.838682
1542: 118.595545 165.377259 117.155611
1543: 47.750728 65.747126 103.800855
1544: 137.035864 85.265337 123.152810
1545: 118.580892 43.113645 90.117217
1546: 78.013928 147.160421 82.370520
1547: 144.913990 53.575989 61.017908
1548: 107.873774 73.288547 76.308040
1549: 99.235491 129.833809 120.079253
1550: 126.968459 67.876448 96.004489
1551: 171.953198 109.721372 97.665590
1552: 93.761257 90.481913 113.127855
1553: 95.032192 103.350402 172.656187
1554: 158.561519 80.848952 85.389846
1555: 150.286381 119.860256 75.811469
1556: 114.181114 122.362481 68.397773
1557: 126.429993 120.952345 88.118151
1558: 121.798758 65.472519 69.797038
1559: 102.806164 123.224175 117.355804
1560: 113.141342 112.736136 104.851873
1561: 106.285912 128.549024 101.041071
1562: 100.080300 37.882332 63.415613
1563: 107.278539 113.261999 75.153265
1564: 110.608027 97.115370 63.818608
1565: 65.173878 77.630125 64.362901
1566: 55.164776 115.700774 94.846410
1567: 98.319136 91.570890 67.376332
1568: 155.382057 85.044066 76.553281
1569: 67.657566 63.254855 125.375066
1570: 88.754377 96.355214 91.744374
1571: 76.809976 106.742476 93.322404
1572: 83.134480 134.969240 124.098909
1573: 95.396148 94.917846 42.383117
1574: 141.937044 146.041203 113.177940
1575: 133.924932 92.045834 73.583295
1576: 97.349267 79.344802 121.530586
1577: 130.029594 81.764723 112.985015
1578: 70.296758 125.762079 119.663294
1579: 87.616474 90.832900 45.761175
1580: 77.440278 122.054813 91.765411
1581: 114.885985 111.726425 104.455577
1582: 119.083585 109.812532 84.116497
1583: 124.491138 116.986430 69.099573
1584: 94.938324 54.444031 63.497562
1585: 64.723081 98.640835 115.318517
1586: 76.493393 127.038469 36.452626
1587: 139.337079 67.906185 98.698493
1588: 138.833567 126.655840 85.772498
1589: 66.779669 33.778393 94.104810
1590: 26.421871 99.669840 106.634494
1591: 98.552042 110.539032 110.786318
1592: 57.460592 102.751837 68.039281
1593: 50.330155 95.109838 88.477668
1594: 107.213033 119.775858 57.873903
1595: 91.117691 63.620717 105.159386
1596: 33.237936 58.580905 61.381049
1597: 38.926548 117.095409 94.510077
1598: 123.176597 144.636814 93.033417
1599: 86.962666 148.099088 76.212952
1600: 102.597695 135.742899 67.709385
1601: 123.549885 90.527985 81.666651
1602: 101.897389 101.964139 102.641755
1603: 114.461111 133.764538 119.439334
1604: 149.478899 117.422454 86.052918
1605: 80.976856 81.766772 128.949448
1606: 105.469207 99.054757 47.597630
1607: 82.758430 109.907132 34.658333
1608: 99.371035 89.211900 128.060500
1609: 19.285504 83.171332 69.490273
1610: 133.806270 75.702900 106.479016
1611: 130.821018 108.529672 102.792830
1612: 71.936132 77.794921 138.213551
1613: 93.594762 83.695716 48.762410
1614: 95.813109 182.537591 87.472804
1615: 76.466031 47.187907 93.903585
1616: 51.844352 97.527512 102.881558
1617: 118.702064 62.890416 132.617552
1618: 83.740255 113.126928 35.396332
1619: 143.228950 121.270797 107.484075
1620: 123.360208 64.194451 85.635845
1621: 124.599837 68.167481 32.076776
1622: 104.388902 50.699294 109.666681
1623: 73.715976 122.886337 104.387137
1624: 64.691915 128.741650 127.565907
1625: 117.206934 51.668998 79.195644
1626: 153.039135 83.019333 67.204619
1627: 107.046472 80.350085 51.717096
1628: 48.483483 97.827515 81.200823
1629: 92.612985 86.594114 39.861867
1630: 106.754611 97.095917 153.412642
1631: 86.103102 111.778850 104.724199
1632: 27.062606 60.894240 66.841576
1633: 149.555945 136.219592 116.633164
1634: 65.704432 130.585748 110.120615
1635: 122.910191 60.940089 49.910800
1636: 147.380522 120.585672 90.494282
1637: 85.222459 87.447947 113.798814
1638: 130.962699 70.097736 56.755302
1639: 78.688157 102.716411 81.226177
1640: 107.908924 30.322403 84.408028
1641: 98.179198 71.038026 94.111476
1642: 126.465769 124.549510 113.711355
1643: 75.605807 149.952588 113.399153
1644: 86.284119 97.841537 50.501391
1645: 94.352794 111.639824 75.041491
1646: 105.157934 104.489161 71.788435
1647: 86.368153 62.357174 134.638861
1648: 98.605270 72.405266 63.417420
1649: 68.261425 128.879839 95.488798
1650: 77.073536 74.419606 101.273305
1651: 38.018167 96.053817 56.511280
1652: 107.659207 117.130798 127.244143
1653: 98.226514 95.472257 95.979378
1654: 105.846582 92.941028 108.280427
1655: 141.681913 141.472957 98.411297
1656: 53.239613 98.461712 72.325388
1657: 56.678903 108.371190 112.044293
1658: 74.993130 109.004910 73.598729
1659: 106.542705 127.238097 166.384196
1660: 73.424916 48.979203 85.804909
1661: 37.060170 84.998200 67.844342
1662: 92.798010 88.725802 81.126129
1663: 76.050288 35.464283 126.823449
1664: 35.319899 105.597099 72.075633
1665: 65.106664 48.715740 32.067584
1666: 137.165679 93.856014 63.559261
1667: 107.997478 122.699398 108.718741
1668: 149.891591 113.803924 72.359904
1669: 130.408174 54.051389 94.521794
1670: 93.263466 119.850279 89.452152
1671: 132.601933 109.471974 132.940904
1672: 92.029980 157.128889 66.201443
1673: 172.092921 92.030406 88.022333
1674: 44.145627 54.804727 69.601276
1675: 131.648172 55.156966 34.008944
1676: 126.414474 47.690518 95.591929
1677: 46.338228 74.880486 78.699241
1678: 57.200419 78.582396 133.433316
1679: 54.550488 48.637498 51.506468
1680: 79.531894 109.725934 81.636713
1681: 87.921634 80.674515 151.038964
1682: 72.542813 86.174092 132.802346
1683: 149.421053 135.980267 84.798754
1684: 107.204208 85.463199 48.069590
1685: 109.019232 123.302051 54.485765
1686: 109.748086 106.374519 66.881173
1687: 91.095552 88.442547 112.001776
1688: 109.155687 109.098359 112.138877
1689: 112.936932 84.714925 81.866813
1690: 80.344854 124.163210 131.555971
1691: 12.595174 91.008389 109.082737
1692: 69.437771 67.945306 78.207766
1693: 63.670171 61.116190 128.511523
1694: 59.037191 53.181083 60.455192
1695: 93.748003 43.371892 91.926299
1696: 84.108994 97.319492 61.263453
1697: 91.316179 74.003685 89.874778
1698: 49.652349 135.872185 104.114271
1699: 69.976948 65.464885 44.574396
1700: 109.540978 28.417256 70.837412
1701: 87.975851 107.875420 92.003084
1702: 85.300025 33.964808 100.368658
1703: 56.714847 106.565306 106.624589
1704: 115.154933 116.503431 104.187244
1705: 95.152555 43.508498 77.824077
1706: 120.661459 91.702005 121.969191
1707: 152.314268 82.349322 92.534627
1708: 113.643990 70.430369 100.235766
1709: 121.275714 131.246946 44.284054
1710: 30.442193 102.854581 130.326835
1711: 94.926656 59.240956 90.683330
1712: 113.915254 139.374884 39.382429
1713: 101.886708 102.593345 83.955610
1714: 101.694093 101.317385 24.800532
1715: 77.958474 97.484714 36.070726
1716: 155.713466 85.799554 96.227629
1717: 68.864684 68.856521 136.413053
1718: 150.099182 125.016403 90.000078
1719: 100.371426 70.300017 93.184408
1720: 119.871147 54.708677 81.637213
1721: 41.644008 127.900573 93.413078
1722: 81.643985 74.890014 38.571422
1723: 35.531684 101.197613 85.414351
1724: 139.937363 116.360652 124.612228
1725: 112.060259 45.420735 97.934385
1726: 55.693292 119.682946 102.497974
1727: 68.087648 106.987026 75.130337
1728: 61.767247 106.928691 122.620221
1729: 87.838559 161.735089 80.383388
1730: 139.361044 129.465266 106.046188
1731: 136.701237 89.797446 65.781461
1732: 59.572622 83.840493 62.540161
1733: 112.352661 29.348552 85.999868
1734: 102.246552 97.014128 75.721871
1735: 52.514229 118.584303 95.720277
1736: 32.644850 63.981678 80.307955
1737: 109.123721 109.589848 140.836703
1738: 105.917334 112.768384 66.734801
1739: 71.529889 74.448626 40.187242
1740: 127.601043 113.382823 96.092621
1741: 111.911212 121.639923 64.940230
1742: 118.522388 91.583170 63.111367
1743: 118.877056 151.238219 94.064555
1744: 106.745997 121.659475 46.701774
1745: 141.327361 105.637524 108.607633
1746: 59.958875 118.664011 125.201177
1747: 77.685558 82.563701 123.593092
1748: 103.533810 73.297646 105.289862
1749: 89.965425 147.965131 63.890200
1750: 67.165663 78.807402 133.882083
1751: 98.597543 155.817716 69.723859
1752: 88.154099 152.188639 97.677333
1753: 76.848548 84.238866 122.000723
1754: 103.944314 99.431016 88.885173
1755: 127.041163 68.410313 59.890313
1756: 99.221176 76.479261 126.463761
1757: 90.383229 100.366118 152.252591
1758: 72.566306 51.371043 118.734735
1759: 55.223399 104.523470 58.649038
1760: 120.492545 80.810937 121.352687
1761: 95.548333 84.167544 83.325664
1762: 128.630872 73.322289 70.316725
1763: 33.877179 137.120802 114.631272
1764: 106.019736 66.028997 106.265416
1765: 134.098544 114.337972 110.867572
1766: 123.142379 125.102919 88.615281
1767: 76.055807 56.957644 79.871753
1768: 56.301863 56.773837 69.442459
1769: 60.697027 118.727305 84.202431
1770: 90.797780 104.555748 108.712694
1771: 114.421669 144.719820 77.486578
1772: 98.163190 102.466002 124.290741
1773: 117.658982 102.034682 37.849904
1774: 168.653252 85.716260 74.467257
1775: 109.830379 108.696749 144.563095
1776: 90.777645 87.036570 116.068334
1777: 73.302891 84.168386 78.404793
1778: 96.176682 85.703936 103.847166
1779: 110.323856 70.218117 33.117690
1780: 62.331719 70.778795 76.675949
1781: 133.477640 73.162719 120.609130
1782: 125.394270 115.982464 120.316686
1783: 37.499065 92.998880 105.145385
1784: 134.666272 119.043493 24.044307
1785: 114.738692 68.439331 92.198914
1786: 65.293009 35.754512 84.813034
1787: 85.817285 83.653865 67.798632
1788: 84.643694 106.089154 130.217193
1789: 64.673182 100.226916 42.943073
1790: 121.953172 78.691839 93.026971
1791: 121.341625 59.183682 56.913534
1792: 51.928354 63.112652 104.363740
1793: 82.491629 107.139889 30.666875
1794: 108.841013 29.668011 50.073311
1795: 121.619379 111.676645 63.833146
1796: 70.313916 96.905454 53.085796
1797: 140.248295 98.145230 99.462861
1798: 94.304954 127.321576 150.533147
1799: 145.319852 132.046081 100.934294
1800: 123.039798 134.212798 128.310432
1801: 118.250701 66.584018 109.236401
1802: 39.496190 124.444089 126.777027
1803: 119.490993 99.738863 62.696469
1804: 131.656646 133.257410 122.526319
1805: 110.754192 51.507732 94.571355
1806: 61.664914 60.135381 94.915645
1807: 100.300497 69.353981 37.620759
1808: 97.978063 152.958239 102.996407
1809: 54.880106 43.946254 68.340238
1810: 122.166709 71.792109 100.833622
1811: 106.249019 32.410419 79.888615
1812: 47.893681 103.165052 101.622170
1813: 123.120277 108.151746 90.127950
1814: 129.921405 84.871487 143.004217
1815: 111.406869 58.066392 72.594593
1816: 46.537982 80.455019 79.582989
1817: 101.176035 82.088470 70.639538
1818: 105.754190 83.806337 107.529673
1819: 132.646444 127.298666 86.374883
1820: 71.997355 104.323300 60.904561
1821: 96.502379 87.536909 112.585943
1822: 88.058198 145.716057 87.800163
1823: 91.205816 59.871930 79.215392
1824: 82.946334 114.202340 121.792487
1825: 73.538248 31.314840 114.116228
1826: 32.324727 85.856918 97.167075
1827: 72.876253 83.828688 146.094475
1828: 56.464101 116.982199 110.324971
1829: 99.904719 131.155841 64.315570
1830: 118.723836 133.104726 69.538354
1831: 104.471525 93.313632 138.598674
1832: 35.252288 146.499405 54.699880
1833: 91.696267 75.919110 129.418979
1834: 100.572815 113.327576 79.713479
1835: 54.549297 41.203395 59.230439
1836: 66.365058 125.852455 63.088752
1837: 84.248934 50.749994 66.769943
1838: 81.487100 142.358732 66.547792
1839: 97.460335 53.200683 116.047894
1840: 108.670714 106.745662 101.129086
1841: 82.854887 87.297816 53.994132
1842: 131.231381 73.581527 77.715661
1843: 93.586127 86.937274 8.125364
1844: 86.243435 120.432198 101.928080
1845: 98.383967 54.435267 90.552901
1846: 107.139735 76.056379 8.479900
1847: 86.959536 153.926671 94.997643
1848: 101.233119 162.286075 110.382240
1849: 44.926956 129.859208 109.522797
1850: 62.743542 78.759951 60.773508
1851: 62.736172 139.804850 130.057656
1852: 130.761315 74.142066 126.837602
1853: 60.782252 116.632676 34.489292
1854: 71.265824 83.693474 52.453365
1855: 124.324735 129.187484 66.676750
1856: 96.574641 102.661170 91.510487
1857: 87.515282 105.184212 77.751904
1858: 106.255680 120.868916 84.423532
1859: 64.539292 156.174780 108.800656
1860: 94.873505 140.473927 52.814563
1861: 127.991016 113.368863 95.889234
1862: 99.448533 86.491596 47.592292
1863: 121.437238 94.729993 115.867179
1864: 57.584747 61.559568 70.955891
1865: 94.739221 63.888811 40.598353
1866: 49.493004 95.315859 123.688037
1867: 55.590442 78.706285 130.950410
1868: 52.445764 66.425424 76.062405
1869: 129.304063 101.892565 85.039351
1870: 97.108075 99.124913 152.989969
1871: 52.310284 54.719917 61.975763
1872: 129.815276 35.431917 65.779593
1873: 57.495749 107.437851 72.737978
1874: 102.106862 70.832859 133.125828
1875: 81.201649 33.781018 116.341642
1876: 76.464035 107.246674 91.625288
1877: 80.636179 95.648092 142.889505
1878: 65.918696 69.496347 72.810427
1879: 108.177737 45.535231 67.954834
1880: 132.410115 66.573951 104.024703
1881: 113.997772 145.356605 73.191439
1882: 92.617126 120.479300 42.381336
1883: 75.122563 100.713168 106.999030
1884: 59.657466 110.497522 42.455001
1885: 75.258920 130.710237 99.150869
1886: 83.523680 72.732544 75.690286
1887: 61.259269 107.505834 90.383040
1888: 96.777828 93.973629 33.451452
1889: 28.535851 71.298380 65.962247
1890: 62.801891 131.181392 114.534401
1891: 151.779064 126.555217 100.286559
1892: 126.469819 117.193008 63.340524
1893: 118.942983 83.737326 67.619914
1894: 79.905829 136.727236 91.503485
1895: 74.920248 91.798815 77.387104
1896: 113.403262 119.435362 123.598453
1897: 111.675354 84.593849 38.533969
1898: 114.144108 97.388259 89.009234
1899: 90.016782 114.792007 27.376762
1900: 67.798496 84.476141 112.350514
1901: 113.081437 130.993955 59.913498
1902: 113.078527 60.400232 128.704952
1903: 130.719722 66.942670 110.099053
1904: 144.846781 106.208679 130.430826
1905: 87.271405 150.624195 101.768744
1906: 144.713947 80.642175 94.468719
1907: 108.312447 127.864483 109.171461
1908: 74.759382 107.700692 35.899199
1909: 78.451388 67.411773 129.890572
1910: 139.390479 117.872213 64.256375
1911: 104.875591 109.227826 75.096728
1912: 96.831941 95.976511 80.885877
1913: 57.443840 95.435099 81.021551
1914: 111.666703 100.954531 107.299678
1915: 101.471237 115.216313 76.959040
1916: 99.339483 51.858470 31.948631
1917: 91.660570 70.638178 63.426591
1918: 68.230355 90.814051 90.286347
1919: 144.084104 107.784522 91.848206
1920: 86.612538 50.842947 102.948626
1921: 56.855267 105.819228 113.045593
1922: 84.472591 29.698522 107.238934
1923: 136.729966 93.173357 67.079997
1924: 119.024304 99.294219 64.408802
1925: 94.233198 28.508111 91.507482
1926: 84.671843 124.548357 97.209905
1927: 63.423176 141.484410 103.061174
1928: 127.186925 105.949472 80.973131
1929: 122.226665 118.482967 98.543691
1930: 74.699709 103.052777 92.034769
1931: 143.486514 109.506972 100.449240
1932: 104.663783 123.564429 83.559197
1933: 139.946220 119.714568 113.827409
1934: 100.374526 111.379500 116.625085
1935: 95.649750 66.266686 82.454214
1936: 64.821534 96.086888 72.459389
1937: 114.615880 97.291255 36.678768
1938: 72.328269 134.041526 43.284363
1939: 82.846413 24.447430 83.726915
1940: 151.956619 79.539641 60.222228
1941: 84.854033 61.460009 99.932165
1942: 87.856929 172.706284 104.915100
1943: 52.146173 97.346181 109.746424
1944: 68.645448 66.348194 90.156515
1945: 77.669150 106.947334 115.574042
1946: 115.866636 102.872180 113.234526
1947: 102.161648 116.711968 125.477045
1948: 119.002276 105.487438 100.244489
1949: 64.709338 110.038621 58.554977
1950: 142.709758 94.327762 89.858184
1951: 113.746748 84.441238 104.572835
1952: 89.216036 178.281737 78.167974
1953: 145.313472 122.963102 112.352916
1954: 69.953527 111.259475 128.867900
1955: 103.809754 77.516145 90.534115
1956: 94.023122 89.247694 72.252726
1957: 116.000298 134.923957 39.559919
1958: 66.964572 116.857107 43.846739
1959: 124.635166 101.612375 114.510068
1960: 64.198572 109.073922 100.868627
1961: 131.057023 119.841335 90.606892
1962: 147.751661 71.926371 87.718885
1963: 100.844991 119.638465 88.547144
1964: 131.098843 94.587127 81.938455
1965: 56.837641 44.412919 129.686880
1966: 107.782694 95.686042 64.990816
1967: 89.677706 51.828960 86.390006
1968: 73.857506 55.087567 73.261933
1969: 137.499564 112.827494 48.942734
1970: 97.141996 110.701874 84.108469
1971: 122.503106 93.560324 102.751009
1972: 166.557486 110.158151 91.371361
1973: 125.709443 119.529275 103.722361
1974: 94.247599 104.322253 48.476037
1975: 96.477241 11.546221 88.769920
1976: 69.665521 131.120150 47.106416
1977: 93.921047 98.723447 59.273782
1978: 113.314124 115.363088 131.410261
1979: 112.593051 83.730504 89.297293
1980: 70.727456 116.441489 39.753456
1981: 73.864106 84.973654 119.806660
1982: 106.809911 96.735447 40.869240
1983: 126.241632 105.581300 129.412624
1984: 89.022980 66.791207 51.860941
1985: 74.658142 92.501789 33.079907
1986: 110.712088 57.391862 95.870878
1987: 91.685002 114.491563 138.740220
1988: 115.249841 77.889225 63.945082
1989: 94.921621 87.596642 81.007779
1990: 45.519406 85.547590 47.667626
1991: 97.006664 128.831674 52.556624
1992: 101.723683 130.691871 60.308342
1993: 168.219377 83.283021 78.003899
1994: 74.578844 35.409352 90.095062
1995: 53.812714 66.193266 77.489806
1996: 84.124980 53.966995 128.631670
1997: 98.270690 78.350356 133.245081
1998: 85.551027 124.320657 72.944929
1999: 91.853740 59.898496 109.879513
2000: 146.472634 78.625311 98.369025
2001: 86.026460 106.522002 53.841647
2002: 71.080285 57.806301 65.977656
2003: 54.540657 73.926528 104.017958
2004: 116.191797 66.885017 78.340644
2005: 80.532247 92.630981 60.668004
2006: 75.759333 76.105514 83.550577
2007: 112.482249 51.829842 66.518275
2008: 79.509992 161.444753 105.464042
2009: 122.418696 86.561557 101.363397
2010: 148.184714 96.565138 126.351496
2011: 84.456699 95.677497 161.734307
2012: 117.017454 54.456424 79.697068
2013: 120.832710 90.822629 127.869627
2014: 73.796276 122.102596 96.894633
2015: 85.051162 125.285897 111.767877
2016: 83.040727 104.147241 55.606651
2017: 116.051277 153.538133 99.465319
2018: 61.742236 123.165881 54.602076
2019: 82.407443 107.697407 92.351044
2020: 105.677950 127.476174 115.212459
2021: 108.978362 77.862937 107.870385
2022: 97.297321 133.415625 67.202838
2023: 105.737228 78.420589 57.954530
2024: 124.217907 105.270338 46.857114
2025: 122.716998 95.776636 61.313167
2026: 78.935250 96.253018 62.210823
2027: 71.061116 109.810600 35.568335
2028: 126.800554 82.174090 91.855267
2029: 118.534479 108.854456 88.231396
2030: 137.385767 122.073943 91.952297
2031: 99.259394 88.063456 69.954378
2032: 95.983606 115.662477 84.995940
2033: 120.030916 127.199703 93.356442
2034: 82.813798 121.040948 47.584897
2035: 124.007628 96.775626 87.249524
2036: 58.242653 122.947331 119.257572
2037: 68.513978 99.406041 57.502837
2038: 69.625140 39.847268 93.013138
2039: 129.162296 83.513184 127.313393
2040: 95.709712 0.000000 80.558697
2041: 62.828973 124.627640 66.650435
2042: 76.070331 117.259758 115.373617
2043: 79.937858 46.736644 123.249340
2044: 44.977693 90.598613 122.579607
2045: 70.252988 93.757060 83.486187
2046: 119.073027 90.860005 123.379273
2047: 139.941444 109.447508 113.605064
2048: 66.177969 102.745081 96.957053
2049: 110.443367 87.598876 136.374521
2050: 137.661049 109.027137 109.321599
2051: 92.138895 111.747025 68.225512
2052: 103.939819 117.663918 75.409704
2053: 93.360467 173.254250 109.425721
2054: 66.205912 123.942417 53.414693
2055: 104.412519 75.226695 89.102153
2056: 103.637215 87.858690 100.786229
2057: 89.875260 127.064093 79.676559
2058: 92.478172 86.893116 9.826110
2059: 132.939836 78.108797 54.142005
2060: 93.803581 75.008465 83.288397
2061: 96.370889 49.505187 86.638230
2062: 88.412947 87.455514 75.960662
2063: 140.035504 71.423773 95.083621
2064: 96.266918 115.560688 147.293325
2065: 20.516718 120.271963 113.011798
2066: 146.189505 111.536743 73.541392
2067: 81.814073 61.331936 116.958539
2068: 158.533601 86.801878 115.206104
2069: 16.833334 104.113871 109.700270
2070: 86.109636 89.505824 99.198585
2071: 70.943460 96.675664 65.238244
2072: 116.189298 112.413177 107.523524
2073: 88.572378 121.526676 97.893762
2074: 113.487756 39.334972 94.559916
2075: 89.532166 114.921438 92.036282
2076: 101.064370 134.810820 46.168229
2077: 72.747031 90.461702 49.777051
2078: 64.143686 45.434067 113.547241
2079: 116.552210 120.011292 89.313433
2080: 117.097789 95.872363 89.230219
2081: 100.669924 156.301358 103.020640
2082: 29.839958 105.255492 121.338639
2083: 69.411872 104.251877 106.284555
2084: 118.843974 70.905996 101.679694
2085: 60.891082 63.645960 66.485812
2086: 93.532217 100.762021 117.698654
2087: 100.657426 51.964887 124.234906
2088: 64.388377 103.641956 88.003075
2089: 85.940689 106.493225 75.871644
2090: 69.528225 93.569112 97.755478
2091: 82.150183 101.964740 50.066789
2092: 142.668301 96.220946 82.128117
2093: 161.726402 120.614431 104.272206
2094: 135.259749 108.387823 121.775540
2095: 97.006115 79.089795 143.958757
2096: 118.492167 105.990215 127.591373
2097: 70.999089 125.801295 104.533021
2098: 97.871391 127.569677 173.696012
2099: 129.193025 64.297281 71.181104
2100: 140.377740 130.293790 62.394080
2101: 130.256121 86.371055 67.097759
2102: 73.930213 148.166527 73.866932
2103: 103.640233 87.129380 138.547447
2104: 155.487596 105.149708 97.139019
2105: 103.380127 111.914808 50.542289
2106: 68.769764 82.925917 100.783682
2107: 101.188191 72.700833 79.817416
2108: 57.696166 126.893955 123.140398
2109: 65.155957 92.115541 100.930545
2110: 124.326479 38.926756 66.768208
2111: 98.362900 71.519164 100.535354
2112: 101.362378 86.492930 75.993930
2113: 49.670448 95.072096 103.634276
2114: 108.081403 79.779008 113.126878
2115: 106.461301 68.518816 122.795481
2116: 87.860129 165.988230 74.379952
2117: 80.600730 77.377965 72.541070
2118: 82.154512 80.986415 90.147738
2119: 110.557814 119.711699 96.940768
2120: 131.397490 78.558619 103.846937
2121: 64.607497 101.251109 65.930504
2122: 118.816654 136.864974 110.898060
2123: 105.917965 149.662295 88.759218
2124: 108.321101 76.431469 112.983225
2125: 70.184614 95.308129 75.195996
2126: 89.677726 75.978524 87.587055
2127: 84.240219 169.908474 99.010882
2128: 77.728897 153.223512 89.265673
2129: 115.596575 109.051813 80.292714
2130: 94.163232 98.652010 105.407415
2131: 120.313677 156.570073 114.673233
2132: 66.228498 71.279911 42.456668
2133: 109.785421 4.520868 76.742983
2134: 87.064751 41.782825 121.028235
2135: 99.732558 74.748528 40.834718
2136: 95.200865 67.731866 83.301077
2137: 131.263858 141.585835 47.664647
2138: 59.034892 93.892336 74.181456
2139: 148.189092 106.305987 105.685785
2140: 53.026094 69.280355 77.689114
2141: 123.245755 82.391259 48.917671
2142: 133.300799 98.124865 18.244570
2143: 103.100084 103.411162 93.719809
2144: 118.845293 120.564664 72.937546
2145: 118.499317 107.696656 85.282879
2146: 132.413366 109.420580 96.518970
2147: 153.025298 92.025853 100.901265
2148: 87.361263 61.087118 75.319946
2149: 54.848596 130.819700 106.744052
2150: 127.275563 101.490552 86.953799
2151: 55.844047 130.420897 65.958463
2152: 98.652101 106.620245 124.982856
2153: 74.703414 54.201008 56.972236
2154: 121.349391 80.426086 99.574640
2155: 91.921066 133.588375 71.786671
2156: 74.675353 84.436176 113.178025
2157: 124.722011 38.623466 67.261519
2158: 90.536564 83.040029 64.021399
2159: 62.793191 102.024297 150.870020
2160: 107.505244 150.817149 81.455054
2161: 86.805579 80.653344 113.353724
2162: 102.461525 103.577175 139.419464
2163: 70.344610 129.116429 74.495646
2164: 47.701485 90.325610 96.425947
2165: 76.131273 63.606734 99.956492
2166: 60.828390 142.489064 82.579527
2167: 126.777984 108.842665 51.684897
2168: 84.371834 105.792958 125.039211
2169: 77.476178 64.762597 88.187826
2170: 69.998003 64.622257 93.282998
2171: 96.125505 84.489407 139.213198
2172: 87.127941 76.312162 58.237988
2173: 77.439881 43.980250 115.795107
2174: 134.553214 76.554253 56.172969
2175: 123.953864 98.630425 130.073114
2176: 113.489019 138.459917 103.211005
2177: 83.588142 81.474035 38.187660
2178: 120.229704 143.193875 67.149123
2179: 43.154244 112.041513 64.564493
2180: 63.152450 134.661412 66.987269
2181: 126.987843 151.018008 94.373222
2182: 131.136047 104.047382 104.883640
2183: 96.911829 94.672160 146.240238
2184: 54.270296 80.004115 67.015481
2185: 100.396786 107.905550 51.935235
2186: 80.256627 72.919034 100.255586
2187: 42.605821 89.564527 75.393216
2188: 147.771882 137.431645 91.170534
2189: 60.456182 70.710196 50.629603
2190: 142.140371 69.020958 48.019948
2191: 139.677207 114.313538 111.165345
2192: 99.273007 73.356703 73.043615
2193: 93.989858 126.147707 53.877518
2194: 52.724320 81.603571 75.557057
2195: 39.072416 68.592358 72.164520
2196: 110.582627 73.262906 101.851790
2197: 89.062423 93.794873 44.117697
2198: 121.681656 74.740468 102.671612
2199: 103.757572 84.150552 75.337237
2200: 88.915088 107.501757 51.880364
2201: 86.847396 105.633805 46.915488
2202: 83.153164 85.221364 25.805818
2203: 77.417130 91.001868 78.412890
2204: 74.260292 123.080277 116.960950
2205: 68.912186 116.823786 86.160163
2206: 92.108595 43.551379 119.419472
2207: 65.846451 104.833576 103.797103
2208: 80.893943 95.749175 96.906201
2209: 71.662453 108.722760 38.882741
2210: 120.208066 71.309850 75.210843
2211: 93.773085 103.868547 60.783239
2212: 48.580720 97.741173 60.958854
2213: 94.102111 119.241834 24.367535
2214: 116.017443 71.476285 107.379270
2215: 125.939185 75.460660 83.609540
2216: 54.193066 119.873104 108.102505
2217: 90.271973 65.217716 111.184821
2218: 61.454427 140.524730 91.959482
2219: 143.830973 107.189657 109.402182
2220: 130.056671 71.232440 68.338813
2221: 68.876875 53.639388 112.679222
2222: 125.816977 111.302371 76.118737
2223: 72.592660 54.007762 82.079207
2224: 68.851762 42.498408 70.610130
2225: 65.271421 81.998106 107.611611
2226: 64.560819 145.880112 99.686741
2227: 96.968420 34.264624 97.957457
2228: 122.369882 72.314901 60.303073
2229: 86.193215 112.214547 105.427415
2230: 111.246299 125.341982 102.301958
2231: 76.209079 91.607116 149.666197
2232: 112.530043 75.580891 58.252503
2233: 165.774598 104.310447 87.964353
2234: 78.342766 70.503773 98.791604
2235: 140.272278 134.917069 93.310739
2236: 100.851396 81.311344 71.941068
2237: 148.005167 96.371276 59.372731
2238: 16.183177 132.922080 88.463551
2239: 138.442348 97.181931 85.096675
2240: 89.747935 74.866812 120.194178
2241: 117.072485 107.394195 69.889164
2242: 67.362919 121.050639 95.890339
2243: 146.920605 105.246054 102.769203
2244: 111.874945 83.590468 84.443048
2245: 79.979480 98.367777 127.164114
2246: 77.768019 75.593572 62.577498
2247: 105.448440 141.509845 103.451525
2248: 106.684453 57.693108 77.054720
2249: 65.449368 83.353258 25.861578
2250: 79.911536 74.604452 87.658808
2251: 80.168186 106.989017 71.592602
2252: 71.075842 102.134635 69.452198
2253: 126.408788 112.442981 37.697166
2254: 97.019948 48.531522 53.513083
2255: 58.865434 132.751857 113.671087
2256: 115.710552 63.903167 98.211349
2257: 83.931335 72.839590 74.931872
2258: 122.990245 149.943846 45.511751
2259: 106.427693 125.348024 46.910530
2260: 128.548376 120.415490 106.835647
2261: 88.666022 123.727096 61.609168
2262: 115.502095 69.509402 101.636313
2263: 86.688231 69.496935 111.458273
2264: 37.193488 102.285805 115.638085
2265: 150.716940 112.448869 106.411725
2266: 122.167335 67.999421 146.334016
2267: 122.093105 86.971911 77.892994
2268: 149.384283 67.018993 98.153239
2269: 53.514137 70.074938 89.870470
2270: 141.676893 131.570779 70.099855
2271: 111.798101 67.789581 130.775170
2272: 130.160911 59.840070 55.258930
2273: 74.985181 115.269394 114.285178
2274: 141.841551 103.116209 86.084907
2275: 133.102161 123.086591 38.378083
2276: 138.445061 76.714311 106.299400
2277: 134.700473 102.523352 111.508490
2278: 114.697857 122.748720 127.076162
2279: 121.954083 154.294610 133.211584
2280: 60.877939 35.889346 113.233461
2281: 118.920470 93.883230 104.711401
2282: 67.103383 105.595105 47.652484
2283: 94.808577 66.649249 94.793036
2284: 106.996601 134.128110 82.311914
2285: 41.204056 99.423420 59.307280
2286: 111.110957 113.707664 77.816406
2287: 139.171340 106.177875 77.336505
2288: 49.380479 97.003635 74.054273
2289: 100.397688 104.961917 61.469790
2290: 68.862609 111.996384 152.297074
2291: 103.778109 149.535220 118.215699
2292: 90.737802 47.516802 37.982550
2293: 94.604783 62.050342 92.210312
2294: 150.522087 116.544560 90.898464
2295: 92.778425 107.268657 57.082901
2296: 108.598919 91.207365 115.106708
2297: 86.417346 88.314797 104.074902
2298: 72.438815 107.911495 94.593663
2299: 82.406108 142.276487 95.052475
2300: 62.677716 87.667842 50.339756
2301: 74.919081 102.764226 34.254347
2302: 86.548932 89.372495 147.928073
2303: 107.131265 46.737901 83.256455
2304: 105.023710 86.485353 8.929457
2305: 52.566838 154.209566 80.271761
2306: 69.606553 114.459458 109.529504
2307: 71.828456 96.171394 116.133375
2308: 98.087925 79.002553 90.251458
2309: 128.239697 101.547380 92.400951
2310: 69.365997 72.187501 64.691341
2311: 85.011933 111.070817 138.805300
2312: 171.349753 63.285672 57.603766
2313: 84.111673 135.130563 105.398475
2314: 124.481701 134.099234 118.314650
2315: 50.676926 115.913840 105.455036
2316: 88.479295 107.719851 84.576590
2317: 128.681584 129.216096 72.850651
2318: 64.381968 88.377511 118.420485
2319: 71.484989 168.523284 102.487565
2320: 115.162175 109.356730 60.081230
2321: 105.410205 144.131509 42.137663
2322: 47.518720 106.197772 100.800910
2323: 98.281545 161.887292 72.735006
2324: 65.601476 124.097865 92.133757
2325: 107.678119 112.900500 126.962160
2326: 148.916832 96.664221 100.558100
2327: 67.024011 92.975489 21.667714
2328: 122.483624 121.911915 117.014737
2329: 76.268879 112.769145 126.341598
2330: 148.180502 56.890531 54.858374
2331: 113.976980 85.188054 120.289705
2332: 138.685996 108.943169 125.879219
2333: 160.130959 103.529936 78.914814
2334: 113.541808 106.150761 69.596563
2335: 78.835733 112.798100 111.013333
2336: 117.923930 74.248413 47.035089
2337: 91.518805 68.208205 66.717929
2338: 64.420795 85.164605 81.507256
2339: 96.952204 142.674716 115.916903
2340: 82.723996 127.272320 69.952896
2341: 76.639693 96.019339 101.702434
2342: 67.390223 104.621353 80.366612
2343: 78.553582 83.255972 143.062544
2344: 146.906672 87.347785 84.185735
2345: 92.333533 134.233840 54.050595
2346: 104.446897 62.173994 136.024310
2347: 141.856201 105.904877 94.532617
2348: 131.330040 93.288825 39.792677
2349: 75.125943 147.103377 65.520931
2350: 116.806047 76.422100 90.464007
2351: 78.895278 108.715917 131.271759
2352: 84.386008 72.547909 113.071012
2353: 74.819807 125.369900 45.073704
2354: 32.468872 129.889806 114.617152
2355: 75.422788 90.048917 40.340882
2356: 75.662167 92.499634 109.217103
2357: 90.141768 110.348597 52.072644
2358: 98.617722 158.188896 100.428324
2359: 114.385029 106.193779 104.362956
2360: 87.875788 62.857681 113.113559
2361: 58.855968 140.643097 85.696161
2362: 81.771863 146.478162 100.068847
2363: 96.195011 77.021192 72.263035
2364: 67.350365 83.679222 78.125483
2365: 74.721411 112.498290 105.828984
2366: 86.083910 74.974997 47.604284
2367: 85.753234 92.033967 123.700521
2368: 134.535641 111.463455 78.611206
2369: 93.355838 127.942554 85.631452
2370: 106.347685 24.200030 78.626870
2371: 120.899762 81.184210 78.571968
2372: 74.294208 39.051259 120.631708
2373: 112.909745 93.089028 98.588723
2374: 109.473895 62.266709 133.040666
2375: 94.721176 75.317191 78.362082
2376: 81.121565 76.784463 74.054690
2377: 85.605219 96.670868 132.234065
2378: 90.539727 130.419119 100.541428
2379: 73.553272 112.873199 61.036484
2380: 130.453317 86.278987 56.194897
2381: 78.042515 105.478253 63.592829
2382: 36.380725 81.002157 95.168552
2383: 114.446039 118.541233 53.840283
2384: 98.542894 75.619344 58.689435
2385: 56.363188 66.013321 109.096851
2386: 110.863854 58.028302 102.374495
2387: 65.504932 116.099623 86.459313
2388: 117.627552 73.769907 46.219714
2389: 80.706722 115.340745 88.228132
2390: 114.007988 35.954221 93.197848
2391: 63.099118 74.586219 57.351069
2392: 106.402881 86.070949 146.108434
2393: 85.542582 103.623773 57.979729
2394: 54.410053 90.981847 42.266259
2395: 127.733139 88.187045 88.235015
2396: 41.841726 141.768448 66.669790
2397: 138.075550 65.278027 50.729974
2398: 99.104469 120.295534 112.518562
2399: 83.401329 62.358130 117.724129
2400: 64.758698 95.481533 76.111447
2401: 111.184314 48.721939 91.648113
2402: 111.522103 67.470856 122.700906
2403: 19.543612 78.325733 91.594693
2404: 79.143396 88.368398 123.256452
2405: 94.603881 30.807987 106.304236
2406: 81.386439 72.161501 136.124041
2407: 65.123961 118.151656 83.256593
2408: 119.479187 55.572425 107.195507
2409: 76.007642 151.320183 60.949240
2410: 101.277944 92.418718 114.812098
2411: 63.678154 123.358295 67.044780
2412: 139.035153 126.103757 113.427058
2413: 64.129722 63.517562 96.661523
2414: 87.477071 83.592998 84.445202
2415: 154.451066 93.226864 101.492998
2416: 110.828891 86.204132 66.491542
2417: 73.673753 47.601958 87.708059
2418: 120.375702 84.290232 97.503560
2419: 63.788824 55.958408 75.739689
2420: 115.478971 76.357035 116.381345
2421: 87.769299 150.287004 49.822195
2422: 107.075623 109.183157 103.424058
2423: 72.068030 93.290141 86.205615
2424: 85.542733 81.594266 16.520073
2425: 101.229602 90.184899 112.418778
2426: 109.375472 89.261415 31.693001
2427: 75.815963 100.457100 59.093257
2428: 59.678527 87.712917 96.171562
2429: 71.544674 59.398168 67.350790
2430: 77.008531 127.071890 85.579601
2431: 61.244059 78.595926 50.939983
2432: 141.888877 79.579564 82.145790
2433: 158.275320 104.440575 105.593107
2434: 48.104044 104.768621 61.683363
2435: 121.946220 152.263605 130.144352
2436: 73.795095 96.413891 77.654961
2437: 131.516595 93.927229 69.398811
2438: 16.692722 85.498975 99.740312
2439: 50.806491 108.589996 86.298089
2440: 86.227752 111.478549 93.890713
2441: 74.168721 114.177357 32.060279
2442: 119.130264 122.563448 38.714057
2443: 30.716638 144.109619 100.346696
2444: 140.525856 94.246804 68.009549
2445: 96.000260 100.626552 95.441219
2446: 109.648915 115.930762 59.071077
2447: 54.416607 100.424145 78.971578
2448: 78.133499 119.629774 88.925675
2449: 32.248422 85.097326 111.369430
2450: 149.575699 117.663680 70.681754
2451: 103.383443 98.187545 73.423926
2452: 126.766757 106.198586 52.502897
2453: 102.467577 73.398035 117.207179
2454: 46.001009 148.281891 73.890196
2455: 120.038774 131.159046 90.589521
2456: 145.316351 78.043591 63.730414
2457: 41.588794 150.228853 121.797441
2458: 56.766820 87.878988 68.063399
2459: 102.941726 84.829073 79.091260
2460: 99.652078 150.349636 78.243005
2461: 68.899231 142.969294 95.661007
2462: 114.565067 81.511582 41.180003
2463: 73.500454 119.020008 136.107733
2464: 53.700624 109.039773 60.680958
2465: 81.146577 79.755736 72.046836
2466: 125.701085 141.577679 89.952203
2467: 38.484929 108.423508 104.790739
2468: 88.587179 84.002263 122.048540
2469: 92.520591 48.125792 58.214107
2470: 64.462689 104.434134 94.066355
2471: 106.516278 128.832774 40.648249
2472: 105.578166 97.030865 129.984472
2473: 105.765523 88.661911 143.050499
2474: 46.408213 74.228283 97.057967
2475: 118.152603 74.078377 61.398613
2476: 82.567353 73.182166 86.827262
2477: 67.678972 69.024260 113.250137
2478: 106.600921 77.214531 105.088986
2479: 115.637838 62.629048 50.963625
2480: 126.809108 79.712820 23.778646
2481: 155.872339 81.403182 99.860739
2482: 123.516482 114.250434 92.538868
2483: 132.787671 104.646709 80.878389
2484: 94.474450 99.129989 118.052378
2485: 115.518560 101.126329 72.101473
2486: 121.776559 108.558686 85.577454
2487: 64.215636 79.651232 60.568863
2488: 127.804224 46.550501 93.463157
2489: 57.562639 67.653907 112.110628
2490: 127.572071 116.712446 93.982815
2491: 109.371022 104.070531 41.841181
2492: 82.132502 78.134513 58.692693
2493: 70.474432 84.012466 95.029026
2494: 92.078994 65.929153 111.097745
2495: 112.988539 69.339129 93.048542
2496: 62.375698 65.788641 92.660452
2497: 153.981004 110.255261 101.410488
2498: 108.210510 145.404603 117.144191
2499: 96.937870 74.551856 112.923896
2500: 35.814068 112.901947 64.705144
2501: 156.063722 91.421265 72.474615
2502: 131.316438 73.931330 60.611865
2503: 171.328204 106.452572 93.753384
2504: 44.413898 79.988956 77.047171
2505: 111.430246 34.802199 79.754074
2506: 107.829984 97.182156 131.825861
2507: 81.724893 88.791965 97.826037
2508: 88.030237 125.198542 115.312344
2509: 86.864462 110.423869 70.794681
2510: 39.201885 81.493779 125.312250
2511: 57.874327 101.800470 88.179506
2512: 61.555385 69.358207 121.695853
2513: 148.996951 88.489359 113.079028
2514: 96.314567 45.480752 104.419818
2515: 76.629747 89.970838 106.777992
2516: 82.862822 118.079667 136.428499
2517: 91.818104 48.761802 123.194003
2518: 84.795126 101.000913 86.476441
2519: 125.586158 101.805534 69.283032
2520: 78.972461 107.607095 117.534456
2521: 81.329361 54.089824 133.612800
2522: 80.747135 108.423062 129.850000
2523: 107.062839 45.299416 42.915361
2524: 127.623950 68.890458 112.047674
2525: 88.177559 81.579219 13.483337
2526: 73.029087 129.742183 40.989858
2527: 59.086330 74.160087 59.439179
2528: 141.816289 56.476698 60.054265
2529: 75.353262 74.378967 32.628318
2530: 109.282030 76.012847 119.702331
2531: 100.577454 69.650766 77.300500
2532: 116.289098 107.594777 138.329118
2533: 99.454441 71.236399 64.678517
2534: 153.550110 73.207167 108.888252
2535: 114.888736 69.090867 28.855265
2536: 81.774176 163.886990 64.090096
2537: 57.151701 76.074710 101.086364
2538: 103.074865 84.703187 63.697923
2539: 73.391087 60.005221 115.581866
2540: 91.083936 87.650787 108.759616
2541: 90.664439 139.255772 84.123636
2542: 74.535379 93.981215 23.744153
2543: 99.229547 95.819174 61.613063
2544: 118.449789 94.627358 15.548284
2545: 119.627718 80.759062 120.320475
2546: 58.369062 110.477400 69.602508
2547: 100.677593 70.574174 107.570549
2548: 111.439002 116.393038 146.037649
2549: 134.262448 105.264715 60.680027
2550: 137.425875 58.087744 59.029894
2551: 113.779692 106.914550 81.712501
2552: 82.777030 99.610354 91.810494
2553: 117.593734 108.381630 59.941359
2554: 65.908591 54.314713 53.554175
2555: 110.992081 89.604252 93.692243
2556: 135.860097 99.255504 88.946546
2557: 106.953080 146.980306 42.724516
2558: 67.670853 55.095186 81.661796
2559: 108.092541 108.826292 45.567899
2560: 116.635156 80.443531 14.519003
2561: 82.828627 111.108035 111.511046
2562: 102.441074 71.688502 105.980430
2563: 126.252729 85.176125 80.701862
2564: 98.800384 59.302516 51.189906
2565: 95.309421 23.345990 71.684167
2566: 120.706388 114.889105 84.843159
2567: 137.385463 92.739468 121.591767
2568: 110.913740 97.677299 95.939790
2569: 101.746209 104.315601 113.929107
2570: 75.671952 122.336442 75.141232
2571: 88.428660 142.299400 52.021722
2572: 65.574630 45.305685 86.991315
2573: 73.410420 133.919639 43.713503
2574: 94.183350 81.214087 104.232518
2575: 112.125155 94.564449 41.533553
2576: 56.666867 87.953538 141.428214
2577: 152.507499 127.243458 91.365890
2578: 151.093290 119.229653 94.439363
2579: 63.497392 66.566240 68.519856
2580: 89.119109 102.970872 120.738365
2581: 117.667770 123.693729 145.711094
2582: 63.452585 74.411548 88.836179
2583: 136.797706 104.186062 112.712061
2584: 93.209116 122.180134 93.631801
2585: 53.919900 99.254073 90.044925
2586: 68.628700 122.655953 32.475017
2587: 142.006358 109.260724 85.443254
2588: 87.955582 157.375347 89.794682
2589: 81.549115 104.733171 35.416300
2590: 137.627504 40.971601 67.779485
2591: 75.621955 82.937754 71.663616
2592: 54.715172 125.797317 103.293947
2593: 92.136079 70.476785 119.236451
2594: 73.931501 56.330659 101.724084
2595: 53.647756 122.944289 82.085567
2596: 98.066546 73.522028 121.073194
2597: 76.304552 126.645117 82.675928
2598: 75.098472 77.465666 98.806575
2599: 96.858863 128.276413 100.836725
2600: 131.683242 115.162009 83.526914
2601: 104.185304 51.026408 73.259936
2602: 60.799805 136.526357 95.696334
2603: 127.013312 86.297662 122.419304
2604: 65.853267 121.354414 76.125198
2605: 96.705634 85.231610 75.511726
2606: 85.089632 67.350157 82.962818
2607: 67.959004 64.387789 90.159028
2608: 120.730184 107.788358 72.118541
2609: 100.778705 72.156052 96.060178
2610: 97.697934 72.977097 61.923850
2611: 71.097201 140.686685 70.896857
2612: 120.856476 80.820883 133.369314
2613: 70.414321 65.545310 35.437370
2614: 56.482348 57.099252 143.586163
2615: 112.177933 143.534848 104.502940
2616: 89.251184 105.074279 149.191860
2617: 95.633450 57.855276 81.405878
2618: 86.930273 64.889870 50.168985
2619: 35.537435 75.857499 103.461694
2620: 69.269764 155.718615 95.459340
2621: 72.923887 93.760384 85.583674
2622: 109.614836 71.016046 79.847868
2623: 135.172375 101.704011 125.686320
2624: 93.816376 75.915173 109.781614
2625: 30.689875 84.483202 99.492450
2626: 50.487738 65.485494 75.687733
2627: 72.157799 124.590990 57.752117
2628: 56.605699 73.852976 130.207577
2629: 101.953995 85.586992 91.181444
2630: 31.590742 99.257469 57.284662
2631: 71.796568 70.742192 128.888186
2632: 46.777602 136.784924 127.228370
2633: 43.394941 91.136962 89.969220
2634: 57.139492 48.958302 97.756503
2635: 164.232446 109.070437 56.865657
2636: 88.644277 19.217520 104.792599
2637: 60.628866 150.612419 67.239739
2638: 84.330396 36.193033 90.861766
2639: 44.742654 49.821847 48.201601
2640: 102.145493 102.826830 44.975204
2641: 94.189991 81.026538 65.316199
2642: 120.015424 114.611835 95.996445
2643: 39.112172 142.298817 120.354719
2644: 94.244533 96.834928 103.955424
2645: 116.216554 84.630040 66.907796
2646: 43.631702 72.655058 95.785837
2647: 109.992456 47.378769 109.836155
2648: 121.180559 125.960677 66.668337
2649: 133.543237 116.884667 65.840243
2650: 107.419217 150.388752 132.539561
2651: 147.806890 74.992354 112.250119
2652: 105.912449 127.362399 82.233265
2653: 76.651491 146.564124 69.163992
2654: 126.420729 88.618311 104.619040
2655: 102.225740 91.226507 117.922595
2656: 112.624600 100.106042 125.459145
2657: 100.993578 94.206350 62.076646
2658: 74.278375 137.494240 106.410637
2659: 84.494638 101.758767 116.511366
2660: 85.363198 64.267640 77.654687
2661: 122.222906 90.676453 82.236336
2662: 90.427991 74.432717 72.490259
2663: 118.393636 68.406881 110.734229
2664: 100.161025 107.002282 53.758659
2665: 61.278785 90.635136 110.093306
2666: 153.982303 102.843914 105.361269
2667: 62.040198 77.725032 109.706984
2668: 122.355177 97.302414 127.592895
2669: 62.258883 63.768604 148.746122
2670: 95.262711 121.048565 117.357324
2671: 75.040169 92.358596 60.608310
2672: 81.620914 63.805397 66.944914
2673: 112.967098 122.607208 126.556383
2674: 61.847708 171.312519 96.667078
2675: 91.529097 105.944609 87.249171
2676: 47.519115 95.309665 96.541103
2677: 75.679289 73.955933 89.335502
2678: 128.419324 101.934307 66.773087
2679: 60.698143 86.507725 140.984425
2680: 54.517555 82.856841 87.057642
2681: 68.366657 144.696736 72.338569
2682: 61.536984 155.153738 72.478797
2683: 113.730634 66.622335 51.420838
2684: 53.179908 64.668867 86.468732
2685: 126.447238 64.118583 59.757706
2686: 102.770245 101.268034 158.103799
2687: 82.216385 109.537676 50.887988
2688: 103.541586 79.008753 86.319195
2689: 119.491428 106.975330 80.602680
2690: 128.605747 64.682007 129.430749
2691: 51.814257 129.647067 99.716711
2692: 81.270991 56.184177 91.878461
2693: 79.501820 23.805458 87.589301
2694: 108.392024 64.340369 69.328403
2695: 103.386443 99.508084 117.699103
2696: 83.142885 153.634611 107.615839
2697: 69.134156 59.339552 80.483244
2698: 60.062025 54.101897 139.327284
2699: 156.601250 89.817461 90.809212
2700: 126.557829 122.624995 120.191138
2701: 66.991419 97.259866 46.967072
2702: 124.206417 85.002924 98.933946
2703: 62.785846 99.773628 148.513996
2704: 84.909021 78.293189 107.516021
2705: 85.022820 134.728946 96.382164
2706: 96.240187 118.971547 77.252741
2707: 123.931899 94.825843 104.095467
2708: 71.836001 132.094805 41.926924
2709: 64.211202 90.156050 66.825085
2710: 78.888675 102.965955 36.604554
2711: 55.958512 46.881101 108.125856
2712: 83.758090 125.808197 82.523150
2713: 129.392032 94.969727 66.146009
2714: 112.185629 80.050862 24.214019
2715: 95.039816 126.283234 41.962453
2716: 76.292718 133.367452 100.442394
2717: 97.392041 97.275953 133.504880
2718: 165.010472 84.937144 88.913546
2719: 48.911248 111.157471 47.938014
2720: 42.116280 114.138849 77.465382
2721: 128.583934 89.390149 113.323762
2722: 147.753968 80.399620 121.373633
2723: 139.446819 115.130759 82.210161
2724: 125.291872 96.699566 133.886111
2725: 110.002327 137.379886 41.885880
2726: 60.125612 102.394254 58.600235
2727: 90.305467 106.991474 39.506424
2728: 113.647959 72.290452 78.133446
2729: 124.359593 93.825987 80.766650
2730: 123.141744 92.898671 85.909287
2731: 113.865860 83.856408 29.275338
2732: 123.112435 82.575199 73.000241
2733: 42.710814 47.478510 64.244597
2734: 53.021242 101.284606 66.177378
2735: 53.888053 158.529477 75.537770
2736: 74.001908 143.526167 72.536087
2737: 90.207916 61.646437 83.001647
2738: 98.361423 97.618838 75.136513
2739: 77.140151 112.296397 109.910403
2740: 122.462820 124.369777 130.552400
2741: 102.836241 132.787373 94.547478
2742: 93.205224 121.196546 71.231533
2743: 112.044930 144.082742 77.454121
2744: 62.441590 60.903535 94.428607
2745: 115.499035 123.028375 88.496961
2746: 121.902072 92.146294 30.752491
2747: 152.878104 108.093445 95.656676
2748: 27.847904 64.207347 61.413121
2749: 70.509806 137.108361 108.372885
2750: 44.420152 99.819173 115.657545
2751: 69.870872 109.961633 89.855228
2752: 120.155114 96.577597 142.555229
2753: 90.753981 42.495615 106.481009
2754: 56.513831 42.920824 110.790586
2755: 48.342362 78.356219 103.137625
2756: 56.399623 74.246556 48.109444
2757: 95.958726 113.530631 155.471777
2758: 144.978260 98.999855 82.865649
2759: 62.587264 132.038640 54.889599
2760: 37.987955 118.113411 104.824904
2761: 77.440405 80.175896 124.237555
2762: 142.246939 86.599468 72.243356
2763: 36.964774 112.604963 105.541566
2764: 80.438192 105.333828 94.089472
2765: 96.852849 75.532349 68.875340
2766: 96.852299 112.707864 141.929706
2767: 99.542159 94.757776 51.833611
2768: 106.548446 75.448443 85.481565
2769: 37.430270 66.272874 90.811059
2770: 88.827153 80.641971 35.160127
2771: 95.806992 116.512764 96.579739
2772: 54.834337 127.736397 107.595357
2773: 122.325597 137.382794 80.323567
2774: 37.874136 64.988421 81.034869
2775: 71.876328 128.706406 53.595122
2776: 100.924854 73.328451 87.197494
2777: 110.843038 136.174351 74.676357
2778: 140.276449 123.973983 62.230685
2779: 70.910265 138.067527 86.801268
2780: 57.587776 84.171619 89.979912
2781: 118.467200 110.422241 87.931816
2782: 85.484594 100.354486 34.557275
2783: 111.152701 49.752440 50.973652
2784: 82.149582 90.951039 77.314408
2785: 69.132892 119.816456 111.426037
2786: 107.197851 81.534179 73.058817
2787: 48.788330 89.860528 42.190509
2788: 86.552318 94.409887 101.279038
2789: 108.200776 67.104717 83.718731
2790: 82.715555 125.937208 88.571495
2791: 69.969766 102.752944 71.027585
2792: 51.314239 69.774274 77.171148
2793: 109.268239 24.783558 101.335005
2794: 114.405024 80.180369 63.457196
2795: 98.821122 134.349797 70.678053
2796: 123.046491 85.700550 149.889279
2797: 91.415010 78.929564 94.192121
2798: 117.327570 125.862020 131.192483
2799: 50.043191 102.224396 95.527317
2800: 110.798598 129.005841 63.636789
2801: 85.850612 136.975556 36.674558
2802: 85.977646 83.179319 119.371140
2803: 73.040343 118.606074 96.641306
2804: 97.846103 127.393492 75.256411
2805: 106.507369 114.074668 109.605917
2806: 106.864133 53.177799 80.943921
2807: 70.782868 30.615890 51.697924
2808: 50.362472 100.752499 85.576712
2809: 95.254103 76.521447 64.090147
2810: 133.725222 81.058173 96.184193
2811: 68.738188 125.552201 92.327407
2812: 97.723807 130.512072 61.609601
2813: 88.051021 147.205894 74.978286
2814: 88.564514 120.456193 63.829262
2815: 99.724289 92.729790 57.593939
2816: 83.141620 61.890744 70.445328
2817: 144.906076 110.760640 127.187932
2818: 58.206457 82.576777 81.948666
2819: 120.949937 125.925875 49.972364
2820: 74.521582 82.403667 94.406410
2821: 91.801393 139.226776 66.246955
2822: 48.725400 96.699609 78.259016
2823: 115.284446 66.120580 101.936102
2824: 128.793318 102.793876 80.793184
2825: 71.692398 68.036859 130.470277
2826: 93.406476 107.663345 126.887259
2827: 96.095275 77.996474 131.881184
2828: 49.716757 126.710845 76.795634
2829: 76.902506 121.338068 100.012802
2830: 56.238201 104.393997 135.057764
2831: 75.481396 135.960492 90.667654
2832: 106.318415 52.323055 95.802196
2833: 97.628876 127.784397 137.981013
2834: 124.576317 51.373235 65.162033
2835: 144.506504 140.515855 89.898263
2836: 105.235635 88.664419 87.766845
2837: 75.801341 77.666623 78.827803
2838: 22.269650 106.092341 78.025262
2839: 81.544723 115.785737 98.581761
2840: 84.097682 111.342904 131.895810
2841: 116.507188 64.186097 79.229563
2842: 134.514039 80.356994 124.971176
2843: 78.947056 91.115357 111.477359
2844: 120.213961 95.515316 55.954299
2845: 62.679639 87.465071 57.569777
2846: 62.266639 85.925112 109.184995
2847: 104.740078 142.934470 108.276721
2848: 40.904922 97.806594 82.142609
2849: 134.810624 102.080246 100.475710
2850: 119.276409 157.938194 110.944384
2851: 103.841560 82.751155 38.332652
2852: 100.883111 86.197778 111.227777
2853: 119.246087 106.868296 92.452207
2854: 125.033168 93.415912 129.321221
2855: 108.748069 73.218901 67.289339
2856: 119.420007 134.927056 94.136652
2857: 98.183466 106.979838 53.131739
2858: 74.659102 94.294011 69.987666
2859: 117.077237 76.915824 91.510821
2860: 121.014285 79.853994 68.844944
2861: 83.969467 141.791751 96.163757
2862: 68.195304 107.668356 107.761682
2863: 112.022463 108.442258 98.919732
2864: 73.026775 98.722826 72.084034
2865: 86.990962 86.441394 79.336703
2866: 88.783058 104.224852 86.071207
2867: 58.218220 139.289517 122.760671
2868: 110.114643 134.451201 71.416234
2869: 84.899683 79.465562 110.680609
2870: 37.560597 148.297831 121.866492
2871: 138.935854 97.075674 133.528623
2872: 84.763917 125.144654 91.546384
2873: 86.452305 56.446670 54.225537
2874: 122.237432 89.034342 100.786364
2875: 45.648239 97.906565 81.277198
2876: 90.216752 40.451947 53.788315
2877: 133.344794 115.856937 16.351982
2878: 66.114985 86.473214 123.225345
2879: 63.194944 124.796156 96.810777
2880: 100.635587 66.070134 62.413375
2881: 103.158385 107.654412 168.782028
2882: 104.059451 93.247870 144.245756
2883: 90.099148 51.667113 74.435868
2884: 108.693381 43.219835 116.175035
2885: 81.710044 164.957198 78.747959
2886: 67.823859 109.567837 40.980611
2887: 102.599662 86.018542 94.310747
2888: 108.651716 99.717079 136.877584
2889: 54.531724 68.377188 106.354801
2890: 76.204674 134.014184 123.886902
2891: 90.043593 68.023930 61.343020
2892: 99.129266 99.056675 45.102574
2893: 127.767224 74.144549 84.234883
2894: 122.599390 131.894884 71.822256
2895: 74.605302 111.402901 128.046655
2896: 70.415662 148.514883 70.519951
2897: 122.324207 128.478113 75.374821
2898: 113.814932 1.289878 83.880307
2899: 96.738494 154.903588 60.716582
2900: 119.136537 75.747864 26.046815
2901: 145.073442 121.825130 109.771672
2902: 115.027595 68.589078 89.024567
2903: 88.647370 142.588950 69.384687
2904: 84.205992 128.940409 106.610075
2905: 134.026321 107.794217 104.864810
2906: 75.838231 75.119594 90.674335
2907: 72.214489 104.855138 144.044252
2908: 0.000000 107.973049 90.750654
2909: 91.214675 96.922473 72.187330
2910: 68.668888 142.202776 118.791153
2911: 110.099149 137.841716 60.421098
2912: 61.051697 80.155382 55.734873
2913: 104.014200 123.140192 62.778509
2914: 68.507662 139.386152 103.803699
2915: 58.538319 83.644991 80.090161
2916: 96.917666 101.069975 83.070196
2917: 82.194960 57.772531 72.635800
2918: 134.088022 96.017471 114.613243
2919: 129.614557 71.304869 31.777753
2920: 114.450242 38.043800 67.207653
2921: 80.231700 56.935292 67.497469
2922: 66.468669 73.456403 117.351855
2923: 135.809057 144.842175 68.868232
2924: 168.127044 77.469153 86.967704
2925: 30.705559 117.516562 131.757412
2926: 110.012629 73.894241 84.024982
2927: 105.319634 72.177059 104.073623
2928: 52.056420 162.075489 79.998691
2929: 29.656623 80.703220 139.012417
2930: 135.146702 117.370307 48.058075
2931: 55.005953 157.614305 51.846885
2932: 79.444210 81.105969 102.492002
2933: 53.456328 63.937567 61.043771
2934: 74.628455 140.310525 82.539838
2935: 56.202199 109.708818 79.232944
2936: 45.227859 76.554185 115.411526
2937: 111.593859 87.690218 74.838399
2938: 106.694495 148.312728 84.668220
2939: 102.580298 130.791870 92.722371
2940: 15.163306 102.037815 85.734169
2941: 118.199691 109.288990 112.917150
2942: 112.262988 52.763964 104.380434
2943: 108.820286 150.351335 68.564468
2944: 109.329213 51.212538 101.977938
2945: 63.590504 90.388322 87.964364
2946: 145.630672 140.155897 88.193535
2947: 81.498754 75.600754 105.706145
2948: 118.711959 129.943189 155.780157
2949: 63.056770 116.179264 102.121776
2950: 142.919232 84.341102 93.744064
2951: 70.674664 126.398196 59.935296
2952: 91.023967 122.121246 104.733364
2953: 109.961187 83.827389 42.071307
2954: 76.132277 162.848357 92.260212
2955: 80.961975 54.940032 31.421710
2956: 90.926787 98.011733 134.427489
2957: 76.413349 76.851736 101.696826
2958: 125.822501 111.341213 32.022017
2959: 97.254621 138.250684 40.274134
2960: 36.608555 85.769766 116.678752
2961: 78.558337 68.794075 95.457020
2962: 110.400454 88.271655 104.481407
2963: 118.762734 110.083605 106.548099
2964: 91.874410 53.546788 100.562086
2965: 69.326429 109.290573 42.084517
2966: 99.993045 121.633431 110.083993
2967: 31.503279 107.509047 92.958269
2968: 73.891209 120.822669 102.511323
2969: 135.335905 81.941176 68.570847
2970: 109.780295 86.136533 152.037373
2971: 116.610300 96.237107 46.259873
2972: 132.234480 91.302191 97.695750
2973: 120.721870 109.037392 151.910817
2974: 85.865347 133.798010 95.262981
2975: 82.860860 132.362923 99.908957
2976: 85.451163 129.026939 77.732060
2977: 103.771897 93.075606 21.646248
2978: 38.781612 98.072570 102.573467
2979: 122.637024 137.498646 46.062682
2980: 108.074211 141.709122 68.497095
2981: 69.672800 86.594304 126.495302
2982: 139.484963 105.609270 104.562690
2983: 111.519315 94.632662 82.075784
2984: 99.089091 126.769483 49.296897
2985: 92.364381 124.214513 70.506424
2986: 80.386423 125.230667 97.855720
2987: 134.382553 124.727141 88.126922
2988: 69.006384 76.141016 40.225581
2989: 136.523480 124.152749 97.267763
2990: 119.292912 65.573762 80.572429
2991: 128.163643 38.400077 83.677099
2992: 127.290721 113.161169 100.267152
2993: 73.872483 100.902987 150.110278
2994: 106.738383 108.534711 22.015758
2995: 87.011449 62.388281 60.172227
2996: 73.112874 78.849556 97.331909
2997: 112.467390 118.008197 77.467066
2998: 115.473002 95.262432 127.568711
2999: 103.398719 86.403908 144.198580
3000: 134.184820 147.700022 83.665608
3001: 49.284373 85.968706 68.924438
3002: 81.288731 84.522029 91.395557
3003: 93.566772 95.520732 46.464613
3004: 151.841050 142.749516 120.990610
3005: 58.073159 138.313858 93.530912
3006: 75.413543 72.964897 113.938212
3007: 57.017511 84.870724 98.112999
3008: 82.063724 96.246524 91.287199
3009: 72.568879 50.512816 93.025570
3010: 84.813610 61.668017 62.971484
3011: 106.036900 79.481757 27.342959
3012: 73.987936 137.467554 99.600766
3013: 111.702010 79.152527 68.524330
3014: 75.495713 107.606714 62.827106
3015: 77.675273 121.810892 72.737321
3016: 76.704744 138.917992 77.258928
3017: 74.652296 71.386939 58.252676
3018: 60.024254 105.241362 141.361952
3019: 116.118239 88.444465 72.836231
3020: 107.406942 77.066419 77.930940
3021: 113.137182 83.462302 73.694757
3022: 91.697090 44.297496 98.269254
3023: 67.348050 71.067424 119.974410
3024: 122.729571 110.498878 112.849358
3025: 99.728597 101.421803 30.350763
3026: 123.159210 45.049218 54.481234
3027: 120.056143 128.935064 62.870079
3028: 83.044831 66.654667 123.027581
3029: 56.682574 86.391182 77.619696
3030: 71.773648 55.516338 91.238953
3031: 112.599220 118.804013 103.911531
3032: 101.851053 129.410785 81.867218
3033: 112.249836 100.955065 74.129193
3034: 127.519690 88.681648 60.142816
3035: 63.877354 97.118323 125.297073
3036: 37.468929 63.781649 77.029909
3037: 141.093245 78.931509 103.368823
3038: 111.614092 94.516567 60.850196
3039: 118.181418 103.610002 64.857279
3040: 90.658850 38.134063 68.151497
3041: 125.091005 116.832536 133.950673
3042: 75.691399 121.213893 129.453151
3043: 124.617824 84.009180 112.332714
3044: 123.666613 88.383661 88.089544
3045: 162.390516 103.980598 102.732445
3046: 71.965506 131.804578 127.391984
3047: 109.833777 110.552861 167.374172
3048: 96.188974 71.379857 87.850218
3049: 46.739612 68.153018 89.332642
3050: 40.901021 63.166430 78.487080
3051: 122.993738 138.103383 74.284851
3052: 69.015242 126.444226 131.991071
3053: 120.838611 122.433526 96.958143
3054: 113.900891 81.485907 77.129007
3055: 61.014212 100.801140 68.581015
3056: 114.841330 81.206871 116.656293
3057: 59.447972 39.884177 106.031362
3058: 87.163827 49.328709 16.335188
3059: 67.631323 88.739630 77.507459
3060: 122.686683 105.259184 85.396353
3061: 108.623710 120.380968 137.922399
3062: 36.610414 85.509214 89.761986
3063: 57.397711 117.400943 39.893344
3064: 72.758451 68.033321 110.959431
3065: 116.114741 90.703892 87.915555
3066: 62.256193 125.334667 49.581889
3067: 60.202083 101.351810 86.384982
3068: 121.377381 115.452166 117.709579
3069: 13.803190 79.009661 91.515245
3070: 67.187964 124.318958 133.988425
3071: 112.093251 104.859733 129.895275
3072: 126.565122 81.676189 88.295537
3073: 109.645821 135.903757 70.813164
3074: 113.362975 90.282818 115.309249
3075: 70.328830 92.816124 67.664270
3076: 62.008974 86.833121 92.486773
3077: 49.829077 115.758505 134.899035
3078: 126.829228 74.736761 104.254130
3079: 126.262104 124.443736 95.501175
3080: 82.812440 171.597589 67.967573
3081: 64.726932 67.074083 82.959631
3082: 98.525764 97.851562 68.743186
3083: 150.121499 99.254998 91.170903
3084: 99.480420 64.911120 76.912542
3085: 89.030838 102.747905 75.953139
3086: 72.972768 111.505969 41.722173
3087: 107.828177 154.571714 90.745351
3088: 77.814188 94.832076 110.444878
3089: 96.892517 86.671357 90.266945
3090: 92.505357 72.964561 125.700747
3091: 114.141962 63.366430 55.892365
3092: 98.460139 74.744072 114.828910
3093: 102.895769 62.403150 74.278879
3094: 90.519132 61.244770 93.642619
3095: 119.572097 92.601388 136.068324
3096: 29.983651 102.352027 106.330813
3097: 125.191121 147.135674 116.456822
3098: 55.949118 71.868238 94.304468
3099: 83.467991 167.854391 88.253696
3100: 88.109618 126.555858 71.808906
3101: 131.661040 96.751810 128.868544
3102: 85.978754 102.814241 99.933102
3103: 96.779347 93.156074 66.872161
3104: 69.664826 69.268252 22.795896
3105: 87.037838 92.468309 110.679677
3106: 97.567310 23.830431 70.417034
3107: 28.453917 114.458278 71.623862
3108: 145.692456 73.635586 68.351850
3109: 122.325504 124.935887 23.285249
3110: 107.528049 83.365674 121.442266
3111: 63.668500 48.333276 115.892041
3112: 84.932302 64.037813 103.122843
3113: 111.520158 79.795139 82.465274
3114: 97.673943 130.982023 74.625737
3115: 126.983302 87.345261 77.029226
3116: 60.718272 79.377472 87.598569
3117: 76.482028 107.870036 138.921186
3118: 143.513040 72.017262 125.080451
3119: 115.800248 82.899835 127.771624
3120: 92.407961 59.232198 95.542911
3121: 110.741689 94.223888 93.061251
3122: 82.716648 66.868324 84.305744
3123: 69.470578 95.355568 132.923150
3124: 112.065445 70.924416 112.732138
3125: 136.351069 96.246775 97.114933
3126: 110.911208 152.497579 110.849120
3127: 68.874991 86.130032 68.991874
3128: 118.610650 71.362501 122.519644
3129: 144.696328 124.006505 98.412884
3130: 69.199942 126.626027 70.270201
3131: 77.181935 112.652470 102.791559
3132: 79.547263 135.939172 94.544805
3133: 88.862828 123.931327 63.605233
3134: 79.585303 144.251225 64.269969
3135: 74.278109 111.921043 29.812478
3136: 60.879081 73.366967 106.811136
3137: 93.271381 125.205034 87.376434
3138: 129.659987 54.918477 81.238202
3139: 69.554477 55.203244 64.130832
3140: 39.907429 63.815832 114.840632
3141: 97.027906 94.451898 118.811942
3142: 118.141489 132.898713 37.755607
3143: 126.604568 93.165647 36.103602
3144: 36.299655 95.259362 83.542015
3145: 78.622034 125.314826 61.673695
3146: 91.379916 89.904847 135.718656
3147: 99.070943 80.177203 109.811956
3148: 157.871523 90.165618 76.680251
3149: 103.145157 96.476017 118.838396
3150: 74.266388 141.173219 106.263334
3151: 74.139645 82.415487 77.034932
3152: 118.761299 94.618354 72.289515
3153: 119.892768 86.213856 75.655549
3154: 94.637653 65.830117 104.009074
3155: 60.181161 72.158461 118.732154
3156: 71.559693 92.662337 105.328468
3157: 36.919554 66.953910 75.076451
3158: 76.479244 92.512428 133.851468
3159: 72.504614 148.897835 57.998954
3160: 90.354643 93.048456 73.158273
3161: 81.974003 153.586891 72.863846
3162: 39.107767 100.032115 85.820234
3163: 102.441994 91.137764 127.280583
3164: 58.196665 117.944251 76.359769
3165: 73.793716 41.737751 108.396645
3166: 137.251266 121.550532 54.239852
3167: 83.282545 139.142563 92.027435
3168: 87.360934 127.948454 83.986247
3169: 72.208616 111.301164 146.728417
3170: 80.197646 101.304217 120.361696
3171: 76.449859 79.923002 35.100830
3172: 51.694140 80.231157 72.205465
3173: 72.500807 80.351626 120.938496
3174: 148.542489 124.992414 107.730264
3175: 85.313727 89.803880 61.497786
3176: 53.729221 59.181558 55.288136
3177: 88.741463 119.399131 59.363082
3178: 89.563789 54.803499 49.449549
3179: 135.204736 100.030020 81.664279
3180: 129.465952 42.350041 63.445450
3181: 140.871581 124.800058 129.699649
3182: 88.601535 79.089148 113.625065
3183: 118.782478 93.290052 134.306608
3184: 42.342140 98.952207 84.747777
3185: 72.600673 117.413217 115.582050
3186: 64.533855 95.143318 82.045599
3187: 107.641510 65.882848 71.669753
3188: 64.798990 58.142273 64.547673
3189: 125.339806 55.459179 61.269655
3190: 90.762039 84.634997 52.344639
3191: 111.865377 113.720190 70.021725
3192: 72.240146 99.326355 102.575321
3193: 103.841159 87.388396 59.470831
3194: 110.688789 113.611686 65.260425
3195: 111.678363 127.634328 108.908071
3196: 77.189500 57.147389 81.578032
3197: 84.222985 87.351428 93.556585
3198: 107.453001 79.396444 123.950089
3199: 95.671829 89.512798 150.681146
3200: 63.228665 81.686148 69.988627
3201: 123.104893 125.840476 107.159806
3202: 79.085851 125.345050 118.187517
3203: 57.402962 84.074470 123.615778
3204: 101.446195 97.807880 160.259973
3205: 126.863011 99.681752 84.402942
3206: 92.980478 91.975368 105.436851
3207: 96.643534 64.743121 95.724668
3208: 117.930809 137.276594 144.234174
3209: 72.744960 92.330483 82.188231
3210: 127.074132 65.770179 65.452182
3211: 82.334266 87.121182 33.438952
3212: 82.109732 86.351452 86.878941
3213: 99.720310 112.859323 158.711441
3214: 78.645786 89.090505 111.766790
3215: 89.741325 104.560046 120.572148
3216: 59.790369 50.423721 138.349725
3217: 77.213614 100.802443 38.057492
3218: 70.777685 57.498801 92.583806
3219: 115.825151 79.096069 59.508583
3220: 102.595976 130.736682 62.128061
3221: 115.945852 51.587380 92.552489
3222: 116.374640 127.645966 149.175310
3223: 73.545533 118.209672 81.956619
3224: 54.510341 114.037279 76.778561
3225: 91.078403 87.262676 96.483765
3226: 114.629968 75.375598 71.010188
3227: 89.531377 147.676607 101.656671
3228: 92.799208 102.653393 52.186270
3229: 52.594873 82.961192 86.958354
3230: 114.040931 74.911483 121.378440
3231: 96.080127 46.944097 92.859253
3232: 112.695329 120.896999 135.224948
3233: 124.915981 113.281529 119.759914
3234: 65.559514 113.101390 95.467751
3235: 77.324903 121.736611 140.579777
3236: 134.144459 98.281954 75.010186
3237: 78.254481 77.563932 79.679403
3238: 104.740812 120.597142 77.064431
3239: 43.534901 113.684728 109.472500
3240: 148.947165 76.848312 112.610535
3241: 127.224652 81.635643 65.551014
3242: 109.009084 88.166563 48.325633
3243: 128.655557 119.541988 74.704278
3244: 120.934807 36.498104 51.913305
3245: 77.182453 134.953308 41.050483
3246: 58.167246 73.172542 135.960922
3247: 121.895510 85.223226 81.107240
3248: 63.044671 117.382778 134.131248
3249: 94.333597 153.307778 87.764135
3250: 56.836965 124.486580 39.929028
3251: 25.861722 70.616873 93.623052
3252: 101.587751 141.658075 56.853775
3253: 61.501569 77.128369 72.977697
3254: 46.565469 79.488924 57.152603
3255: 117.627193 48.989257 93.754619
3256: 82.153550 99.696772 69.081464
3257: 109.560374 52.959297 81.074590
3258: 103.010915 102.967202 94.942761
3259: 114.798573 103.803179 132.942792
3260: 87.116923 78.535313 86.100858
3261: 65.174141 80.919029 116.193866
3262: 132.291643 105.750436 82.044449
3263: 137.595019 106.796390 94.483769
3264: 138.544278 84.133396 132.883153
3265: 90.860850 87.557728 112.042955
3266: 21.539799 106.296510 74.480432
3267: 105.672173 130.488447 52.175500
3268: 77.372928 135.552083 76.762075
3269: 67.780124 65.862271 102.015410
3270: 83.596198 139.546665 56.015690
3271: 82.781427 117.900764 61.038779
3272: 81.055398 86.880238 55.787096
3273: 46.677267 145.027326 67.025703
3274: 87.033818 98.457265 69.149108
3275: 101.975404 99.938266 122.571402
3276: 106.576120 109.258892 86.212310
3277: 60.848620 113.175946 54.992290
3278: 119.415615 111.354718 111.348223
3279: 53.683633 126.220863 116.469162
3280: 113.693120 92.369391 50.119302
3281: 153.005368 80.283536 55.433683
3282: 45.707404 96.486847 125.586872
3283: 53.880592 118.751424 83.612258
3284: 121.710785 76.697711 114.237542
3285: 113.332611 125.138988 80.409401
3286: 104.152375 125.356826 110.853678
3287: 80.898428 121.764746 102.031535
3288: 87.075931 77.875804 119.639322
3289: 113.436003 98.946309 69.092493
3290: 109.405135 110.150646 149.802626
3291: 104.877211 42.824960 89.410684
3292: 120.350054 141.246599 83.063679
3293: 125.189369 124.720879 80.063996
3294: 117.348556 126.961668 155.347858
3295: 95.394016 103.907707 42.352693
3296: 96.255285 71.567203 69.067825
3297: 76.581423 106.244372 80.465608
3298: 79.038955 139.726920 90.379326
3299: 150.441950 123.031141 90.410579
3300: 59.134590 94.308400 119.526864
3301: 111.874821 86.473701 52.084223
3302: 112.517394 112.412116 44.994429
3303: 88.720445 33.782646 102.756686
3304: 88.037677 55.380134 73.427317
3305: 134.223946 110.704715 75.859929
3306: 159.919475 66.282776 94.242630
3307: 85.600545 55.340476 90.791170
3308: 57.590642 84.688548 66.780211
3309: 58.205304 46.549198 69.992045
3310: 59.300213 120.557561 82.368080
3311: 88.188165 132.414361 129.757312
3312: 121.965786 110.190212 116.047424
3313: 106.796240 84.249170 78.833565
3314: 72.591604 115.751374 52.721417
3315: 84.598225 139.685584 102.984817
3316: 71.390933 136.359805 70.324315
3317: 121.020489 114.301174 89.222260
3318: 73.608230 66.712404 67.207000
3319: 77.808471 101.556433 100.704105
3320: 129.903263 97.378716 64.709035
3321: 109.106688 107.488065 62.658915
3322: 128.322294 111.827721 102.973958
3323: 106.435793 94.641487 136.608076
3324: 85.829270 89.717323 69.652850
3325: 92.095977 138.925178 69.751306
3326: 67.428826 75.110672 68.158969
3327: 68.047972 106.451700 56.382132
3328: 100.955765 91.326863 108.901531
3329: 140.478232 98.472865 104.900932
3330: 35.674919 116.045821 49.029590
3331: 74.757946 41.230162 63.199826
3332: 128.486090 133.701209 51.588152
3333: 131.187327 67.440763 78.421671
3334: 144.383211 93.529261 94.522125
3335: 96.791079 65.023114 102.200298
3336: 103.996622 69.217696 93.549100
3337: 138.066129 128.350606 67.427367
3338: 67.728514 119.501556 59.882419
3339: 62.274204 123.723683 50.433175
3340: 83.753857 77.640961 117.983717
3341: 125.083098 73.343878 48.058382
3342: 104.263903 108.663250 69.838254
3343: 125.387886 115.596218 85.425458
3344: 73.077555 120.687680 146.188897
3345: 84.378697 122.070408 112.816651
3346: 86.160749 76.260131 120.850999
3347: 69.346820 91.068673 83.999740
3348: 169.741660 88.881328 90.043263
3349: 147.720416 91.183378 96.045319
3350: 71.320500 114.383137 96.027485
3351: 93.034057 110.068847 67.591845
3352: 82.439378 71.835493 61.236168
3353: 62.620304 106.471668 159.457044
3354: 107.365935 152.959962 87.791060
3355: 59.571215 66.155122 97.119052
3356: 111.265560 108.882873 144.160947
3357: 88.427794 68.122598 80.255996
3358: 85.487586 39.002000 75.332199
3359: 87.886699 45.842720 107.554634
3360: 105.460573 103.944168 41.001882
3361: 129.346474 108.463074 134.159433
3362: 81.205050 129.729139 119.809390
3363: 61.434818 74.564730 55.964298
3364: 84.578668 102.436267 56.744060
3365: 75.258837 97.053563 147.728550
3366: 132.927680 67.961744 98.963608
3367: 56.565940 94.874000 98.389375
3368: 82.503308 98.064093 116.885681
3369: 69.742558 119.195686 131.588794
3370: 64.922620 107.940700 147.425528
3371: 72.818813 183.396425 99.333690
3372: 97.701674 158.640598 66.590256
3373: 102.436215 113.056880 86.507972
3374: 148.049864 70.614401 81.898246
3375: 45.333984 123.453856 85.791732
3376: 102.081959 93.956280 43.405804
3377: 84.543613 82.873612 101.672998
3378: 115.087799 85.385521 74.657805
3379: 114.489947 100.144317 66.785295
3380: 63.999258 81.751888 78.085038
3381: 77.880441 54.052979 93.405661
3382: 64.081485 140.766724 54.314702
3383: 119.186402 86.701778 127.289100
3384: 95.127701 92.917081 80.041758
3385: 86.478712 109.450150 51.883549
3386: 70.445396 87.519322 148.145247
3387: 128.265241 147.170095 45.036073
3388: 69.250546 88.576398 83.955716
3389: 62.729192 37.428098 71.041870
3390: 128.173271 92.031309 139.485695
3391: 86.266080 100.560330 56.299594
3392: 81.507539 64.654969 66.655503
3393: 108.569762 8.425472 85.935377
3394: 68.312403 147.366557 100.857337
3395: 132.080095 49.820335 46.215148
3396: 66.836821 48.970252 54.419308
3397: 106.191906 145.711203 54.481327
3398: 97.422362 151.682849 77.113574
3399: 131.261583 114.333352 60.441446
3400: 134.049152 92.935815 60.330618
3401: 127.029801 77.107374 71.548428
3402: 100.525194 68.399694 104.251299
3403: 91.966412 28.005545 68.413219
3404: 93.038122 74.766924 72.407091
3405: 107.235872 54.938000 81.780136
3406: 102.122753 125.419708 145.385637
3407: 45.215580 74.672390 83.877793
3408: 90.172152 120.244509 52.556921
3409: 70.266864 37.804053 55.491363
3410: 104.612805 105.083622 47.481592
3411: 73.252916 77.129797 82.184553
3412: 72.433969 95.695760 106.358189
3413: 79.620559 66.639420 128.775569
3414: 97.674173 109.490819 126.068424
3415: 127.068022 86.540067 44.154769
3416: 62.162741 131.592964 55.281600
3417: 121.399534 80.784005 112.938426
3418: 90.592199 152.271601 72.854202
3419: 88.066810 75.723259 110.724839
3420: 138.894138 99.473539 91.609436
3421: 105.562541 90.065030 100.655377
3422: 28.275455 123.900643 115.102428
3423: 63.881057 56.190483 68.918046
3424: 89.891318 99.325375 68.006780
3425: 79.685055 134.519916 103.998036
3426: 93.207337 140.267417 134.887050
3427: 87.556434 81.451056 74.498117
3428: 95.274182 60.663034 80.575707
3429: 96.720882 74.077510 125.939946
3430: 126.279864 126.555598 87.964358
3431: 119.958113 133.708349 100.051181
3432: 99.484564 119.337578 62.292589
3433: 127.979149 123.257306 63.385688
3434: 81.240195 121.393737 123.353633
3435: 130.234576 76.974175 26.335287
3436: 67.724998 110.552534 69.252922
3437: 99.500580 117.051719 70.316426
3438: 91.490431 147.487656 90.140938
3439: 96.784049 76.311839 108.772195
3440: 75.184451 114.418556 57.584784
3441: 101.521775 106.931968 63.768980
3442: 69.230114 129.455484 89.933357
3443: 74.075083 76.234040 18.465607
3444: 80.318032 88.697566 57.788460
3445: 90.166161 50.598707 102.330971
3446: 49.753322 46.084471 92.045826
3447: 94.282418 169.689902 80.440991
3448: 100.338567 82.474050 41.306298
3449: 94.929325 81.114885 36.209132
3450: 97.924713 127.974084 45.720907
3451: 85.703739 55.720333 127.555876
3452: 98.937273 125.173894 100.768810
3453: 56.051765 83.424921 100.245519
3454: 101.664386 97.478023 104.160402
3455: 116.888726 113.908951 111.134353
3456: 104.270812 110.202799 59.958886
3457: 69.867568 138.510037 102.359231
3458: 74.958926 67.314867 22.293392
3459: 96.664024 121.626446 32.240992
3460: 102.286152 104.205630 91.746335
3461: 113.299802 5.257592 100.353187
3462: 74.552238 55.860550 64.366090
3463: 40.669496 135.644020 86.294218
3464: 115.636624 129.943241 86.076782
3465: 39.299928 70.592384 86.979196
3466: 54.937161 82.396043 90.152463
3467: 59.040606 140.450370 80.100602
3468: 88.977522 155.921566 107.919792
3469: 90.979335 88.499718 126.779037
3470: 122.697218 110.137935 27.135336
3471: 112.088354 123.698998 85.599223
3472: 114.889051 124.545385 127.316768
3473: 79.111388 88.269947 95.796297
3474: 116.695466 161.174855 84.119025
3475: 49.300139 144.585901 64.692837
3476: 165.620893 101.521508 90.962748
3477: 83.603541 147.854833 88.237732
3478: 96.475244 108.666559 121.586130
3479: 78.534101 102.437682 54.281905
3480: 100.501394 87.491161 107.178889
3481: 101.796818 136.154204 85.045537
3482: 142.933065 54.097472 57.637670
3483: 36.702866 89.821191 80.794680
3484: 107.162857 154.215719 52.102942
3485: 140.147033 103.415035 124.132443
3486: 81.797347 107.361466 48.035938
3487: 52.554855 114.098816 56.810827
3488: 63.502079 114.473259 92.166300
3489: 74.567769 39.027512 68.208881
3490: 94.405891 90.238668 134.194733
3491: 138.545274 79.603524 60.245840
3492: 86.895451 55.295490 34.417860
3493: 127.324551 116.530904 101.663655
3494: 32.243559 136.304653 125.267822
3495: 115.261844 57.626411 133.528395
3496: 76.572139 108.460161 71.592942
3497: 74.656011 61.746587 35.984811
3498: 60.764590 118.907057 35.500339
3499: 126.091744 115.961156 112.817455
3500: 44.658803 74.392520 133.068312
3501: 58.997543 98.925922 123.612008
3502: 68.309123 41.932870 107.252088
3503: 136.507677 118.751598 106.212185
3504: 69.263300 107.509251 116.707270
3505: 104.573586 105.128142 129.685296
3506: 126.445970 94.536451 111.030700
3507: 97.995504 104.315977 82.745742
3508: 70.553491 116.157664 34.153551
3509: 128.349790 102.686953 148.455276
3510: 87.936801 81.006385 71.609046
3511: 121.666821 91.760285 105.451965
3512: 80.703653 95.294026 60.519825
3513: 59.335675 73.899674 104.892811
3514: 50.753716 86.888610 64.243926
3515: 82.602606 66.731032 128.203926
3516: 140.307355 55.142166 104.247354
3517: 49.926722 86.271939 55.838973
3518: 92.986660 134.373275 74.092861
3519: 84.556733 72.095354 92.509360
3520: 101.628981 100.574750 97.100906
3521: 99.162177 40.021911 60.850071
3522: 56.541968 132.649261 56.469738
3523: 64.936354 77.637352 139.467926
3524: 41.482197 81.890279 78.094686
3525: 119.954233 83.628745 95.219554
3526: 68.273028 69.936825 90.550115
3527: 33.976861 103.874958 69.147431
3528: 94.697688 136.975210 59.781932
3529: 135.751774 67.182182 125.775486
3530: 113.959258 143.312649 86.512987
3531: 127.768243 113.010077 53.493806
3532: 119.727365 129.751682 72.017317
3533: 48.017532 96.202589 83.072054
3534: 67.879745 124.645723 107.789628
3535: 63.245347 103.450355 64.599240
3536: 117.276632 98.582548 107.632803
3537: 65.153358 134.740176 97.132483
3538: 133.487734 70.662548 144.886241
3539: 85.890221 102.277603 98.298090
3540: 56.264514 135.619858 119.827195
3541: 94.140351 172.103763 63.892635
3542: 85.741544 177.483239 85.052906
3543: 107.854767 104.841100 51.361714
3544: 104.535736 89.247405 121.187543
3545: 107.915965 88.381155 111.117921
3546: 80.756946 75.757248 74.624815
3547: 104.649726 117.272441 159.705890
3548: 130.308427 128.102902 100.816720
3549: 88.692557 159.626153 53.460535
3550: 85.947335 132.631078 86.981950
3551: 92.960819 155.217243 79.376805
3552: 78.335343 51.989300 67.549469
3553: 83.396002 82.191353 10.498898
3554: 97.771402 108.146360 86.565548
3555: 127.014162 70.516739 134.979355
3556: 108.886463 140.730338 122.660216
3557: 85.632790 99.445842 45.497995
3558: 104.337013 98.855274 108.388036
3559: 102.702598 89.879656 100.455473
3560: 148.650683 114.236746 83.250272
3561: 113.986986 118.044903 65.099845
3562: 117.341120 137.442651 128.638557
3563: 117.499595 151.828580 56.308255
3564: 52.195951 112.017982 129.134047
3565: 59.922149 83.356582 118.274324
3566: 146.230531 111.092290 117.153756
3567: 145.229862 71.977887 104.748006
3568: 81.331566 68.843958 52.468908
3569: 64.832465 127.443148 98.953025
3570: 53.753662 128.003730 107.189893
3571: 77.075007 58.040374 148.926957
3572: 84.161309 101.929618 114.518467
3573: 73.053388 88.984262 90.582754
3574: 77.768560 48.622151 95.197437
3575: 73.350291 132.376706 74.676360
3576: 40.016159 87.595406 105.649352
3577: 119.187944 87.962932 86.348645
3578: 70.765145 68.790693 48.711751
3579: 93.371620 103.506736 148.917534
3580: 77.026504 90.745821 104.802668
3581: 104.256370 137.078257 71.126659
3582: 35.228392 79.171770 60.611677
3583: 99.324187 144.732506 108.024161
3584: 29.763636 67.692821 90.312499
3585: 127.922164 46.619717 53.526775
3586: 103.019152 42.917560 82.686273
3587: 103.472370 142.279776 65.885673
3588: 79.737266 106.180211 86.131325
3589: 152.279350 93.758598 64.492193
3590: 113.720427 101.702490 39.430598
3591: 110.244942 113.178626 131.400990
3592: 56.003285 117.785672 106.727536
3593: 90.902816 72.780239 91.428660
3594: 144.213887 68.451990 72.088823
3595: 110.142224 62.334201 59.810601
3596: 69.810793 55.195750 109.471128
3597: 120.770615 97.538926 58.252717
3598: 57.901742 124.940693 39.846349
3599: 119.610563 43.388364 72.936389
3600: 111.715711 50.473749 133.179117
3601: 77.233455 62.643497 142.691338
3602: 92.694481 76.107589 16.375255
3603: 61.736201 115.179049 89.981236
3604: 80.582459 113.556001 108.898303
3605: 60.188706 97.705879 86.183696
3606: 94.517742 110.751113 91.911909
3607: 76.859356 140.959395 55.757106
3608: 105.292645 73.847602 78.194157
3609: 134.359440 62.714125 94.609590
3610: 91.975206 99.011133 80.735265
3611: 94.728676 135.786329 61.675685
3612: 74.073679 64.560748 94.769966
3613: 87.299543 86.186493 73.910907
3614: 95.062295 140.038311 70.397330
3615: 75.619008 93.288677 58.332011
3616: 84.623744 160.252389 66.543255
3617: 124.150128 68.748238 49.121780
3618: 140.510476 115.573499 87.657698
3619: 103.597611 84.296888 90.540017
3620: 79.127402 107.334027 73.649580
3621: 107.406991 75.683552 134.361766
3622: 131.451302 98.503687 58.826411
3623: 137.892348 116.961788 71.231053
3624: 94.415004 92.811974 89.391057
3625: 95.030857 67.382120 34.307737
3626: 41.429696 94.863435 87.411550
3627: 99.577416 55.565240 105.421519
3628: 80.313918 135.295948 89.259484
3629: 63.842643 143.996103 101.294142
3630: 136.252503 86.792473 79.678667
3631: 79.532656 85.191640 42.384689
3632: 79.809651 77.224662 14.362477
3633: 101.747067 111.658270 99.981486
3634: 86.420461 134.863503 71.037859
3635: 45.945960 112.405073 77.612613
3636: 80.303014 102.147423 116.410430
3637: 81.873324 110.831671 50.281097
3638: 82.809553 102.155944 40.578716
3639: 82.906116 88.846453 155.875187
3640: 44.256260 120.999985 52.768364
3641: 144.467466 90.615758 59.851339
3642: 138.790815 66.665740 82.817980
3643: 114.545283 82.745062 125.910001
3644: 101.645507 67.226383 90.376641
3645: 105.793937 103.726235 72.682637
3646: 108.728419 90.515468 97.361971
3647: 104.534011 82.801238 132.441214
3648: 121.870756 78.003050 44.262934
3649: 94.640721 43.077516 80.966882
3650: 126.137764 80.771244 127.199882
3651: 101.583645 126.452048 95.694277
3652: 118.324503 75.673548 85.333961
3653: 126.534784 71.060150 128.881490
3654: 128.175765 130.539446 108.102613
3655: 95.619459 76.199510 47.393749
3656: 115.449712 32.471000 101.781153
3657: 103.010397 112.997500 46.027762
3658: 85.756216 87.366292 63.606452
3659: 24.886851 58.957912 78.506461
3660: 96.133617 98.596639 78.208511
3661: 92.673505 142.487214 59.081530
3662: 26.179679 120.012874 96.089783
3663: 37.953199 107.172265 118.893162
3664: 97.603786 147.814328 96.135531
3665: 93.080889 83.299823 87.599319
3666: 84.428673 95.046957 109.032412
3667: 29.059389 99.643495 71.027748
3668: 141.333926 122.025038 92.743946
3669: 128.186442 94.007601 100.673581
3670: 71.419007 100.677882 86.060971
3671: 73.011444 75.144305 77.666753
3672: 88.546717 97.010375 54.047897
3673: 142.144639 65.889086 62.962135
3674: 131.675122 111.601365 132.338713
3675: 99.510900 132.060388 87.706336
3676: 112.716708 155.905091 73.966377
3677: 105.682902 51.379997 52.818127
3678: 107.759267 114.323017 67.923654
3679: 59.062860 84.210735 116.827562
3680: 86.652464 82.515221 73.136899
3681: 60.674863 104.019628 55.659627
3682: 82.330737 104.643723 86.888613
3683: 122.486594 104.039937 116.478856
3684: 112.947603 100.443018 77.054456
3685: 107.379008 151.115775 77.078670
3686: 156.376961 129.488932 118.829063
3687: 89.520350 78.427474 108.403223
3688: 75.265330 86.514461 120.268972
3689: 71.308767 79.345824 38.802662
3690: 108.706054 67.663947 147.296565
3691: 92.776370 67.557223 92.540318
3692: 60.718673 95.353191 111.512338
3693: 84.952050 101.993504 81.699331
3694: 51.172155 93.268127 104.305656
3695: 127.474448 134.955306 83.090204
3696: 110.942545 85.679976 59.635959
3697: 98.049791 111.628121 102.394254
3698: 97.372129 127.212048 69.068774
3699: 103.631805 85.044453 63.854277
3700: 44.053097 122.801910 96.837821
3701: 112.453469 65.309154 120.219002
3702: 81.150537 61.539835 82.311954
3703: 88.025969 113.042398 86.651352
3704: 102.203613 115.987382 110.141914
3705: 107.274527 130.343514 56.899709
3706: 112.494585 109.551968 93.358085
3707: 64.451086 140.522930 64.680360
3708: 84.019955 139.186487 57.711124
3709: 113.251060 40.265477 46.104396
3710: 96.742244 82.866146 27.883138
3711: 122.743926 46.416357 61.671608
3712: 122.504303 109.699941 67.924704
3713: 114.537698 128.493109 94.050500
3714: 89.361117 91.692718 144.824688
3715: 24.730950 124.046748 102.371965
3716: 148.883663 85.315894 110.067323
3717: 73.921029 105.059435 119.295743
3718: 59.304663 113.928754 71.207239
3719: 44.972373 110.786450 100.183781
3720: 125.836867 80.254532 151.203089
3721: 116.379835 167.548023 53.459356
3722: 113.868060 138.253048 55.038260
3723: 132.941522 92.359616 111.180682
3724: 62.181009 89.796061 106.347510
3725: 29.935824 95.634457 90.817705
3726: 60.655766 72.626428 64.092484
3727: 98.170501 60.735832 60.121631
3728: 104.880300 88.812341 103.003711
3729: 130.351442 62.091987 71.827670
3730: 67.228155 164.445208 90.973345
3731: 61.271562 127.730034 98.723866
3732: 96.177337 117.780879 63.527502
3733: 130.260856 110.555228 111.453208
3734: 72.215272 112.693967 26.125250
3735: 115.741916 50.997369 71.978212
3736: 73.765937 107.661958 38.777752
3737: 103.681570 79.511626 39.364513
3738: 128.423744 130.692193 73.924324
3739: 66.203012 76.118554 118.343895
3740: 109.141119 141.337892 91.534833
3741: 86.439545 72.956223 41.118668
3742: 96.514938 131.139832 61.208738
3743: 115.493970 47.004684 94.187796
3744: 141.801831 92.017903 58.093578
3745: 58.750642 109.588308 66.999964
3746: 134.443911 139.093231 110.520018
3747: 127.516014 73.516898 86.903015
3748: 118.759955 106.639229 121.024824
3749: 113.176837 75.043830 124.109473
3750: 103.511938 96.527777 109.559520
3751: 143.000572 112.144635 50.795478
3752: 76.618695 103.950990 69.490509
3753: 96.929816 136.369893 105.061495
3754: 82.364586 91.144586 58.153721
3755: 77.224256 119.136341 138.436935
3756: 32.011675 77.665945 103.962676
3757: 109.964844 91.283289 83.503902
3758: 95.165918 106.679506 93.917742
3759: 72.429215 79.792055 152.220004
3760: 104.165150 112.708565 128.431075
3761: 67.746391 70.431834 41.231385
3762: 104.089477 164.724608 87.101215
3763: 121.857272 124.855557 37.445959
3764: 73.287200 100.047492 87.090070
3765: 80.946971 107.114249 109.777696
3766: 109.816507 149.239280 80.331818
3767: 101.584823 90.184567 76.520257
3768: 117.352481 106.402592 53.736127
3769: 46.811559 84.183878 99.773961
3770: 97.541892 64.878795 54.741250
3771: 96.868122 76.863108 74.425541
3772: 56.141061 56.422142 94.505300
3773: 126.071129 151.245161 67.826498
3774: 91.999365 68.632668 44.965431
3775: 85.106924 111.183478 69.600324
3776: 172.437459 83.893014 95.659374
3777: 84.569730 146.977775 48.292502
3778: 96.678532 100.536740 147.213204
3779: 69.963076 118.656613 127.192342
3780: 100.313201 63.901587 86.107271
3781: 66.005205 97.427767 154.836513
3782: 107.829977 84.801473 83.479895
3783: 96.470250 106.039895 135.893054
3784: 72.725774 107.204932 61.043565
3785: 75.086645 55.252294 100.555599
3786: 84.732704 98.853554 51.177585
3787: 84.962440 125.686065 80.717163
3788: 153.452417 121.829461 96.830603
3789: 136.994649 85.260907 60.816940
3790: 82.235258 117.903920 151.066080
3791: 114.142002 149.365295 94.050623
3792: 76.894103 52.572365 39.251508
3793: 85.369555 51.333775 98.417861
3794: 41.245002 55.799199 80.434136
3795: 35.078326 75.690246 63.546287
3796: 111.033583 119.211873 120.877404
3797: 85.327578 107.845627 78.711956
3798: 102.800108 111.338770 41.324638
3799: 102.008771 62.147942 75.867781
3800: 89.561650 144.931467 93.343195
3801: 77.205699 93.224804 50.938776
3802: 73.904641 67.884433 76.955895
3803: 96.546200 65.236044 130.045629
3804: 98.288496 134.046036 107.328839
3805: 138.374377 110.447574 79.063406
3806: 140.539465 127.727637 104.418849
3807: 68.257850 101.517656 90.664797
3808: 83.036605 89.740052 146.206876
3809: 100.276617 105.021699 135.363129
3810: 60.788771 55.233308 59.964577
3811: 78.355189 111.007178 53.267662
3812: 134.836496 51.308381 64.450173
3813: 110.727640 66.417177 126.499936
3814: 127.152592 86.582424 135.561049
3815: 159.066867 77.597664 92.131127
3816: 76.421964 144.074583 122.622870
3817: 128.512892 107.127794 119.102085
3818: 101.233912 60.520765 91.870767
3819: 96.610916 105.383592 118.905125
3820: 102.856524 106.139874 150.106673
3821: 105.504206 88.574357 17.298428
3822: 74.110999 103.278287 110.277040
3823: 65.794191 87.756310 61.514870
3824: 141.988234 122.466527 46.787065
3825: 160.134676 103.819634 89.930529
3826: 129.993853 111.739439 96.953138
3827: 102.804155 64.555501 59.421697
3828: 89.482792 143.759183 97.139039
3829: 113.211201 102.500897 81.073215
3830: 37.986563 89.877124 75.882328
3831: 72.139957 74.112224 77.699844
3832: 84.049507 64.114651 45.621781
3833: 130.399147 124.450015 64.147252
3834: 59.078992 127.815989 69.209160
3835: 49.375510 119.109444 135.055822
3836: 42.891230 73.889938 80.326321
3837: 129.045218 97.115103 74.743539
3838: 61.964861 109.580584 160.762803
3839: 44.261403 61.007781 104.954845
3840: 73.709019 90.531900 108.974795
3841: 78.965627 140.467303 54.728472
3842: 94.645024 143.454380 112.389208
3843: 108.960004 85.069263 150.172953
3844: 120.384871 119.887315 135.289013
3845: 111.784709 51.833775 53.810606
3846: 80.477766 89.284883 42.972839
3847: 84.118930 72.565841 82.879076
3848: 100.362753 63.086468 117.024755
3849: 129.266334 82.006918 108.839499
3850: 89.389142 95.261685 107.762594
3851: 103.881658 95.653230 69.334938
3852: 114.017100 74.223482 68.720965
3853: 66.941011 52.771195 73.013274
3854: 81.407802 91.466913 103.443269
3855: 117.855541 143.642328 124.234514
3856: 108.502888 73.448373 89.359888
3857: 86.893919 89.867506 104.082052
3858: 73.035608 131.781879 131.624598
3859: 38.716377 71.553115 123.484596
3860: 136.626412 79.573917 83.209207
3861: 93.388480 16.156089 97.330540
3862: 96.797663 153.397790 98.882366
3863: 62.623690 123.643372 74.045501
3864: 86.981355 33.473463 61.811393
3865: 129.553430 67.179746 87.777840
3866: 122.277988 37.892546 64.560897
3867: 122.373923 90.631907 102.978270
3868: 114.282079 108.397464 76.170972
3869: 73.520930 145.253545 83.110457
3870: 43.591203 128.161765 69.755855
3871: 61.477594 91.920174 67.727550
3872: 89.304856 161.889788 102.854192
3873: 83.851881 92.856394 84.722006
3874: 132.578853 132.202516 79.647558
3875: 129.517947 128.646987 100.887368
3876: 117.144735 93.393768 85.307083
3877: 98.473968 149.295943 82.260727
3878: 114.095239 146.088152 71.269903
3879: 153.217583 81.834178 86.128463
3880: 114.876495 159.816002 84.309599
3881: 111.395731 87.362489 80.907575
3882: 77.449034 118.940607 83.126405
3883: 82.236811 40.479461 76.888473
3884: 79.010984 46.633931 76.382588
3885: 113.422995 103.838494 115.604116
3886: 118.215838 24.871023 72.339362
3887: 75.847300 48.677499 93.072379
3888: 18.694476 85.680841 74.132517
3889: 105.541068 104.353533 78.665546
3890: 110.471507 105.505731 114.200294
3891: 68.419662 121.138833 48.394688
3892: 28.558898 80.862554 75.591309
3893: 89.877080 96.097421 78.460620
3894: 112.203678 101.784387 79.062200
3895: 96.603430 126.603865 135.454734
3896: 80.161492 112.064540 110.343069
3897: 78.075613 68.924347 31.678640
3898: 135.868372 51.989638 64.018489
3899: 106.526089 49.364437 52.756554
3900: 74.953468 135.152642 95.532742
3901: 125.915897 64.078065 112.280264
3902: 107.270859 61.293541 58.888963
3903: 76.153016 167.436979 96.011523
3904: 59.320471 71.251137 60.012762
3905: 55.834507 107.655111 27.303700
3906: 128.326513 68.385974 105.755801
3907: 120.505213 71.237854 76.098555
3908: 105.217447 72.472843 91.745711
3909: 94.774781 118.008735 75.308589
3910: 92.202015 58.137320 142.007951
3911: 100.375079 51.710630 99.920339
3912: 76.293068 91.416688 88.587388
3913: 91.289421 152.008866 105.023392
3914: 90.829584 102.330170 71.144801
3915: 33.229088 83.654739 94.470882
3916: 105.700670 111.727013 61.403495
3917: 87.913308 90.620673 62.761449
3918: 73.464795 86.079618 119.956662
3919: 128.008745 100.478932 139.062378
3920: 148.802399 116.357785 49.899572
3921: 95.076805 119.890730 55.598809
3922: 124.547625 84.852745 105.220010
3923: 96.230138 52.100401 114.885527
3924: 76.736507 103.590566 91.916003
3925: 48.299908 95.211936 66.666151
3926: 104.916941 115.057099 65.168746
3927: 93.962722 134.743693 33.219670
3928: 107.815540 97.793832 79.661929
3929: 109.933985 86.185727 65.192079
3930: 40.128639 90.124662 69.113450
3931: 39.314799 100.592633 97.512917
3932: 142.093756 91.149896 104.468353
3933: 87.635543 80.643016 70.221474
3934: 37.265187 137.059688 76.572250
3935: 118.203211 115.775088 47.994544
3936: 119.429098 65.930077 137.869588
3937: 110.285409 150.605107 98.163675
3938: 67.229783 41.127804 49.148098
3939: 76.433819 93.520079 80.143480
3940: 98.376246 71.185096 120.519265
3941: 67.180051 95.009683 21.995759
3942: 100.696884 113.233533 103.129667
3943: 84.323278 126.563671 131.288991
3944: 99.567721 76.151031 63.757266
3945: 100.911754 91.288411 151.961485
3946: 80.530174 102.012674 99.226839
3947: 64.311441 93.127401 59.624221
3948: 105.447503 115.489667 74.740713
3949: 64.070944 82.687193 96.193367
3950: 43.704892 97.548098 67.444356
3951: 52.592926 92.473804 100.742672
3952: 90.245914 105.136386 23.832150
3953: 28.647345 117.862734 109.036287
3954: 102.359103 72.948226 127.620796
3955: 100.205170 42.770674 92.904589
3956: 66.783470 81.501525 114.617790
3957: 89.211481 38.943183 115.400087
3958: 30.505921 109.429084 70.919076
3959: 114.180810 95.161751 92.557422
3960: 97.361425 75.954113 60.985818
3961: 77.873792 93.960931 142.493500
3962: 115.908203 160.921820 119.061741
3963: 92.954776 56.506610 104.793463
3964: 76.755172 114.680743 95.972320
3965: 132.537899 95.041932 110.379961
3966: 112.695700 38.949073 103.881824
3967: 140.982431 118.206421 69.673959
3968: 77.783919 105.978432 131.945813
3969: 119.033021 130.770797 84.971696
3970: 51.754566 82.839499 80.240297
3971: 107.642462 154.351390 59.666529
3972: 120.337476 86.830509 98.917226
3973: 119.508526 112.123046 107.414890
3974: 53.970842 58.210488 136.092552
3975: 121.169190 124.427430 112.174417
3976: 110.578814 35.585535 69.462352
3977: 53.569164 49.464753 124.822682
3978: 92.766957 114.038979 100.258041
3979: 108.308775 106.169172 81.523004
3980: 119.600682 115.792275 83.043193
3981: 133.719269 130.489313 59.798880
3982: 132.705018 99.565707 98.435217
3983: 33.701176 100.468357 77.453097
3984: 90.027938 75.738325 105.638481
3985: 131.516260 87.683718 100.638054
3986: 101.753247 78.059481 66.494083
3987: 120.640704 34.100199 75.458561
3988: 94.594360 61.842647 97.008499
3989: 119.228741 64.220483 58.384150
3990: 121.749078 140.943058 66.114228
3991: 111.633868 65.258787 134.749826
3992: 49.946999 131.779771 99.570520
3993: 108.966261 131.050791 143.319623
3994: 62.600774 36.978876 59.406465
3995: 109.877954 116.891229 58.656569
3996: 93.391717 98.868883 121.878878
3997: 89.726400 139.895034 121.718950
3998: 79.867138 122.093059 66.411388
3999: 109.440256 38.057950 87.107713
4000: 64.270918 117.894734 138.568298
4001: 109.929737 93.112113 100.553255
4002: 33.360762 105.752603 58.224043
4003: 43.584641 80.219914 117.627636
4004: 56.162407 72.726977 76.336963
4005: 95.138471 106.433614 89.916460
4006: 59.340224 72.911925 115.590737
4007: 58.359386 80.086414 43.080617
4008: 63.515699 83.573122 132.722830
4009: 93.522812 83.587190 71.093658
4010: 126.995813 109.676300 121.898267
4011: 118.627311 133.805373 50.957900
4012: 64.366808 104.466694 65.715790
4013: 127.406721 120.739370 73.711941
4014: 145.716522 85.242896 74.945275
4015: 128.179574 56.894653 107.027671
4016: 109.279005 80.226807 65.073510
4017: 54.777933 126.920842 126.808420
4018: 81.222733 102.149910 18.003694
4019: 84.352906 157.828007 77.254710
4020: 103.897663 143.799963 107.063618
4021: 41.360664 94.198753 48.200971
4022: 110.642646 137.453734 76.125521
4023: 125.575624 72.395660 116.529664
4024: 95.903486 139.535071 54.484485
4025: 120.060035 93.840361 93.831375
4026: 81.889227 62.316315 30.339776
4027: 57.791665 70.856970 81.162312
4028: 102.771236 72.120312 89.194530
4029: 140.051894 125.466736 61.652717
4030: 44.701717 91.955539 46.009220
4031: 77.384271 69.809387 87.636418
4032: 83.520491 178.124216 92.709182
4033: 113.794689 128.409327 84.544447
4034: 49.238313 140.216287 67.583861
4035: 130.831152 83.068822 47.989954
4036: 79.719000 123.231776 71.683781
4037: 42.297334 105.332702 62.260406
4038: 111.905121 134.859378 84.448902
4039: 91.958149 112.318888 56.541508
4040: 70.526309 115.234853 52.672015
4041: 63.437234 76.927167 87.040088
4042: 53.895455 75.906821 75.098207
4043: 59.356949 128.892153 121.802550
4044: 87.352550 82.572486 86.010154
4045: 55.594561 69.505057 85.238285
4046: 76.402878 103.693839 82.124310
4047: 86.136951 88.774437 96.136252
4048: 110.248065 91.542833 110.103609
4049: 157.019005 65.337924 89.224305
4050: 119.881262 86.622622 154.898446
4051: 117.881944 66.180407 89.553051
4052: 9.207425 123.310043 84.492140
4053: 57.974512 112.799443 102.844276
4054: 25.230157 73.786755 76.489492
4055: 44.075879 81.991510 66.736064
4056: 75.669588 78.844565 41.230963
4057: 103.767634 104.410170 104.092389
4058: 77.342804 108.560329 51.439866
4059: 58.778356 134.333214 80.061439
4060: 129.954077 145.020937 94.056211
4061: 78.998265 131.726847 96.719739
4062: 52.843077 40.829419 80.671613
4063: 90.395547 61.136241 137.526186
4064: 104.920723 112.388658 99.545862
4065: 94.587205 72.687893 97.063479
4066: 117.087723 54.494753 98.907370
4067: 92.537842 106.380551 99.134837
4068: 105.226213 63.937645 86.698128
4069: 80.396350 121.723121 69.858713
4070: 113.550780 140.391092 77.223724
4071: 117.521056 56.248955 64.795208
4072: 41.510949 133.535595 85.833793
4073: 61.276577 122.327416 65.240000
4074: 78.693202 99.167333 67.824782
4075: 100.789437 128.813540 98.682376
4076: 108.942271 106.728301 80.999072
4077: 81.077275 119.205945 120.217998
4078: 78.883613 134.117894 110.579849
4079: 92.188535 67.859567 126.210385
4080: 81.056263 149.958307 95.710479
4081: 65.132975 81.374957 43.924000
4082: 105.218900 96.100787 105.996098
4083: 106.666927 155.824747 116.205949
4084: 36.607039 70.345623 61.884819
4085: 95.578820 77.919839 84.578707
4086: 120.099114 95.195366 110.288645
4087: 129.329177 75.194288 102.616671
4088: 117.533366 94.938800 92.629513
4089: 88.071202 98.146808 56.797541
4090: 99.130650 131.565148 33.739211
4091: 157.987722 101.942825 84.974877
4092: 112.796086 116.468107 83.137157
4093: 130.736993 81.329806 79.432516
4094: 112.307128 125.510209 131.193279
4095: 82.628175 94.349857 15.153364
4096: 81.216198 85.077897 122.111076
4097: 94.232330 100.760527 75.740508
4098: 96.704418 74.724716 81.127792
4099: 104.844911 149.820300 115.646028
4100: 111.931616 160.832742 73.266123
4101: 79.274768 112.264373 127.896396
4102: 114.200265 88.994670 82.999986
4103: 94.548688 88.591032 107.051461
4104: 61.144305 118.154619 73.691061
4105: 104.912786 94.383721 51.686556
4106: 83.597511 70.145432 50.148198
4107: 93.029142 111.626611 85.363243
4108: 82.075218 104.060302 148.687775
4109: 111.877956 127.682017 102.057799
4110: 29.527826 96.428752 100.145727
4111: 38.682951 102.821743 53.541868
4112: 93.295900 99.711822 108.354189
4113: 87.912042 105.473927 48.052224
4114: 151.887095 126.968053 61.425984
4115: 85.316272 94.043077 55.941990
4116: 79.284727 66.403348 119.111483
4117: 76.594934 126.246289 46.553078
4118: 99.214330 113.695577 65.814622
4119: 100.051358 78.929644 105.512577
4120: 148.012017 101.696053 68.641557
4121: 103.825351 103.455677 100.625510
4122: 120.248587 43.837665 115.560405
4123: 158.211299 99.662702 67.355008
4124: 123.970527 114.964783 85.902236
4125: 107.765541 65.358421 36.117044
4126: 116.296562 100.583997 94.103974
4127: 118.818132 117.805127 58.810490
4128: 110.355993 144.019791 81.750727
4129: 74.848475 128.303246 45.037019
4130: 53.369501 53.970331 105.436115
4131: 86.596138 59.031395 83.947323
4132: 127.319260 107.858124 72.519020
4133: 51.660993 110.194024 110.087635
4134: 65.945260 108.465319 120.259919
4135: 98.724516 142.274662 53.892863
4136: 44.838317 86.296419 79.209111
4137: 80.492734 99.326537 66.422138
4138: 86.057230 78.911037 58.258784
4139: 83.303952 94.649904 100.129082
4140: 64.390033 93.800282 68.387744
4141: 50.941923 92.462347 83.100117
4142: 74.076280 69.661797 88.745967
4143: 72.197411 106.629697 87.799050
4144: 106.408378 120.085626 50.807088
4145: 67.276121 133.032119 129.535769
4146: 32.360234 96.244778 96.920922
4147: 121.913941 86.311310 82.519972
4148: 117.016195 72.509718 63.599254
4149: 93.817823 100.811894 130.049310
4150: 71.709866 145.717396 96.067139
4151: 89.222504 54.194084 75.726402
4152: 121.038489 151.146352 52.475632
4153: 102.305858 132.434375 39.491421
4154: 38.901180 86.273876 87.814911
4155: 70.272887 64.499868 57.931652
4156: 87.943799 84.669348 79.506355
4157: 94.282685 80.074846 108.326267
4158: 102.876017 92.697130 47.569837
4159: 98.766801 93.191016 77.001731
4160: 82.460773 100.137298 8.004627
4161: 116.282221 108.644198 132.686327
4162: 120.686241 79.303042 85.138368
4163: 70.709955 34.422474 93.863523
4164: 88.178442 65.837154 105.039792
4165: 63.716874 72.634305 126.887475
4166: 64.727459 94.877193 133.763096
4167: 48.246974 126.990765 68.200926
4168: 87.287742 79.487980 89.169480
4169: 97.895366 62.025907 111.247053
4170: 50.164464 99.762405 118.601936
4171: 81.332093 37.128315 84.315891
4172: 70.211799 114.272509 77.413227
4173: 139.487189 104.767059 103.743781
4174: 160.973626 89.588935 67.869133
4175: 123.995173 101.242364 119.071674
4176: 63.674676 137.171334 66.414061
4177: 139.387191 141.697552 71.477081
4178: 123.240870 108.101096 87.520858
4179: 130.224361 95.172086 98.147741
4180: 91.288982 120.465217 178.649693
4181: 36.131411 89.780831 69.307435
4182: 76.178053 121.797141 90.939905
4183: 71.346458 77.732808 148.501492
4184: 126.433148 75.171127 118.475032
4185: 101.317168 101.432632 32.149302
4186: 89.045061 124.331831 82.734579
4187: 68.186891 136.237939 64.460431
4188: 112.625281 121.419444 102.968859
4189: 61.916506 87.757778 54.886970
4190: 117.006413 109.392954 86.763610
4191: 156.587543 68.067954 92.367744
4192: 124.444006 112.964004 60.598566
4193: 54.683265 53.084884 61.517140
4194: 61.945365 134.316743 82.215658
4195: 116.518292 145.212705 131.038490
4196: 94.081127 55.130995 69.090409
4197: 136.899582 135.785881 101.762975
4198: 147.777873 105.583628 95.775228
4199: 99.443628 70.612038 48.311282
4200: 61.742622 118.270382 75.861754
4201: 105.740289 73.063550 57.950359
4202: 111.376535 125.122432 78.975046
4203: 98.659402 71.977504 20.287865
4204: 55.367000 126.194909 37.891790
4205: 38.665148 86.126644 94.741948
4206: 132.312394 104.158677 102.305227
4207: 101.276456 101.072848 126.971232
4208: 129.670089 97.548415 41.377998
4209: 108.799134 34.074590 108.834877
4210: 56.419072 147.530052 117.701444
4211: 70.728985 136.498895 80.018805
4212: 58.967647 67.565234 110.882614
4213: 89.641621 129.728690 84.428848
4214: 82.860930 82.962666 33.740156
4215: 99.214983 117.478357 135.683763
4216: 91.558152 62.408478 116.106910
4217: 79.042843 95.036996 121.977836
4218: 106.605677 88.088653 111.997437
4219: 98.497918 105.159278 82.445355
4220: 129.931622 49.600557 65.059927
4221: 25.523347 111.756402 104.098353
4222: 90.676773 79.522634 102.872169
4223: 61.702675 47.148704 87.020070
4224: 126.900166 113.007849 114.672459
4225: 133.473888 145.666441 132.371985
4226: 81.241478 82.316692 98.855378
4227: 46.514022 83.029927 74.638853
4228: 12.329701 88.396443 94.211747
4229: 100.797226 79.293944 146.229307
4230: 91.567101 110.710447 152.891864
4231: 106.489280 85.323368 150.261063
4232: 102.499028 133.457468 119.442904
4233: 122.048136 41.809987 116.652769
4234: 86.139398 129.955141 121.077146
4235: 119.960045 120.877529 62.752118
4236: 105.072781 69.462826 43.316873
4237: 98.614467 96.938669 31.904828
4238: 40.379535 100.901264 61.906438
4239: 123.627661 106.402679 153.865986
4240: 79.322089 106.376455 177.326302
4241: 34.229379 93.468951 88.235573
4242: 101.946460 114.263780 139.587170
4243: 129.191059 109.278045 68.308837
4244: 93.471486 183.724774 92.760106
4245: 86.342656 53.323478 38.659771
4246: 103.947327 41.246634 121.468888
4247: 80.650822 91.642049 100.072349
4248: 16.810034 91.388350 88.367386
4249: 74.542059 78.940862 137.327640
4250: 110.595975 65.738282 88.748256
4251: 111.686529 131.195990 101.116012
4252: 78.549461 87.289157 117.853011
4253: 32.652241 60.305534 67.734968
4254: 48.927392 128.775694 143.153742
4255: 145.917548 86.726240 90.708192
4256: 123.752845 101.984505 93.532931
4257: 79.743663 80.618829 156.476016
4258: 26.255429 81.516810 79.394037
4259: 128.128752 132.271296 82.281184
4260: 59.022540 87.703940 75.854509
4261: 68.741745 82.186158 86.174524
4262: 127.406318 90.499907 108.529457
4263: 51.956353 154.509029 74.375950
4264: 120.892761 91.001514 101.346322
4265: 73.559878 116.163226 125.078906
4266: 49.943954 86.962559 120.154695
4267: 120.029974 151.295729 52.707236
4268: 117.576563 63.167970 107.231262
4269: 88.360540 59.603973 76.327104
4270: 107.507987 101.838476 127.009996
4271: 122.887836 147.467560 69.503829
4272: 99.797004 48.374273 105.402040
4273: 92.898228 117.497357 119.983549
4274: 66.216121 102.383525 150.640206
4275: 86.421018 163.010320 85.030410
4276: 71.917635 90.742073 31.552137
4277: 57.310109 104.822767 55.907867
4278: 92.018075 119.062404 99.636645
4279: 105.136374 93.046170 105.187308
4280: 76.839039 69.819424 110.848287
4281: 59.240271 61.631201 130.478544
4282: 70.943764 79.256350 39.790577
4283: 46.928353 71.341473 77.364828
4284: 75.431524 94.985423 135.777904
4285: 83.318255 76.504478 42.001226
4286: 75.928357 109.511917 99.009052
4287: 92.938368 90.128451 101.539453
4288: 76.521066 100.092924 117.282349
4289: 129.761072 108.311803 98.383219
4290: 119.638191 100.927039 118.258551
4291: 105.355952 73.233540 71.373865
4292: 105.749048 120.810588 54.111107
4293: 126.283051 93.608057 97.260822
4294: 88.142369 32.169776 96.570007
4295: 147.195483 91.252952 63.411936
4296: 105.084911 50.262204 46.417082
4297: 120.135593 115.274080 61.084906
4298: 41.040449 105.427519 117.631678
4299: 56.023148 93.363079 53.047175
4300: 119.366022 61.894637 142.321747
4301: 138.851502 69.887048 71.522819
4302: 91.432211 102.335938 95.619715
4303: 83.948032 109.618545 90.726407
4304: 70.467600 45.776118 109.337995
4305: 57.563459 112.809171 53.072699
4306: 93.114438 54.215878 105.676011
4307: 58.255970 96.829346 72.482688
4308: 76.939348 105.602012 109.927699
4309: 99.510552 90.000516 72.331768
4310: 113.268140 86.559525 111.450256
4311: 127.384473 96.621128 82.699462
4312: 104.456449 64.111498 78.795792
4313: 52.919735 44.742930 101.031515
4314: 160.978086 85.960720 47.866601
4315: 117.766318 125.676313 140.945048
4316: 66.712154 86.828945 110.050697
4317: 61.993761 162.501976 113.032529
4318: 86.832104 49.685318 66.933181
4319: 97.035285 108.656356 160.700525
4320: 52.085098 105.022327 46.852679
4321: 86.309563 46.696575 121.723808
4322: 91.380344 100.445513 65.739458
4323: 66.054570 127.491842 67.812990
4324: 137.039616 90.920612 95.785419
4325: 113.871737 132.021414 95.589689
4326: 98.722438 59.634545 114.410892
4327: 104.990370 98.896872 86.967634
4328: 103.647297 55.705535 119.762591
4329: 75.449982 101.893175 27.250992
4330: 73.534833 162.089915 89.896363
4331: 55.138616 115.049342 98.418902
4332: 95.042860 137.361917 139.444461
4333: 43.693221 128.184918 100.167982
4334: 97.991795 104.337973 98.812040
4335: 133.661953 113.745900 116.423067
4336: 63.391965 93.817222 110.364294
4337: 124.847868 84.469934 77.612955
4338: 76.827096 126.549663 40.908831
4339: 104.165173 89.426347 82.645034
4340: 94.506148 79.659105 67.573224
4341: 82.468452 86.909214 92.028195
4342: 81.354826 66.852109 54.075895
4343: 61.554069 129.700538 120.873080
4344: 118.738110 76.209572 29.630844
4345: 102.187073 73.619164 74.216746
4346: 78.444539 151.373678 135.502901
4347: 162.995787 86.006163 61.488912
4348: 82.609512 120.277875 66.665302
4349: 122.193768 92.569916 70.829127
4350: 47.954885 97.127831 80.388166
4351: 114.620446 76.399837 51.789201
4352: 94.424293 113.711723 42.455761
4353: 88.418188 133.286370 128.487732
4354: 124.282869 71.860386 116.311297
4355: 85.154448 144.488071 86.928394
4356: 112.169393 126.139241 99.950064
4357: 41.592348 118.812875 124.214496
4358: 52.086714 120.236676 37.358250
4359: 130.707399 93.691209 65.568864
4360: 111.698848 104.624486 112.298059
4361: 49.348617 75.472881 82.330255
4362: 126.797682 129.160326 72.752174
4363: 71.071418 51.334618 65.845184
4364: 81.798846 100.862450 147.687561
4365: 117.481725 119.842097 94.686835
4366: 141.629103 95.559476 47.324155
4367: 115.825954 103.321424 104.455300
4368: 114.973893 84.601148 118.218808
4369: 52.358472 88.521467 87.012736
4370: 69.292025 102.868505 97.189497
4371: 79.531422 117.740509 81.687303
4372: 112.177195 81.761585 58.030231
4373: 87.634905 130.850247 61.588757
4374: 89.086718 106.723717 106.216842
4375: 79.699742 126.288875 103.733436
4376: 113.598496 74.599891 136.743351
4377: 168.172746 107.319823 92.298525
4378: 97.890804 93.352574 93.905996
4379: 110.357549 70.750658 33.451985
4380: 144.497209 125.368372 80.425637
4381: 127.824546 49.353450 39.196696
4382: 81.541147 49.488222 31.217898
4383: 85.014141 123.678765 121.824924
4384: 109.636009 118.648697 91.717198
4385: 157.518082 128.303200 108.444757
4386: 109.642912 96.700893 123.070563
4387: 128.920595 106.245645 134.134539
4388: 104.304488 134.954272 67.537565
4389: 124.135307 125.970379 55.709338
4390: 128.723072 102.968993 88.822104
4391: 36.433653 59.973676 66.639254
4392: 42.987844 69.251627 116.595510
4393: 91.420624 106.715886 78.491795
4394: 123.439672 85.095359 106.331711
4395: 79.483928 32.296872 109.252812
4396: 54.270822 145.294683 80.738647
4397: 88.674047 79.621108 105.407181
4398: 70.813726 111.368236 94.635766
4399: 93.758445 111.163804 22.720707
4400: 101.615288 115.317525 106.820833
4401: 137.884461 46.807835 116.091900
4402: 35.559414 79.336997 96.352968
4403: 169.561701 79.786182 102.712190
4404: 114.523450 73.723861 85.041828
4405: 61.089255 60.278570 83.958509
4406: 70.725392 107.911983 82.665864
4407: 84.838583 82.660794 159.560171
4408: 107.703061 84.625703 111.605175
4409: 74.807193 55.327696 106.059897
4410: 106.369933 106.416856 139.677614
4411: 102.013181 108.397451 70.629344
4412: 67.318941 88.327009 46.190066
4413: 111.383080 142.757237 51.481136
4414: 34.802162 105.314993 95.165932
4415: 108.150522 120.847366 53.609735
4416: 93.244280 112.709490 76.892617
4417: 97.060159 88.552031 100.159919
4418: 81.787445 53.778883 81.999359
4419: 82.990144 128.674838 107.800369
4420: 52.825735 129.175788 80.247976
4421: 65.820688 107.180448 80.166915
4422: 86.345820 107.296616 70.215188
4423: 62.223073 73.902159 108.094844
4424: 95.019215 109.772051 60.172851
4425: 116.362362 113.273070 91.284759
4426: 80.469847 85.265227 130.400557
4427: 126.140731 63.234103 36.085955
4428: 122.336867 119.646586 46.221012
4429: 87.467210 117.078138 91.104687
4430: 69.841014 108.791981 88.886378
4431: 95.661807 112.638690 80.354264
4432: 74.711443 98.806988 57.033642
4433: 92.711397 63.319068 125.545912
4434: 85.844334 69.929864 91.436709
4435: 47.960806 133.368888 132.677806
4436: 67.137784 58.902309 109.574259
4437: 117.784953 92.287858 85.260143
4438: 87.984017 69.976761 126.458017
4439: 87.062839 143.014528 115.272801
4440: 61.816150 128.295059 78.422780
4441: 128.723657 93.573385 129.417246
4442: 79.445761 82.378207 100.759621
4443: 63.396613 133.458948 138.460739
4444: 88.884729 57.226417 116.712480
4445: 81.203955 111.100697 89.590298
4446: 77.953473 83.828126 42.154300
4447: 118.362451 66.887766 132.463378
4448: 116.499426 102.169625 124.886560
4449: 110.487780 111.309054 72.161708
4450: 99.316807 149.759831 59.906879
4451: 111.462129 138.330741 69.301832
4452: 67.077314 101.082454 72.936746
4453: 90.021482 125.457999 99.563288
4454: 89.896371 84.130913 143.664213
4455: 115.735035 47.089720 112.704883
4456: 40.712540 122.134069 120.210823
4457: 57.075166 88.999132 77.420037
4458: 40.181588 84.869603 87.563587
4459: 53.277670 55.344425 50.626428
4460: 79.978621 63.060404 125.465858
4461: 108.358195 41.193596 95.786376
4462: 107.753580 145.329116 66.864275
4463: 68.762488 72.828724 106.598245
4464: 76.827219 142.270935 61.013124
4465: 134.568512 89.978547 87.562943
4466: 33.674405 100.141928 65.888157
4467: 124.014480 83.933296 30.988366
4468: 121.928360 114.534327 53.920925
4469: 122.436688 64.640221 99.957941
4470: 63.749219 147.694243 60.881380
4471: 130.493093 93.530342 66.556998
4472: 77.488623 88.463339 122.252054
4473: 76.077838 126.678769 86.862684
4474: 105.532124 113.024873 150.152190
4475: 51.158471 60.652669 82.757978
4476: 43.502024 107.452439 115.037598
4477: 60.272907 108.504100 71.263479
4478: 67.549553 102.102438 80.514916
4479: 117.731999 148.667801 66.784498
4480: 46.056364 88.468432 59.330546
4481: 42.385628 107.028320 119.650823
4482: 115.611412 171.299775 111.764569
4483: 112.975538 119.179912 154.039628
4484: 75.085638 86.690292 107.424283
4485: 122.246793 131.298284 100.968616
4486: 125.237944 85.268374 124.274468
4487: 115.568677 70.238785 23.048956
4488: 51.878410 81.409881 86.904533
4489: 103.263157 92.587176 81.843622
4490: 70.191575 81.734449 44.894085
4491: 91.203734 97.925099 50.294951
4492: 91.584570 79.268349 97.489300
4493: 123.613828 60.345926 132.634799
4494: 101.575527 105.277442 102.299763
4495: 73.446934 81.447925 77.862332
4496: 111.060622 96.952970 87.239667
4497: 100.779545 112.001684 102.373342
4498: 64.891332 61.838882 104.261838
4499: 70.093737 91.429232 54.430007
4500: 85.483341 77.550740 43.654665
4501: 88.615775 90.647070 90.757357
4502: 69.795727 87.091125 37.590868
4503: 56.290302 94.919412 54.263501
4504: 99.175547 141.449675 138.048858
4505: 143.014457 123.611411 101.645679
4506: 93.672217 76.189037 63.976826
4507: 80.609979 19.084242 93.609150
4508: 80.221673 41.102254 120.398036
4509: 62.552022 82.160705 90.391609
4510: 93.123648 125.363824 35.832667
4511: 78.355686 93.105005 73.430924
4512: 61.766563 87.061388 110.831821
4513: 50.984299 104.405362 47.848628
4514: 77.006229 84.165672 85.936201
4515: 94.414558 92.566580 87.840201
4516: 54.619017 104.971948 66.733145
4517: 103.560415 108.042567 106.128708
4518: 118.946525 81.416870 107.906921
4519: 109.045979 106.314046 89.191878
4520: 57.910558 73.916860 94.877121
4521: 130.134616 127.041611 63.601543
4522: 126.718575 154.020948 138.709819
4523: 125.773816 51.970062 59.614725
4524: 137.000605 49.626802 79.344999
4525: 85.145871 115.881594 49.652062
4526: 68.514517 134.480478 69.933051
4527: 156.398230 129.869999 98.510563
4528: 76.793907 98.936947 52.947992
4529: 80.940110 143.204959 79.549293
4530: 99.064187 175.550247 65.617042
4531: 127.968202 74.440281 51.278864
4532: 141.529458 126.408084 112.048374
4533: 87.851739 143.740122 91.560440
4534: 128.634240 109.592601 99.354933
4535: 115.883499 72.387858 64.926132
4536: 116.648838 118.034217 62.068955
4537: 76.080466 94.484425 128.693647
4538: 108.887543 94.313527 112.113846
4539: 64.071911 64.878764 87.477582
4540: 100.128818 94.035438 74.348184
4541: 88.759532 99.921279 57.197950
4542: 72.629867 136.576353 98.587010
4543: 155.405777 100.254180 90.029122
4544: 82.898375 93.645009 82.283698
4545: 123.506121 70.656278 121.467086
4546: 92.780341 85.526680 57.207701
4547: 102.503265 89.520660 137.651772
4548: 112.756606 114.605800 77.717934
4549: 120.890117 96.636475 96.304126
4550: 134.869032 132.720349 96.978133
4551: 85.057235 74.444150 89.396403
4552: 78.874309 41.217775 93.311931
4553: 74.587501 75.737114 131.843713
4554: 114.465108 120.735723 52.255016
4555: 18.485832 83.233305 101.827821
4556: 87.100040 87.195466 32.842934
4557: 88.033450 33.803675 119.562337
4558: 105.135985 104.210120 67.473449
4559: 116.364459 90.110726 51.936326
4560: 86.970256 77.337438 84.065330
4561: 98.758224 66.694685 17.590379
4562: 145.848069 58.004670 74.910051
4563: 79.060492 139.917705 98.253490
4564: 61.735127 103.277305 85.821840
4565: 67.847399 94.279849 70.480635
4566: 21.358335 114.459605 70.894000
4567: 184.647690 107.973049 90.750654
4568: 62.423278 123.658132 111.482971
4569: 136.095289 122.354103 122.798481
4570: 80.240945 120.721470 109.271333
4571: 69.332715 125.932049 95.591752
4572: 79.960112 96.172948 139.170289
4573: 55.265899 102.881082 117.433594
4574: 76.904355 75.413162 132.466239
4575: 90.994100 84.630130 16.038992
4576: 60.439924 127.150367 129.717833
4577: 27.215935 138.177677 125.617868
4578: 103.266100 43.552984 120.808842
4579: 81.595690 124.839524 79.141710
4580: 66.451935 63.571188 36.765571
4581: 66.994393 116.295389 50.455341
4582: 98.662336 140.760925 113.679057
4583: 145.740639 111.133150 90.360429
4584: 143.775408 95.457169 119.044950
4585: 56.376316 108.554607 46.957008
4586: 129.932106 112.409419 100.174489
4587: 132.767010 86.187338 105.085073
4588: 87.225376 95.462246 154.016768
4589: 90.494039 142.023695 128.592880
4590: 115.702095 86.001345 116.342864
4591: 86.687565 109.498132 116.596101
4592: 88.002387 90.345818 89.821894
4593: 52.712057 81.319643 105.109219
4594: 74.839602 123.032773 74.825490
4595: 104.575481 34.039177 102.138637
4596: 103.638449 135.334577 62.154009
4597: 130.307863 129.396916 99.852900
4598: 133.050496 66.494849 133.480608
4599: 60.526002 120.232383 124.186201
4600: 96.043253 93.264491 55.804003
4601: 54.530142 77.544146 60.170368
4602: 130.953484 97.512933 134.929781
4603: 76.649010 139.348481 79.682920
4604: 128.853771 94.986510 53.262637
4605: 119.343079 102.334396 124.448023
4606: 104.646868 126.053612 45.961260
4607: 102.049210 122.723777 82.918571
4608: 60.997072 139.321468 68.087541
4609: 94.616227 93.456393 124.051279
4610: 114.592120 91.513005 95.216618
4611: 72.783474 118.482588 83.905483
4612: 48.703418 89.697371 107.392958
4613: 59.270174 137.749936 58.203347
4614: 66.976808 61.058550 103.851386
4615: 70.335207 105.531262 69.251724
4616: 70.251087 123.844171 78.886566
4617: 152.474745 83.662016 100.156610
4618: 45.451663 77.193652 80.393451
4619: 73.880039 105.810136 108.889188
4620: 75.053850 52.823284 14.708759
4621: 80.854977 119.105067 88.853338
4622: 115.613838 60.303296 92.970329
4623: 121.724924 127.991438 91.326476
4624: 111.872922 72.098169 65.593219
4625: 76.655169 72.751904 102.426323
4626: 29.944864 105.936757 84.839395
4627: 123.585562 93.185403 50.079392
4628: 63.825885 76.530328 43.889242
4629: 149.959709 109.486323 105.692176
4630: 51.423546 74.936065 84.849584
4631: 97.507179 75.351696 78.069370
4632: 170.179752 104.680810 77.645308
4633: 152.190135 88.750660 78.074617
4634: 123.221122 91.479101 47.322135
4635: 121.632822 111.803688 28.525014
4636: 105.387322 111.110999 105.501812
4637: 117.386719 124.036713 84.279296
4638: 113.141803 77.134579 45.604481
4639: 85.338345 89.766029 120.780705
4640: 95.505549 133.443102 116.396226
4641: 115.525799 78.886443 111.525950
4642: 92.768994 150.910871 83.266353
4643: 106.663244 101.931904 126.040857
4644: 55.661713 107.426008 105.171089
4645: 107.403350 115.862407 62.899991
4646: 93.905535 136.975294 84.342914
4647: 112.069510 135.519362 60.699539
4648: 3.198776 94.751572 103.591078
4649: 56.159393 144.171901 70.397815
4650: 117.386143 109.268681 51.827970
4651: 56.913664 133.099289 74.043933
4652: 88.327687 105.087557 90.081401
4653: 83.900508 83.885931 77.067646
4654: 106.723822 167.909275 116.108685
4655: 87.946658 94.985685 82.700342
4656: 51.641492 81.751959 82.335515
4657: 104.632718 158.381778 84.155335
4658: 81.961053 93.310217 93.289554
4659: 68.703589 160.296376 103.519439
4660: 102.872060 78.821402 84.569302
4661: 74.128772 128.125334 58.393874
4662: 86.608342 107.199459 79.158427
4663: 124.339835 73.454190 98.481811
4664: 93.796625 132.650939 103.918021
4665: 86.201568 44.307333 97.127930
4666: 123.532730 72.035183 147.388825
4667: 102.779837 94.698354 133.632914
4668: 47.068202 114.776900 118.247642
4669: 114.766476 80.447769 72.292039
4670: 101.272343 96.909549 78.272029
4671: 96.114788 128.600327 110.118922
4672: 109.960655 69.006619 0.000000
4673: 112.338674 106.095513 91.512913
4674: 36.619839 101.873872 99.554957
4675: 66.082222 90.681181 57.168838
4676: 112.267116 124.597576 91.067082
4677: 62.815951 59.130366 76.054545
4678: 75.621188 88.448788 82.300636
4679: 77.513278 70.317763 114.458991
4680: 74.909032 103.200120 95.137340
4681: 77.587622 51.816294 54.724414
4682: 91.543361 114.443810 100.838077
4683: 141.941417 118.905143 106.771314
4684: 89.697801 48.823894 129.506494
4685: 148.184537 74.349723 78.729324
4686: 104.048191 68.058858 66.240589
4687: 59.716657 61.341249 92.680388
4688: 50.750349 92.951763 116.510564
4689: 50.892722 117.575111 101.455345
4690: 125.622161 133.554673 46.863103
4691: 76.656667 87.595959 61.449045
4692: 123.629995 88.079319 94.920060
4693: 82.607655 93.629907 72.038339
4694: 42.201273 121.039392 62.426710
4695: 108.610767 78.491491 65.695564
4696: 107.783866 117.466765 51.905848
4697: 102.836682 93.660210 45.421433
4698: 96.483495 107.430940 145.680347
4699: 120.793601 86.337041 93.943346
4700: 103.724164 49.377515 75.854136
4701: 67.236073 114.922096 116.223566
4702: 102.569646 81.331096 127.928673
4703: 90.582501 119.932475 78.183328
4704: 102.885930 96.000519 58.185473
4705: 128.884997 117.990847 67.898937
4706: 106.305523 69.037974 106.893208
4707: 120.585269 95.147987 121.044019
4708: 67.646685 91.063378 86.438492
4709: 126.616714 96.966879 42.396469
4710: 116.757868 77.907448 72.839279
4711: 118.283932 89.011408 109.692889
4712: 97.077886 132.827818 141.079770
4713: 61.657437 124.625879 107.144653
4714: 54.896868 78.996691 96.164505
4715: 51.296667 126.676206 78.669212
4716: 110.160343 83.496815 87.358482
4717: 106.251971 83.516203 78.188454
4718: 85.056048 101.326261 45.427414
4719: 110.566480 98.654039 124.394208
4720: 84.602176 77.821561 98.833611
4721: 136.325894 67.669489 93.393748
4722: 70.675404 133.875637 38.029927
4723: 79.656125 100.264376 122.913451
4724: 85.620545 97.246715 118.357550
4725: 66.282421 154.372317 123.379714
4726: 114.658714 87.662176 143.996974
4727: 57.125518 123.169528 79.848320
4728: 103.011985 130.333895 94.254730
4729: 85.030316 110.138793 129.128588
4730: 33.545392 113.005872 74.997030
4731: 138.910296 141.528904 129.559461
4732: 123.594384 91.157906 107.556642
4733: 70.746436 110.492378 104.339351
4734: 96.156538 110.671490 89.196031
4735: 106.916318 102.147318 69.943171
4736: 40.339460 119.394044 72.609433
4737: 118.220232 58.001987 99.150775
4738: 122.906501 71.019652 91.353557
4739: 95.560592 103.316268 155.624985
4740: 78.927503 22.442288 119.758367
4741: 80.819300 76.808114 81.816282
4742: 123.353427 39.418560 46.917098
4743: 103.113640 68.134856 102.290786
4744: 129.793925 52.528112 77.015436
4745: 142.785483 80.147988 49.876388
4746: 107.976579 127.027890 84.728515
4747: 26.870869 109.242429 90.623944
4748: 33.361058 131.823172 81.185283
4749: 95.051010 109.149906 100.916294
4750: 140.904342 58.261961 125.967801
4751: 87.987352 128.878705 67.013719
4752: 128.950754 152.221116 111.186466
4753: 91.666092 62.662323 109.854826
4754: 84.028913 127.431224 42.666770
4755: 56.832126 111.601246 64.302876
4756: 134.527412 117.444415 96.563853
4757: 95.855582 52.500175 51.811188
4758: 58.728883 53.092470 92.068941
4759: 118.628089 69.127206 68.311641
4760: 130.747938 72.232112 96.003597
4761: 125.300694 108.247550 85.409389
4762: 72.909117 78.578047 139.574678
4763: 115.749559 113.852895 107.494873
4764: 101.189614 134.312266 60.212545
4765: 157.299785 99.361409 98.046619
4766: 48.637926 101.211744 123.066418
4767: 51.404088 54.928336 94.955136
4768: 163.261452 81.158244 97.812368
4769: 70.478091 115.806616 69.738352
4770: 74.464943 90.945895 68.266842
4771: 98.925107 90.708604 143.357449
4772: 102.205676 112.741363 86.790518
4773: 65.890379 101.251218 63.021092
4774: 112.575269 93.683807 26.287236
4775: 64.343788 89.611649 26.019450
4776: 166.016699 95.242917 84.149936
4777: 133.911072 111.093515 69.448559
4778: 99.732030 88.142895 16.417463
4779: 99.253927 105.545636 80.207014
4780: 50.070790 124.863068 111.262330
4781: 47.566732 68.013793 68.998659
4782: 120.953593 85.894138 58.296884
4783: 104.425983 63.014339 101.890234
4784: 105.274862 111.013943 74.771226
4785: 30.082515 81.003648 82.022126
4786: 76.708156 160.968198 67.019341
4787: 114.995711 109.634718 95.935527
4788: 64.948017 120.899187 90.969195
4789: 52.479121 139.301393 46.115226
4790: 127.559666 107.866000 94.440802
4791: 60.692647 105.685374 110.421206
4792: 106.767700 132.026240 108.571226
4793: 50.437722 117.556151 111.925690
4794: 66.561847 61.233523 71.632708
4795: 104.254806 69.528374 59.443603
4796: 110.750283 119.482349 64.362636
4797: 103.136693 90.938760 135.692797
4798: 128.286544 131.303673 95.658217
4799: 63.546663 109.192275 50.148895
4800: 143.280003 109.638216 47.035741
4801: 87.978825 158.532207 70.660633
4802: 124.738288 141.039611 75.527773
4803: 132.052169 137.051549 96.555932
4804: 85.850588 122.086097 48.141708
4805: 110.560131 119.036108 58.150117
4806: 70.923315 61.612045 85.338691
4807: 82.841199 81.624771 88.403890
4808: 46.798027 91.534644 66.248891
4809: 90.492099 75.697757 57.063650
4810: 54.832928 122.244772 91.771602
4811: 161.596000 85.747679 91.862813
4812: 135.196002 78.814388 77.576972
4813: 91.503244 152.364509 76.506707
4814: 99.021267 85.320060 106.232963
4815: 80.457685 91.079268 66.663042
4816: 76.086905 116.136724 87.548308
4817: 59.296439 93.809042 89.115513
4818: 73.130795 96.545910 161.556118
4819: 69.402678 138.644643 134.323491
4820: 141.958413 125.289239 90.907619
4821: 133.421641 51.229537 64.393492
4822: 101.757655 143.514500 47.492832
4823: 80.401174 54.497668 109.811550
4824: 96.121990 82.825736 114.447794
4825: 119.205841 111.591427 90.706124
4826: 90.206906 75.859970 35.250792
4827: 62.442206 154.863102 81.571813
4828: 135.364212 55.929328 61.168479
4829: 122.890077 118.763224 77.627945
4830: 134.604955 53.275827 68.477416
4831: 144.371186 100.847001 123.470405
4832: 89.726025 124.793620 54.811011
4833: 71.367838 114.592979 126.551527
4834: 93.625461 112.893531 147.274603
4835: 57.067623 120.565321 49.318621
4836: 112.365986 146.649557 52.389457
4837: 83.035591 87.056462 138.494629
4838: 119.624925 84.820303 92.503902
4839: 93.314370 59.428764 85.640605
4840: 64.090583 125.156431 30.355989
4841: 135.852498 108.688483 98.410233
4842: 135.254642 88.528201 124.051859
4843: 41.824340 102.649729 143.262028
4844: 65.385826 54.970001 93.690891
4845: 87.178064 67.833467 146.729093
4846: 82.505274 97.135484 80.175376
4847: 39.893177 122.567107 76.101118
4848: 87.637742 116.307068 52.378514
4849: 131.210904 114.125727 94.935036
4850: 90.719548 102.111209 160.454269
4851: 60.319552 51.529363 125.143958
4852: 107.218427 101.730121 76.327530
4853: 70.292980 72.541700 49.646324
4854: 127.186067 84.782630 107.208163
4855: 92.855717 51.336675 79.843522
4856: 69.259470 148.404227 64.356814
4857: 79.820395 107.250087 100.968219
4858: 126.321513 53.819339 113.005861
4859: 78.198280 91.590061 75.197076
4860: 97.503534 52.785888 100.124157
4861: 73.933265 115.567328 77.460373
4862: 115.220705 106.738925 86.326816
4863: 121.761197 57.105129 60.294586
4864: 57.597432 49.406823 115.378637
4865: 61.445650 106.866133 110.577923
4866: 73.607345 66.480845 74.448096
4867: 73.907598 132.610806 57.826656
4868: 139.116986 98.250984 106.112186
4869: 49.796753 77.373662 138.419811
4870: 59.724970 74.917023 68.230819
4871: 45.930344 105.452020 74.779572
4872: 47.341863 60.350937 80.800755
4873: 112.707218 74.699363 60.464591
4874: 111.152170 136.326576 92.647161
4875: 66.367342 77.613968 71.707596
4876: 104.000941 94.000524 75.141573
4877: 79.957498 112.226732 171.921481
4878: 101.821265 119.495771 90.226810
4879: 115.125064 44.193048 102.959947
4880: 114.357202 84.990780 71.873650
4881: 57.476272 114.179457 48.198415
4882: 106.484673 151.655980 98.037428
4883: 71.588173 50.610045 39.983899
4884: 79.744778 81.723008 154.037425
4885: 142.574676 53.455306 115.739099
4886: 101.086438 148.537735 124.130875
4887: 38.150963 114.161427 86.299379
4888: 129.080052 95.620717 99.715993
4889: 69.311622 51.406810 80.239295
4890: 65.435929 67.519067 99.684847
4891: 170.520156 96.520160 85.205854
4892: 67.497370 151.056018 106.919866
4893: 74.550584 83.969516 109.374165
4894: 115.048964 144.562347 80.159264
4895: 124.657258 77.029003 126.082469
4896: 69.504826 91.042608 81.904082
4897: 104.087504 36.862517 70.510363
4898: 62.668753 129.012726 127.589792
4899: 58.247761 70.138998 87.067638
4900: 114.666371 151.833683 54.085235
4901: 136.987782 47.562328 50.903662
4902: 104.285191 93.156112 129.701039
4903: 121.814064 85.421523 64.397870
4904: 86.100345 143.335324 56.794143
4905: 151.310764 58.393483 75.914924
4906: 66.840883 136.756107 95.862031
4907: 52.110792 113.411428 101.674698
4908: 70.803719 127.646535 57.543022
4909: 86.473663 189.428796 80.558697
4910: 87.293801 81.646632 30.014981
4911: 131.091138 94.944078 82.853127
4912: 92.612165 151.697680 110.899022
4913: 119.747044 76.076647 60.920394
4914: 63.060197 112.795254 151.293245
4915: 85.536866 98.957560 64.261336
4916: 96.506438 109.278815 75.056216
4917: 68.735907 78.671327 39.909687
4918: 123.590046 106.115988 122.562236
4919: 75.011478 107.301273 61.664633
4920: 85.839660 60.985644 89.879804
4921: 40.631355 120.485537 52.049263
4922: 109.471928 166.550734 57.526120
4923: 104.593446 106.475370 54.993602
4924: 97.399951 121.069092 93.100081
4925: 111.509914 76.440730 68.701816
4926: 71.851869 116.910617 29.047970
4927: 94.218737 45.374043 54.105505
4928: 50.397337 142.961207 51.518445
4929: 49.365328 90.691611 99.598540
4930: 83.101923 114.728183 115.578502
4931: 101.838360 75.226933 30.780549
4932: 71.579223 91.336998 73.388824
4933: 126.257456 72.345353 71.280939
4934: 117.483920 86.467734 53.518156
4935: 106.265607 82.260400 62.508968
4936: 100.599240 94.281625 19.513766
4937: 44.829923 88.669832 60.124245
4938: 83.083736 69.753760 82.145988
4939: 126.575330 113.220493 69.902527
4940: 67.006158 93.029254 131.470606
4941: 107.490686 75.506644 153.897276
4942: 69.134452 102.843221 43.704262
4943: 48.715313 83.680081 129.672047
4944: 139.763719 68.628597 65.362431
4945: 131.704391 126.458299 82.759041
4946: 145.081273 120.129435 79.918396
4947: 115.209227 85.883622 84.636597
4948: 81.137046 123.827614 75.150916
4949: 101.588732 69.602352 32.467206
4950: 107.571512 53.355191 69.658296
4951: 57.870069 95.824920 79.738352
4952: 68.822289 142.444600 117.840608
4953: 102.858656 99.696421 65.628257
4954: 112.892386 102.557425 79.621265
4955: 128.984234 83.498857 79.589181
4956: 116.031535 51.792443 76.753663
4957: 42.617193 69.537453 106.489550
4958: 132.486656 87.428213 97.132986
4959: 108.220484 52.866364 73.622083
4960: 64.824995 89.902033 47.533709
4961: 146.761558 65.463017 77.630340
4962: 140.606718 68.892779 130.665782
4963: 125.868620 116.880317 130.032331
4964: 115.644922 76.625324 75.597824
4965: 98.972329 134.354926 82.041855
4966: 102.044911 75.158645 50.211182
4967: 102.046271 137.218673 91.651214
4968: 94.530616 85.563854 117.116927
4969: 54.722099 122.909023 53.928836
4970: 102.591603 164.103201 99.079638
4971: 103.239025 144.918403 79.587211
4972: 117.170180 122.994139 108.772318
4973: 76.950178 123.252255 155.596447
4974: 77.310982 66.127785 99.103611
4975: 140.234322 117.510480 74.061130
4976: 57.833016 79.221619 48.811861
4977: 71.175397 144.257968 94.265394
4978: 55.403262 134.767589 84.081641
4979: 33.461535 97.794453 66.336482
4980: 104.848334 93.035320 127.034726
4981: 54.336424 74.007640 70.717577
4982: 107.176489 136.846403 97.197970
4983: 74.352273 114.887345 82.866961
4984: 112.895791 150.770981 66.364287
4985: 94.174408 87.610846 111.547001
4986: 142.521304 92.635075 63.624857
4987: 151.091084 54.160069 90.095027
4988: 135.437975 88.145979 78.805746
4989: 33.969968 86.074576 96.227698
4990: 61.647770 76.429619 61.815287
4991: 81.174061 79.517804 123.797428
4992: 104.417450 75.388607 102.618362
4993: 99.745445 116.680376 66.689460
4994: 56.954295 96.819642 118.909828
4995: 51.673718 99.576911 100.881216
4996: 105.492023 148.276802 63.720848
4997: 101.068106 69.520841 47.942676
4998: 127.574302 96.418483 132.921180
4999: 87.308251 69.427049 85.459056
Execution time: 327.595400 ms
