Algorithm: Betweenness Centrality
Vertex Centrality
0 0.00
1 9998.00
2 19994.00
3 29988.00
4 39980.00
5 49970.00
6 59958.00
7 69944.00
8 79928.00
9 89910.00
10 99890.00
11 109868.00
12 119844.00
13 129818.00
14 139790.00
15 149760.00
16 159728.00
17 169694.00
18 179658.00
19 189620.00
20 199580.00
21 209538.00
22 219494.00
23 229448.00
24 239400.00
25 249350.00
26 259298.00
27 269244.00
28 279188.00
29 289130.00
30 299070.00
31 309008.00
32 318944.00
33 328878.00
34 338810.00
35 348740.00
36 358668.00
37 368594.00
38 378518.00
39 388440.00
40 398360.00
41 408278.00
42 418194.00
43 428108.00
44 438020.00
45 447930.00
46 457838.00
47 467744.00
48 477648.00
49 487550.00
50 497450.00
51 507348.00
52 517244.00
53 527138.00
54 537030.00
55 546920.00
56 556808.00
57 566694.00
58 576578.00
59 586460.00
60 596340.00
61 606218.00
62 616094.00
63 625968.00
64 635840.00
65 645710.00
66 655578.00
67 665444.00
68 675308.00
69 685170.00
70 695030.00
71 704888.00
72 714744.00
73 724598.00
74 734450.00
75 744300.00
76 754148.00
77 763994.00
78 773838.00
79 783680.00
80 793520.00
81 803358.00
82 813194.00
83 823028.00
84 832860.00
85 842690.00
86 852518.00
87 862344.00
88 872168.00
89 881990.00
90 891810.00
91 901628.00
92 911444.00
93 921258.00
94 931070.00
95 940880.00
96 950688.00
97 960494.00
98 970298.00
99 980100.00
100 989900.00
101 999698.00
102 1009494.00
103 1019288.00
104 1029080.00
105 1038870.00
106 1048658.00
107 1058444.00
108 1068228.00
109 1078010.00
110 1087790.00
111 1097568.00
112 1107344.00
113 1117118.00
114 1126890.00
115 1136660.00
116 1146428.00
117 1156194.00
118 1165958.00
119 1175720.00
120 1185480.00
121 1195238.00
122 1204994.00
123 1214748.00
124 1224500.00
125 1234250.00
126 1243998.00
127 1253744.00
128 1263488.00
129 1273230.00
130 1282970.00
131 1292708.00
132 1302444.00
133 1312178.00
134 1321910.00
135 1331640.00
136 1341368.00
137 1351094.00
138 1360818.00
139 1370540.00
140 1380260.00
141 1389978.00
142 1399694.00
143 1409408.00
144 1419120.00
145 1428830.00
146 1438538.00
147 1448244.00
148 1457948.00
149 1467650.00
150 1477350.00
151 1487048.00
152 1496744.00
153 1506438.00
154 1516130.00
155 1525820.00
156 1535508.00
157 1545194.00
158 1554878.00
159 1564560.00
160 1574240.00
161 1583918.00
162 1593594.00
163 1603268.00
164 1612940.00
165 1622610.00
166 1632278.00
167 1641944.00
168 1651608.00
169 1661270.00
170 1670930.00
171 1680588.00
172 1690244.00
173 1699898.00
174 1709550.00
175 1719200.00
176 1728848.00
177 1738494.00
178 1748138.00
179 1757780.00
180 1767420.00
181 1777058.00
182 1786694.00
183 1796328.00
184 1805960.00
185 1815590.00
186 1825218.00
187 1834844.00
188 1844468.00
189 1854090.00
190 1863710.00
191 1873328.00
192 1882944.00
193 1892558.00
194 1902170.00
195 1911780.00
196 1921388.00
197 1930994.00
198 1940598.00
199 1950200.00
200 1959800.00
201 1969398.00
202 4209992.00
203 3687473.00
204 3691911.00
205 3696389.00
206 3700907.00
207 3705465.00
208 3710092.50
209 3714894.50
210 3719842.50
211 3724883.00
212 3730106.00
213 3735525.00
214 3741092.00
215 3746739.00
216 3752420.00
217 3758135.00
218 3763884.00
219 3769667.00
220 3775484.00
221 3781335.00
222 3787220.00
223 3793139.00
224 3799092.00
225 3805091.17
226 3811152.00
227 3817275.33
228 3823452.50
229 3829666.50
230 3835906.50
231 3842172.50
232 3848464.50
233 3854782.50
234 3861126.50
235 3867496.50
236 3873908.00
237 3880366.00
238 3886870.00
239 3893650.50
240 3900688.50
241 3907744.50
242 3914818.50
243 3921910.50
244 3929020.50
245 3936148.50
246 3943294.50
247 3950458.50
248 3957640.50
249 3964840.50
250 3972058.50
251 3979294.50
252 3986548.50
253 3993912.67
254 4001481.50
255 4009164.17
256 4016884.17
257 4024715.67
258 4032636.67
259 4040567.67
260 4048542.17
261 4056568.67
262 4064611.67
263 4072660.67
264 4080715.67
265 4088776.67
266 4096843.67
267 5343770.67
268 1408129.00
269 1398578.00
270 1389027.00
271 1379476.00
272 1369925.00
273 1360374.00
274 1350823.00
275 1341272.00
276 1331721.00
277 1322170.00
278 1312619.00
279 1303068.00
280 1293517.00
281 1283966.00
282 1274415.00
283 1264864.00
284 1255313.00
285 1245762.00
286 1236211.00
287 1226660.00
288 1217109.00
289 1207558.00
290 1198007.00
291 1188456.00
292 1178905.00
293 1169354.00
294 1159803.00
295 1150252.00
296 1140701.00
297 1131150.00
298 1121599.00
299 1112048.00
300 1102497.00
301 1092946.00
302 1083395.00
303 1073844.00
304 1064293.00
305 1054742.00
306 1045191.00
307 1035640.00
308 1026089.00
309 1016538.00
310 1006987.00
311 997436.00
312 987885.00
313 978334.00
314 968783.00
315 959232.00
316 949681.00
317 940130.00
318 930579.00
319 921028.00
320 911749.00
321 902885.00
322 894170.00
323 885467.00
324 876776.00
325 868097.00
326 859430.00
327 850775.00
328 842132.00
329 833501.00
330 824887.33
331 816301.17
332 807747.50
333 799235.67
334 790771.50
335 782339.50
336 773927.50
337 765535.50
338 757163.50
339 748811.50
340 740479.50
341 732167.50
342 723875.50
343 715603.50
344 707351.50
345 699119.50
346 690907.50
347 682715.50
348 674570.50
349 666474.50
350 658402.50
351 650354.50
352 642330.50
353 634330.50
354 626518.00
355 619159.00
356 612096.00
357 605069.00
358 598078.00
359 591123.00
360 584222.00
361 577379.50
362 570579.50
363 563946.50
364 557621.00
365 551476.00
366 545371.00
367 539306.00
368 533281.00
369 527296.00
370 521351.00
371 515494.50
372 509738.00
373 504033.00
374 498368.00
375 492743.00
376 487158.00
377 481613.00
378 476108.00
379 470726.00
380 465869.83
381 461520.17
382 457310.67
383 453185.67
384 449116.67
385 445103.67
386 441146.67
387 437245.67
388 433400.67
389 429698.17
390 426138.17
391 422634.17
392 419186.17
393 415794.17
394 412458.17
395 409311.17
396 406488.17
397 403858.17
398 401350.67
399 399053.67
400 396929.17
401 394887.17
402 392901.17
403 390971.17
404 389097.17
405 387279.17
406 385517.17
407 383811.17
408 382161.17
409 380567.17
410 379179.17
411 378078.83
412 377180.17
413 376434.83
414 375826.67
415 375397.00
416 375125.00
417 374937.00
418 374807.00
419 374803.00
420 375058.17
421 375755.17
422 376943.00
423 378369.00
424 379849.00
425 381383.00
426 382971.00
427 384613.00
428 386309.00
429 388059.00
430 389863.00
431 391721.00
432 393781.50
433 396094.00
434 398510.00
435 401431.00
436 404878.00
437 408396.00
438 411960.00
439 415815.00
440 419964.50
441 424205.00
442 428529.00
443 432891.00
444 437291.00
445 441729.00
446 446205.00
447 450719.00
448 455271.00
449 459861.00
450 464489.00
451 469155.00
452 473859.00
453 478601.00
454 483381.00
455 488235.50
456 494334.00
457 501628.00
458 508936.00
459 516258.00
460 523594.00
461 530944.00
462 538308.00
463 545686.00
464 553078.00
465 560484.00
466 567904.00
467 575338.00
468 582786.00
469 590248.00
470 597724.00
471 605214.00
472 612718.00
473 620236.00
474 627768.00
475 635314.00
476 642874.00
477 650448.00
478 658036.00
479 665638.00
480 673254.00
481 681069.00
482 689089.50
483 697130.50
484 705185.50
485 713254.50
486 721337.50
487 729497.00
488 737731.00
489 745975.00
490 754229.00
491 762639.50
492 771696.00
493 781247.00
494 790798.00
495 800349.00
496 809900.00
497 819451.00
498 829002.00
499 838553.00
500 848104.00
501 857655.00
502 867206.00
503 876757.00
504 886308.00
505 895859.00
506 905410.00
507 914961.00
508 924512.00
509 934063.00
510 943614.00
511 953165.00
512 962716.00
513 972267.00
514 981818.00
515 991369.00
516 1000920.00
517 1010471.00
518 1020022.00
519 1029573.00
520 1039124.00
521 1048675.00
522 1058226.00
523 1067777.00
524 1077328.00
525 1086879.00
526 1096430.00
527 1105981.00
528 1115532.00
529 1125083.00
530 1134634.00
531 1144185.00
532 1153736.00
533 1163287.00
534 1172838.00
535 1182389.00
536 1191940.00
537 1201491.00
538 1211042.00
539 1220593.00
540 1230144.00
541 1239695.00
542 1249246.00
543 1258797.00
544 3143172.67
545 2784681.67
546 2787170.17
547 2790067.17
548 2793434.67
549 2797097.67
550 2800810.67
551 2804573.67
552 3454237.00
553 886316.50
554 877465.50
555 868622.50
556 859787.50
557 850960.50
558 842141.50
559 833330.50
560 824527.50
561 815732.50
562 806945.50
563 798166.50
564 789395.50
565 780632.50
566 771877.50
567 763130.50
568 754391.50
569 746617.33
570 740886.33
571 736358.00
572 731993.50
573 727792.50
574 723810.00
575 720343.50
576 717533.50
577 715026.50
578 712608.50
579 710240.50
580 707991.50
581 705906.00
582 703917.00
583 701982.00
584 700118.00
585 698478.50
586 697044.50
587 695660.50
588 694326.50
589 693042.50
590 691808.50
591 690624.50
592 689490.50
593 688406.50
594 687372.50
595 686388.50
596 685454.50
597 684570.50
598 683736.50
599 682952.50
600 682218.50
601 681534.50
602 680900.50
603 680316.50
604 679782.50
605 679298.50
606 678864.50
607 678480.50
608 678146.50
609 677862.50
610 677628.50
611 677444.50
612 677660.00
613 678409.00
614 679479.50
615 680803.50
616 682792.00
617 686706.50
618 692085.50
619 697592.50
620 1176260.00
621 549685.17
622 544135.50
623 538829.50
624 534094.67
625 530023.00
626 526248.83
627 522521.83
628 518840.83
629 515205.83
630 511641.33
631 508282.17
632 505215.00
633 502305.00
634 499441.00
635 496623.00
636 493851.00
637 491125.00
638 488445.00
639 485811.00
640 483223.00
641 480681.00
642 478185.00
643 475735.00
644 473331.00
645 470973.00
646 468661.00
647 466395.00
648 464175.00
649 462001.00
650 459873.00
651 457791.00
652 455832.50
653 454084.83
654 452481.17
655 450936.17
656 449462.17
657 448133.67
658 447719.17
659 448142.17
660 448611.17
661 449219.67
662 450445.33
663 452370.00
664 454516.00
665 456708.00
666 458949.83
667 461265.17
668 463669.17
669 466311.50
670 469777.00
671 473929.67
672 478214.17
673 482591.17
674 487010.17
675 491471.17
676 495974.17
677 500519.17
678 505109.83
679 509762.33
680 514651.33
681 519924.17
682 525399.83
683 531003.50
684 536926.67
685 543176.67
686 549559.67
687 555974.67
688 562517.17
689 569211.17
690 575959.17
691 582771.83
692 589687.67
693 596680.83
694 603720.83
695 610794.83
696 617892.83
697 625014.83
698 632160.83
699 639330.83
700 646524.83
701 653742.83
702 660984.83
703 668250.83
704 675622.83
705 683182.83
706 690871.50
707 698932.83
708 707641.00
709 716662.00
710 725691.00
711 734728.00
712 743773.00
713 752826.00
714 761887.00
715 770956.00
716 780033.00
717 789118.00
718 798211.00
719 807312.00
720 816421.00
721 825538.00
722 834663.00
723 843796.00
724 852937.00
725 862086.00
726 871243.00
727 880408.00
728 889581.00
729 898762.00
730 907951.00
731 917148.00
732 1692999.67
733 804172.33
734 796249.33
735 788346.33
736 780463.33
737 772600.33
738 764757.33
739 756934.33
740 749131.33
741 741348.33
742 733585.33
743 725842.33
744 718119.33
745 710416.33
746 702743.33
747 695113.17
748 687519.50
749 679951.50
750 672407.50
751 664913.50
752 657567.00
753 650344.00
754 643149.00
755 636083.00
756 629339.83
757 622912.17
758 616608.50
759 610503.67
760 604784.83
761 599312.50
762 593907.83
763 588548.83
764 583231.83
765 577956.83
766 572723.83
767 567532.83
768 562458.17
769 557569.17
770 552822.83
771 548151.83
772 543581.83
773 539221.00
774 535020.17
775 530873.17
776 526955.33
777 523464.00
778 520524.00
779 518018.50
780 515645.50
781 513326.50
782 511061.50
783 508850.50
784 506693.50
785 504590.50
786 502541.50
787 500546.50
788 498752.17
789 497206.33
790 495773.83
791 494406.83
792 493093.83
793 491834.83
794 490629.83
795 489478.83
796 488397.33
797 487402.33
798 486480.83
799 485615.83
800 484804.83
801 484047.83
802 483344.83
803 482783.33
804 482520.83
805 482538.83
806 482679.83
807 482874.83
808 483123.83
809 483426.83
810 483783.83
811 484194.83
812 484659.83
813 485178.83
814 485753.00
815 486751.33
816 488604.17
817 491048.83
818 493839.33
819 496869.33
820 499953.33
821 503091.33
822 506283.33
823 509529.33
824 512829.33
825 516216.83
826 519796.83
827 523536.83
828 527332.83
829 531184.83
830 535092.83
831 539195.83
832 543603.33
833 548174.33
834 552797.33
835 557472.33
836 562199.33
837 566978.33
838 571809.33
839 576692.33
840 581646.33
841 586761.83
842 592017.83
843 597415.00
844 603060.33
845 608873.50
846 614745.50
847 620661.50
848 626621.50
849 632625.50
850 638673.50
851 644801.17
852 651203.00
853 657865.17
854 664589.17
855 671394.67
856 678682.83
857 686538.50
858 694554.50
859 702594.50
860 710658.50
861 718746.50
862 726970.33
863 735454.33
864 744098.00
865 752775.00
866 761511.67
867 770349.33
868 779248.83
869 788206.33
870 797263.33
871 806383.83
872 815521.83
873 824671.83
874 833833.83
875 843007.83
876 852193.83
877 861391.83
878 870601.83
879 879823.83
880 889057.83
881 5212679.83
882 5076490.17
883 6846750.83
884 2569703.33
885 2563004.33
886 2556337.33
887 2549799.83
888 2543389.83
889 2537007.83
890 2530653.83
891 2524327.83
892 2518054.67
893 2511894.83
894 2505860.17
895 2500131.67
896 2494693.67
897 2489320.17
898 2484042.00
899 2478884.83
900 2473816.67
901 2468918.50
902 2464296.50
903 2459854.00
904 2455473.00
905 2451329.50
906 2447444.50
907 2443626.50
908 2439856.50
909 2436134.50
910 2432460.50
911 2428834.50
912 2425383.00
913 2422137.00
914 2418995.50
915 2415929.50
916 2412915.50
917 2410118.33
918 2407702.67
919 2405503.67
920 2403356.67
921 2401261.67
922 2399218.67
923 2397227.67
924 2395288.67
925 2393505.67
926 2391907.17
927 2390409.50
928 2389021.17
929 2387751.33
930 2386578.67
931 2385606.33
932 2385010.83
933 2384722.67
934 2384554.67
935 2384448.67
936 2384591.17
937 2384982.17
938 2385435.17
939 2385950.17
940 2386527.17
941 2387166.17
942 2387867.17
943 2388630.17
944 2389465.67
945 2390415.67
946 2391544.33
947 2392882.50
948 2394351.50
949 2395874.50
950 2397451.50
951 2399152.50
952 2400977.50
953 2402856.50
954 2404789.50
955 2406776.50
956 2408817.50
957 2411000.50
958 2413325.50
959 2415704.50
960 2418137.50
961 2421386.50
962 2425441.50
963 2429530.50
964 2433653.50
965 3308750.00
966 1106151.50
967 1097732.00
968 1089372.50
969 1081031.50
970 1072698.50
971 1064373.50
972 1056056.50
973 1047747.50
974 1039446.50
975 1031153.50
976 1022868.50
977 1014591.50
978 1006322.50
979 998061.50
980 989808.50
981 981563.50
982 973326.50
983 965097.50
984 956876.50
985 948663.50
986 940458.50
987 932261.50
988 924072.50
989 915891.50
990 907718.50
991 899553.50
992 891396.50
993 883255.50
994 875519.50
995 868186.50
996 860873.50
997 853580.50
998 846307.50
999 839054.50
1000 831821.50
1001 824608.50
1002 817415.50
1003 810242.50
1004 803089.50
1005 795963.50
1006 788947.50
1007 782271.00
1008 775851.00
1009 769451.00
1010 763071.00
1011 756711.00
1012 750371.00
1013 744100.17
1014 738054.67
1015 732296.50
1016 726675.50
1017 721179.00
1018 715826.00
1019 710818.50
1020 706145.00
1021 701515.00
1022 696925.00
1023 692375.00
1024 687865.00
1025 683395.00
1026 679074.50
1027 674960.50
1028 670945.50
1029 667004.00
1030 663241.00
1031 659628.00
1032 656061.00
1033 652540.00
1034 649080.00
1035 645730.50
1036 642478.50
1037 639276.50
1038 636124.50
1039 633627.83
1040 632535.67
1041 632380.67
1042 632416.67
1043 632508.67
1044 632656.67
1045 633021.17
1046 633602.17
1047 634239.17
1048 634932.17
1049 635681.17
1050 636486.17
1051 637347.17
1052 638264.17
1053 639237.17
1054 640266.17
1055 641436.67
1056 642904.83
1057 644741.50
1058 646792.50
1059 648960.17
1060 651509.67
1061 654588.00
1062 658074.17
1063 661908.83
1064 665939.83
1065 670014.83
1066 674133.83
1067 678296.83
1068 682670.00
1069 687336.17
1070 692156.17
1071 697043.17
1072 701966.17
1073 706925.17
1074 712047.33
1075 717465.67
1076 723057.83
1077 728686.83
1078 734558.17
1079 741018.17
1080 747983.33
1081 755103.33
1082 762243.33
1083 769403.33
1084 776583.33
1085 783783.33
1086 791003.33
1087 798243.33
1088 805503.33
1089 812783.33
1090 820083.33
1091 827403.33
1092 834743.33
1093 842188.33
1094 849738.33
1095 857308.33
1096 864898.33
1097 872508.33
1098 880138.33
1099 887788.33
1100 895458.33
1101 903148.33
1102 910858.33
1103 918645.33
1104 926574.83
1105 934597.33
1106 942645.33
1107 950800.50
1108 3121144.83
1109 2388974.83
1110 2380154.83
1111 2371342.83
1112 2362538.83
1113 2353742.83
1114 2344954.83
1115 2391674.33
1116 816529.67
1117 806915.67
1118 797301.67
1119 787687.67
1120 778073.67
1121 768459.67
1122 758845.67
1123 749231.67
1124 739617.67
1125 730003.67
1126 720777.00
1127 712460.17
1128 704805.00
1129 697301.00
1130 689821.00
1131 682365.00
1132 674933.00
1133 667525.00
1134 660141.00
1135 652781.00
1136 645445.00
1137 638133.00
1138 630845.00
1139 623581.00
1140 616341.00
1141 609125.00
1142 601933.00
1143 594765.00
1144 587621.00
1145 580501.00
1146 573405.00
1147 566333.00
1148 559285.00
1149 552261.00
1150 545261.00
1151 538285.00
1152 531333.00
1153 524405.00
1154 517501.00
1155 510621.00
1156 503841.00
1157 497238.33
1158 490739.17
1159 484268.17
1160 477834.67
1161 471605.67
1162 465780.17
1163 460244.17
1164 454793.17
1165 449378.17
1166 443999.17
1167 438656.17
1168 433368.67
1169 428140.67
1170 422954.67
1171 417808.67
1172 412806.67
1173 407980.17
1174 403258.67
1175 398624.17
1176 394042.17
1177 389498.17
1178 384992.17
1179 380524.17
1180 376094.17
1181 371779.17
1182 367597.17
1183 363698.50
1184 360281.83
1185 357119.83
1186 353995.83
1187 351295.83
1188 349505.00
1189 348338.67
1190 347433.67
1191 346928.50
1192 346827.33
1193 346903.83
1194 347044.83
1195 347274.83
1196 347720.33
1197 348451.33
1198 349335.33
1199 350271.33
1200 351359.33
1201 352599.33
1202 353891.33
1203 355235.33
1204 356631.33
1205 358079.33
1206 359579.33
1207 361131.33
1208 362735.33
1209 364391.33
1210 366170.83
1211 368071.83
1212 370020.83
1213 372026.83
1214 374105.33
1215 376247.33
1216 378437.33
1217 380754.83
1218 383279.67
1219 386038.00
1220 389393.50
1221 393265.50
1222 397210.50
1223 401203.50
1224 405244.50
1225 409333.50
1226 413470.50
1227 417655.50
1228 421888.50
1229 426169.50
1230 430498.50
1231 434875.50
1232 439300.50
1233 443773.50
1234 448294.50
1235 452863.50
1236 457609.00
1237 462657.50
1238 467878.50
1239 473238.67
1240 478853.00
1241 484645.17
1242 490498.17
1243 496510.67
1244 502800.17
1245 509415.83
1246 516800.00
1247 524896.00
1248 533130.00
1249 541376.00
1250 549634.00
1251 557904.00
1252 566186.00
1253 574480.00
1254 582786.00
1255 591104.00
1256 599434.00
1257 607776.00
1258 616130.00
1259 624496.00
1260 632876.50
1261 641278.50
1262 649699.50
1263 658132.50
1264 666584.50
1265 675069.50
1266 683578.50
1267 692095.50
1268 700620.50
1269 709153.50
1270 717694.50
1271 726243.50
1272 734800.50
1273 743365.50
1274 751938.50
1275 760519.50
1276 769108.50
1277 777705.50
1278 786310.50
1279 794923.50
1280 803544.50
1281 812173.50
1282 820810.50
1283 829455.50
1284 838108.50
1285 846827.33
1286 855680.67
1287 864620.67
1288 873578.67
1289 882544.67
1290 891518.67
1291 900500.67
1292 909490.67
1293 918488.67
1294 927494.67
1295 936508.67
1296 945530.67
1297 954560.67
1298 963598.67
1299 972644.67
1300 981756.33
1301 991006.67
1302 1000352.33
1303 1009718.33
1304 1019088.33
1305 1028462.33
1306 1037840.33
1307 1047222.33
1308 1056664.83
1309 1066222.33
1310 1075836.33
1311 1085450.33
1312 1095064.33
1313 1104678.33
1314 1114292.33
1315 1123906.33
1316 1133520.33
1317 1143134.33
1318 1152748.33
1319 6850672.33
1320 6323119.50
1321 6322917.50
1322 8260790.17
1323 3789450.33
1324 3782012.33
1325 3774594.33
1326 3767196.33
1327 3759818.33
1328 3752460.33
1329 3745122.33
1330 3737804.33
1331 3730506.33
1332 3723228.33
1333 3715970.33
1334 3708732.33
1335 3701546.33
1336 3694454.83
1337 3687462.67
1338 3680599.67
1339 3673865.83
1340 3667190.83
1341 3660539.83
1342 3653912.83
1343 3647309.83
1344 3640730.83
1345 3634175.83
1346 3627644.83
1347 3621137.83
1348 3614730.83
1349 3608509.67
1350 3602409.00
1351 3596475.33
1352 3591460.17
1353 3587344.17
1354 3583506.17
1355 3580364.17
1356 3577787.67
1357 3575357.67
1358 3573106.17
1359 3570963.67
1360 4032688.33
1361 1078063.50
1362 1068999.50
1363 1059947.50
1364 1050907.50
1365 1041879.50
1366 1032870.00
1367 1023982.00
1368 1015209.00
1369 1006448.00
1370 997699.00
1371 988962.00
1372 980237.00
1373 971524.00
1374 962823.00
1375 954134.00
1376 945457.00
1377 936792.00
1378 928139.00
1379 919498.00
1380 910869.00
1381 902252.00
1382 893647.00
1383 885054.00
1384 876473.00
1385 867904.00
1386 859347.00
1387 850802.00
1388 842269.00
1389 833748.00
1390 825239.00
1391 816742.00
1392 808297.50
1393 799907.50
1394 791533.50
1395 783175.50
1396 774833.50
1397 766507.50
1398 758197.50
1399 749903.50
1400 741625.50
1401 733363.50
1402 725117.50
1403 716887.50
1404 708673.50
1405 700475.50
1406 692397.00
1407 684543.50
1408 676813.50
1409 669129.33
1410 661522.00
1411 653971.83
1412 646464.17
1413 639084.00
1414 631992.00
1415 625203.83
1416 618770.17
1417 612699.17
1418 606772.17
1419 600883.17
1420 595034.50
1421 589233.67
1422 583484.50
1423 577781.50
1424 572120.50
1425 566501.50
1426 560924.50
1427 555389.50
1428 549896.50
1429 544571.33
1430 539541.67
1431 534758.17
1432 530116.17
1433 525562.17
1434 521077.17
1435 516642.17
1436 512257.17
1437 507957.00
1438 503812.00
1439 499822.17
1440 495917.17
1441 492084.17
1442 488412.17
1443 484881.17
1444 481530.33
1445 478632.17
1446 476213.33
1447 474011.17
1448 471877.50
1449 469874.00
1450 468002.00
1451 466196.00
1452 464456.00
1453 462782.00
1454 461232.67
1455 459864.83
1456 458617.83
1457 457432.83
1458 456309.83
1459 455248.83
1460 454249.83
1461 453312.83
1462 452437.83
1463 451624.83
1464 450873.83
1465 450184.83
1466 449654.33
1467 449282.33
1468 448972.33
1469 448724.33
1470 448538.33
1471 448414.33
1472 448352.33
1473 448352.33
1474 448414.33
1475 448538.33
1476 448876.33
1477 449618.33
1478 450649.33
1479 451777.33
1480 452963.33
1481 454224.67
1482 455678.67
1483 457457.00
1484 459508.83
1485 461702.00
1486 463968.00
1487 466288.00
1488 468662.00
1489 471157.83
1490 473870.67
1491 476980.17
1492 480628.67
1493 484573.67
1494 488577.67
1495 492635.67
1496 496747.67
1497 501177.17
1498 506041.33
1499 511200.00
1500 516574.00
1501 522032.00
1502 527531.67
1503 533126.00
1504 538859.67
1505 544677.67
1506 550529.67
1507 556415.67
1508 562335.67
1509 568289.67
1510 574277.67
1511 580299.67
1512 586355.67
1513 592445.67
1514 598611.17
1515 604865.67
1516 611165.67
1517 617546.17
1518 624061.17
1519 630706.17
1520 637469.17
1521 644300.17
1522 651153.17
1523 658084.17
1524 665150.17
1525 672296.17
1526 679466.17
1527 686660.17
1528 693878.17
1529 701120.17
1530 708386.17
1531 715995.83
1532 724125.17
1533 732519.83
1534 740997.83
1535 749568.83
1536 758230.83
1537 766900.83
1538 775578.83
1539 784264.83
1540 792958.83
1541 801660.83
1542 810370.83
1543 819088.83
1544 827814.83
1545 836548.83
1546 845290.83
1547 2134559.00
1548 1944588.83
1549 1948821.83
1550 1953098.83
1551 1957419.83
1552 1961784.83
1553 1966193.83
1554 1970646.83
1555 1975195.50
1556 1979891.67
1557 1984683.67
1558 1989519.67
1559 1994399.67
1560 1999323.67
1561 2004300.33
1562 2009457.00
1563 2014935.00
1564 2020639.00
1565 2026417.00
1566 2032235.00
1567 2038093.00
1568 2043991.00
1569 2049929.00
1570 2055907.00
1571 2061925.00
1572 2067983.00
1573 2074081.00
1574 2080219.00
1575 2086397.00
1576 2092615.00
1577 2098901.50
1578 2105305.00
1579 2111915.00
1580 2118814.00
1581 2125880.00
1582 2132978.00
1583 2140132.00
1584 2147349.00
1585 2154623.50
1586 2161944.50
1587 2169289.50
1588 2176658.50
1589 2184051.50
1590 2191468.50
1591 2198909.50
1592 2206374.50
1593 2213871.50
1594 2221416.67
1595 2229009.33
1596 2236631.33
1597 2244273.33
1598 2252027.50
1599 2259988.33
1600 2268065.00
1601 6861081.17
1602 6279174.67
1603 6284942.67
1604 6290728.67
1605 7060430.00
1606 6816635.33
1607 6822014.33
1608 6827415.33
1609 6832838.33
1610 6930721.67
1611 98113.33
1612 88138.33
1613 78163.33
1614 68188.33
1615 58213.33
1616 48238.33
1617 38496.83
1618 31022.17
1619 25591.83
1620 20183.50
1621 14797.17
1622 9432.83
1623 11743.67
1624 21718.67
1625 31693.67
1626 41668.67
1627 51643.67
1628 61618.67
1629 1006444.00
1630 928246.83
1631 918743.83
1632 909244.83
1633 899749.83
1634 890258.83
1635 880771.83
1636 871288.83
1637 861832.33
1638 852413.33
1639 843037.33
1640 833697.33
1641 824369.33
1642 815053.33
1643 805828.33
1644 796779.33
1645 787833.33
1646 778911.33
1647 770013.33
1648 761139.33
1649 752296.33
1650 743670.33
1651 735256.33
1652 726870.33
1653 718512.33
1654 710182.33
1655 701880.33
1656 693606.33
1657 685360.33
1658 677142.33
1659 668952.33
1660 660909.83
1661 653144.17
1662 645546.50
1663 637989.50
1664 630464.50
1665 623030.83
1666 615805.83
1667 608790.00
1668 601870.00
1669 594990.00
1670 588150.00
1671 581350.00
1672 574590.00
1673 567870.00
1674 561329.00
1675 555020.50
1676 548805.50
1677 542676.50
1678 536688.83
1679 530806.67
1680 524976.67
1681 519190.67
1682 513448.67
1683 507750.67
1684 502096.67
1685 496486.67
1686 490976.17
1687 485722.00
1688 480741.33
1689 475881.33
1690 471125.33
1691 466715.83
1692 462729.33
1693 459028.83
1694 455490.83
1695 452014.83
1696 448600.83
1697 445501.83
1698 442717.83
1699 439995.83
1700 437338.83
1701 434756.83
1702 432252.83
1703 429814.83
1704 427434.83
1705 425112.83
1706 422848.83
1707 420642.83
1708 418494.83
1709 416404.83
1710 414372.83
1711 412398.83
1712 410482.83
1713 408624.83
1714 406824.83
1715 405082.83
1716 403398.83
1717 401772.83
1718 400232.83
1719 399208.00
1720 398680.17
1721 398218.17
1722 397810.17
1723 397456.17
1724 397156.17
1725 396951.50
1726 397239.00
1727 398472.17
1728 400325.17
1729 402303.17
1730 404390.33
1731 406640.00
1732 408995.00
1733 411400.00
1734 413855.00
1735 416360.00
1736 418915.00
1737 421559.00
1738 424488.00
1739 427819.00
1740 431356.00
1741 434943.00
1742 438580.00
1743 442267.00
1744 446004.00
1745 449791.00
1746 453628.00
1747 457515.00
1748 461452.00
1749 465439.00
1750 469476.00
1751 473563.00
1752 477700.00
1753 481887.00
1754 486124.00
1755 490411.00
1756 494748.00
1757 499135.00
1758 503572.00
1759 508059.00
1760 512596.00
1761 517183.00
1762 521820.00
1763 526507.00
1764 531292.00
1765 536234.67
1766 541297.83
1767 546419.83
1768 551587.83
1769 556837.83
1770 562213.50
1771 567681.17
1772 573195.17
1773 578751.17
1774 584349.17
1775 589989.17
1776 595671.17
1777 601395.17
1778 607181.17
1779 613073.17
1780 619074.17
1781 625382.17
1782 632025.17
1783 638756.17
1784 645516.17
1785 652302.17
1786 659114.17
1787 665952.17
1788 672975.17
1789 680183.17
1790 687441.17
1791 694961.17
1792 702916.17
1793 711089.17
1794 719507.17
1795 728168.17
1796 736841.17
1797 745526.17
1798 754223.17
1799 762932.17
1800 771653.17
1801 780386.17
1802 789131.17
1803 797888.17
1804 806657.17
1805 815438.17
1806 824231.17
1807 833036.17
1808 841853.17
1809 850682.17
1810 859559.67
1811 868487.17
1812 877426.17
1813 886373.17
1814 895328.17
1815 904291.17
1816 913262.17
1817 922241.17
1818 931228.17
1819 940223.17
1820 949226.17
1821 958237.17
1822 967256.17
1823 976283.17
1824 985318.17
1825 5617454.83
1826 5016442.00
1827 5014790.50
1828 5013301.50
1829 5011856.50
1830 5010457.50
1831 5009117.50
1832 5007844.33
1833 5006653.17
1834 5005688.67
1835 5005028.67
1836 5004638.67
1837 5004418.17
1838 5004247.17
1839 5004120.17
1840 5004037.17
1841 5003998.17
1842 5004110.67
1843 5004381.17
1844 5004702.17
1845 5005067.17
1846 5005476.17
1847 5005929.17
1848 5006426.17
1849 5006967.17
1850 6848225.00
1851 4712809.00
1852 3391431.33
1853 3384391.33
1854 3377371.33
1855 3370371.33
1856 3363417.33
1857 3356906.33
1858 3350918.83
1859 3345059.83
1860 3339386.00
1861 3334081.67
1862 3329011.50
1863 3324161.33
1864 3319675.33
1865 3315391.33
1866 3311228.83
1867 3307187.83
1868 3303186.83
1869 3299225.83
1870 3295304.83
1871 3291423.83
1872 3287582.83
1873 3283781.83
1874 3280020.83
1875 3276299.83
1876 3272618.83
1877 3269097.67
1878 3265858.00
1879 3262825.50
1880 3259958.17
1881 3257270.67
1882 3254711.50
1883 3252306.50
1884 3250214.50
1885 3248549.33
1886 3247223.67
1887 3246044.67
1888 3244919.67
1889 3243848.67
1890 3242831.67
1891 3241868.67
1892 3240959.67
1893 3240104.67
1894 3239434.17
1895 3238948.17
1896 3238516.17
1897 3238605.17
1898 3239387.17
1899 3240393.17
1900 3241449.17
1901 3242568.67
1902 3243809.67
1903 3245156.67
1904 3246583.17
1905 3248194.17
1906 3249957.17
1907 3251768.17
1908 4309283.67
1909 2371536.33
1910 2364690.33
1911 2357924.83
1912 2351266.83
1913 2344663.83
1914 2338088.83
1915 2331541.83
1916 2325022.83
1917 2318531.83
1918 2312068.83
1919 2305728.83
1920 2299587.83
1921 2293552.83
1922 2287612.33
1923 2281877.33
1924 2276287.33
1925 2270733.33
1926 2265215.33
1927 2259733.33
1928 2254287.33
1929 2248877.33
1930 2243503.33
1931 2238471.83
1932 2234091.83
1933 2230059.83
1934 2226069.83
1935 2222153.33
1936 2218370.33
1937 2214728.33
1938 2211253.83
1939 2207911.83
1940 2204623.33
1941 2201461.50
1942 2198491.67
1943 2195638.67
1944 2192831.67
1945 2190070.67
1946 2709916.17
1947 978841.83
1948 971437.83
1949 964047.83
1950 956671.83
1951 949309.83
1952 941961.83
1953 934627.83
1954 927307.83
1955 920001.83
1956 912709.83
1957 905431.83
1958 898167.83
1959 890917.83
1960 883681.83
1961 876459.83
1962 869251.83
1963 862057.83
1964 854877.83
1965 847711.83
1966 840885.17
1967 834728.50
1968 828922.50
1969 823142.50
1970 817388.50
1971 811660.50
1972 805958.50
1973 800282.50
1974 794632.50
1975 789008.50
1976 783442.00
1977 777966.50
1978 772552.50
1979 767307.50
1980 762233.50
1981 757193.50
1982 752187.50
1983 747215.50
1984 742277.50
1985 737373.50
1986 732503.50
1987 727667.50
1988 722865.50
1989 718097.50
1990 713464.83
1991 709290.67
1992 705700.17
1993 702378.17
1994 699131.00
1995 696022.50
1996 693066.17
1997 690198.17
1998 687491.67
1999 684948.67
2000 682459.67
2001 680025.83
2002 677915.33
2003 676397.67
2004 675230.17
2005 674170.50
2006 673200.83
2007 672296.83
2008 671454.83
2009 670674.83
2010 669981.83
2011 669444.50
2012 669081.67
2013 668822.67
2014 668621.67
2015 668478.67
2016 668618.83
2017 669271.17
2018 670213.33
2019 671215.33
2020 672273.33
2021 673387.33
2022 674557.33
2023 675783.33
2024 677069.00
2025 678482.50
2026 680125.83
2027 682445.83
2028 685452.83
2029 688652.33
2030 691924.33
2031 695244.33
2032 698612.33
2033 702028.33
2034 705933.33
2035 710337.83
2036 714812.83
2037 719396.50
2038 724112.67
2039 728910.67
2040 733752.67
2041 738775.67
2042 744031.17
2043 749429.17
2044 755019.67
2045 760751.67
2046 766519.67
2047 772323.67
2048 778163.67
2049 784039.67
2050 789967.67
2051 796038.17
2052 802233.17
2053 808669.17
2054 815439.17
2055 822328.17
2056 829237.17
2057 836166.17
2058 843115.17
2059 850297.83
2060 857991.67
2061 866151.83
2062 874496.83
2063 882954.33
2064 891522.33
2065 900098.33
2066 908682.33
2067 917274.33
2068 1584419.17
2069 766930.67
2070 760408.67
2071 754172.50
2072 748043.33
2073 741962.33
2074 735921.33
2075 729920.33
2076 723959.33
2077 718038.33
2078 712157.33
2079 706342.83
2080 700691.17
2081 695246.50
2082 689966.50
2083 684938.83
2084 680132.67
2085 675497.17
2086 671016.17
2087 666589.17
2088 662216.17
2089 657897.17
2090 653632.17
2091 649421.17
2092 645264.17
2093 641536.67
2094 638238.67
2095 634994.67
2096 631804.67
2097 628668.67
2098 625586.67
2099 622558.67
2100 619698.67
2101 617027.17
2102 614428.17
2103 611879.17
2104 609380.17
2105 606931.17
2106 604532.17
2107 602183.17
2108 599884.17
2109 597635.17
2110 595464.17
2111 593921.83
2112 592992.00
2113 592124.00
2114 591306.00
2115 590538.00
2116 589820.00
2117 589152.00
2118 588613.33
2119 588661.83
2120 589637.00
2121 591081.00
2122 592575.00
2123 594119.00
2124 595713.00
2125 597357.00
2126 599051.00
2127 600795.00
2128 602589.00
2129 604472.00
2130 606631.33
2131 609177.17
2132 611924.17
2133 614725.17
2134 617580.17
2135 620489.17
2136 623452.17
2137 626469.17
2138 629540.17
2139 632665.17
2140 635844.17
2141 639077.17
2142 642364.17
2143 645705.17
2144 649100.17
2145 652549.17
2146 656052.17
2147 659609.17
2148 663220.17
2149 667176.67
2150 671476.67
2151 675826.67
2152 680226.67
2153 684676.67
2154 689176.67
2155 693726.67
2156 698374.67
2157 703180.33
2158 708106.50
2159 713091.50
2160 718122.50
2161 723199.50
2162 728358.00
2163 733639.67
2164 739010.83
2165 744427.83
2166 749886.83
2167 755387.83
2168 760930.83
2169 766664.33
2170 772599.33
2171 778587.33
2172 784645.33
2173 791045.33
2174 797762.33
2175 804573.33
2176 811660.33
2177 818964.33
2178 826290.33
2179 833638.33
2180 841008.33
2181 1652254.00
2182 1412654.50
2183 1417424.50
2184 1422235.50
2185 1427080.50
2186 1431959.50
2187 1437057.50
2188 1442575.50
2189 1448327.50
2190 1454111.50
2191 1459927.50
2192 1465897.33
2193 1472221.17
2194 1478854.17
2195 1485596.17
2196 1492370.17
2197 1499176.17
2198 1506014.17
2199 1512884.17
2200 1519786.17
2201 1526720.17
2202 1533686.17
2203 1540720.67
2204 1547880.67
2205 1555217.17
2206 1562669.17
2207 1570145.17
2208 1577645.17
2209 1585169.17
2210 1592717.17
2211 1600289.17
2212 1607885.17
2213 1615505.17
2214 1623149.17
2215 1630817.17
2216 1638509.17
2217 1646230.67
2218 1654059.33
2219 1662059.00
2220 1670150.00
2221 1678261.00
2222 1686447.50
2223 1694763.00
2224 1703193.50
2225 1711681.50
2226 1720181.50
2227 1728693.50
2228 1737217.50
2229 6159170.33
2230 5348999.17
2231 5348769.17
2232 5348593.67
2233 5348511.17
2234 5348509.17
2235 5348551.17
2236 5348640.17
2237 5348833.33
2238 5349174.00
2239 5349626.00
2240 5350141.00
2241 5350703.00
2242 5351379.67
2243 5352217.83
2244 5353150.83
2245 5354151.83
2246 5355242.33
2247 5356583.17
2248 5358375.83
2249 5360571.17
2250 5363031.67
2251 5365620.67
2252 5368253.67
2253 5370930.67
2254 5373651.67
2255 5376486.17
2256 5379561.67
2257 5382867.67
2258 5386276.67
2259 5389729.67
2260 5393226.67
2261 5396767.67
2262 5400352.67
2263 8011736.17
2264 4397700.33
2265 4391838.33
2266 4386248.33
2267 4380692.33
2268 4375211.33
2269 4369995.33
2270 4365005.33
2271 4360053.33
2272 4355139.33
2273 4350509.83
2274 4346164.83
2275 4341857.83
2276 4337588.83
2277 4333357.83
2278 4329164.83
2279 4325009.83
2280 4876054.33
2281 2532382.33
2282 2523017.33
2283 2513652.33
2284 2504287.33
2285 2494922.33
2286 2485557.33
2287 2476192.33
2288 2466827.33
2289 2457462.33
2290 2448097.33
2291 2438732.33
2292 2429367.33
2293 2420002.33
2294 2410637.33
2295 2401272.33
2296 2391907.33
2297 2382542.33
2298 2373177.33
2299 2363812.33
2300 2354447.33
2301 2345082.33
2302 2335717.33
2303 2326352.33
2304 2316987.33
2305 2307622.33
2306 2298257.33
2307 2288892.33
2308 2279527.33
2309 2270162.33
2310 2260797.33
2311 2251432.33
2312 2242067.33
2313 2232702.33
2314 2223337.33
2315 2213972.33
2316 2204607.33
2317 2195242.33
2318 2185877.33
2319 2176512.33
2320 2167147.33
2321 2157782.33
2322 2148417.33
2323 2139052.33
2324 2129781.33
2325 2120707.33
2326 2111738.33
2327 2102773.33
2328 2093812.33
2329 2084855.33
2330 2075902.33
2331 2066953.33
2332 2058008.33
2333 2049067.33
2334 2040130.33
2335 2031197.33
2336 2022268.33
2337 2013343.33
2338 2004422.33
2339 1995505.33
2340 1986592.33
2341 1977683.33
2342 1968778.33
2343 1959877.33
2344 1950980.33
2345 1942087.33
2346 1933198.33
2347 1924313.33
2348 1915432.33
2349 1906555.33
2350 1897682.33
2351 1888813.33
2352 1879948.33
2353 1871087.33
2354 1862230.33
2355 1853377.33
2356 1844528.33
2357 1835683.33
2358 1826842.33
2359 1818005.33
2360 1809172.33
2361 1800343.33
2362 1791518.33
2363 1782697.33
2364 1773880.33
2365 1765067.33
2366 1756258.33
2367 1747453.33
2368 1738652.33
2369 1729855.33
2370 1721062.33
2371 1712273.33
2372 1703488.33
2373 1694707.33
2374 1685930.33
2375 1677157.33
2376 1668388.33
2377 1659623.33
2378 1650862.33
2379 1642105.33
2380 1633352.33
2381 1624603.33
2382 1615858.33
2383 1607117.33
2384 1598380.33
2385 1589647.33
2386 1580918.33
2387 1572193.33
2388 1563472.33
2389 1554755.33
2390 1546042.33
2391 1537333.33
2392 1528628.33
2393 1519927.33
2394 1511230.33
2395 1502537.33
2396 1493848.33
2397 1485163.33
2398 1476482.33
2399 1467805.33
2400 1459132.33
2401 1450463.33
2402 1441798.33
2403 1433137.33
2404 1424480.33
2405 1415827.33
2406 1407178.33
2407 1398533.33
2408 1389892.33
2409 1381255.33
2410 1372622.33
2411 1363993.33
2412 1355368.33
2413 1346747.33
2414 1338130.33
2415 1329517.33
2416 1320908.33
2417 1312303.33
2418 1303702.33
2419 1295105.33
2420 1286512.33
2421 1277923.33
2422 1269338.33
2423 1260757.33
2424 1252180.33
2425 1243607.33
2426 1235038.33
2427 1226473.33
2428 1217912.33
2429 1209355.33
2430 1200802.33
2431 1192253.33
2432 1183708.33
2433 1175167.33
2434 1166630.33
2435 1158097.33
2436 1149568.33
2437 1141043.33
2438 1132522.33
2439 1124005.33
2440 1115492.33
2441 1106983.33
2442 1098478.33
2443 1089977.33
2444 1081480.33
2445 1072987.33
2446 1064498.33
2447 1056013.33
2448 1047532.33
2449 1039055.33
2450 1030582.33
2451 1022113.33
2452 1013648.33
2453 1005187.33
2454 996730.33
2455 988277.33
2456 979828.33
2457 971383.33
2458 962942.33
2459 954505.33
2460 946072.33
2461 937643.33
2462 929218.33
2463 920797.33
2464 912380.33
2465 903967.33
2466 895558.33
2467 887153.33
2468 878752.33
2469 870355.33
2470 861962.33
2471 853573.33
2472 845188.33
2473 836807.33
2474 828430.33
2475 820057.33
2476 811688.33
2477 803323.33
2478 794962.33
2479 786605.33
2480 778252.33
2481 769903.33
2482 761558.33
2483 753217.33
2484 744880.33
2485 736547.33
2486 728218.33
2487 719893.33
2488 711572.33
2489 703255.33
2490 694942.33
2491 686633.33
2492 678328.33
2493 670027.33
2494 661730.33
2495 653437.33
2496 645148.33
2497 636863.33
2498 628582.33
2499 620305.33
2500 612032.33
2501 603763.33
2502 595605.83
2503 587668.33
2504 579847.33
2505 572194.83
2506 565022.00
2507 558249.67
2508 551572.67
2509 544919.67
2510 538290.67
2511 531685.67
2512 525104.67
2513 518547.67
2514 512014.67
2515 505505.67
2516 499020.67
2517 492559.67
2518 486136.17
2519 479971.67
2520 475087.17
2521 471275.17
2522 467515.17
2523 463807.17
2524 460151.17
2525 456547.17
2526 452995.17
2527 449495.17
2528 446047.17
2529 442651.17
2530 439308.33
2531 436099.00
2532 433102.00
2533 430237.00
2534 427424.00
2535 424791.50
2536 422364.00
2537 420013.00
2538 417786.50
2539 415686.50
2540 413642.50
2541 411654.50
2542 409722.50
2543 407846.50
2544 406026.50
2545 404334.00
2546 402855.00
2547 401521.00
2548 400244.00
2549 399069.50
2550 398102.50
2551 397348.17
2552 396880.33
2553 396675.33
2554 396555.33
2555 396495.33
2556 396602.83
2557 397067.17
2558 397874.50
2559 398830.50
2560 399866.50
2561 401019.00
2562 402266.00
2563 403573.00
2564 404940.00
2565 406367.00
2566 407854.00
2567 409401.00
2568 411008.00
2569 412675.00
2570 414402.00
2571 416189.00
2572 418036.00
2573 419943.00
2574 421910.00
2575 423937.00
2576 426024.00
2577 428171.00
2578 430378.00
2579 432645.00
2580 434972.00
2581 437604.83
2582 440789.17
2583 444279.17
2584 447829.17
2585 451439.17
2586 455610.17
2587 460404.33
2588 465399.17
2589 470651.00
2590 476141.67
2591 481830.17
2592 487722.17
2593 493730.17
2594 499778.17
2595 505990.67
2596 512454.17
2597 519093.17
2598 527129.67
2599 536494.67
2600 545859.67
2601 555224.67
2602 564589.67
2603 573954.67
2604 583319.67
2605 592684.67
2606 602049.67
2607 611414.67
2608 620779.67
2609 630144.67
2610 639509.67
2611 648874.67
2612 658239.67
2613 667604.67
2614 676969.67
2615 686334.67
2616 695699.67
2617 705064.67
2618 714429.67
2619 723794.67
2620 733159.67
2621 742524.67
2622 751889.67
2623 761254.67
2624 770619.67
2625 779984.67
2626 789349.67
2627 798714.67
2628 808079.67
2629 817444.67
2630 826809.67
2631 836174.67
2632 845539.67
2633 854904.67
2634 864269.67
2635 873634.67
2636 882999.67
2637 892364.67
2638 901729.67
2639 911094.67
2640 920459.67
2641 1631400.17
2642 787410.33
2643 778408.33
2644 769410.33
2645 760416.33
2646 751426.33
2647 742440.33
2648 733458.33
2649 724480.33
2650 715506.33
2651 706536.33
2652 697621.83
2653 688821.33
2654 680085.33
2655 671357.33
2656 662637.33
2657 653983.33
2658 645608.17
2659 637614.00
2660 629840.00
2661 622241.50
2662 614839.00
2663 607527.00
2664 600243.00
2665 592987.00
2666 585821.00
2667 578817.00
2668 571915.00
2669 565045.00
2670 558207.00
2671 551401.00
2672 544627.00
2673 537885.00
2674 531175.00
2675 524588.50
2676 518270.50
2677 512184.00
2678 506188.00
2679 500232.00
2680 494761.00
2681 489779.00
2682 484845.00
2683 480002.33
2684 475383.17
2685 471034.17
2686 466825.17
2687 462668.17
2688 458563.17
2689 454510.17
2690 450509.17
2691 446560.17
2692 442864.17
2693 440033.50
2694 437875.83
2695 435778.83
2696 433733.83
2697 431740.83
2698 429799.83
2699 427914.33
2700 426095.83
2701 424340.83
2702 422710.33
2703 421231.33
2704 419886.50
2705 418702.17
2706 417621.17
2707 416588.17
2708 415603.17
2709 414666.17
2710 413808.17
2711 413116.00
2712 412615.33
2713 412221.33
2714 411879.33
2715 411589.33
2716 411351.33
2717 411165.33
2718 411239.17
2719 411779.00
2720 412575.00
2721 414069.00
2722 416260.00
2723 418497.00
2724 420780.00
2725 423410.00
2726 426389.00
2727 429471.00
2728 432882.50
2729 436564.50
2730 440291.00
2731 444201.00
2732 448286.00
2733 452405.00
2734 456558.00
2735 461014.50
2736 466883.50
2737 473911.00
2738 480978.00
2739 488059.00
2740 495154.00
2741 502263.00
2742 509386.00
2743 516523.00
2744 523674.00
2745 530839.00
2746 538018.00
2747 545211.00
2748 552435.50
2749 559770.50
2750 567196.50
2751 574632.50
2752 582078.50
2753 589534.50
2754 597000.50
2755 604476.50
2756 611962.50
2757 619458.50
2758 626964.50
2759 634480.50
2760 642006.50
2761 649542.50
2762 657088.50
2763 664644.50
2764 672210.50
2765 679786.50
2766 687372.50
2767 694968.50
2768 702574.50
2769 710190.50
2770 717816.50
2771 725452.50
2772 733098.50
2773 740754.50
2774 748420.50
2775 756096.50
2776 763782.50
2777 771478.50
2778 779184.50
2779 786900.50
2780 794921.50
2781 803244.50
2782 811571.50
2783 819902.50
2784 828237.50
2785 836576.50
2786 844919.50
2787 853266.50
2788 861617.50
2789 869972.50
2790 878331.50
2791 886694.50
2792 895061.50
2793 903432.50
2794 911807.50
2795 920186.50
2796 928569.50
2797 936956.50
2798 945347.50
2799 953742.50
2800 962141.50
2801 970544.50
2802 978951.50
2803 987362.50
2804 995777.50
2805 1004196.50
2806 1012619.50
2807 1021046.50
2808 1029477.50
2809 1037912.50
2810 1046351.50
2811 1054794.50
2812 1063241.50
2813 1071692.50
2814 1080147.50
2815 1088606.50
2816 1097069.50
2817 1105536.50
2818 1114007.50
2819 1122482.50
2820 1130961.50
2821 1139444.50
2822 1147931.50
2823 1156422.50
2824 1164917.50
2825 1173416.50
2826 1181919.50
2827 1190426.50
2828 1198937.50
2829 1207452.50
2830 1215971.50
2831 1224494.50
2832 1233021.50
2833 1241552.50
2834 1250087.50
2835 1258626.50
2836 1267169.50
2837 1275716.50
2838 1284267.50
2839 1292822.50
2840 1301381.50
2841 1309944.50
2842 1318511.50
2843 1327082.50
2844 1335657.50
2845 1344236.50
2846 1352819.50
2847 1361406.50
2848 1369997.50
2849 1378592.50
2850 1387191.50
2851 1395794.50
2852 1404401.50
2853 1413012.50
2854 1421627.50
2855 1430246.50
2856 1438869.50
2857 1447496.50
2858 1456127.50
2859 1464762.50
2860 1473401.50
2861 1482044.50
2862 1490691.50
2863 1499342.50
2864 1507997.50
2865 1516656.50
2866 1525319.50
2867 1533986.50
2868 1542657.50
2869 1551332.50
2870 1560011.50
2871 1568694.50
2872 1577381.50
2873 1586072.50
2874 1594767.50
2875 1603466.50
2876 1612169.50
2877 1620876.50
2878 1629587.50
2879 1638302.50
2880 1647021.50
2881 1655744.50
2882 1664471.50
2883 1673202.50
2884 1681937.50
2885 1690676.50
2886 1699419.50
2887 1708166.50
2888 1716917.50
2889 1725672.50
2890 1734431.50
2891 1743194.50
2892 1751961.50
2893 1760732.50
2894 1769507.50
2895 1778286.50
2896 1787069.50
2897 1795856.50
2898 1804647.50
2899 1813442.50
2900 1822241.50
2901 1831044.50
2902 1839851.50
2903 1848662.50
2904 1857477.50
2905 1866296.50
2906 1875119.50
2907 1883946.50
2908 1892777.50
2909 1901612.50
2910 1910451.50
2911 1919294.50
2912 1928141.50
2913 1936992.50
2914 1945847.50
2915 1954706.50
2916 1963569.50
2917 1972436.50
2918 1981307.50
2919 1990182.50
2920 1999061.50
2921 2007944.50
2922 2016831.50
2923 2025722.50
2924 2034617.50
2925 2043516.50
2926 2052419.50
2927 2061326.50
2928 2070237.50
2929 2690103.17
2930 1053786.00
2931 1047514.00
2932 1041270.00
2933 1035054.00
2934 1028866.00
2935 1022706.00
2936 1016574.00
2937 1010470.00
2938 1004689.00
2939 999728.50
2940 995297.50
2941 990902.50
2942 986617.50
2943 982794.00
2944 979362.00
2945 975974.00
2946 972682.00
2947 969552.50
2948 966790.00
2949 964327.00
2950 961906.00
2951 959740.00
2952 957885.00
2953 956132.00
2954 954429.00
2955 953048.50
2956 951990.50
2957 951049.67
2958 950293.33
2959 949654.33
2960 949065.33
2961 948526.33
2962 948037.33
2963 947598.33
2964 947209.33
2965 946870.33
2966 946581.33
2967 946362.33
2968 946216.83
2969 946124.83
2970 946082.83
2971 946114.33
2972 946415.83
2973 946970.83
2974 947582.83
2975 948244.83
2976 949142.83
2977 950749.83
2978 953015.00
2979 955466.33
2980 957984.00
2981 960660.67
2982 963615.67
2983 966990.00
2984 970926.00
2985 975192.00
2986 979506.00
2987 984043.00
2988 988803.00
2989 993603.00
2990 998443.00
2991 1003323.00
2992 1008243.00
2993 1013203.00
2994 1018203.00
2995 1023243.00
2996 1028323.00
2997 1033443.00
2998 1038603.00
2999 1043803.00
3000 1049043.00
3001 1054323.00
3002 1059643.00
3003 1065618.00
3004 1072386.00
3005 1079322.00
3006 1086278.00
3007 1093254.00
3008 1100250.00
3009 1107266.00
3010 1114302.00
3011 1121377.17
3012 1128536.50
3013 1135785.67
3014 1143077.67
3015 1150385.67
3016 1157709.67
3017 1165049.67
3018 1172405.67
3019 1179777.67
3020 1187165.67
3021 1194569.67
3022 1201989.67
3023 1209425.67
3024 1216877.67
3025 1224345.67
3026 1231829.67
3027 1239658.67
3028 1247960.67
3029 1256404.67
3030 1264860.67
3031 1273328.67
3032 1281808.67
3033 1290300.67
3034 1298804.67
3035 1307320.67
3036 1315848.67
3037 1324388.67
3038 1332940.67
3039 1341504.67
3040 1350080.67
3041 1358696.67
3042 1367366.17
3043 1376059.17
3044 1384760.17
3045 1393469.17
3046 3933117.83
3047 3501038.17
3048 3504923.17
3049 6265310.00
3050 3900974.83
3051 3897219.83
3052 3893740.67
3053 3890375.67
3054 3887066.67
3055 3883813.67
3056 3880616.67
3057 3877488.17
3058 3874700.17
3059 3872341.17
3060 3870333.50
3061 3868670.33
3062 3867158.33
3063 3865704.33
3064 3864308.33
3065 3863037.50
3066 3861959.17
3067 3861041.00
3068 3860252.33
3069 3859560.33
3070 3858930.33
3071 3858818.33
3072 3859271.33
3073 3860064.83
3074 3861319.83
3075 4562104.83
3076 988933.33
3077 981217.33
3078 973521.33
3079 965845.33
3080 958189.33
3081 950698.83
3082 943375.83
3083 936076.83
3084 928801.83
3085 921550.83
3086 915424.33
3087 910483.83
3088 905637.83
3089 900833.83
3090 896071.83
3091 891378.17
3092 886785.50
3093 882275.00
3094 877816.00
3095 873519.00
3096 869663.00
3097 866132.00
3098 862647.00
3099 859208.00
3100 855815.00
3101 852468.00
3102 849167.00
3103 846238.00
3104 843683.00
3105 841178.00
3106 838906.50
3107 837558.00
3108 836955.00
3109 836414.00
3110 835994.00
3111 836129.50
3112 836972.17
3113 838141.83
3114 839472.83
3115 840931.00
3116 842622.67
3117 844656.67
3118 846878.67
3119 849156.67
3120 851490.67
3121 853880.67
3122 856326.67
3123 858911.17
3124 861760.50
3125 864834.33
3126 868004.33
3127 871226.33
3128 874500.33
3129 877826.33
3130 881226.00
3131 884816.67
3132 888671.17
3133 892859.17
3134 897515.67
3135 902492.67
3136 907550.67
3137 912871.50
3138 918928.33
3139 925683.33
3140 932657.33
3141 939651.33
3142 946665.33
3143 953699.33
3144 960753.33
3145 967827.33
3146 974921.33
3147 982035.33
3148 989212.67
3149 996496.50
3150 1003843.50
3151 1011210.50
3152 1018597.50
3153 1026004.50
3154 1033431.50
3155 1040878.50
3156 1048345.50
3157 1055832.50
3158 1063339.50
3159 2861657.83
3160 2590626.33
3161 2594485.33
3162 2598396.33
3163 2602359.33
3164 2606426.33
3165 2610621.83
3166 2614889.83
3167 2619201.83
3168 2623557.83
3169 2627957.83
3170 2632401.83
3171 2636889.83
3172 2641421.83
3173 2646098.33
3174 2650991.83
3175 2655999.83
3176 2661047.83
3177 2666311.33
3178 2671790.33
3179 2677309.33
3180 2682868.33
3181 2688467.33
3182 2694106.33
3183 2699816.83
3184 10147060.00
3185 8769679.00
3186 8767512.00
3187 8765379.00
3188 8763280.00
3189 8761269.50
3190 8759368.00
3191 8757523.00
3192 8755716.00
3193 8753947.00
3194 8752216.00
3195 8750523.00
3196 8748868.00
3197 8747736.00
3198 8747158.67
3199 8746680.67
3200 8746288.50
3201 8745954.50
3202 8745846.50
3203 8745965.00
3204 8746126.00
3205 8746423.50
3206 8746962.00
3207 8747645.00
3208 12312234.50
3209 7844582.33
3210 7838700.33
3211 7832836.33
3212 7826990.33
3213 7821162.33
3214 7815352.33
3215 7809560.33
3216 7803786.33
3217 7798030.33
3218 7792292.33
3219 7786572.33
3220 7780870.33
3221 7775186.33
3222 7769520.33
3223 7763885.83
3224 7758282.83
3225 7752697.83
3226 7747130.83
3227 7741581.83
3228 7736168.83
3229 7731011.83
3230 7725994.83
3231 7720999.83
3232 7716026.83
3233 8154902.00
3234 1668727.50
3235 1659240.50
3236 1649753.50
3237 1640266.50
3238 1630779.50
3239 1621292.50
3240 1611805.50
3241 1602318.50
3242 1592831.50
3243 1583344.50
3244 1573857.50
3245 1564370.50
3246 1554883.50
3247 1545396.50
3248 1535909.50
3249 1526422.50
3250 1516935.50
3251 1507448.50
3252 1497961.50
3253 1488474.50
3254 1478987.50
3255 1469500.50
3256 1460013.50
3257 1450526.50
3258 1441039.50
3259 1431552.50
3260 1422065.50
3261 1412578.50
3262 1403091.50
3263 1393604.50
3264 1384117.50
3265 1374630.50
3266 1365143.50
3267 1355656.50
3268 1346169.50
3269 1336682.50
3270 1327195.50
3271 1317708.50
3272 1308221.50
3273 1298734.50
3274 1289247.50
3275 1279760.50
3276 1270273.50
3277 1260786.50
3278 1251299.50
3279 1241812.50
3280 1232325.50
3281 1222838.50
3282 1213351.50
3283 1203864.50
3284 1194377.50
3285 1184890.50
3286 1175403.50
3287 1165916.50
3288 1156429.50
3289 1146942.50
3290 1137455.50
3291 1127968.50
3292 1118481.50
3293 1108994.50
3294 1099507.50
3295 1090020.50
3296 1080533.50
3297 1071046.50
3298 1061559.50
3299 1052072.50
3300 1042585.50
3301 1033098.50
3302 1023611.50
3303 1014124.50
3304 1004637.50
3305 995150.50
3306 985663.50
3307 976176.50
3308 966689.50
3309 957202.50
3310 947715.50
3311 938228.50
3312 928741.50
3313 919254.50
3314 909767.50
3315 900280.50
3316 890793.50
3317 881306.50
3318 871819.50
3319 862332.50
3320 852845.50
3321 843358.50
3322 833871.50
3323 824384.50
3324 814897.50
3325 805410.50
3326 795971.00
3327 786652.50
3328 777512.00
3329 768480.00
3330 759456.00
3331 750440.00
3332 741432.00
3333 732432.00
3334 723440.00
3335 714456.00
3336 705488.50
3337 696582.50
3338 687769.00
3339 679007.00
3340 670297.50
3341 661688.33
3342 653155.17
3343 644659.17
3344 636376.17
3345 628301.17
3346 620250.17
3347 612223.17
3348 604220.17
3349 596241.17
3350 588286.17
3351 580355.17
3352 572448.17
3353 564618.50
3354 557419.33
3355 550822.33
3356 544283.33
3357 537781.33
3358 531430.83
3359 525361.17
3360 519463.50
3361 513773.00
3362 508442.50
3363 503384.50
3364 498441.50
3365 493542.50
3366 488687.50
3367 483876.50
3368 479109.50
3369 474386.50
3370 469730.00
3371 465151.00
3372 460655.00
3373 456235.00
3374 451966.00
3375 447950.33
3376 444093.17
3377 440294.17
3378 436551.17
3379 432935.33
3380 429519.50
3381 426234.50
3382 423009.50
3383 419844.50
3384 416739.50
3385 413694.50
3386 410709.50
3387 407784.50
3388 404971.50
3389 402337.00
3390 399842.50
3391 397462.00
3392 395222.50
3393 393082.50
3394 391000.50
3395 388976.50
3396 387010.50
3397 385102.50
3398 383252.50
3399 381506.50
3400 379910.50
3401 378418.50
3402 376984.50
3403 375608.50
3404 374290.50
3405 373030.50
3406 371828.50
3407 370684.50
3408 369603.50
3409 368618.00
3410 367797.50
3411 367164.83
3412 366829.17
3413 366737.17
3414 366751.67
3415 366917.17
3416 367487.67
3417 368418.67
3418 369411.67
3419 370498.17
3420 371746.17
3421 373159.67
3422 374670.67
3423 376243.67
3424 377878.67
3425 379575.67
3426 381414.33
3427 383541.00
3428 385874.00
3429 388265.00
3430 391699.50
3431 396167.50
3432 400673.50
3433 405217.50
3434 409799.50
3435 414419.50
3436 419077.50
3437 423773.50
3438 428507.50
3439 433279.50
3440 438089.50
3441 442937.50
3442 447823.50
3443 453026.00
3444 458988.50
3445 465495.50
3446 472095.50
3447 478717.50
3448 485658.50
3449 492916.50
3450 500192.50
3451 507486.50
3452 514798.50
3453 522128.50
3454 529476.50
3455 536842.50
3456 544226.50
3457 551628.50
3458 559048.50
3459 566486.50
3460 573942.50
3461 581416.50
3462 588908.50
3463 596418.50
3464 603973.00
3465 611573.00
3466 619190.00
3467 626821.00
3468 634466.00
3469 642125.00
3470 649798.00
3471 657485.00
3472 665186.00
3473 672901.00
3474 680630.00
3475 688373.00
3476 696130.00
3477 703901.00
3478 711872.00
3479 720244.00
3480 728830.00
3481 737428.00
3482 746038.00
3483 754660.00
3484 763294.00
3485 771940.00
3486 780598.00
3487 789268.00
3488 797950.00
3489 806644.00
3490 815737.50
3491 825224.50
3492 834711.50
3493 844198.50
3494 853685.50
3495 863172.50
3496 872659.50
3497 882146.50
3498 891633.50
3499 901120.50
3500 910607.50
3501 920094.50
3502 929581.50
3503 939068.50
3504 948555.50
3505 958042.50
3506 967529.50
3507 977016.50
3508 986503.50
3509 995990.50
3510 1005477.50
3511 1014964.50
3512 1024451.50
3513 1033938.50
3514 1043425.50
3515 1052912.50
3516 1062399.50
3517 1071886.50
3518 1081373.50
3519 1090860.50
3520 1100347.50
3521 1109834.50
3522 1119321.50
3523 1128808.50
3524 1138295.50
3525 1147782.50
3526 1157269.50
3527 1166756.50
3528 1176243.50
3529 1185730.50
3530 1195217.50
3531 1204704.50
3532 1214191.50
3533 1223678.50
3534 1233165.50
3535 1242652.50
3536 1252139.50
3537 1261626.50
3538 1271113.50
3539 1280600.50
3540 1290087.50
3541 1299574.50
3542 1309061.50
3543 1318548.50
3544 1328035.50
3545 1337522.50
3546 1347009.50
3547 1356496.50
3548 1365983.50
3549 1375470.50
3550 1384957.50
3551 1394444.50
3552 1403931.50
3553 1413418.50
3554 1422905.50
3555 1432392.50
3556 1441879.50
3557 1451366.50
3558 1460853.50
3559 1470340.50
3560 1479827.50
3561 1489314.50
3562 1498801.50
3563 1508288.50
3564 1517775.50
3565 1527262.50
3566 1536749.50
3567 1546236.50
3568 1555723.50
3569 1565210.50
3570 1574697.50
3571 1584184.50
3572 1593671.50
3573 1603158.50
3574 1612645.50
3575 1622132.50
3576 1631619.50
3577 1641106.50
3578 1650593.50
3579 1660080.50
3580 1669567.50
3581 1679054.50
3582 5815777.50
3583 4825822.83
3584 4823570.83
3585 4821362.83
3586 4819198.83
3587 4817078.83
3588 4815077.83
3589 4813487.33
3590 4812234.33
3591 4811029.33
3592 4809872.33
3593 4808862.83
3594 4808002.83
3595 4807194.83
3596 4806438.83
3597 4805742.33
3598 4805221.50
3599 4804975.00
3600 4804888.83
3601 4804856.83
3602 4804876.83
3603 4804948.83
3604 4805072.83
3605 4805248.83
3606 4805476.83
3607 4805756.83
3608 4806088.83
3609 4806472.83
3610 4806908.83
3611 4807461.67
3612 4808326.17
3613 4809564.83
3614 4810982.33
3615 4812458.67
3616 4814001.00
3617 4815600.00
3618 4817295.00
3619 4819141.50
3620 4821100.00
3621 4823115.00
3622 4825178.00
3623 4827289.00
3624 4829448.00
3625 4831655.00
3626 4833910.00
3627 4836234.00
3628 4838718.00
3629 4841341.00
3630 4844293.50
3631 4847679.50
3632 4851424.50
3633 4855450.00
3634 4859545.00
3635 4863680.00
3636 4867855.00
3637 4872070.00
3638 4876325.00
3639 4880620.00
3640 7300595.83
3641 3308721.17
3642 3300494.17
3643 3292273.17
3644 3284058.17
3645 3275849.17
3646 3267646.17
3647 3259544.67
3648 3251567.67
3649 3243621.67
3650 3235685.67
3651 3227759.67
3652 3219865.17
3653 3212004.17
3654 3204157.17
3655 3196324.17
3656 3188505.17
3657 3180706.67
3658 3173030.67
3659 3165470.67
3660 3157924.67
3661 3150392.67
3662 3142874.67
3663 3135370.67
3664 3127880.67
3665 3120404.67
3666 3112942.67
3667 3105494.67
3668 3098060.67
3669 3090640.67
3670 3083234.67
3671 3075842.67
3672 3068464.67
3673 3061100.67
3674 3053750.67
3675 3046414.67
3676 3039305.67
3677 3032427.67
3678 3025571.67
3679 3018737.67
3680 3011938.17
3681 3005215.67
3682 3258008.50
3683 1363806.17
3684 1354743.17
3685 1345688.17
3686 1336641.17
3687 1327602.17
3688 1318571.17
3689 1309548.17
3690 1300533.17
3691 1291526.17
3692 1282527.17
3693 1273536.17
3694 1264553.17
3695 1255578.17
3696 1246611.17
3697 1237652.17
3698 1228701.17
3699 1219758.17
3700 1210823.17
3701 1201896.17
3702 1192977.17
3703 1184066.17
3704 1175163.17
3705 1166268.17
3706 1157381.17
3707 1148502.17
3708 1139631.17
3709 1130768.17
3710 1121913.17
3711 1113066.17
3712 1104227.17
3713 1095396.17
3714 1086573.17
3715 1077758.17
3716 1068951.17
3717 1060152.17
3718 1051361.17
3719 1042578.17
3720 1033803.17
3721 1025036.17
3722 1016277.17
3723 1007526.17
3724 998783.17
3725 990048.17
3726 981321.17
3727 972602.17
3728 963891.17
3729 955188.17
3730 946493.17
3731 937806.17
3732 929127.17
3733 920456.17
3734 911793.17
3735 903138.17
3736 894491.17
3737 885852.17
3738 877221.17
3739 868598.17
3740 859983.17
3741 851473.67
3742 843175.17
3743 834999.17
3744 826842.17
3745 818697.17
3746 810564.17
3747 802443.17
3748 794334.17
3749 786237.17
3750 778152.17
3751 770079.17
3752 762018.17
3753 753969.17
3754 745932.17
3755 737907.17
3756 729894.17
3757 721893.17
3758 713904.17
3759 705927.17
3760 697962.17
3761 690009.17
3762 682068.17
3763 674139.17
3764 666222.17
3765 658317.17
3766 650424.17
3767 642543.17
3768 634674.17
3769 626996.17
3770 619645.67
3771 612445.67
3772 605261.67
3773 598093.67
3774 590968.17
3775 583916.67
3776 576914.67
3777 569932.67
3778 562970.67
3779 556028.67
3780 549106.67
3781 542204.67
3782 535322.67
3783 528460.67
3784 521618.67
3785 514796.67
3786 507994.67
3787 501212.67
3788 494450.67
3789 487708.67
3790 481007.17
3791 474429.17
3792 467960.17
3793 461523.17
3794 455118.17
3795 448745.17
3796 442404.17
3797 436215.17
3798 430329.67
3799 424629.67
3800 418988.50
3801 413528.00
3802 408326.83
3803 403672.17
3804 399583.83
3805 395881.83
3806 392506.83
3807 389285.33
3808 386881.33
3809 385243.33
3810 383665.00
3811 382230.83
3812 381096.33
3813 380318.50
3814 379763.33
3815 379347.00
3816 379102.67
3817 379069.67
3818 379312.33
3819 379935.67
3820 380869.83
3821 381938.33
3822 383101.83
3823 384334.83
3824 385611.83
3825 386983.33
3826 388556.83
3827 390337.83
3828 392345.17
3829 394766.67
3830 397488.83
3831 400265.83
3832 403082.83
3833 405939.83
3834 408836.83
3835 411773.83
3836 414750.83
3837 417767.83
3838 420824.83
3839 423921.83
3840 427058.83
3841 430235.83
3842 433615.83
3843 437276.33
3844 441052.33
3845 444864.33
3846 448712.33
3847 452596.33
3848 456570.83
3849 460925.83
3850 465600.83
3851 470299.83
3852 475022.83
3853 479769.83
3854 484540.83
3855 489335.83
3856 494154.83
3857 498997.83
3858 503864.83
3859 508755.83
3860 513670.83
3861 518609.83
3862 523572.83
3863 528559.83
3864 533570.83
3865 538605.83
3866 545197.83
3867 553337.83
3868 561483.83
3869 569635.83
3870 577793.83
3871 585957.83
3872 594127.83
3873 602303.83
3874 610485.83
3875 618673.83
3876 626867.83
3877 635067.83
3878 643273.83
3879 651485.83
3880 659703.83
3881 667927.83
3882 676157.83
3883 684393.83
3884 692635.83
3885 700883.83
3886 709137.83
3887 717397.83
3888 725663.83
3889 733935.83
3890 742213.83
3891 750598.83
3892 759292.83
3893 768294.83
3894 777401.83
3895 786512.83
3896 795627.83
3897 804746.83
3898 813869.83
3899 822996.83
3900 832127.83
3901 1515853.00
3902 856428.83
3903 852623.17
3904 849221.17
3905 846070.17
3906 842973.17
3907 840184.17
3908 837962.67
3909 836058.67
3910 834216.67
3911 832707.67
3912 831531.67
3913 830497.33
3914 830540.00
3915 831576.00
3916 832666.00
3917 833996.00
3918 835882.17
3919 838293.33
3920 840937.83
3921 843657.83
3922 846425.83
3923 849241.83
3924 852105.83
3925 855017.83
3926 857977.83
3927 861615.33
3928 865920.33
3929 870253.33
3930 874614.33
3931 879003.33
3932 883420.33
3933 887865.33
3934 892338.33
3935 896839.33
3936 901368.33
3937 905925.33
3938 910626.83
3939 915986.50
3940 922004.67
3941 928165.67
3942 934408.67
3943 940840.67
3944 947403.67
3945 953990.67
3946 960601.67
3947 967236.67
3948 973895.67
3949 980578.67
3950 987285.67
3951 994016.67
3952 1000771.67
3953 1007550.67
3954 1014353.67
3955 1021180.67
3956 1028031.67
3957 1034906.67
3958 1041805.67
3959 1048926.50
3960 1056477.83
3961 1064271.33
3962 1072092.33
3963 1079925.33
3964 1087770.33
3965 1095627.33
3966 1103518.33
3967 1111684.33
3968 1120101.33
3969 1128526.33
3970 1136959.33
3971 1145400.33
3972 1153849.33
3973 1162306.33
3974 1170771.33
3975 1179244.33
3976 1187725.33
3977 1196214.33
3978 1204711.33
3979 1213216.33
3980 1221729.33
3981 1230250.33
3982 1238779.33
3983 1247316.33
3984 1255861.33
3985 1264414.33
3986 1272975.33
3987 1281544.33
3988 1290121.33
3989 1298706.33
3990 1307299.33
3991 1315900.33
3992 1324509.33
3993 1333126.33
3994 1341751.33
3995 1350384.33
3996 1359025.33
3997 1367674.33
3998 1376331.33
3999 1384996.33
4000 1393669.33
4001 1402350.33
4002 1411039.33
4003 1419736.33
4004 1428441.33
4005 1437154.33
4006 1445875.33
4007 1454604.33
4008 1463341.33
4009 1472086.33
4010 1480839.33
4011 1489600.33
4012 1498369.33
4013 1507146.33
4014 1515931.33
4015 1524724.33
4016 1533525.33
4017 1542334.33
4018 1551151.33
4019 1559976.33
4020 1568809.33
4021 1577650.33
4022 1586499.33
4023 1595356.33
4024 1604221.33
4025 1613094.33
4026 1621975.33
4027 1630864.33
4028 3340337.83
4029 2073545.50
4030 2068539.50
4031 2063581.50
4032 2058671.50
4033 2053809.50
4034 2048995.50
4035 2044229.50
4036 2039511.50
4037 2034942.50
4038 2030716.83
4039 2026827.67
4040 2023081.67
4041 2019385.67
4042 2015886.17
4043 2012583.17
4044 2009479.67
4045 2006727.17
4046 2004178.17
4047 2001706.83
4048 1999615.50
4049 1998118.50
4050 1996915.50
4051 1995911.17
4052 1995246.33
4053 1994780.33
4054 1994372.33
4055 1994022.33
4056 1993927.33
4057 1994201.83
4058 1994646.83
4059 1995145.83
4060 1995698.83
4061 1996305.83
4062 2234165.83
4063 882681.83
4064 874182.83
4065 865699.83
4066 857232.83
4067 848781.83
4068 840447.33
4069 832231.33
4070 824035.33
4071 815859.33
4072 807703.33
4073 799567.33
4074 791451.33
4075 783355.33
4076 775279.33
4077 767223.33
4078 759187.33
4079 751171.33
4080 743175.33
4081 735199.33
4082 727243.33
4083 719307.33
4084 711391.33
4085 703495.33
4086 696440.83
4087 691368.83
4088 687464.83
4089 683666.83
4090 680053.83
4091 676559.83
4092 673105.83
4093 669685.83
4094 666299.83
4095 662947.83
4096 659629.83
4097 656345.83
4098 653095.83
4099 649879.83
4100 646697.83
4101 643549.83
4102 640435.83
4103 637375.33
4104 634401.17
4105 631531.83
4106 628758.17
4107 626042.17
4108 623360.17
4109 620712.17
4110 618098.17
4111 615731.67
4112 614294.17
4113 613578.17
4114 612908.17
4115 612284.17
4116 611706.17
4117 611174.17
4118 610688.17
4119 610248.17
4120 609854.17
4121 609506.17
4122 609204.17
4123 608948.17
4124 608738.17
4125 609896.17
4126 612438.67
4127 615113.17
4128 617958.17
4129 620907.17
4130 623935.33
4131 627132.33
4132 630532.67
4133 634044.67
4134 637604.67
4135 641212.67
4136 644868.67
4137 648572.67
4138 652324.67
4139 1298506.83
4140 892320.50
4141 892713.17
4142 893261.33
4143 893917.33
4144 894633.33
4145 895409.33
4146 896245.33
4147 897141.33
4148 898097.33
4149 899123.00
4150 900323.67
4151 901784.17
4152 903446.17
4153 905408.17
4154 907695.17
4155 910149.17
4156 912702.83
4157 915477.00
4158 918613.00
4159 921949.00
4160 925333.00
4161 928765.00
4162 932719.00
4163 937208.50
4164 941761.50
4165 946366.50
4166 951035.00
4167 955826.50
4168 960778.50
4169 965831.50
4170 970936.50
4171 976277.50
4172 981860.50
4173 987499.50
4174 993199.33
4175 999010.17
4176 1004955.67
4177 1010985.67
4178 1017260.67
4179 1024156.17
4180 1031538.17
4181 1039019.17
4182 1046524.17
4183 1054053.17
4184 1061606.17
4185 1069183.17
4186 1076784.17
4187 1084653.17
4188 1092786.17
4189 1101101.17
4190 1109596.17
4191 1118103.17
4192 1126743.17
4193 1135649.67
4194 1144699.67
4195 1153757.67
4196 1162823.67
4197 1171897.67
4198 1180979.67
4199 1190069.67
4200 1199167.67
4201 1208273.67
4202 1217387.67
4203 1226509.67
4204 1235776.67
4205 1245186.67
4206 1254600.67
4207 1264018.67
4208 1273440.67
4209 1282866.67
4210 1292296.67
4211 1301730.67
4212 1311168.67
4213 1320610.67
4214 1330056.67
4215 1339506.67
4216 8349263.83
4217 7323838.33
4218 7320867.83
4219 7317971.83
4220 7315119.83
4221 7312311.83
4222 7309547.83
4223 7306827.83
4224 7304151.83
4225 7301519.83
4226 7299190.83
4227 7297235.83
4228 7295395.83
4229 7293599.83
4230 7291921.33
4231 7290376.33
4232 8307128.00
4233 6552784.50
4234 6550717.50
4235 6867052.17
4236 1138556.67
4237 1129079.67
4238 1119606.67
4239 1110137.67
4240 1100672.67
4241 1091211.67
4242 1081754.67
4243 1072301.67
4244 1062852.67
4245 1053407.67
4246 1043966.67
4247 1034529.67
4248 1025096.67
4249 1015667.67
4250 1006242.67
4251 996821.67
4252 987537.33
4253 978526.00
4254 969659.00
4255 960804.00
4256 951961.00
4257 943130.00
4258 934311.00
4259 925603.00
4260 917203.83
4261 909233.00
4262 901569.33
4263 894002.33
4264 886463.33
4265 878952.33
4266 871469.33
4267 864014.33
4268 856587.33
4269 849188.33
4270 841817.33
4271 834478.33
4272 827214.83
4273 820063.33
4274 812982.33
4275 805933.33
4276 798918.33
4277 791979.67
4278 785156.50
4279 778408.50
4280 771710.83
4281 765189.83
4282 758944.00
4283 752856.33
4284 746846.67
4285 740930.17
4286 735184.33
4287 729899.50
4288 725311.33
4289 721518.67
4290 718233.17
4291 715094.50
4292 712162.00
4293 709459.17
4294 706883.17
4295 704371.17
4296 701923.17
4297 699539.17
4298 697219.17
4299 694963.17
4300 692771.17
4301 690643.17
4302 688634.17
4303 686837.67
4304 685297.83
4305 683979.00
4306 682863.17
4307 681973.83
4308 681225.83
4309 680533.83
4310 679897.83
4311 679317.83
4312 678793.83
4313 678325.83
4314 677913.83
4315 677557.83
4316 677257.83
4317 677013.83
4318 676825.83
4319 676797.83
4320 676952.33
4321 677184.33
4322 677470.33
4323 677810.33
4324 1192424.67
4325 603026.67
4326 594724.67
4327 586434.67
4328 578156.67
4329 569890.67
4330 561636.67
4331 553394.67
4332 545179.67
4333 537202.33
4334 529646.00
4335 522304.00
4336 514982.00
4337 511078.50
4338 510610.50
4339 510196.50
4340 509863.50
4341 509783.50
4342 510064.50
4343 510585.50
4344 511210.50
4345 511887.50
4346 512616.50
4347 513397.50
4348 514230.50
4349 515243.00
4350 516579.33
4351 518129.67
4352 519784.67
4353 521954.67
4354 524865.50
4355 528248.33
4356 532189.33
4357 536525.33
4358 540905.33
4359 545329.33
4360 549817.33
4361 554485.00
4362 559610.67
4363 565104.67
4364 570664.67
4365 576260.67
4366 581892.67
4367 587561.67
4368 593350.67
4369 599256.67
4370 605194.67
4371 611164.67
4372 617223.17
4373 623396.17
4374 629625.17
4375 635882.17
4376 642291.67
4377 648855.67
4378 655451.67
4379 1207869.33
4380 701467.50
4381 691716.50
4382 681965.50
4383 672214.50
4384 662463.50
4385 652712.50
4386 642961.50
4387 633210.50
4388 623459.50
4389 613708.50
4390 603957.50
4391 594206.50
4392 584455.50
4393 574704.50
4394 564953.50
4395 555202.50
4396 545451.50
4397 535700.50
4398 525949.50
4399 516198.50
4400 506447.50
4401 496696.50
4402 486945.50
4403 477194.50
4404 467443.50
4405 457692.50
4406 447941.50
4407 438190.50
4408 428439.50
4409 418688.50
4410 408937.50
4411 399186.50
4412 389435.50
4413 379684.50
4414 369933.50
4415 360182.50
4416 350431.50
4417 340680.50
4418 330929.50
4419 321178.50
4420 311427.50
4421 301676.50
4422 291925.50
4423 282174.50
4424 272423.50
4425 262725.00
4426 255998.00
4427 252214.00
4428 248478.00
4429 244790.00
4430 241150.00
4431 237558.00
4432 234014.00
4433 230518.00
4434 227070.00
4435 223798.50
4436 220760.50
4437 217829.50
4438 215054.50
4439 213126.33
4440 212600.67
4441 212783.67
4442 213012.67
4443 213287.67
4444 213608.67
4445 213975.67
4446 214388.67
4447 214847.67
4448 215352.67
4449 215903.67
4450 216500.67
4451 217143.67
4452 218172.00
4453 220029.33
4454 222477.33
4455 225066.33
4456 227689.33
4457 230346.33
4458 233037.33
4459 235762.33
4460 238521.33
4461 241360.83
4462 244307.83
4463 247355.33
4464 250476.33
4465 253631.33
4466 256820.33
4467 260043.33
4468 263300.33
4469 266591.33
4470 269916.33
4471 273275.33
4472 276668.33
4473 280095.33
4474 283556.33
4475 287051.33
4476 290593.83
4477 294899.67
4478 300931.83
4479 308378.67
4480 316256.67
4481 324154.67
4482 332072.67
4483 340010.67
4484 347968.67
4485 355946.67
4486 363944.67
4487 371962.67
4488 380000.67
4489 388058.67
4490 396136.67
4491 404234.67
4492 412352.67
4493 420490.67
4494 428648.67
4495 436826.67
4496 445024.67
4497 453242.67
4498 461530.33
4499 469935.50
4500 478406.50
4501 486893.50
4502 495396.50
4503 503967.00
4504 513157.50
4505 522908.50
4506 532659.50
4507 542410.50
4508 552161.50
4509 561912.50
4510 571663.50
4511 581414.50
4512 591165.50
4513 600916.50
4514 610667.50
4515 620418.50
4516 630169.50
4517 639920.50
4518 649671.50
4519 659422.50
4520 669173.50
4521 678924.50
4522 688675.50
4523 698426.50
4524 708177.50
4525 717928.50
4526 727679.50
4527 737430.50
4528 747181.50
4529 756932.50
4530 766683.50
4531 776434.50
4532 786185.50
4533 795936.50
4534 805687.50
4535 815438.50
4536 825189.50
4537 834940.50
4538 844691.50
4539 854442.50
4540 864193.50
4541 873944.50
4542 883695.50
4543 893446.50
4544 903197.50
4545 912948.50
4546 922699.50
4547 932450.50
4548 942201.50
4549 1978345.17
4550 1424410.33
4551 1423685.33
4552 1423124.33
4553 1422623.33
4554 1422182.33
4555 1421801.33
4556 1421480.33
4557 1421219.33
4558 1421018.33
4559 1420877.33
4560 1420796.33
4561 1420775.33
4562 1420814.33
4563 1420951.67
4564 1421270.50
4565 1421844.33
4566 1422657.67
4567 1423598.67
4568 1424599.67
4569 1425660.67
4570 1426781.67
4571 1427962.67
4572 1429252.67
4573 1430757.67
4574 1432620.17
4575 1434732.17
4576 1436900.17
4577 1439158.67
4578 1441822.33
4579 1444880.00
4580 1448013.00
4581 1451194.00
4582 1454423.00
4583 1457700.00
4584 1461025.00
4585 1464398.00
4586 1467819.00
4587 1471288.00
4588 1474805.00
4589 1478424.83
4590 1482200.67
4591 1486075.67
4592 1489994.67
4593 1493957.67
4594 1497967.67
4595 1502248.17
4596 1506794.17
4597 1511380.17
4598 1516006.17
4599 1520672.17
4600 1525378.17
4601 1530124.17
4602 1534998.17
4603 1540161.67
4604 1545817.83
4605 1551864.50
4606 1558010.50
4607 1564196.50
4608 1570422.50
4609 1576688.50
4610 1583034.17
4611 1589528.00
4612 1596735.17
4613 1604636.67
4614 1612617.67
4615 1620618.67
4616 7805885.17
4617 7042134.67
4618 7044962.67
4619 7047844.67
4620 7050780.67
4621 7053825.17
4622 7057050.67
4623 7060463.67
4624 7064033.67
4625 7067728.67
4626 7071500.67
4627 7075314.67
4628 7079170.67
4629 10567747.50
4630 5229969.17
4631 5222457.17
4632 5214994.17
4633 5207606.83
4634 5200302.50
4635 5193045.50
4636 5185808.50
4637 5178626.50
4638 5171547.50
4639 5164603.50
4640 5157750.50
4641 5150925.50
4642 5144128.50
4643 5137359.50
4644 5182827.67
4645 463567.17
4646 453685.17
4647 444107.67
4648 435221.17
4649 426733.17
4650 418269.17
4651 409829.17
4652 401413.17
4653 393021.17
4654 384653.17
4655 376309.17
4656 367989.17
4657 359693.17
4658 351421.17
4659 343265.67
4660 335244.67
4661 327267.67
4662 319318.67
4663 311397.67
4664 303504.67
4665 295639.67
4666 287802.67
4667 279993.67
4668 272301.17
4669 264851.67
4670 257558.67
4671 250297.67
4672 243068.67
4673 235871.67
4674 228706.67
4675 222260.17
4676 216540.17
4677 210868.17
4678 205244.17
4679 199668.17
4680 194140.17
4681 188660.17
4682 183360.67
4683 178284.17
4684 173298.17
4685 168360.17
4686 163470.17
4687 158628.17
4688 153834.17
4689 149088.17
4690 144390.17
4691 139740.17
4692 135376.67
4693 131477.00
4694 127995.33
4695 124788.83
4696 121670.83
4697 118612.83
4698 115614.83
4699 112676.83
4700 109798.83
4701 106980.83
4702 104609.83
4703 105822.33
4704 112952.83
4705 122834.83
4706 1568395.67
4707 1456537.33
4708 1459301.33
4709 1462125.33
4710 1465009.33
4711 1467953.33
4712 1470957.33
4713 1474021.33
4714 1477145.33
4715 1480357.83
4716 1483845.50
4717 1487751.17
4718 1492120.67
4719 1496776.67
4720 1501480.67
4721 1506232.67
4722 1511032.67
4723 1515880.67
4724 1520776.67
4725 1525720.67
4726 1530712.67
4727 1535795.17
4728 1541100.67
4729 1546586.67
4730 1552120.67
4731 1557702.67
4732 1563332.67
4733 1569010.67
4734 1574736.67
4735 1581188.17
4736 1588357.17
4737 1595558.17
4738 1602791.17
4739 1610056.17
4740 1617353.17
4741 1624806.67
4742 1632503.17
4743 1640316.17
4744 1648157.17
4745 1656026.17
4746 1663923.17
4747 1671848.17
4748 1679801.17
4749 1687782.17
4750 1695807.17
4751 1703966.67
4752 1712242.67
4753 1720542.67
4754 1728866.67
4755 1737214.67
4756 1745586.67
4757 1753982.67
4758 1762402.67
4759 1770846.67
4760 1779314.67
4761 4992985.33
4762 3435173.83
4763 3427025.83
4764 3418948.83
4765 3410944.83
4766 3402956.83
4767 3394984.83
4768 3387028.83
4769 3379088.83
4770 3371164.83
4771 3363727.83
4772 3356796.33
4773 3349901.33
4774 3343026.33
4775 3336171.33
4776 3329336.33
4777 3322521.33
4778 3315726.33
4779 3308951.33
4780 3302288.83
4781 3295833.33
4782 3289494.33
4783 3283216.33
4784 3277068.33
4785 3271044.33
4786 3265075.33
4787 3259130.33
4788 3253209.33
4789 3247312.33
4790 3241439.33
4791 3235590.33
4792 3229765.33
4793 3224169.83
4794 3219165.83
4795 3214660.33
4796 3210405.83
4797 3206368.33
4798 3202466.83
4799 3198630.83
4800 3194834.83
4801 3191078.83
4802 3187362.83
4803 3183686.83
4804 3180050.83
4805 3176514.17
4806 3173158.50
4807 3850955.33
4808 997632.33
4809 992078.33
4810 986564.33
4811 981090.33
4812 975656.33
4813 970262.33
4814 964908.33
4815 959820.83
4816 955017.83
4817 950274.83
4818 945600.33
4819 941068.17
4820 936704.00
4821 932436.00
4822 928216.00
4823 924044.00
4824 919920.00
4825 915844.00
4826 911997.50
4827 908426.50
4828 904951.50
4829 901528.50
4830 898157.50
4831 894884.50
4832 891791.00
4833 888870.00
4834 886046.00
4835 883286.00
4836 880590.00
4837 877958.00
4838 875390.00
4839 872886.00
4840 870446.00
4841 868562.50
4842 867827.33
4843 867846.17
4844 868025.17
4845 868429.17
4846 869409.67
4847 870826.17
4848 872322.17
4849 873868.17
4850 875464.17
4851 877110.17
4852 878806.17
4853 880698.33
4854 882990.33
4855 885594.17
4856 888491.67
4857 891624.67
4858 894807.67
4859 898040.67
4860 901323.67
4861 904687.17
4862 908736.67
4863 914009.17
4864 919890.17
4865 925813.67
4866 931822.67
4867 937904.67
4868 944090.83
4869 950455.50
4870 957018.00
4871 963700.00
4872 970402.00
4873 977124.00
4874 983866.00
4875 990628.00
4876 997410.00
4877 1004212.00
4878 1011034.00
4879 1017876.00
4880 1024738.00
4881 1031624.50
4882 1038891.00
4883 1046529.00
4884 1054179.00
4885 1061841.00
4886 1069515.00
4887 1077201.00
4888 1084899.00
4889 1092609.00
4890 1100331.00
4891 1108065.00
4892 1115811.00
4893 1123569.00
4894 1131432.00
4895 1139610.00
4896 1148008.00
4897 1156472.00
4898 1165221.50
4899 1174196.50
4900 4014282.83
4901 3779346.17
4902 3781177.67
4903 3783248.83
4904 3785551.50
4905 3787986.50
4906 3790471.50
4907 6013868.83
4908 3962635.67
4909 3954623.67
4910 3946623.67
4911 3938635.67
4912 3930659.67
4913 3922695.67
4914 3914743.67
4915 3906803.67
4916 3898875.67
4917 3890959.67
4918 3883055.67
4919 3875163.67
4920 3867283.67
4921 3859415.67
4922 3851559.67
4923 3843715.67
4924 3835883.67
4925 3828063.67
4926 3820255.67
4927 3812459.67
4928 3804675.67
4929 3796903.67
4930 3789143.67
4931 3781395.67
4932 3773659.67
4933 3765935.67
4934 3758223.67
4935 3750523.67
4936 3742835.67
4937 3735159.67
4938 3727495.67
4939 3719843.67
4940 3712203.67
4941 3704575.67
4942 3863499.67
4943 1230846.50
4944 1221350.50
4945 1211854.50
4946 1202358.50
4947 1192862.50
4948 1183366.50
4949 1173870.50
4950 1164374.50
4951 1154878.50
4952 1145382.50
4953 1135886.50
4954 1126390.50
4955 1116951.00
4956 1107626.50
4957 1098362.50
4958 1089102.50
4959 1079846.50
4960 1070617.00
4961 1061513.00
4962 1052514.00
4963 1043523.00
4964 1034540.00
4965 1025565.00
4966 1016598.00
4967 1007639.00
4968 998688.00
4969 989745.00
4970 980810.00
4971 971883.00
4972 963030.50
4973 954254.50
4974 945490.50
4975 936738.50
4976 927998.50
4977 919270.50
4978 910554.50
4979 901850.50
4980 893158.50
4981 884478.50
4982 875810.50
4983 867154.50
4984 858510.50
4985 849878.50
4986 841258.50
4987 832650.50
4988 824054.50
4989 815470.50
4990 806898.50
4991 798338.50
4992 789790.50
4993 781329.83
4994 773036.50
4995 764840.83
4996 756666.83
4997 748512.83
4998 740449.50
4999 732545.67
5000 724728.67
5001 716927.67
5002 709142.67
5003 701373.67
5004 693620.67
5005 685904.50
5006 678251.17
5007 670646.00
5008 663065.00
5009 655504.00
5010 647963.00
5011 640442.00
5012 633006.50
5013 625810.50
5014 618790.50
5015 611794.50
5016 604822.50
5017 597874.50
5018 590950.50
5019 584050.50
5020 577174.50
5021 570322.50
5022 563494.50
5023 556690.50
5024 549941.33
5025 543279.67
5026 536676.67
5027 530101.67
5028 523554.67
5029 517035.67
5030 510544.67
5031 504081.67
5032 497646.67
5033 491239.67
5034 484860.67
5035 478509.67
5036 472186.67
5037 465891.67
5038 459731.17
5039 453882.67
5040 448241.67
5041 442632.67
5042 437055.67
5043 431510.67
5044 425997.67
5045 420516.67
5046 415114.00
5047 409838.17
5048 404646.00
5049 399491.00
5050 394372.00
5051 389289.00
5052 384265.00
5053 379335.00
5054 374605.00
5055 370049.50
5056 365543.50
5057 361081.50
5058 356663.50
5059 352289.50
5060 347959.50
5061 343673.50
5062 339540.83
5063 335823.67
5064 332567.67
5065 329514.67
5066 326589.67
5067 323894.67
5068 321378.67
5069 319686.17
5070 319658.33
5071 320681.17
5072 321945.83
5073 323882.33
5074 326559.33
5075 329408.33
5076 332297.33
5077 335257.83
5078 338562.33
5079 342177.33
5080 345828.33
5081 349515.33
5082 353728.33
5083 358465.33
5084 363234.33
5085 368035.33
5086 372868.33
5087 377733.33
5088 382630.33
5089 387559.33
5090 392642.83
5091 397927.33
5092 403290.33
5093 408685.33
5094 414112.33
5095 419571.33
5096 425062.33
5097 430585.33
5098 436140.33
5099 441727.33
5100 447346.33
5101 452997.33
5102 458680.33
5103 464395.33
5104 470142.33
5105 475921.33
5106 481732.33
5107 487726.83
5108 493902.83
5109 500106.83
5110 506338.83
5111 512598.83
5112 518886.83
5113 525202.83
5114 531546.83
5115 537918.83
5116 544449.33
5117 551138.33
5118 557985.17
5119 565118.00
5120 572405.00
5121 579716.00
5122 587051.00
5123 594410.00
5124 601793.00
5125 609200.00
5126 616631.00
5127 624086.00
5128 631565.00
5129 639068.00
5130 646624.67
5131 654262.83
5132 661950.83
5133 669658.83
5134 677386.83
5135 685134.83
5136 693063.83
5137 701313.83
5138 709719.83
5139 718137.83
5140 726567.83
5141 735009.83
5142 743463.83
5143 751929.83
5144 760407.83
5145 768897.83
5146 777399.83
5147 785913.83
5148 794439.83
5149 802977.83
5150 811527.83
5151 820120.33
5152 828814.00
5153 837605.67
5154 846434.67
5155 855271.67
5156 864116.67
5157 872969.67
5158 881830.67
5159 890717.17
5160 899644.67
5161 908593.67
5162 917546.67
5163 926503.67
5164 935464.67
5165 944429.67
5166 953398.67
5167 962371.67
5168 971348.67
5169 980329.67
5170 989314.67
5171 998303.67
5172 1007296.67
5173 1016293.67
5174 1025294.67
5175 1034299.67
5176 1043308.67
5177 1052321.67
5178 1061338.67
5179 1070359.67
5180 1079384.67
5181 1088413.67
5182 1097446.67
5183 1106483.67
5184 1115524.67
5185 1124569.67
5186 1133618.67
5187 1142671.67
5188 1151728.67
5189 1160789.67
5190 1169854.67
5191 1178923.67
5192 1187996.67
5193 1197073.67
5194 1206257.83
5195 1215650.50
5196 1225146.50
5197 1234642.50
5198 1244138.50
5199 1253634.50
5200 1263130.50
5201 1272626.50
5202 1282122.50
5203 1291618.50
5204 1301114.50
5205 1310610.50
5206 1320106.50
5207 2641547.00
5208 1717509.83
5209 1714539.83
5210 1711623.83
5211 1708761.83
5212 1705953.83
5213 1703199.83
5214 1700499.83
5215 1698184.17
5216 1696752.33
5217 1696043.67
5218 1695558.67
5219 1695127.67
5220 1694750.67
5221 1694450.17
5222 1694252.67
5223 1694140.67
5224 1694089.67
5225 1694096.67
5226 1694161.67
5227 1694371.17
5228 1694805.67
5229 1695378.67
5230 1696145.17
5231 1697243.67
5232 1698538.67
5233 1699891.67
5234 1701302.67
5235 1702779.33
5236 1704380.50
5237 1706149.50
5238 1708026.50
5239 1709959.50
5240 1711948.50
5241 1714316.50
5242 1717195.50
5243 1720398.00
5244 1723792.00
5245 1727242.00
5246 1730800.50
5247 1734564.50
5248 1738770.50
5249 1743317.50
5250 3571686.33
5251 3240067.00
5252 3240852.00
5253 3241691.00
5254 3242584.00
5255 3243531.00
5256 3244532.00
5257 3245587.00
5258 3246696.00
5259 3247859.00
5260 3249076.00
5261 3250347.00
5262 3251672.00
5263 3253051.00
5264 3254484.00
5265 3255971.00
5266 3257571.33
5267 3259345.17
5268 3261234.17
5269 3263179.17
5270 3265195.67
5271 3267322.67
5272 3269569.17
5273 3271896.17
5274 3274279.17
5275 3276718.17
5276 3279213.17
5277 3281764.17
5278 3284371.17
5279 3287034.17
5280 3289753.17
5281 3292593.33
5282 3296014.33
5283 3300166.83
5284 3304624.50
5285 3309163.50
5286 3313742.50
5287 3318361.50
5288 3323020.50
5289 3327719.50
5290 3332458.50
5291 3337338.83
5292 3342462.17
5293 3347807.17
5294 3353275.67
5295 3358785.67
5296 3364331.67
5297 3369913.67
5298 3375531.67
5299 3381185.67
5300 3386875.67
5301 3392601.67
5302 3398363.67
5303 3404161.67
5304 3409995.67
5305 3415865.67
5306 3421798.67
5307 3427824.67
5308 3434021.67
5309 3440389.67
5310 3446819.67
5311 3453277.67
5312 3459763.67
5313 3466277.67
5314 3472819.67
5315 3479389.67
5316 3485987.67
5317 3492613.67
5318 4707773.67
5319 1456739.00
5320 1447050.00
5321 1437361.00
5322 1427672.00
5323 1417983.00
5324 1408294.00
5325 1398605.00
5326 1388916.00
5327 1379227.00
5328 1369538.00
5329 1359849.00
5330 1350160.00
5331 1340471.00
5332 1330782.00
5333 1321093.00
5334 1311404.00
5335 1301715.00
5336 1292026.00
5337 1282337.00
5338 1272648.00
5339 1262959.00
5340 1253270.00
5341 1243581.00
5342 1233892.00
5343 1224203.00
5344 1214514.00
5345 1204825.00
5346 1195136.00
5347 1185447.00
5348 1175758.00
5349 1166069.00
5350 1156380.00
5351 1146691.00
5352 1137002.00
5353 1127313.00
5354 1117624.00
5355 1107935.00
5356 1098246.00
5357 1088557.00
5358 1078868.00
5359 1069179.00
5360 1059490.00
5361 1049801.00
5362 1040112.00
5363 1030423.00
5364 1020734.00
5365 1011045.00
5366 1001356.00
5367 991667.00
5368 981978.00
5369 972289.00
5370 962600.00
5371 952911.00
5372 943222.00
5373 933533.00
5374 923844.00
5375 914155.00
5376 904466.00
5377 894777.00
5378 885088.00
5379 875399.00
5380 865710.00
5381 856021.00
5382 846332.00
5383 836643.00
5384 826954.00
5385 817265.00
5386 807576.00
5387 797887.00
5388 788198.00
5389 778509.00
5390 768820.00
5391 759131.00
5392 749442.00
5393 739753.00
5394 730064.00
5395 720375.00
5396 710686.00
5397 700997.00
5398 691308.00
5399 681619.00
5400 671930.00
5401 662241.00
5402 652552.00
5403 642863.00
5404 633174.00
5405 623485.00
5406 613796.00
5407 604107.00
5408 594418.00
5409 584729.00
5410 575040.00
5411 565351.00
5412 555662.00
5413 545973.00
5414 536284.00
5415 526595.00
5416 516906.00
5417 507217.00
5418 497528.00
5419 487839.00
5420 478150.00
5421 468461.00
5422 458772.00
5423 449083.00
5424 439394.00
5425 429705.00
5426 420016.00
5427 410327.00
5428 400638.00
5429 390949.00
5430 381260.00
5431 371571.00
5432 361882.00
5433 352193.00
5434 342504.00
5435 332815.00
5436 323126.00
5437 313437.00
5438 303748.00
5439 294059.00
5440 284370.00
5441 274681.00
5442 264992.00
5443 255303.00
5444 245614.00
5445 235925.00
5446 226236.00
5447 216547.00
5448 206858.00
5449 197169.00
5450 187480.00
5451 177791.00
5452 168102.00
5453 158413.00
5454 148724.00
5455 139035.00
5456 129346.00
5457 119657.00
5458 109968.00
5459 100279.00
5460 90590.00
5461 80901.00
5462 71212.00
5463 61523.00
5464 51834.00
5465 42145.00
5466 32632.50
5467 28922.00
5468 30861.00
5469 32848.00
5470 35131.50
5471 39273.00
5472 45018.00
5473 51146.00
5474 59237.00
5475 68926.00
5476 78615.00
5477 88304.00
5478 97993.00
5479 107682.00
5480 117371.00
5481 127060.00
5482 136749.00
5483 146438.00
5484 156127.00
5485 165816.00
5486 175505.00
5487 185194.00
5488 194883.00
5489 204572.00
5490 214261.00
5491 223950.00
5492 233639.00
5493 243328.00
5494 253017.00
5495 262706.00
5496 272395.00
5497 282084.00
5498 291773.00
5499 301462.00
5500 311151.00
5501 320840.00
5502 330529.00
5503 340218.00
5504 349907.00
5505 359596.00
5506 369285.00
5507 378974.00
5508 388663.00
5509 398352.00
5510 408041.00
5511 417730.00
5512 427419.00
5513 437108.00
5514 446797.00
5515 456486.00
5516 466175.00
5517 475864.00
5518 485553.00
5519 495242.00
5520 504931.00
5521 514620.00
5522 524309.00
5523 533998.00
5524 543687.00
5525 553376.00
5526 563065.00
5527 572754.00
5528 582443.00
5529 592132.00
5530 601821.00
5531 611510.00
5532 621199.00
5533 630888.00
5534 640577.00
5535 650266.00
5536 659955.00
5537 669644.00
5538 679333.00
5539 689022.00
5540 698711.00
5541 708400.00
5542 718089.00
5543 727778.00
5544 737467.00
5545 747156.00
5546 756845.00
5547 766534.00
5548 776223.00
5549 785912.00
5550 795601.00
5551 805290.00
5552 814979.00
5553 824668.00
5554 834357.00
5555 844046.00
5556 853735.00
5557 863424.00
5558 873113.00
5559 882802.00
5560 892491.00
5561 902180.00
5562 911869.00
5563 921558.00
5564 931247.00
5565 940936.00
5566 950625.00
5567 960314.00
5568 970003.00
5569 979692.00
5570 989381.00
5571 999070.00
5572 1008759.00
5573 1018448.00
5574 1028137.00
5575 1037826.00
5576 1047515.00
5577 1057204.00
5578 1066893.00
5579 1076582.00
5580 1086271.00
5581 1095960.00
5582 1105649.00
5583 1115338.00
5584 1125027.00
5585 1134716.00
5586 1144405.00
5587 1154094.00
5588 1163783.00
5589 1173472.00
5590 1183161.00
5591 1192850.00
5592 1202539.00
5593 1212228.00
5594 1221917.00
5595 1231606.00
5596 1241295.00
5597 1250984.00
5598 1260673.00
5599 1270362.00
5600 1280051.00
5601 1289740.00
5602 1299429.00
5603 1309118.00
5604 1318807.00
5605 1328496.00
5606 1338185.00
5607 1347874.00
5608 1357563.00
5609 1367252.00
5610 1376941.00
5611 1386630.00
5612 1396319.00
5613 1406008.00
5614 1415697.00
5615 1425386.00
5616 1435075.00
5617 1444764.00
5618 1454453.00
5619 1464142.00
5620 1473831.00
5621 2789631.17
5622 1324968.17
5623 1315337.17
5624 1305706.17
5625 1296075.17
5626 1286444.17
5627 1276813.17
5628 1267182.17
5629 1257551.17
5630 1247920.17
5631 1238289.17
5632 1228658.17
5633 1219027.17
5634 1209396.17
5635 1199765.17
5636 1190134.17
5637 1180503.17
5638 1170872.17
5639 1161241.17
5640 1151610.17
5641 1141979.17
5642 1132348.17
5643 1122717.17
5644 1113086.17
5645 1103455.17
5646 1093824.17
5647 1084193.17
5648 1074562.17
5649 1064931.17
5650 1055300.17
5651 1045669.17
5652 1036038.17
5653 1026407.17
5654 1016776.17
5655 1007145.17
5656 997514.17
5657 987883.17
5658 978252.17
5659 968621.17
5660 958990.17
5661 949359.17
5662 939728.17
5663 930097.17
5664 920466.17
5665 911096.67
5666 901992.67
5667 892896.67
5668 883808.67
5669 874728.67
5670 865656.67
5671 856592.67
5672 847536.67
5673 838488.67
5674 829448.67
5675 820416.67
5676 811392.67
5677 802376.67
5678 793368.67
5679 784368.67
5680 775410.67
5681 766902.67
5682 758816.67
5683 750750.67
5684 742704.67
5685 734678.67
5686 726672.67
5687 718686.67
5688 710720.67
5689 702774.67
5690 694848.67
5691 686942.67
5692 679056.67
5693 671190.67
5694 663344.67
5695 655518.67
5696 647712.67
5697 639926.67
5698 632160.67
5699 624524.67
5700 617049.17
5701 609626.17
5702 602245.17
5703 594938.67
5704 587690.67
5705 580470.67
5706 573278.67
5707 566114.67
5708 558978.67
5709 551870.67
5710 544893.00
5711 538341.33
5712 532154.17
5713 526065.83
5714 520053.67
5715 514093.67
5716 508173.67
5717 502293.67
5718 496453.67
5719 490653.67
5720 484999.17
5721 479629.17
5722 474440.17
5723 469295.17
5724 464194.17
5725 459256.67
5726 454612.00
5727 450151.33
5728 445747.33
5729 441516.83
5730 437491.83
5731 433544.83
5732 429641.83
5733 425782.83
5734 421967.83
5735 418196.83
5736 414469.83
5737 410786.83
5738 407147.83
5739 403552.83
5740 400121.33
5741 396935.33
5742 393990.33
5743 391343.67
5744 389051.00
5745 387006.50
5746 385044.50
5747 383136.50
5748 381282.50
5749 379482.50
5750 377736.50
5751 376044.50
5752 374406.50
5753 372822.50
5754 371292.50
5755 369816.50
5756 368394.50
5757 367026.50
5758 365712.50
5759 364452.50
5760 363246.50
5761 362094.50
5762 360996.50
5763 359989.00
5764 359099.50
5765 358291.50
5766 357537.50
5767 356837.50
5768 356191.50
5769 355734.00
5770 355638.50
5771 355794.00
5772 356118.17
5773 356677.33
5774 357400.33
5775 358193.33
5776 359032.33
5777 359917.33
5778 360848.33
5779 361851.17
5780 363010.83
5781 364361.67
5782 365888.17
5783 367663.17
5784 369687.33
5785 371832.50
5786 374107.00
5787 376844.00
5788 379988.50
5789 383274.50
5790 386729.00
5791 390354.17
5792 394124.33
5793 397965.33
5794 401852.33
5795 405785.33
5796 409791.83
5797 414212.33
5798 419234.83
5799 424580.33
5800 430031.33
5801 435732.83
5802 441733.83
5803 447823.83
5804 453951.83
5805 461693.33
5806 471176.83
5807 480807.83
5808 490438.83
5809 500069.83
5810 509700.83
5811 519331.83
5812 528962.83
5813 538593.83
5814 548224.83
5815 557855.83
5816 567486.83
5817 577117.83
5818 586748.83
5819 596379.83
5820 606010.83
5821 615641.83
5822 625272.83
5823 634903.83
5824 644534.83
5825 654165.83
5826 663796.83
5827 673427.83
5828 683058.83
5829 692689.83
5830 702320.83
5831 711951.83
5832 721582.83
5833 731213.83
5834 740844.83
5835 750475.83
5836 760106.83
5837 769737.83
5838 779368.83
5839 788999.83
5840 798630.83
5841 808261.83
5842 817892.83
5843 827523.83
5844 837154.83
5845 846785.83
5846 856416.83
5847 866047.83
5848 875678.83
5849 2133685.67
5850 1998760.50
5851 2006037.50
5852 2013338.50
5853 2020721.17
5854 2028276.33
5855 2035978.33
5856 2043734.33
5857 2051510.33
5858 2059430.33
5859 2067508.83
5860 2075619.83
5861 2083773.33
5862 2092011.83
5863 2100323.83
5864 2925173.83
5865 1506207.50
5866 1502637.50
5867 1499115.50
5868 1495641.50
5869 1492215.50
5870 1488837.50
5871 1485507.50
5872 1482225.50
5873 1478991.50
5874 1475805.50
5875 1472667.50
5876 1469577.50
5877 1466535.50
5878 1463541.50
5879 1460595.50
5880 1457697.50
5881 1454847.50
5882 1452474.50
5883 1450712.50
5884 1449134.50
5885 1447608.50
5886 1447185.00
5887 1447891.00
5888 1448678.00
5889 1449580.00
5890 1450646.00
5891 1451817.00
5892 1453044.00
5893 1454327.00
5894 1455666.00
5895 1457061.00
5896 1458512.00
5897 1460071.00
5898 1463067.33
5899 1468458.17
5900 1474941.67
5901 1481490.67
5902 1488059.67
5903 1494648.67
5904 1501257.67
5905 1507921.50
5906 1514710.50
5907 1521793.67
5908 1529185.17
5909 1536679.17
5910 1544189.17
5911 1551715.17
5912 1559257.17
5913 1566815.17
5914 1574389.17
5915 1581979.17
5916 1589585.17
5917 2917744.17
5918 1629302.00
5919 1620585.00
5920 1611876.00
5921 1603175.00
5922 1594482.00
5923 1586012.50
5924 1577792.50
5925 1569608.50
5926 1561436.50
5927 1553276.50
5928 1545128.50
5929 1536992.50
5930 1528868.50
5931 1520756.50
5932 1512656.50
5933 1504568.50
5934 1496492.50
5935 1488428.50
5936 1480376.50
5937 1472336.50
5938 1464308.50
5939 1456292.50
5940 1448288.50
5941 1440296.50
5942 1432316.50
5943 1424348.50
5944 1416392.50
5945 1408448.50
5946 1400516.50
5947 1392596.50
5948 1384688.50
5949 1376792.50
5950 1368989.50
5951 1361376.00
5952 1353887.50
5953 1346429.50
5954 1338987.50
5955 1331561.50
5956 1324151.50
5957 1316757.50
5958 1309379.50
5959 1302017.50
5960 1294671.50
5961 1287341.50
5962 1280027.50
5963 1272729.50
5964 1265447.50
5965 1258181.50
5966 1250931.50
5967 1243697.50
5968 1236479.50
5969 1229277.50
5970 1222093.50
5971 1214931.00
5972 1207790.00
5973 1200669.00
5974 1193568.00
5975 1186487.00
5976 1179426.00
5977 1172385.00
5978 1165364.00
5979 1158363.00
5980 1151382.00
5981 1144421.00
5982 1137480.00
5983 1130559.00
5984 1123658.00
5985 1116861.83
5986 1110408.67
5987 1104388.33
5988 1098594.50
5989 1092872.17
5990 1087330.00
5991 1082079.67
5992 1076990.67
5993 1071941.67
5994 1066932.67
5995 1061963.67
5996 1057034.67
5997 1052183.17
5998 1047417.17
5999 1042699.17
6000 1038021.17
6001 1033383.17
6002 1028785.17
6003 1024308.83
6004 1020074.50
6005 1016038.00
6006 1012077.00
6007 1008152.00
6008 1004263.00
6009 1000410.00
6010 996986.67
6011 994404.83
6012 992290.33
6013 990236.33
6014 988228.33
6015 986266.33
6016 984350.33
6017 982480.33
6018 980678.17
6019 978974.00
6020 977355.50
6021 975794.50
6022 974283.50
6023 972822.50
6024 971411.50
6025 970053.50
6026 968773.50
6027 967679.00
6028 966857.50
6029 966198.50
6030 965597.83
6031 965078.67
6032 964646.67
6033 964293.17
6034 964093.67
6035 964107.67
6036 964245.67
6037 964433.67
6038 964671.67
6039 964959.67
6040 965637.67
6041 966837.67
6042 968356.17
6043 970063.17
6044 971824.17
6045 973639.17
6046 975508.17
6047 977431.17
6048 979425.67
6049 981523.67
6050 983732.50
6051 986082.33
6052 988660.83
6053 991637.17
6054 995068.00
6055 998719.00
6056 1002522.50
6057 1006602.00
6058 1010895.50
6059 1015275.50
6060 1019896.00
6061 1024820.00
6062 1029845.00
6063 1034906.00
6064 1040052.50
6065 1045437.50
6066 1051009.50
6067 1056613.50
6068 1062249.50
6069 1873092.67
6070 1033914.83
6071 1024380.83
6072 1014846.83
6073 1005312.83
6074 995778.83
6075 986244.83
6076 976710.83
6077 967176.83
6078 957642.83
6079 948108.83
6080 938574.83
6081 929040.83
6082 919506.83
6083 909972.83
6084 900438.83
6085 890904.83
6086 881370.83
6087 871836.83
6088 862302.83
6089 852768.83
6090 843234.83
6091 833700.83
6092 824166.83
6093 814632.83
6094 805098.83
6095 795564.83
6096 786052.33
6097 776585.67
6098 767147.00
6099 757714.00
6100 748285.00
6101 738860.00
6102 729439.00
6103 720022.00
6104 710609.00
6105 701200.00
6106 691795.00
6107 682394.00
6108 672997.00
6109 663604.00
6110 654215.00
6111 644830.00
6112 635449.00
6113 626072.00
6114 616699.00
6115 607330.00
6116 597965.00
6117 588604.00
6118 579247.00
6119 569894.00
6120 560545.00
6121 551200.00
6122 541859.00
6123 532522.00
6124 523189.00
6125 513860.00
6126 504535.00
6127 495214.00
6128 485897.00
6129 476584.00
6130 467275.00
6131 457970.00
6132 448669.00
6133 439372.00
6134 430079.00
6135 420790.00
6136 411505.00
6137 402224.00
6138 392947.00
6139 383674.00
6140 374405.00
6141 365140.00
6142 355879.00
6143 346622.00
6144 337369.00
6145 328120.00
6146 318875.00
6147 309634.00
6148 300397.00
6149 291164.00
6150 281935.00
6151 272710.00
6152 265169.50
6153 261660.00
6154 260554.00
6155 259560.00
6156 258651.00
6157 257798.00
6158 257001.00
6159 256260.00
6160 255575.00
6161 254973.67
6162 254583.33
6163 254476.83
6164 254526.83
6165 254727.83
6166 255174.83
6167 255772.83
6168 256426.83
6169 257442.83
6170 258918.83
6171 260544.83
6172 262218.83
6173 264363.33
6174 267012.83
6175 269744.83
6176 272524.83
6177 275352.83
6178 278228.83
6179 281152.83
6180 284178.00
6181 287451.67
6182 290966.17
6183 294570.17
6184 298214.17
6185 301959.00
6186 305868.00
6187 309882.17
6188 313938.17
6189 318034.17
6190 322170.17
6191 326346.17
6192 330562.17
6193 335312.67
6194 340886.17
6195 346780.17
6196 352698.17
6197 358640.17
6198 364649.67
6199 370895.33
6200 377458.83
6201 384206.67
6202 391045.17
6203 397937.17
6204 404849.17
6205 411781.17
6206 418733.17
6207 425705.17
6208 432697.17
6209 439709.17
6210 446741.17
6211 453793.17
6212 460865.17
6213 467957.17
6214 475069.17
6215 482201.17
6216 489581.67
6217 497206.67
6218 504843.67
6219 512492.67
6220 520153.67
6221 527826.67
6222 535511.67
6223 543208.67
6224 550917.67
6225 558638.67
6226 566371.67
6227 574116.67
6228 581873.67
6229 589642.67
6230 597423.67
6231 605216.67
6232 613021.67
6233 620838.67
6234 628667.67
6235 636508.67
6236 644413.33
6237 652538.50
6238 660936.50
6239 669448.50
6240 677968.50
6241 686496.50
6242 695032.50
6243 703576.50
6244 712128.50
6245 720688.50
6246 729256.50
6247 737832.50
6248 746416.50
6249 755008.50
6250 763608.50
6251 772216.50
6252 780832.50
6253 789456.50
6254 798088.50
6255 806728.50
6256 815376.50
6257 824032.50
6258 832696.50
6259 841368.50
6260 850048.50
6261 858736.50
6262 867432.50
6263 876136.50
6264 884848.50
6265 893568.50
6266 902296.50
6267 911032.50
6268 919776.50
6269 928528.50
6270 937288.50
6271 946056.50
6272 954832.50
6273 963616.50
6274 972408.50
6275 981208.50
6276 990016.50
6277 998832.50
6278 1007656.50
6279 1016488.50
6280 1025328.50
6281 1034176.50
6282 1043032.50
6283 1051896.50
6284 1060768.50
6285 1069648.50
6286 1078536.50
6287 1087432.50
6288 1096336.50
6289 1105248.50
6290 1114168.50
6291 1123096.50
6292 1132032.50
6293 1140976.50
6294 1149928.50
6295 1158888.50
6296 1167856.50
6297 1176832.50
6298 1185816.50
6299 1194808.50
6300 1203808.50
6301 1212924.83
6302 1222284.67
6303 1231797.17
6304 1241331.17
6305 1250865.17
6306 1260399.17
6307 1269933.17
6308 1279467.17
6309 1289001.17
6310 1298535.17
6311 1308069.17
6312 1317603.17
6313 1327137.17
6314 1336671.17
6315 1346205.17
6316 1355739.17
6317 1365273.17
6318 1374807.17
6319 1384341.17
6320 1393875.17
6321 1403409.17
6322 1412943.17
6323 1422477.17
6324 1432011.17
6325 1441545.17
6326 1451079.17
6327 1460613.17
6328 1470147.17
6329 2062489.33
6330 1094648.33
6331 1091534.33
6332 1088476.33
6333 1085475.33
6334 1082537.33
6335 1079667.33
6336 1076859.33
6337 1074216.83
6338 1071737.83
6339 1069310.83
6340 1066935.83
6341 1064612.83
6342 1062341.83
6343 1060122.83
6344 1057955.83
6345 1055910.33
6346 1054060.83
6347 1052343.83
6348 1050790.83
6349 1049451.83
6350 1048284.83
6351 1047277.33
6352 1046366.33
6353 1045509.33
6354 1044706.33
6355 1043957.33
6356 1043262.33
6357 1042621.33
6358 1042099.17
6359 1041975.50
6360 1042398.00
6361 1043085.00
6362 1043822.00
6363 1044609.00
6364 1045855.50
6365 1047561.50
6366 1049317.50
6367 1051123.50
6368 1052979.50
6369 1054885.50
6370 1056841.50
6371 1058847.50
6372 1060903.50
6373 1063036.50
6374 1065385.00
6375 1067920.00
6376 1070501.00
6377 1073201.00
6378 1076048.50
6379 1078972.50
6380 1081961.00
6381 1085062.50
6382 1088260.50
6383 1091504.50
6384 1094815.67
6385 1098258.33
6386 1101853.33
6387 1105534.33
6388 1109257.33
6389 1113022.33
6390 1116829.33
6391 1120678.33
6392 1124662.00
6393 1128973.17
6394 1133619.17
6395 1138564.67
6396 1144059.17
6397 1149965.83
6398 1155967.17
6399 1162051.83
6400 1168184.83
6401 1174476.33
6402 1181066.33
6403 1187848.83
6404 1194681.83
6405 1201546.83
6406 1208443.83
6407 1215372.83
6408 1222333.83
6409 1229326.83
6410 1236351.83
6411 1243408.83
6412 1250497.83
6413 1257622.50
6414 1264804.33
6415 1272056.50
6416 1279355.50
6417 1286701.00
6418 1294268.33
6419 1302191.17
6420 1310288.17
6421 1318496.67
6422 1326840.67
6423 1335222.67
6424 1343616.67
6425 1352022.67
6426 1360440.67
6427 1368887.83
6428 1377379.50
6429 4664441.17
6430 3629332.67
6431 3622820.67
6432 3616608.67
6433 3610700.67
6434 3604824.67
6435 3598980.67
6436 3593168.67
6437 3587388.67
6438 3581640.67
6439 3576079.17
6440 3571357.67
6441 3567323.67
6442 3563325.67
6443 3559363.67
6444 3555437.67
6445 3551547.67
6446 3547693.67
6447 3543875.67
6448 3540093.67
6449 3536347.67
6450 3532637.67
6451 3528963.67
6452 3525325.67
6453 3521723.67
6454 3518157.67
6455 3514901.17
6456 3512007.67
6457 3509207.67
6458 3506451.67
6459 3503739.67
6460 3501084.50
6461 3498547.83
6462 3496166.83
6463 3494048.83
6464 3492283.33
6465 3490907.33
6466 3489967.33
6467 3489260.33
6468 3488603.33
6469 4881016.33
6470 3663576.17
6471 3660128.17
6472 3656726.17
6473 3653370.17
6474 3650060.17
6475 3646863.67
6476 3643778.67
6477 3640758.00
6478 3637881.33
6479 3635194.83
6480 4000665.67
6481 1151318.17
6482 1141609.17
6483 1131900.17
6484 1122191.17
6485 1112482.17
6486 1102773.17
6487 1093064.17
6488 1083355.17
6489 1073646.17
6490 1063937.17
6491 1054228.17
6492 1044519.17
6493 1034810.17
6494 1025101.17
6495 1015392.17
6496 1005683.17
6497 995974.17
6498 986265.17
6499 976556.17
6500 966847.17
6501 957138.17
6502 947429.17
6503 937720.17
6504 928011.17
6505 918302.17
6506 908593.17
6507 898884.17
6508 889175.17
6509 879466.17
6510 869757.17
6511 860048.17
6512 850339.17
6513 840630.17
6514 830921.17
6515 821212.17
6516 811503.17
6517 801794.17
6518 792085.17
6519 782376.17
6520 772667.17
6521 762958.17
6522 753249.17
6523 743540.17
6524 733831.17
6525 724122.17
6526 714413.17
6527 704704.17
6528 694995.17
6529 685286.17
6530 675577.17
6531 665868.17
6532 656159.17
6533 646450.17
6534 636741.17
6535 627032.17
6536 617323.17
6537 607614.17
6538 597905.17
6539 588196.17
6540 578487.17
6541 568778.17
6542 559069.17
6543 549360.17
6544 539651.17
6545 529942.17
6546 520233.17
6547 510524.17
6548 500815.17
6549 491106.17
6550 481397.17
6551 471688.17
6552 461979.17
6553 452270.17
6554 442561.17
6555 432852.17
6556 423143.17
6557 413434.17
6558 403725.17
6559 394016.17
6560 384307.17
6561 374598.17
6562 364889.17
6563 355180.17
6564 345471.17
6565 335762.17
6566 326053.17
6567 316344.17
6568 306635.17
6569 296926.17
6570 287217.17
6571 277508.17
6572 267829.17
6573 260580.17
6574 255779.33
6575 251055.50
6576 246385.50
6577 241765.50
6578 237320.83
6579 233195.17
6580 229568.17
6581 226376.67
6582 223317.67
6583 220312.67
6584 217361.67
6585 214464.67
6586 211621.67
6587 208832.67
6588 206097.67
6589 203416.67
6590 201453.17
6591 200547.17
6592 200035.17
6593 199577.17
6594 199173.17
6595 198823.17
6596 198572.67
6597 198428.17
6598 198346.17
6599 198322.17
6600 198356.17
6601 198491.17
6602 198811.67
6603 199315.17
6604 199917.17
6605 200644.67
6606 201635.17
6607 202890.17
6608 204272.17
6609 205712.17
6610 207226.17
6611 208917.17
6612 210768.17
6613 212675.17
6614 214638.17
6615 216657.17
6616 219101.00
6617 222375.67
6618 226243.50
6619 230364.50
6620 234632.00
6621 239052.67
6622 243794.17
6623 248925.00
6624 254247.00
6625 259861.17
6626 267657.83
6627 277366.83
6628 287075.83
6629 296784.83
6630 306493.83
6631 316202.83
6632 325911.83
6633 335620.83
6634 345329.83
6635 355038.83
6636 364747.83
6637 374456.83
6638 384165.83
6639 393874.83
6640 403583.83
6641 413292.83
6642 423001.83
6643 432710.83
6644 442419.83
6645 452128.83
6646 461837.83
6647 471546.83
6648 481255.83
6649 490964.83
6650 500673.83
6651 510382.83
6652 520091.83
6653 529800.83
6654 539509.83
6655 549218.83
6656 558927.83
6657 568636.83
6658 578345.83
6659 588054.83
6660 597763.83
6661 607472.83
6662 617181.83
6663 626890.83
6664 636599.83
6665 646308.83
6666 656017.83
6667 665726.83
6668 675435.83
6669 685144.83
6670 694853.83
6671 704562.83
6672 714271.83
6673 723980.83
6674 733689.83
6675 743398.83
6676 753107.83
6677 762816.83
6678 772525.83
6679 782234.83
6680 791943.83
6681 801652.83
6682 811361.83
6683 821070.83
6684 830779.83
6685 840488.83
6686 850197.83
6687 859906.83
6688 869615.83
6689 879324.83
6690 889033.83
6691 898742.83
6692 908451.83
6693 918160.83
6694 927869.83
6695 937578.83
6696 947287.83
6697 956996.83
6698 966705.83
6699 976414.83
6700 986123.83
6701 995832.83
6702 1005541.83
6703 1015250.83
6704 1024959.83
6705 1034668.83
6706 1044377.83
6707 1054086.83
6708 1063795.83
6709 1073504.83
6710 1083213.83
6711 1092922.83
6712 1102631.83
6713 1112340.83
6714 1122049.83
6715 1131758.83
6716 1141467.83
6717 2376109.17
6718 1445128.83
6719 1439772.83
6720 1434446.83
6721 1429150.83
6722 1423884.83
6723 1418648.83
6724 1413442.83
6725 1408266.83
6726 1403120.83
6727 1398004.83
6728 1392918.83
6729 1387862.83
6730 1382836.83
6731 1377840.83
6732 1372874.83
6733 1368007.83
6734 1363398.00
6735 1359302.50
6736 1356269.00
6737 1354447.67
6738 1353142.67
6739 1351887.67
6740 1350682.67
6741 1349527.67
6742 1348422.67
6743 1347367.67
6744 1346497.17
6745 1345943.17
6746 1345883.17
6747 1346437.83
6748 1347608.83
6749 1349336.50
6750 1351374.83
6751 1353530.83
6752 1355832.33
6753 1358326.33
6754 1360915.33
6755 1363550.33
6756 1366321.33
6757 1369458.50
6758 1373048.33
6759 1376897.50
6760 1380847.00
6761 1385014.83
6762 1389520.17
6763 1394208.17
6764 1398942.17
6765 2901685.00
6766 2162640.50
6767 2159547.50
6768 2156525.83
6769 2153643.17
6770 2150909.67
6771 2148259.67
6772 2145655.67
6773 2143097.67
6774 2140585.67
6775 2138119.67
6776 2135699.67
6777 2133325.67
6778 2130997.67
6779 2128715.67
6780 2126479.67
6781 2124298.33
6782 2122400.00
6783 2120878.00
6784 2119505.00
6785 2118180.00
6786 2116903.00
6787 2115674.00
6788 2114493.00
6789 2113360.00
6790 2112354.00
6791 2111510.33
6792 2110765.17
6793 2110083.17
6794 2109449.17
6795 2108863.17
6796 2108325.17
6797 2107835.17
6798 2107408.67
6799 2107104.67
6800 2106909.67
6801 2106766.67
6802 2106823.33
6803 2107220.17
6804 2107811.83
6805 2108453.83
6806 2109139.83
6807 2110868.83
6808 2113918.33
6809 2117289.33
6810 2120704.33
6811 2124163.33
6812 2127666.33
6813 2131213.33
6814 2134810.33
6815 2138487.33
6816 2142364.33
6817 2146407.33
6818 2150486.33
6819 2154601.33
6820 2158752.33
6821 2162939.33
6822 2167162.33
6823 2171465.33
6824 2175915.33
6825 2180490.33
6826 2185121.33
6827 2189784.33
6828 2194514.83
6829 2199414.33
6830 2204445.33
6831 2209504.33
6832 2214591.33
6833 3795928.33
6834 2123667.33
6835 2114269.33
6836 2104871.33
6837 2095473.33
6838 2086075.33
6839 2076677.33
6840 2067279.33
6841 2057881.33
6842 2048483.33
6843 2039085.33
6844 2029687.33
6845 2020289.33
6846 2010891.33
6847 2001493.33
6848 1992095.33
6849 1982697.33
6850 1973299.33
6851 1963901.33
6852 1954503.33
6853 1945105.33
6854 1935707.33
6855 1926309.33
6856 1916911.33
6857 1907513.33
6858 1898115.33
6859 1888717.33
6860 1879319.33
6861 1869921.33
6862 1860523.33
6863 1851125.33
6864 1841727.33
6865 1832329.33
6866 1822931.33
6867 1813533.33
6868 1804135.33
6869 1794737.33
6870 1785339.33
6871 1775941.33
6872 1766543.33
6873 1757145.33
6874 1747747.33
6875 1738349.33
6876 1728951.33
6877 1719553.33
6878 1710155.33
6879 1700757.33
6880 1691359.33
6881 1681961.33
6882 1672563.33
6883 1663165.33
6884 1653767.33
6885 1644369.33
6886 1634971.33
6887 1625573.33
6888 1616175.33
6889 1606777.33
6890 1597379.33
6891 1587981.33
6892 1578583.33
6893 1569185.33
6894 1559787.33
6895 1550389.33
6896 1540991.33
6897 1531593.33
6898 1522195.33
6899 1512797.33
6900 1503399.33
6901 1494001.33
6902 1484603.33
6903 1475205.33
6904 1465807.33
6905 1456409.33
6906 1447011.33
6907 1437613.33
6908 1428215.33
6909 1418817.33
6910 1409419.33
6911 1400021.33
6912 1390623.33
6913 1381225.33
6914 1371827.33
6915 1362429.33
6916 1353031.33
6917 1343633.33
6918 1334235.33
6919 1324837.33
6920 1315439.33
6921 1306041.33
6922 1296643.33
6923 1287245.33
6924 1277847.33
6925 1268449.33
6926 1259051.33
6927 1249653.33
6928 1240255.33
6929 1230857.33
6930 1221459.33
6931 1212061.33
6932 1202663.33
6933 1193265.33
6934 1183867.33
6935 1174469.33
6936 1165071.33
6937 1155673.33
6938 1146275.33
6939 1136877.33
6940 1127479.33
6941 1118081.33
6942 1108683.33
6943 1099285.33
6944 1089887.33
6945 1080489.33
6946 1071091.33
6947 1061693.33
6948 1052295.33
6949 1042897.33
6950 1033499.33
6951 1024101.33
6952 1014703.33
6953 1005305.33
6954 995907.33
6955 986509.33
6956 977111.33
6957 967713.33
6958 958315.33
6959 948917.33
6960 939519.33
6961 930121.33
6962 920723.33
6963 911325.33
6964 901973.67
6965 892775.33
6966 883745.67
6967 874779.67
6968 865817.67
6969 856859.67
6970 847905.67
6971 838955.67
6972 830009.67
6973 821067.67
6974 812129.67
6975 803195.67
6976 794265.67
6977 785339.67
6978 776417.67
6979 767499.67
6980 758585.67
6981 749675.67
6982 740769.67
6983 731867.67
6984 722969.67
6985 714075.67
6986 705185.67
6987 696299.67
6988 687502.17
6989 678898.17
6990 670424.67
6991 661980.67
6992 653548.67
6993 645128.67
6994 636720.67
6995 628324.67
6996 619940.67
6997 611568.67
6998 603208.67
6999 594860.67
7000 586785.67
7001 579278.00
7002 572111.33
7003 564995.33
7004 557899.33
7005 550823.33
7006 543767.33
7007 536731.33
7008 529715.33
7009 522719.33
7010 515743.33
7011 508787.33
7012 501851.33
7013 494935.33
7014 488039.33
7015 481163.33
7016 474307.33
7017 467471.33
7018 460964.83
7019 455106.83
7020 449616.67
7021 444281.00
7022 439157.00
7023 434208.50
7024 429459.83
7025 424893.17
7026 420410.17
7027 416258.50
7028 412840.33
7029 409982.33
7030 407322.67
7031 404848.33
7032 402580.67
7033 400422.67
7034 398316.67
7035 396262.67
7036 394264.17
7037 392523.67
7038 391094.67
7039 389776.67
7040 388514.67
7041 387308.67
7042 386158.67
7043 385064.67
7044 384026.67
7045 383046.50
7046 382184.50
7047 381496.67
7048 380965.17
7049 380530.17
7050 380147.17
7051 379816.17
7052 379539.17
7053 379406.17
7054 379413.17
7055 379472.33
7056 379592.33
7057 379774.17
7058 380009.17
7059 380292.17
7060 380623.17
7061 381002.17
7062 381429.17
7063 381904.17
7064 382427.17
7065 382998.17
7066 383617.17
7067 384284.17
7068 384999.17
7069 385892.67
7070 387098.50
7071 388490.33
7072 389935.33
7073 391430.33
7074 392975.33
7075 394570.33
7076 396275.83
7077 398089.83
7078 399949.83
7079 401855.83
7080 403807.83
7081 405805.83
7082 407849.83
7083 409939.83
7084 412075.83
7085 414257.83
7086 416645.50
7087 419957.50
7088 424588.33
7089 429830.67
7090 435206.00
7091 440762.50
7092 446703.00
7093 453048.33
7094 459582.33
7095 466251.50
7096 472985.50
7097 479755.67
7098 486621.83
7099 493630.33
7100 500719.33
7101 507834.33
7102 515109.33
7103 522677.33
7104 530434.33
7105 538242.33
7106 546066.33
7107 553906.33
7108 561762.33
7109 569634.33
7110 577522.33
7111 585426.33
7112 593346.33
7113 601282.33
7114 609234.33
7115 617202.33
7116 625186.33
7117 633186.33
7118 641202.33
7119 649234.33
7120 657282.33
7121 665346.33
7122 673426.33
7123 681522.33
7124 689634.33
7125 697827.50
7126 706240.83
7127 714882.00
7128 723610.00
7129 732350.00
7130 741102.00
7131 749866.00
7132 758642.00
7133 767456.50
7134 776456.83
7135 785732.67
7136 795130.67
7137 804528.67
7138 813926.67
7139 823324.67
7140 832722.67
7141 842120.67
7142 851518.67
7143 860916.67
7144 870314.67
7145 879712.67
7146 889110.67
7147 898508.67
7148 907906.67
7149 917304.67
7150 926702.67
7151 936100.67
7152 945498.67
7153 954896.67
7154 964294.67
7155 973692.67
7156 983090.67
7157 992488.67
7158 1001886.67
7159 1011284.67
7160 1020682.67
7161 1030080.67
7162 1039478.67
7163 1048876.67
7164 1058274.67
7165 1067672.67
7166 1077070.67
7167 1086468.67
7168 1095866.67
7169 1105264.67
7170 1114662.67
7171 1124060.67
7172 1133458.67
7173 1142856.67
7174 1152254.67
7175 1161652.67
7176 1171050.67
7177 1180448.67
7178 1189846.67
7179 1199244.67
7180 1208642.67
7181 1218040.67
7182 1227438.67
7183 1236836.67
7184 1246234.67
7185 1255632.67
7186 1265030.67
7187 1274428.67
7188 1283826.67
7189 1293224.67
7190 1302622.67
7191 1312020.67
7192 1321418.67
7193 1330816.67
7194 1340214.67
7195 1349612.67
7196 1359010.67
7197 1368408.67
7198 1377806.67
7199 1387204.67
7200 1396602.67
7201 1406000.67
7202 1415398.67
7203 1424796.67
7204 1434194.67
7205 1443592.67
7206 1452990.67
7207 1462388.67
7208 1471786.67
7209 1481184.67
7210 1490582.67
7211 1499980.67
7212 1509378.67
7213 1518776.67
7214 1528174.67
7215 1537572.67
7216 1546970.67
7217 1556368.67
7218 1565766.67
7219 1575164.67
7220 1584562.67
7221 1593960.67
7222 1603358.67
7223 1612756.67
7224 1622154.67
7225 1631552.67
7226 1640950.67
7227 1650348.67
7228 1659746.67
7229 1669144.67
7230 1678542.67
7231 1687940.67
7232 1697338.67
7233 1706736.67
7234 1716134.67
7235 1725532.67
7236 1734930.67
7237 1744328.67
7238 1753726.67
7239 1763124.67
7240 1772522.67
7241 1781920.67
7242 1791318.67
7243 1800716.67
7244 1810114.67
7245 1819512.67
7246 1828910.67
7247 1838308.67
7248 1847706.67
7249 1857104.67
7250 1866502.67
7251 1875900.67
7252 1885298.67
7253 1894696.67
7254 1904094.67
7255 1913492.67
7256 1922890.67
7257 1932288.67
7258 1941686.67
7259 1951084.67
7260 1960482.67
7261 1969880.67
7262 1979278.67
7263 1988676.67
7264 1998074.67
7265 2948826.33
7266 1099890.83
7267 1091198.83
7268 1082514.83
7269 1073838.83
7270 1065170.83
7271 1056510.83
7272 1047858.83
7273 1039214.83
7274 1030578.83
7275 1021950.83
7276 1013330.83
7277 1004718.83
7278 996114.83
7279 987518.83
7280 978930.83
7281 970350.83
7282 961778.83
7283 953214.83
7284 944658.83
7285 936110.83
7286 927570.83
7287 919038.83
7288 910514.83
7289 901998.83
7290 893490.83
7291 884990.83
7292 876498.83
7293 868014.83
7294 859538.83
7295 851070.83
7296 842610.83
7297 834158.83
7298 825730.33
7299 817409.67
7300 809253.00
7301 801180.00
7302 793123.00
7303 785191.50
7304 777399.50
7305 769639.50
7306 761899.50
7307 754179.50
7308 746479.50
7309 738799.50
7310 731139.50
7311 723499.50
7312 715879.50
7313 708279.50
7314 700699.50
7315 693139.50
7316 685599.50
7317 678079.50
7318 670579.50
7319 663369.00
7320 656637.50
7321 650124.50
7322 643646.50
7323 637200.50
7324 630786.50
7325 624404.50
7326 618054.50
7327 611736.50
7328 605450.50
7329 599256.50
7330 593244.17
7331 587382.33
7332 581628.33
7333 576002.33
7334 570459.33
7335 564952.33
7336 559481.33
7337 554046.33
7338 548647.33
7339 543311.83
7340 538146.50
7341 533205.67
7342 528384.67
7343 523603.67
7344 518862.67
7345 514380.17
7346 510355.17
7347 506687.67
7348 503180.67
7349 499717.67
7350 496298.67
7351 492923.67
7352 489994.17
7353 487514.17
7354 485283.17
7355 483729.67
7356 482887.17
7357 482325.17
7358 483783.67
7359 488236.67
7360 493703.67
7361 499202.67
7362 504733.67
7363 510296.67
7364 515891.67
7365 521518.67
7366 527293.67
7367 533430.67
7368 539809.67
7369 546212.67
7370 552639.67
7371 559176.83
7372 565908.50
7373 572746.50
7374 579604.50
7375 586753.50
7376 594193.50
7377 601653.50
7378 609189.50
7379 617051.50
7380 625179.50
7381 633319.50
7382 1761842.83
7383 1550444.50
7384 1551950.50
7385 1553502.50
7386 1555100.50
7387 1556744.50
7388 1558434.50
7389 1560219.67
7390 1562228.33
7391 1564489.33
7392 1566872.33
7393 1569297.33
7394 1571764.33
7395 1574273.33
7396 1576824.33
7397 1579417.33
7398 1582052.33
7399 1584729.33
7400 1587448.33
7401 1590209.33
7402 1593012.33
7403 1595857.33
7404 1598758.83
7405 1601784.33
7406 1604972.33
7407 2330034.67
7408 1410346.00
7409 1409019.50
7410 1407810.00
7411 1406690.00
7412 1405630.00
7413 1404774.00
7414 1404120.00
7415 1403522.00
7416 1402980.00
7417 1402550.50
7418 1402261.00
7419 1402055.00
7420 1401942.50
7421 1401923.50
7422 1401960.50
7423 1402053.50
7424 1402202.50
7425 1402407.50
7426 1402668.50
7427 1403007.67
7428 1403536.33
7429 1404320.33
7430 1405246.33
7431 1406224.33
7432 1407254.33
7433 1408336.33
7434 1409470.33
7435 1410664.50
7436 1412134.67
7437 1414030.67
7438 1416132.67
7439 1418339.50
7440 1420731.33
7441 1423267.83
7442 1425870.83
7443 1428521.83
7444 1431968.83
7445 1436209.83
7446 1440494.83
7447 1444921.33
7448 1449510.33
7449 1454162.33
7450 1458914.33
7451 1463826.33
7452 1468838.33
7453 1473890.33
7454 1478982.33
7455 1484262.83
7456 1489996.83
7457 1496035.83
7458 1502114.83
7459 1508233.83
7460 1514392.83
7461 1520704.33
7462 1527210.83
7463 1533911.83
7464 1540758.83
7465 1547633.83
7466 1554536.83
7467 1561467.83
7468 1568426.83
7469 1575432.00
7470 1582582.33
7471 1589937.50
7472 1597394.50
7473 1604871.50
7474 1612368.50
7475 1619885.50
7476 1627422.50
7477 1634979.50
7478 1642556.50
7479 1650153.50
7480 1657770.50
7481 1665407.50
7482 1673108.67
7483 1680961.33
7484 1688963.33
7485 1697025.33
7486 1705103.33
7487 1713197.33
7488 1721307.33
7489 1729433.33
7490 1737575.33
7491 1745741.50
7492 1753985.17
7493 1762342.17
7494 1770757.17
7495 1779184.17
7496 1787623.17
7497 1796074.17
7498 1804537.17
7499 1813012.17
7500 1821499.17
7501 1829998.17
7502 1838509.17
7503 1847031.67
7504 1855583.17
7505 1864162.17
7506 1872749.17
7507 1881344.17
7508 1889947.17
7509 3791152.00
7510 2153634.50
7511 2144718.50
7512 2135806.50
7513 2126898.50
7514 2117994.50
7515 2109094.50
7516 2100198.50
7517 2091306.50
7518 2082418.50
7519 2073534.50
7520 2064654.50
7521 2055778.50
7522 2046906.50
7523 2038038.50
7524 2029174.50
7525 2020314.50
7526 2011458.50
7527 2002606.50
7528 1993758.50
7529 1984914.50
7530 1976074.50
7531 1967238.50
7532 1958406.50
7533 1949578.50
7534 1940754.50
7535 1931934.50
7536 1923118.50
7537 1914306.50
7538 1905498.50
7539 1896694.50
7540 1887894.50
7541 1879098.50
7542 1870306.50
7543 1861518.50
7544 1852734.50
7545 1843954.50
7546 1835178.50
7547 1826406.50
7548 1817638.50
7549 1808874.50
7550 1800114.50
7551 1791358.50
7552 1782606.50
7553 1773858.50
7554 1765114.50
7555 1756374.50
7556 1747638.50
7557 1738906.50
7558 1730178.50
7559 1721454.50
7560 1712734.50
7561 1704018.50
7562 1695306.50
7563 1686598.50
7564 1677894.50
7565 1669194.50
7566 1660498.50
7567 1651806.50
7568 1643118.50
7569 1634434.50
7570 1625754.50
7571 1617078.50
7572 1608406.50
7573 1599738.50
7574 1591074.50
7575 1582414.50
7576 1573758.50
7577 1565106.50
7578 1556458.50
7579 1547814.50
7580 1539174.50
7581 1530538.50
7582 1521906.50
7583 1513278.50
7584 1504654.50
7585 1496034.50
7586 1487418.50
7587 1478806.50
7588 1470198.50
7589 1461594.50
7590 1452994.50
7591 1444398.50
7592 1435806.50
7593 1427218.50
7594 1418634.50
7595 1410054.50
7596 1401478.50
7597 1392906.50
7598 1384338.50
7599 1375774.50
7600 1367214.50
7601 1358658.50
7602 1350106.50
7603 1341558.50
7604 1333014.50
7605 1324474.50
7606 1315938.50
7607 1307406.50
7608 1298878.50
7609 1290354.50
7610 1281834.50
7611 1273318.50
7612 1264806.50
7613 1256298.50
7614 1247794.50
7615 1239294.50
7616 1230798.50
7617 1222306.50
7618 1213818.50
7619 1205334.50
7620 1196854.50
7621 1188378.50
7622 1179906.50
7623 1171438.50
7624 1162974.50
7625 1154514.50
7626 1146058.50
7627 1137606.50
7628 1129158.50
7629 1120714.50
7630 1112274.50
7631 1103838.50
7632 1095406.50
7633 1086978.50
7634 1078554.50
7635 1070134.50
7636 1061718.50
7637 1053306.50
7638 1044898.50
7639 1036494.50
7640 1028094.50
7641 1019698.50
7642 1011306.50
7643 1002918.50
7644 994534.50
7645 986154.50
7646 977778.50
7647 969406.50
7648 961038.50
7649 952674.50
7650 944314.50
7651 935958.50
7652 927606.50
7653 919258.50
7654 910914.50
7655 902574.50
7656 894238.50
7657 885906.50
7658 877578.50
7659 869254.50
7660 860934.50
7661 852618.50
7662 844306.50
7663 835998.50
7664 827694.50
7665 819394.50
7666 811098.50
7667 802806.50
7668 794518.50
7669 786234.50
7670 777954.50
7671 769678.50
7672 761406.50
7673 753303.17
7674 745535.83
7675 737942.83
7676 730359.83
7677 722786.83
7678 715223.83
7679 707670.83
7680 700127.83
7681 692594.83
7682 685071.83
7683 677558.83
7684 670055.83
7685 662562.83
7686 655079.83
7687 647706.00
7688 640542.17
7689 633491.17
7690 626498.67
7691 619636.67
7692 612862.67
7693 606106.67
7694 599412.50
7695 592859.17
7696 586439.00
7697 580075.00
7698 573733.00
7699 567413.00
7700 561319.50
7701 555540.50
7702 549877.50
7703 544248.50
7704 538682.00
7705 533403.50
7706 528384.50
7707 523399.50
7708 518448.50
7709 513531.50
7710 508648.50
7711 503799.50
7712 498984.50
7713 494203.50
7714 489456.50
7715 484743.50
7716 480064.50
7717 475842.00
7718 472500.00
7719 469618.00
7720 466774.00
7721 463968.00
7722 461200.00
7723 458470.00
7724 455946.50
7725 453778.50
7726 451799.50
7727 449862.50
7728 447971.67
7729 446242.50
7730 444784.67
7731 443484.67
7732 442230.67
7733 441022.67
7734 439860.67
7735 438790.67
7736 437868.00
7737 437056.83
7738 436303.83
7739 435600.83
7740 434947.83
7741 434344.83
7742 435261.00
7743 439153.67
7744 444540.67
7745 449951.67
7746 455386.67
7747 460845.67
7748 466328.67
7749 471835.67
7750 477366.67
7751 482921.67
7752 488531.17
7753 494243.83
7754 500046.50
7755 505890.50
7756 511838.00
7757 517995.33
7758 524437.67
7759 531183.67
7760 538076.67
7761 544989.67
7762 551922.67
7763 558875.67
7764 565848.67
7765 572841.67
7766 579854.67
7767 586887.67
7768 593940.67
7769 601013.67
7770 608106.67
7771 615219.67
7772 622352.67
7773 629505.67
7774 636678.67
7775 643871.67
7776 651084.67
7777 658317.67
7778 665574.17
7779 673253.67
7780 681350.67
7781 689463.67
7782 697592.67
7783 705737.67
7784 713898.67
7785 722075.67
7786 730300.67
7787 738571.67
7788 746854.67
7789 755149.67
7790 763456.67
7791 771775.67
7792 2074939.83
7793 1831564.67
7794 1838312.67
7795 1845080.67
7796 1851868.67
7797 1858676.67
7798 1865504.67
7799 1872352.67
7800 1879220.67
7801 1886108.67
7802 1893016.67
7803 1899944.67
7804 1906929.67
7805 1914199.67
7806 1921904.17
7807 1929809.17
7808 1937722.17
7809 1945643.17
7810 1953572.17
7811 1961509.17
7812 1969454.17
7813 1977407.17
7814 1985368.17
7815 1993337.17
7816 2001314.17
7817 2009299.17
7818 2017292.17
7819 2025362.17
7820 2033561.67
7821 2041819.67
7822 2050081.67
7823 2058347.67
7824 2066617.67
7825 2074891.67
7826 2083169.67
7827 2091451.67
7828 2099737.67
7829 2108027.67
7830 2116321.67
7831 2124619.67
7832 2132921.67
7833 2141227.67
7834 2149537.67
7835 2157851.67
7836 2166169.67
7837 2174491.67
7838 2182817.67
7839 2191147.67
7840 2199481.67
7841 2207819.67
7842 2216161.67
7843 2224507.67
7844 2232857.67
7845 2241211.67
7846 2249569.67
7847 2257931.67
7848 2266297.67
7849 2274667.67
7850 2283041.67
7851 2291419.67
7852 2299801.67
7853 2308187.67
7854 2316577.67
7855 2324971.67
7856 2333369.67
7857 2341771.67
7858 2350177.67
7859 2358587.67
7860 2367001.67
7861 2375419.67
7862 2383841.67
7863 2392267.67
7864 2400697.67
7865 2409131.67
7866 2417569.67
7867 2426011.67
7868 2434457.67
7869 2442907.67
7870 2451361.67
7871 2459819.67
7872 2468281.67
7873 2476747.67
7874 2485217.67
7875 2493691.67
7876 2502169.67
7877 2510651.67
7878 2519137.67
7879 2527627.67
7880 2536121.67
7881 2544619.67
7882 2553121.67
7883 2561627.67
7884 2570137.67
7885 2578651.67
7886 2587169.67
7887 2595691.67
7888 2604217.67
7889 2612747.67
7890 2621281.67
7891 2629819.67
7892 2638361.67
7893 2646907.67
7894 2655457.67
7895 2664011.67
7896 2672569.67
7897 2681131.67
7898 2689697.67
7899 2698267.67
7900 2706841.67
7901 2715419.67
7902 2724001.67
7903 2732587.67
7904 2741177.67
7905 2749771.67
7906 2758369.67
7907 2766971.67
7908 2775577.67
7909 2784187.67
7910 2792801.67
7911 2801419.67
7912 2810041.67
7913 2818667.67
7914 2827297.67
7915 2835931.67
7916 2844569.67
7917 2853211.67
7918 2861857.67
7919 2870507.67
7920 2879161.67
7921 2887819.67
7922 2896481.67
7923 2905147.67
7924 2913817.67
7925 2922491.67
7926 2931169.67
7927 2939851.67
7928 2948537.67
7929 2957227.67
7930 2965921.67
7931 2974619.67
7932 2983321.67
7933 2992027.67
7934 3000737.67
7935 3009451.67
7936 3018169.67
7937 3026891.67
7938 3035617.67
7939 3044347.67
7940 3053081.67
7941 3061819.67
7942 3070561.67
7943 3079307.67
7944 3088057.67
7945 3096811.67
7946 3105569.67
7947 3114331.67
7948 3123097.67
7949 3131867.67
7950 3140641.67
7951 3149419.67
7952 3158201.67
7953 3166987.67
7954 3175777.67
7955 3184571.67
7956 3193369.67
7957 3202171.67
7958 3210977.67
7959 3219787.67
7960 3228601.67
7961 3237419.67
7962 3246241.67
7963 3255067.67
7964 3263897.67
7965 3272731.67
7966 3281569.67
7967 3290411.67
7968 3299257.67
7969 4873930.83
7970 3832625.33
7971 3835855.33
7972 3839131.33
7973 3842453.33
7974 3845821.33
7975 3849347.50
7976 3853305.17
7977 3857576.17
7978 3861881.17
7979 3866220.17
7980 3870593.17
7981 3875000.17
7982 3879441.17
7983 3883916.17
7984 3888425.17
7985 3892968.17
7986 3897545.17
7987 3902224.67
7988 3907073.17
7989 3912020.17
7990 3916997.17
7991 3922004.17
7992 3927041.17
7993 3932108.17
7994 3937205.17
7995 3942332.17
7996 3947489.17
7997 3952676.17
7998 3957893.17
7999 3963140.17
8000 3968417.17
8001 3973778.67
8002 3979370.67
8003 3985136.67
8004 3990928.67
8005 3996746.67
8006 4002590.67
8007 4008460.67
8008 4014356.67
8009 4020278.67
8010 4026226.67
8011 4032200.67
8012 4038200.67
8013 7720988.83
8014 6804982.33
8015 6807299.33
8016 6809662.33
8017 6812071.33
8018 6814526.33
8019 6817027.33
8020 6819574.33
8021 6822590.83
8022 6826253.33
8023 6830140.33
8024 6963399.83
8025 143311.33
8026 133351.33
8027 123391.33
8028 113431.33
8029 103471.33
8030 93511.33
8031 83551.33
8032 74453.50
8033 67733.83
8034 63192.00
8035 59337.00
8036 55705.50
8037 52717.00
8038 50196.00
8039 47721.00
8040 45292.00
8041 42909.00
8042 40572.00
8043 38373.50
8044 39320.83
8045 46289.67
8046 56249.67
8047 66209.67
8048 76169.67
8049 86129.67
8050 96089.67
8051 106049.67
8052 4625885.83
8053 4540828.83
8054 4534890.83
8055 4528988.83
8056 4523122.83
8057 4517292.83
8058 4511498.83
8059 4505740.83
8060 4500107.33
8061 4494724.83
8062 4489506.83
8063 4484328.83
8064 4479190.83
8065 4474092.83
8066 4469034.83
8067 4464016.83
8068 4459038.83
8069 4454100.83
8070 4449202.83
8071 4444344.83
8072 4439526.83
8073 4434748.83
8074 4430410.33
8075 4426538.33
8076 4422735.33
8077 4418976.33
8078 4415261.33
8079 4411590.33
8080 4407967.83
8081 4404413.33
8082 4400960.17
8083 4397673.33
8084 4394564.67
8085 4391553.67
8086 4388594.67
8087 4385687.67
8088 4383277.67
8089 4381370.17
8090 4379641.33
8091 4378426.50
8092 4377613.50
8093 4376863.50
8094 5683967.50
8095 3796445.67
8096 3788975.67
8097 3781525.67
8098 3774095.67
8099 3766685.67
8100 3759295.67
8101 3751925.67
8102 3744575.67
8103 3737253.17
8104 3729999.00
8105 3722839.83
8106 3715736.83
8107 3708657.83
8108 3875428.00
8109 1146887.50
8110 1137149.50
8111 1127411.50
8112 1117673.50
8113 1107935.50
8114 1098197.50
8115 1088459.50
8116 1078721.50
8117 1068983.50
8118 1059245.50
8119 1049507.50
8120 1039769.50
8121 1030031.50
8122 1020293.50
8123 1010555.50
8124 1000817.50
8125 991079.50
8126 981341.50
8127 971603.50
8128 961865.50
8129 952127.50
8130 942389.50
8131 932651.50
8132 922913.50
8133 913175.50
8134 903437.50
8135 893699.50
8136 883961.50
8137 874223.50
8138 864485.50
8139 854747.50
8140 845009.50
8141 835271.50
8142 825533.50
8143 815795.50
8144 806057.50
8145 796319.50
8146 786581.50
8147 776843.50
8148 767105.50
8149 757367.50
8150 747629.50
8151 737891.50
8152 728153.50
8153 718415.50
8154 708677.50
8155 698939.50
8156 689201.50
8157 679463.50
8158 669725.50
8159 659987.50
8160 650249.50
8161 640511.50
8162 630773.50
8163 621035.50
8164 611297.50
8165 601559.50
8166 591821.50
8167 582083.50
8168 572345.50
8169 562607.50
8170 552869.50
8171 543131.50
8172 533393.50
8173 523655.50
8174 513917.50
8175 504179.50
8176 494441.50
8177 484703.50
8178 474965.50
8179 465227.50
8180 455489.50
8181 445751.50
8182 436013.50
8183 426275.50
8184 416537.50
8185 406799.50
8186 397061.50
8187 387323.50
8188 377585.50
8189 367847.50
8190 358109.50
8191 348371.50
8192 338633.50
8193 328895.50
8194 319157.50
8195 309419.50
8196 299681.50
8197 289943.50
8198 280205.50
8199 270467.50
8200 260729.50
8201 250991.50
8202 241253.50
8203 231515.50
8204 221777.50
8205 212039.50
8206 202301.50
8207 192563.50
8208 182825.50
8209 173087.50
8210 163349.50
8211 153611.50
8212 143873.50
8213 134135.50
8214 124397.50
8215 114659.50
8216 104921.50
8217 95183.50
8218 85445.50
8219 75707.50
8220 65969.50
8221 56231.50
8222 46493.50
8223 36755.50
8224 28584.83
8225 26192.17
8226 30640.67
8227 37731.67
8228 44879.33
8229 52123.00
8230 59435.50
8231 66775.50
8232 74135.50
8233 81515.50
8234 88915.50
8235 96335.50
8236 103775.50
8237 111235.50
8238 118715.50
8239 126772.00
8240 135952.50
8241 145690.50
8242 155428.50
8243 165166.50
8244 174904.50
8245 184642.50
8246 194380.50
8247 204118.50
8248 213856.50
8249 223594.50
8250 233332.50
8251 243070.50
8252 252808.50
8253 262546.50
8254 272284.50
8255 282022.50
8256 291760.50
8257 301498.50
8258 311236.50
8259 320974.50
8260 330712.50
8261 340450.50
8262 350188.50
8263 359926.50
8264 369664.50
8265 379402.50
8266 389140.50
8267 398878.50
8268 408616.50
8269 418354.50
8270 428092.50
8271 437830.50
8272 447568.50
8273 457306.50
8274 467044.50
8275 476782.50
8276 486520.50
8277 496258.50
8278 505996.50
8279 515734.50
8280 525472.50
8281 535210.50
8282 544948.50
8283 554686.50
8284 564424.50
8285 574162.50
8286 583900.50
8287 593638.50
8288 603376.50
8289 613114.50
8290 622852.50
8291 632590.50
8292 642328.50
8293 652066.50
8294 661804.50
8295 671542.50
8296 681280.50
8297 691018.50
8298 700756.50
8299 710494.50
8300 720232.50
8301 729970.50
8302 739708.50
8303 749446.50
8304 759184.50
8305 768922.50
8306 778660.50
8307 788398.50
8308 798136.50
8309 807874.50
8310 817612.50
8311 827350.50
8312 837088.50
8313 846826.50
8314 856564.50
8315 866302.50
8316 876040.50
8317 885778.50
8318 895516.50
8319 905254.50
8320 914992.50
8321 924730.50
8322 934468.50
8323 944206.50
8324 953944.50
8325 963682.50
8326 973420.50
8327 983158.50
8328 992896.50
8329 1002634.50
8330 1012372.50
8331 1022110.50
8332 1031848.50
8333 1041586.50
8334 1051324.50
8335 1061062.50
8336 1070800.50
8337 1080538.50
8338 1090276.50
8339 1100014.50
8340 1109752.50
8341 1119490.50
8342 1129228.50
8343 1138966.50
8344 1148704.50
8345 1158442.50
8346 1168180.50
8347 1177918.50
8348 1187656.50
8349 1197394.50
8350 1207132.50
8351 1216870.50
8352 1226608.50
8353 1236346.50
8354 1246084.50
8355 3616441.83
8356 2789027.33
8357 2785743.33
8358 2782517.33
8359 2779356.33
8360 2776264.33
8361 2773234.33
8362 2770260.33
8363 2767363.33
8364 2764719.00
8365 2762348.67
8366 2760072.67
8367 2757844.67
8368 2755664.67
8369 2753532.67
8370 2751448.67
8371 2749412.67
8372 2747424.67
8373 2745484.67
8374 2743774.67
8375 2742410.17
8376 2741211.17
8377 2740064.17
8378 2738969.17
8379 2737926.17
8380 2736935.17
8381 2735996.17
8382 2735109.17
8383 2734274.17
8384 2733667.67
8385 2733880.50
8386 2734735.33
8387 2735639.33
8388 2736591.33
8389 2737591.33
8390 2738639.33
8391 2739735.33
8392 2740911.33
8393 2742187.33
8394 3219982.67
8395 701300.17
8396 691495.17
8397 681690.17
8398 671885.17
8399 662080.17
8400 652275.17
8401 642470.17
8402 632665.17
8403 622860.17
8404 613055.17
8405 603250.17
8406 593445.17
8407 583640.17
8408 573835.17
8409 564030.17
8410 554225.17
8411 544420.17
8412 534615.17
8413 524810.17
8414 515005.17
8415 505200.17
8416 495395.17
8417 485590.17
8418 475785.17
8419 465980.17
8420 456175.17
8421 446370.17
8422 436565.17
8423 426760.17
8424 416955.17
8425 407150.17
8426 397345.17
8427 387540.17
8428 377735.17
8429 368086.17
8430 358725.17
8431 349498.17
8432 340275.17
8433 331056.17
8434 321841.17
8435 312630.17
8436 303423.17
8437 294361.67
8438 285572.67
8439 276944.67
8440 268371.67
8441 259827.67
8442 251295.67
8443 242775.67
8444 234267.67
8445 225771.67
8446 217484.00
8447 209611.67
8448 201970.00
8449 194356.00
8450 186762.00
8451 179188.00
8452 175155.50
8453 174796.50
8454 174605.50
8455 174466.50
8456 174379.50
8457 174344.50
8458 174361.50
8459 174430.50
8460 174551.50
8461 174774.00
8462 175363.17
8463 176310.83
8464 177351.83
8465 178444.83
8466 179589.83
8467 180786.83
8468 182035.83
8469 183336.83
8470 184689.83
8471 186151.83
8472 187862.00
8473 189844.67
8474 191958.67
8475 194120.67
8476 196330.67
8477 198588.67
8478 200910.17
8479 203373.17
8480 205962.17
8481 208599.17
8482 211432.50
8483 214562.83
8484 217845.83
8485 221184.83
8486 224579.83
8487 228042.33
8488 231575.83
8489 235168.83
8490 238817.83
8491 242522.83
8492 249291.83
8493 259096.83
8494 268901.83
8495 278706.83
8496 288511.83
8497 298316.83
8498 308121.83
8499 317926.83
8500 327731.83
8501 337536.83
8502 347341.83
8503 357146.83
8504 366951.83
8505 376756.83
8506 386561.83
8507 396366.83
8508 406171.83
8509 415976.83
8510 425781.83
8511 435586.83
8512 445391.83
8513 455196.83
8514 465001.83
8515 474806.83
8516 484611.83
8517 494416.83
8518 504221.83
8519 514026.83
8520 523831.83
8521 533636.83
8522 543441.83
8523 553246.83
8524 563051.83
8525 572856.83
8526 1636018.67
8527 1068156.33
8528 1058843.83
8529 1049598.33
8530 1040391.33
8531 1031192.33
8532 1022001.33
8533 1012818.33
8534 1003643.33
8535 994476.33
8536 985317.33
8537 976166.33
8538 967023.33
8539 957888.33
8540 948761.33
8541 939642.33
8542 930531.33
8543 921428.33
8544 912333.33
8545 903246.33
8546 894167.33
8547 885096.33
8548 876033.33
8549 866978.33
8550 857931.33
8551 848892.33
8552 839861.33
8553 830838.33
8554 821823.33
8555 813013.33
8556 804413.33
8557 795929.33
8558 787568.83
8559 779232.83
8560 770912.83
8561 762608.83
8562 754320.83
8563 746151.83
8564 738273.33
8565 730646.83
8566 723104.83
8567 715586.83
8568 708092.83
8569 700622.83
8570 693176.83
8571 685754.83
8572 678356.83
8573 670982.83
8574 663632.83
8575 656306.83
8576 649004.83
8577 641726.83
8578 634472.83
8579 627242.83
8580 620036.83
8581 612915.83
8582 606170.83
8583 599971.83
8584 594029.83
8585 588115.83
8586 582229.83
8587 576371.83
8588 570541.83
8589 564739.83
8590 558965.83
8591 553223.83
8592 547527.33
8593 541874.33
8594 536253.33
8595 530664.33
8596 525107.33
8597 519582.33
8598 514089.33
8599 508628.33
8600 503199.33
8601 497802.33
8602 492711.83
8603 487929.83
8604 483183.83
8605 478484.83
8606 474089.83
8607 469991.83
8608 465937.83
8609 461927.83
8610 457961.83
8611 454122.83
8612 450537.83
8613 447151.83
8614 443937.33
8615 440868.33
8616 437851.67
8617 434917.00
8618 432084.50
8619 429324.50
8620 426612.50
8621 423948.50
8622 421367.33
8623 418912.17
8624 416634.50
8625 414569.83
8626 412780.33
8627 411250.83
8628 409832.83
8629 408510.83
8630 407335.83
8631 406259.83
8632 405384.33
8633 404901.33
8634 404688.17
8635 404710.00
8636 404964.50
8637 405385.00
8638 405945.00
8639 406555.00
8640 407215.00
8641 407925.00
8642 408755.00
8643 409775.00
8644 410915.00
8645 412105.00
8646 413345.00
8647 414635.00
8648 415975.00
8649 417427.50
8650 419695.50
8651 422709.50
8652 425827.00
8653 429115.83
8654 432509.67
8655 435940.67
8656 439407.67
8657 442910.67
8658 446470.17
8659 450356.67
8660 454547.67
8661 458770.67
8662 463025.67
8663 467362.67
8664 471781.67
8665 476232.67
8666 480715.67
8667 485230.67
8668 489777.67
8669 494356.67
8670 498967.67
8671 503636.67
8672 508434.17
8673 513332.17
8674 518451.67
8675 524202.67
8676 530387.67
8677 536592.67
8678 542817.67
8679 549062.67
8680 555327.67
8681 561896.00
8682 569323.83
8683 577340.83
8684 585386.83
8685 593444.83
8686 601514.83
8687 609596.83
8688 617740.83
8689 625953.83
8690 634185.83
8691 642429.83
8692 650685.83
8693 658953.83
8694 667233.83
8695 675525.83
8696 683829.83
8697 692145.83
8698 700473.83
8699 708813.83
8700 717190.83
8701 725610.83
8702 734046.83
8703 742490.83
8704 750942.83
8705 759402.83
8706 767870.83
8707 776346.83
8708 784830.83
8709 793322.83
8710 801822.83
8711 810330.83
8712 818846.83
8713 827370.83
8714 835902.83
8715 844442.83
8716 852990.83
8717 861546.83
8718 870110.83
8719 878682.83
8720 887262.83
8721 895908.67
8722 904689.00
8723 913556.00
8724 922441.00
8725 931334.00
8726 940235.00
8727 949144.00
8728 958061.00
8729 966986.00
8730 975919.00
8731 1481820.17
8732 587189.33
8733 578566.33
8734 569955.33
8735 561356.33
8736 552769.33
8737 544194.33
8738 535845.17
8739 528007.00
8740 520538.50
8741 513158.50
8742 506382.17
8743 500803.83
8744 495851.83
8745 490973.17
8746 486232.00
8747 482488.00
8748 479966.50
8749 477788.50
8750 475674.50
8751 473624.50
8752 471753.50
8753 470510.50
8754 469883.50
8755 469915.50
8756 470503.50
8757 471198.00
8758 471999.00
8759 472864.00
8760 473908.00
8761 475233.50
8762 476730.00
8763 478544.50
8764 480692.50
8765 482918.50
8766 485196.50
8767 487526.50
8768 489912.33
8769 492364.17
8770 494883.67
8771 497460.67
8772 500089.67
8773 502770.67
8774 505503.67
8775 508288.67
8776 511125.67
8777 514014.67
8778 516955.67
8779 520063.50
8780 523535.00
8781 527431.00
8782 531657.00
8783 536030.67
8784 540526.67
8785 545228.67
8786 550051.67
8787 554910.67
8788 560395.17
8789 567013.33
8790 574292.50
8791 581714.50
8792 589152.50
8793 596606.50
8794 604076.50
8795 611562.50
8796 619064.50
8797 626582.50
8798 1162473.67
8799 640209.67
8800 630480.67
8801 620751.67
8802 611022.67
8803 601404.17
8804 592080.67
8805 582943.67
8806 573810.67
8807 564681.67
8808 555652.17
8809 546919.67
8810 538490.67
8811 530168.67
8812 521852.67
8813 513542.67
8814 505238.67
8815 496940.67
8816 488648.67
8817 480362.67
8818 472082.67
8819 463808.67
8820 455540.67
8821 447278.67
8822 439022.67
8823 430772.67
8824 422528.67
8825 414290.67
8826 406058.67
8827 397832.67
8828 389612.67
8829 381398.67
8830 373190.67
8831 364988.67
8832 356792.67
8833 348602.67
8834 340418.67
8835 332240.67
8836 324068.67
8837 315902.67
8838 307742.67
8839 299604.83
8840 291507.00
8841 283435.00
8842 275373.00
8843 267321.00
8844 259279.00
8845 251247.00
8846 244892.50
8847 240794.50
8848 237297.50
8849 233834.50
8850 230563.50
8851 228780.00
8852 228344.00
8853 227963.00
8854 227640.00
8855 227421.50
8856 227310.67
8857 227324.17
8858 227499.50
8859 227796.00
8860 228155.00
8861 228554.00
8862 228996.50
8863 229492.50
8864 230044.00
8865 230639.00
8866 231270.00
8867 231937.00
8868 232640.00
8869 233379.00
8870 234154.00
8871 234965.00
8872 235812.00
8873 236695.00
8874 237674.50
8875 238944.33
8876 240814.17
8877 243092.17
8878 245422.17
8879 247956.67
8880 250683.67
8881 253450.67
8882 256257.67
8883 259104.67
8884 261991.67
8885 267269.17
8886 274927.17
8887 282605.17
8888 290303.17
8889 298021.17
8890 305759.17
8891 313517.17
8892 321295.17
8893 329093.17
8894 336911.17
8895 344749.17
8896 352607.17
8897 360485.17
8898 368383.17
8899 376301.17
8900 384239.17
8901 392197.17
8902 400175.17
8903 408173.17
8904 416191.17
8905 424229.17
8906 432471.67
8907 440936.17
8908 449434.17
8909 457944.17
8910 466466.17
8911 475000.17
8912 483546.17
8913 492104.17
8914 500674.17
8915 509256.17
8916 517850.17
8917 526456.17
8918 535074.17
8919 543704.17
8920 552346.17
8921 561000.17
8922 569803.67
8923 578884.17
8924 588102.17
8925 597328.17
8926 606562.17
8927 615804.17
8928 625054.17
8929 634319.83
8930 643629.67
8931 652995.83
8932 662387.83
8933 671893.33
8934 681566.33
8935 691295.33
8936 701024.33
8937 710753.33
8938 2241818.67
8939 1618369.33
8940 1610670.33
8941 1602989.33
8942 1595326.33
8943 1587681.33
8944 1580174.33
8945 1572927.33
8946 1565822.33
8947 1558762.17
8948 1551868.67
8949 1545218.83
8950 1538692.83
8951 1532192.83
8952 1525718.83
8953 1519270.83
8954 1512848.83
8955 1506452.83
8956 1500082.83
8957 1493738.83
8958 1487420.83
8959 1481128.83
8960 1474862.83
8961 1468622.83
8962 1462534.83
8963 1456612.83
8964 1450736.83
8965 1444898.83
8966 1439098.83
8967 1433336.83
8968 1427612.83
8969 1421926.83
8970 1416308.33
8971 1410757.33
8972 1405244.33
8973 1399769.33
8974 1394332.33
8975 1388933.33
8976 1383699.67
8977 1378760.50
8978 1374068.00
8979 1369497.00
8980 1364972.00
8981 1360493.00
8982 1356060.00
8983 1351673.00
8984 1347332.00
8985 1343037.00
8986 1338788.00
8987 1334606.00
8988 1330588.50
8989 1326717.50
8990 1323097.50
8991 1320070.50
8992 1317583.00
8993 1315298.00
8994 1313075.00
8995 1310914.00
8996 1308815.00
8997 1306778.00
8998 1304803.00
8999 1302890.00
9000 1301039.00
9001 1299250.00
9002 1297523.00
9003 1295858.00
9004 1294255.00
9005 1292714.00
9006 1291235.00
9007 1289818.00
9008 1288463.00
9009 1287170.00
9010 1285939.00
9011 1284770.00
9012 1283663.00
9013 1282618.00
9014 1281982.50
9015 1281835.00
9016 1281936.50
9017 1282317.00
9018 1282868.00
9019 1283536.17
9020 1284376.83
9021 1285334.83
9022 1286354.83
9023 1287436.83
9024 1288580.83
9025 1289786.83
9026 1291054.83
9027 1292384.83
9028 1293776.83
9029 1295266.50
9030 1297095.33
9031 1299383.33
9032 1301913.17
9033 1304523.17
9034 1307183.17
9035 1309893.17
9036 1312653.17
9037 1315463.17
9038 1318623.50
9039 1322456.33
9040 1326756.83
9041 1331200.83
9042 1335690.83
9043 1340226.83
9044 1344820.83
9045 1349486.83
9046 1354215.83
9047 1358993.83
9048 1363817.83
9049 1368737.83
9050 1373753.83
9051 1378926.83
9052 1384254.83
9053 1389624.83
9054 3120856.67
9055 2084215.50
9056 2074907.50
9057 2065599.50
9058 2056291.50
9059 2046983.50
9060 2037675.50
9061 2028542.17
9062 2019788.17
9063 2011270.00
9064 2002787.00
9065 1994312.00
9066 1985845.00
9067 1977386.00
9068 1968935.00
9069 1960492.00
9070 1952057.00
9071 1943630.00
9072 1935211.00
9073 1926800.00
9074 1918397.00
9075 1910002.00
9076 1901615.00
9077 1893334.33
9078 1885262.17
9079 1877304.17
9080 1869362.17
9081 1861436.17
9082 1853526.17
9083 1845632.17
9084 1904387.83
9085 686653.00
9086 676795.00
9087 666937.00
9088 657079.00
9089 647221.00
9090 637363.00
9091 627505.00
9092 617647.00
9093 607789.00
9094 597931.00
9095 588073.00
9096 578215.00
9097 568357.00
9098 558499.00
9099 548641.00
9100 538783.00
9101 528925.00
9102 519067.00
9103 509209.00
9104 499351.00
9105 489493.00
9106 479635.00
9107 469777.00
9108 459919.00
9109 450061.00
9110 440203.00
9111 430345.00
9112 420487.00
9113 410629.00
9114 400771.00
9115 390913.00
9116 381055.00
9117 371197.00
9118 361339.00
9119 351481.00
9120 341623.00
9121 331765.00
9122 321907.00
9123 312049.00
9124 302191.00
9125 292333.00
9126 282475.00
9127 272617.00
9128 262759.00
9129 252901.00
9130 243043.00
9131 233185.00
9132 223327.00
9133 213469.00
9134 203611.00
9135 193753.00
9136 183895.00
9137 174037.00
9138 164179.00
9139 154321.00
9140 144463.00
9141 134605.00
9142 124747.00
9143 114889.00
9144 105031.00
9145 95173.00
9146 85315.00
9147 75457.00
9148 65599.00
9149 55741.00
9150 45883.00
9151 36025.00
9152 26167.00
9153 16309.00
9154 6913.17
9155 2912.17
9156 8307.00
9157 18165.00
9158 28023.00
9159 37881.00
9160 47739.00
9161 57597.00
9162 67455.00
9163 77313.00
9164 87171.00
9165 97029.00
9166 106887.00
9167 116745.00
9168 126603.00
9169 136461.00
9170 146319.00
9171 156177.00
9172 166035.00
9173 175893.00
9174 185751.00
9175 195609.00
9176 205467.00
9177 215325.00
9178 225183.00
9179 235041.00
9180 244899.00
9181 254757.00
9182 264615.00
9183 274473.00
9184 284331.00
9185 294189.00
9186 304047.00
9187 313905.00
9188 323763.00
9189 333621.00
9190 343479.00
9191 353337.00
9192 363195.00
9193 373053.00
9194 382911.00
9195 392769.00
9196 402627.00
9197 412485.00
9198 422343.00
9199 432201.00
9200 442059.00
9201 451917.00
9202 461775.00
9203 471633.00
9204 481491.00
9205 491349.00
9206 501207.00
9207 511065.00
9208 520923.00
9209 530781.00
9210 540639.00
9211 550497.00
9212 560355.00
9213 570213.00
9214 580071.00
9215 589929.00
9216 599787.00
9217 609645.00
9218 619503.00
9219 629361.00
9220 639219.00
9221 649077.00
9222 658935.00
9223 668793.00
9224 678651.00
9225 1332244.83
9226 701346.17
9227 693236.17
9228 685142.17
9229 677064.17
9230 669002.17
9231 660962.67
9232 653050.67
9233 645260.67
9234 637488.67
9235 629734.67
9236 622045.00
9237 614468.33
9238 606961.83
9239 599478.83
9240 592425.83
9241 586401.00
9242 581192.17
9243 576213.17
9244 571280.17
9245 566393.17
9246 561579.17
9247 556838.17
9248 552189.17
9249 547687.50
9250 543297.33
9251 538965.33
9252 534683.33
9253 530451.33
9254 526269.33
9255 522137.33
9256 518060.33
9257 514275.83
9258 511096.50
9259 508355.17
9260 505736.17
9261 503171.17
9262 500660.17
9263 498214.50
9264 495893.67
9265 493848.83
9266 492189.67
9267 490810.67
9268 489546.67
9269 488344.67
9270 487243.67
9271 486463.17
9272 486145.67
9273 486073.67
9274 486067.67
9275 486127.67
9276 486253.67
9277 486445.67
9278 486809.17
9279 487447.67
9280 488253.67
9281 489121.67
9282 490051.67
9283 491230.67
9284 492794.67
9285 494600.17
9286 496509.17
9287 498476.17
9288 500501.17
9289 502584.17
9290 504725.17
9291 506924.17
9292 509181.17
9293 511496.17
9294 513869.17
9295 516300.17
9296 518789.17
9297 521336.17
9298 523941.17
9299 526604.17
9300 529326.33
9301 532114.00
9302 534972.00
9303 538036.83
9304 541570.50
9305 545551.83
9306 549708.83
9307 554001.83
9308 558450.83
9309 562967.83
9310 567530.83
9311 572139.83
9312 576794.83
9313 581495.83
9314 586242.83
9315 591055.33
9316 595952.83
9317 600915.83
9318 605996.33
9319 611317.50
9320 616929.17
9321 622704.17
9322 628517.17
9323 634368.17
9324 640257.17
9325 646184.17
9326 652153.33
9327 658170.67
9328 664232.83
9329 670331.83
9330 676464.83
9331 682631.83
9332 688832.83
9333 695177.83
9334 701782.00
9335 708664.33
9336 715718.50
9337 722814.17
9338 729966.00
9339 737193.17
9340 744464.17
9341 751856.67
9342 759472.17
9343 767205.17
9344 774952.17
9345 782713.17
9346 790488.17
9347 798277.17
9348 806080.17
9349 813897.17
9350 821728.17
9351 829573.17
9352 837432.17
9353 845305.17
9354 853192.17
9355 861093.17
9356 869008.17
9357 876974.67
9358 884990.67
9359 893016.67
9360 901052.67
9361 909098.67
9362 917154.67
9363 925220.67
9364 933296.67
9365 941382.67
9366 949478.67
9367 957584.67
9368 965700.67
9369 973826.67
9370 981962.67
9371 990108.67
9372 998264.67
9373 1006430.67
9374 1014606.67
9375 1022792.67
9376 1030988.67
9377 1039194.67
9378 1047410.67
9379 1055636.67
9380 1063872.67
9381 1072118.67
9382 1080477.67
9383 1088956.17
9384 1097451.17
9385 1105956.17
9386 1114471.17
9387 1122996.17
9388 1131552.17
9389 1140183.67
9390 1148911.67
9391 1157687.67
9392 1166465.67
9393 1175245.67
9394 1184027.67
9395 1192811.67
9396 1201597.67
9397 1210385.67
9398 1219175.67
9399 1227967.67
9400 1236889.83
9401 1246069.50
9402 1255377.50
9403 1264685.50
9404 1273993.50
9405 1283301.50
9406 1292609.50
9407 3941499.83
9408 3171149.17
9409 3167880.67
9410 3164823.67
9411 3161812.67
9412 3158897.00
9413 3156125.83
9414 3728138.00
9415 1051216.67
9416 1043376.17
9417 1035575.17
9418 1027917.17
9419 1020592.33
9420 1013548.50
9421 1006741.67
9422 1000275.83
9423 994036.83
9424 987861.83
9425 981728.83
9426 975637.83
9427 969588.83
9428 963696.50
9429 958075.67
9430 952611.67
9431 947189.67
9432 941809.67
9433 936471.67
9434 931175.67
9435 925921.67
9436 920709.67
9437 915539.67
9438 910515.17
9439 905741.67
9440 901117.67
9441 896587.50
9442 892238.67
9443 888034.67
9444 883986.67
9445 880256.50
9446 876919.50
9447 874071.00
9448 871537.00
9449 869049.00
9450 866607.00
9451 864211.00
9452 861861.00
9453 859557.00
9454 857299.00
9455 855153.50
9456 853122.50
9457 851141.50
9458 849239.00
9459 847568.83
9460 846228.67
9461 845064.67
9462 843950.67
9463 842886.67
9464 842615.67
9465 843372.67
9466 844414.67
9467 845506.67
9468 848664.17
9469 853878.17
9470 859124.17
9471 864402.17
9472 869712.17
9473 875087.50
9474 880580.33
9475 886153.33
9476 891750.33
9477 897605.67
9478 904018.67
9479 910819.33
9480 917706.33
9481 924613.33
9482 931540.33
9483 938487.33
9484 945454.33
9485 952441.33
9486 959448.33
9487 966475.33
9488 973522.33
9489 980589.33
9490 987676.33
9491 994853.33
9492 1002190.33
9493 1009617.33
9494 1017064.33
9495 1024531.33
9496 1032018.33
9497 2493108.67
9498 2221424.33
9499 2220411.83
9500 2219509.83
9501 2218655.83
9502 2217861.33
9503 2217330.83
9504 2217229.33
9505 2217353.33
9506 2217527.33
9507 2217751.33
9508 2218025.33
9509 2218349.33
9510 2218723.33
9511 2219147.33
9512 2219621.33
9513 2220152.67
9514 2220803.00
9515 2221620.50
9516 2222545.50
9517 2223524.50
9518 2224557.50
9519 2225656.33
9520 2226851.17
9521 2228149.67
9522 2229523.67
9523 2230955.67
9524 2232445.67
9525 2233993.67
9526 2235599.67
9527 2237263.67
9528 2238985.67
9529 2240765.67
9530 2242603.67
9531 2244499.67
9532 2246686.33
9533 2249508.00
9534 2252790.50
9535 2256185.50
9536 2259630.50
9537 2263146.00
9538 2266882.50
9539 2270817.50
9540 2274798.50
9541 2278888.00
9542 2283191.50
9543 2896120.00
9544 888823.83
9545 879122.83
9546 869421.83
9547 859720.83
9548 850019.83
9549 840318.83
9550 830617.83
9551 820916.83
9552 811215.83
9553 801514.83
9554 791813.83
9555 782112.83
9556 772411.83
9557 762710.83
9558 753009.83
9559 743308.83
9560 733607.83
9561 723906.83
9562 714205.83
9563 704504.83
9564 694803.83
9565 685102.83
9566 675401.83
9567 665700.83
9568 655999.83
9569 646298.83
9570 636597.83
9571 626896.83
9572 617195.83
9573 607494.83
9574 597793.83
9575 588092.83
9576 578391.83
9577 568690.83
9578 558989.83
9579 549288.83
9580 539587.83
9581 529886.83
9582 520185.83
9583 510484.83
9584 500783.83
9585 491082.83
9586 481381.83
9587 471680.83
9588 461979.83
9589 452278.83
9590 442577.83
9591 432876.83
9592 423175.83
9593 413474.83
9594 403773.83
9595 394072.83
9596 384421.83
9597 375398.83
9598 366961.83
9599 358540.83
9600 350135.83
9601 341746.83
9602 333373.83
9603 325016.83
9604 316675.83
9605 308350.83
9606 300041.83
9607 291748.83
9608 283471.83
9609 275210.83
9610 266965.83
9611 258736.83
9612 250523.83
9613 242326.83
9614 234145.83
9615 225980.83
9616 217831.83
9617 209698.83
9618 201660.83
9619 193798.83
9620 186035.83
9621 178323.83
9622 173573.83
9623 172815.33
9624 173152.33
9625 173539.33
9626 173976.33
9627 174463.33
9628 175000.33
9629 175603.33
9630 176362.83
9631 177260.83
9632 178204.83
9633 179194.83
9634 180230.83
9635 181312.83
9636 182670.83
9637 184310.83
9638 186000.83
9639 187732.83
9640 189506.83
9641 191578.33
9642 193947.33
9643 196358.33
9644 198811.33
9645 201306.33
9646 203843.33
9647 206422.33
9648 210155.83
9649 216135.83
9650 223237.83
9651 230357.83
9652 237495.83
9653 244651.83
9654 251825.83
9655 259017.83
9656 266227.83
9657 273496.33
9658 280912.83
9659 288484.83
9660 296120.83
9661 303770.83
9662 311434.83
9663 319112.83
9664 326804.83
9665 334628.00
9666 342697.67
9667 350894.67
9668 359101.67
9669 367318.67
9670 375545.67
9671 383782.67
9672 392029.67
9673 400286.67
9674 408553.67
9675 416830.67
9676 425117.67
9677 433414.67
9678 441721.67
9679 450038.67
9680 458365.67
9681 466702.67
9682 475049.67
9683 483406.67
9684 491773.67
9685 500150.67
9686 508537.67
9687 516934.67
9688 525341.67
9689 533758.67
9690 542185.67
9691 550622.67
9692 559484.67
9693 568976.17
9694 578677.17
9695 588378.17
9696 598079.17
9697 607780.17
9698 617481.17
9699 627182.17
9700 636883.17
9701 646584.17
9702 656285.17
9703 665986.17
9704 675687.17
9705 685388.17
9706 695089.17
9707 704790.17
9708 714491.17
9709 724192.17
9710 733893.17
9711 743594.17
9712 753295.17
9713 762996.17
9714 772697.17
9715 782398.17
9716 792099.17
9717 801800.17
9718 811501.17
9719 821202.17
9720 830903.17
9721 840604.17
9722 850305.17
9723 860006.17
9724 869707.17
9725 879408.17
9726 889109.17
9727 898810.17
9728 908511.17
9729 918212.17
9730 927913.17
9731 937614.17
9732 947315.17
9733 957016.17
9734 966717.17
9735 976418.17
9736 986119.17
9737 995820.17
9738 1005521.17
9739 1015222.17
9740 1024923.17
9741 1034624.17
9742 1044325.17
9743 1054026.17
9744 1063727.17
9745 2222873.67
9746 1306428.33
9747 1299979.33
9748 1293618.33
9749 1287422.83
9750 1281365.33
9751 1275367.33
9752 1269403.33
9753 1263517.50
9754 1257755.67
9755 1252075.67
9756 1246433.67
9757 1240829.67
9758 1235263.67
9759 1229735.67
9760 1224245.67
9761 1218793.67
9762 1213379.67
9763 1208003.67
9764 1202711.67
9765 1197559.00
9766 1192509.83
9767 1187510.83
9768 1182553.83
9769 1177638.83
9770 1172907.33
9771 1168359.33
9772 1163853.33
9773 1159433.33
9774 1155194.33
9775 1151144.33
9776 1147190.33
9777 1143282.33
9778 1139420.33
9779 1135604.33
9780 1131834.33
9781 1128188.17
9782 1124854.67
9783 1121869.83
9784 1119048.83
9785 1116281.83
9786 1113568.83
9787 1110909.83
9788 1108304.83
9789 1105753.83
9790 1103256.83
9791 1100813.83
9792 1098424.83
9793 1096089.83
9794 1093826.33
9795 1091682.17
9796 1089854.83
9797 1088768.67
9798 1088267.17
9799 1087880.17
9800 1087551.17
9801 1087280.17
9802 1087067.17
9803 1086960.67
9804 1087057.67
9805 1087311.67
9806 1087627.67
9807 1088005.67
9808 1088744.00
9809 1090141.33
9810 1091899.33
9811 1093719.33
9812 1095786.33
9813 1098303.83
9814 1101097.33
9815 1103962.33
9816 1106887.33
9817 1109918.33
9818 1113099.33
9819 1116382.33
9820 1119770.83
9821 1123314.33
9822 1126963.33
9823 1130668.33
9824 1134429.33
9825 1138246.33
9826 1142119.33
9827 1146048.33
9828 1150033.33
9829 1154074.33
9830 1158171.33
9831 1162360.00
9832 1166674.17
9833 1171096.67
9834 1175619.17
9835 1180227.17
9836 1184891.17
9837 1189892.67
9838 1195528.67
9839 1201505.67
9840 1207546.50
9841 1213674.83
9842 1219866.83
9843 1226098.83
9844 1232370.83
9845 1238682.83
9846 1245034.83
9847 1251426.83
9848 2965495.50
9849 1780143.67
9850 1771925.67
9851 1764024.83
9852 1756589.50
9853 1749331.50
9854 1742106.50
9855 1734903.50
9856 1727722.50
9857 1720563.50
9858 1713426.50
9859 1706311.50
9860 1699218.50
9861 1692147.50
9862 1685098.50
9863 1678071.50
9864 1671066.50
9865 1664283.50
9866 1658444.50
9867 1653881.50
9868 1649886.50
9869 1645941.50
9870 1642046.50
9871 1638201.50
9872 1634406.50
9873 1630661.50
9874 1626966.50
9875 1623321.50
9876 1619728.50
9877 1616347.00
9878 1613175.00
9879 1610053.00
9880 1607650.50
9881 1606053.17
9882 1604623.83
9883 1603316.67
9884 1602141.00
9885 1601063.00
9886 1600047.00
9887 1599260.00
9888 1598865.00
9889 1598695.00
9890 1598587.00
9891 1598619.33
9892 1599109.67
9893 1600053.17
9894 1601179.67
9895 2177221.67
9896 1019288.00
9897 1009494.00
9898 999698.00
9899 989900.00
9900 980100.00
9901 970298.00
9902 960494.00
9903 950688.00
9904 940880.00
9905 931070.00
9906 921258.00
9907 911444.00
9908 901628.00
9909 891810.00
9910 881990.00
9911 872168.00
9912 862344.00
9913 852518.00
9914 842690.00
9915 832860.00
9916 823028.00
9917 813194.00
9918 803358.00
9919 793520.00
9920 783680.00
9921 773838.00
9922 763994.00
9923 754148.00
9924 744300.00
9925 734450.00
9926 724598.00
9927 714744.00
9928 704888.00
9929 695030.00
9930 685170.00
9931 675308.00
9932 665444.00
9933 655578.00
9934 645710.00
9935 635840.00
9936 625968.00
9937 616094.00
9938 606218.00
9939 596340.00
9940 586460.00
9941 576578.00
9942 566694.00
9943 556808.00
9944 546920.00
9945 537030.00
9946 527138.00
9947 517244.00
9948 507348.00
9949 497450.00
9950 487550.00
9951 477648.00
9952 467744.00
9953 457838.00
9954 447930.00
9955 438020.00
9956 428108.00
9957 418194.00
9958 408278.00
9959 398360.00
9960 388440.00
9961 378518.00
9962 368594.00
9963 358668.00
9964 348740.00
9965 338810.00
9966 328878.00
9967 318944.00
9968 309008.00
9969 299070.00
9970 289130.00
9971 279188.00
9972 269244.00
9973 259298.00
9974 249350.00
9975 239400.00
9976 229448.00
9977 219494.00
9978 209538.00
9979 199580.00
9980 189620.00
9981 179658.00
9982 169694.00
9983 159728.00
9984 149760.00
9985 139790.00
9986 129818.00
9987 119844.00
9988 109868.00
9989 99890.00
9990 89910.00
9991 79928.00
9992 69944.00
9993 59958.00
9994 49970.00
9995 39980.00
9996 29988.00
9997 19994.00
9998 9998.00
9999 0.00
Execution time: 25667.31 ms
