Algorithm: Betweenness Centrality
Vertex Centrality
0 0.00
1 49998.00
2 99994.00
3 149988.00
4 199980.00
5 249970.00
6 299958.00
7 349944.00
8 399928.00
9 449910.00
10 499890.00
11 549868.00
12 599844.00
13 649818.00
14 699790.00
15 749760.00
16 799728.00
17 849694.00
18 899658.00
19 949620.00
20 999580.00
21 1049538.00
22 1099494.00
23 1149448.00
24 1199400.00
25 1249350.00
26 1299298.00
27 1349244.00
28 1399188.00
29 1449130.00
30 1499070.00
31 1549008.00
32 1598944.00
33 1648878.00
34 1698810.00
35 1748740.00
36 1798668.00
37 16396547.52
38 15616404.93
39 15627368.35
40 15639693.85
41 15653419.68
42 15668416.52
43 15684715.52
44 15702067.02
45 15720406.85
46 32511713.92
47 24171972.70
48 24181747.20
49 24193597.70
50 24206674.37
51 24221484.87
52 24238270.20
53 24256279.53
54 24275672.53
55 24296988.80
56 24320113.57
57 24344576.07
58 24370321.73
59 24397366.90
60 24426292.40
61 24457060.73
62 24488967.07
63 24521995.90
64 24556121.48
65 24591418.40
66 24627814.07
67 24665044.40
68 45409671.52
69 25081056.75
70 25045679.25
71 25010765.42
72 24976780.25
73 24944115.92
74 24912724.25
75 24882451.92
76 24853123.58
77 24825045.25
78 24798256.25
79 24772505.92
80 24747792.92
81 24724821.75
82 26505159.58
83 5731599.50
84 5682106.50
85 5632617.50
86 5583132.50
87 5533651.50
88 5484174.50
89 5434701.50
90 5385232.50
91 5335787.00
92 5286396.00
93 5237042.00
94 5187696.00
95 5138358.00
96 5089028.00
97 5039706.00
98 4990392.00
99 4941086.00
100 4891788.00
101 4842498.00
102 4793234.50
103 4744124.50
104 4695149.50
105 4646182.50
106 4597223.50
107 4548272.50
108 4499382.00
109 4450578.00
110 4401812.00
111 4353062.00
112 4304328.00
113 4255610.00
114 4206908.00
115 4158222.00
116 4109552.00
117 4060898.00
118 4012260.00
119 3963638.00
120 3915032.00
121 3866442.00
122 3817868.00
123 3769310.00
124 3720768.00
125 3672351.00
126 3624297.50
127 3576586.50
128 3529004.50
129 3481486.00
130 3434039.00
131 3386651.00
132 3339299.00
133 3291983.00
134 3244850.00
135 3198036.50
136 3151407.50
137 3104834.50
138 3058392.00
139 3012082.00
140 2965828.00
141 2919630.00
142 2873488.00
143 2827419.50
144 2781551.50
145 2736430.50
146 2692039.00
147 2647880.83
148 2603914.17
149 2560089.17
150 2516356.17
151 2472773.67
152 2429480.67
153 2386597.17
154 2344275.67
155 2302349.67
156 2260641.17
157 2219177.67
158 2177899.75
159 2136868.83
160 2096175.83
161 2055747.83
162 2015467.83
163 1975358.33
164 1935421.33
165 1895816.83
166 1857198.33
167 1819804.17
168 1783157.50
169 1747139.83
170 1712342.17
171 1678693.83
172 1645625.83
173 1613087.50
174 1581025.75
175 1549520.67
176 1518778.00
177 1489139.50
178 1460528.00
179 1432487.00
180 1405650.50
181 1380535.50
182 1356663.67
183 1333742.17
184 1311900.00
185 1291234.17
186 1271927.00
187 1253918.25
188 1236855.83
189 1220825.83
190 1205816.50
191 1191870.33
192 1179284.00
193 1167852.67
194 1157898.83
195 1149671.83
196 1142581.33
197 1136585.33
198 1132571.17
199 1130739.00
200 1130375.00
201 1131339.33
202 1133542.17
203 1136735.58
204 1141280.83
205 1147353.17
206 1154910.00
207 1164144.00
208 1175997.33
209 1190135.17
210 1205165.00
211 1221096.50
212 1238362.17
213 1257232.67
214 1277408.67
215 1299075.67
216 1322368.42
217 1347081.50
218 1373304.08
219 1400831.17
220 1429290.17
221 1458388.58
222 1487916.00
223 1518386.83
224 1549828.83
225 1581766.67
226 1614567.83
227 1648256.00
228 1682652.83
229 1717935.00
230 1754000.50
231 1790626.33
232 1827902.42
233 1865829.67
234 1904348.17
235 1943466.50
236 1983225.33
237 2023662.33
238 2064540.17
239 2105724.00
240 2147498.50
241 2189932.17
242 2232876.00
243 2276280.17
244 2320052.83
245 2364109.50
246 2408306.83
247 2452917.67
248 2497938.00
249 2543064.83
250 2588336.67
251 2633751.00
252 2679457.17
253 2725733.83
254 2772389.17
255 2819132.50
256 2865953.83
257 2912853.17
258 2959862.00
259 3007073.83
260 3054611.17
261 3102388.00
262 3150239.33
263 3198361.50
264 3246931.50
265 3295726.00
266 3344556.00
267 3393429.50
268 3442522.00
269 3491877.00
270 3541307.00
271 3590745.00
272 3640191.00
273 3689645.00
274 3739107.00
275 6555575.20
276 2849116.53
277 2801933.03
278 2754879.03
279 2708001.37
280 2661489.20
281 2615678.53
282 2570427.37
283 2525346.37
284 2480361.37
285 2435635.70
286 2391464.37
287 2348048.95
288 2305301.20
289 2262960.03
290 2220956.87
291 2179215.87
292 2137724.87
293 2096485.87
294 2055424.53
295 2014704.70
296 1974398.37
297 1934518.78
298 1895204.53
299 1856621.20
300 1818708.03
301 1781622.78
302 1745783.62
303 1711379.03
304 1678261.70
305 1646245.62
306 1615785.45
307 1587013.03
308 1560180.87
309 1535874.20
310 1513516.70
311 1492355.03
312 1472154.03
313 1453182.37
314 1435319.87
315 1418481.03
316 1403136.20
317 1389375.03
318 1377040.87
319 1366080.20
320 1356707.20
321 1348821.45
322 1342479.28
323 1337943.53
324 1335120.87
325 1333392.70
326 1332445.03
327 1332778.70
328 1334587.87
329 1337670.37
330 1342358.37
331 1349480.87
332 1359318.03
333 1371397.70
334 1384832.53
335 1399048.28
336 1414007.37
337 1430136.53
338 1448936.03
339 1470555.37
340 1493864.70
341 1518384.20
342 1543774.53
343 1569821.03
344 1597008.70
345 1625747.20
346 1655578.70
347 1686309.87
348 1718027.20
349 1751016.70
350 1785422.20
351 1821451.50
352 1859231.30
353 1898038.47
354 1937711.80
355 1978170.63
356 2018926.63
357 2059905.63
358 2101065.30
359 2142396.97
360 2183915.97
361 2225687.97
362 2267850.47
363 2310824.30
364 2354827.13
365 2399320.13
366 2443901.80
367 2488688.13
368 2533796.30
369 2579225.47
370 2625006.63
371 2671008.63
372 2717062.63
373 2763189.63
374 2809425.13
375 2855846.13
376 2902413.13
377 2949024.13
378 2995679.13
379 3042378.13
380 3089121.13
381 3135908.13
382 3182745.63
383 3229737.63
384 3276875.63
385 3324053.63
386 3371305.80
387 3418670.13
388 3466115.30
389 3513601.30
390 3561123.30
391 3608681.30
392 3656275.30
393 12074399.72
394 8793852.95
395 8757391.62
396 8721489.62
397 8686059.95
398 8919658.45
399 1374196.92
400 1324292.92
401 1274388.92
402 1224484.92
403 1174580.92
404 1124676.92
405 1074772.92
406 1024868.92
407 974964.92
408 925060.92
409 875156.92
410 825252.92
411 775348.92
412 725444.92
413 681290.32
414 648905.88
415 622924.05
416 597762.55
417 573348.55
418 549441.55
419 526082.88
420 503741.72
421 482551.22
422 462386.72
423 443408.05
424 425998.55
425 410253.22
426 395702.38
427 382362.55
428 371420.72
429 364100.88
430 360088.88
431 359012.22
432 361315.05
433 374596.23
434 405752.08
435 445895.42
436 486642.58
437 527805.58
438 569184.75
439 610714.42
440 652911.08
441 696600.25
442 741462.25
443 786650.75
444 831991.75
445 877655.42
446 924571.08
447 973500.08
448 1023404.08
449 1073308.08
450 1123212.08
451 1173116.08
452 1223020.08
453 1272924.08
454 1322828.08
455 1372732.08
456 1422636.08
457 1472540.08
458 1522444.08
459 1572348.08
460 1622252.08
461 8660774.28
462 7527216.52
463 7522884.35
464 7520626.35
465 7519697.68
466 7520712.02
467 7524846.68
468 7531903.68
469 7540759.52
470 7550647.02
471 7561634.02
472 7573863.68
473 7587420.35
474 7602490.85
475 7619232.35
476 7637105.85
477 7656149.35
478 7677227.18
479 7700106.35
480 7724073.35
481 19445086.02
482 14727553.58
483 14739380.92
484 14752939.25
485 14768342.42
486 14785316.25
487 14804114.75
488 14824795.42
489 14847112.75
490 14871021.75
491 14896829.58
492 14924883.75
493 14954929.08
494 14986296.75
495 21405395.75
496 12957068.03
497 12954682.37
498 12953969.03
499 12954871.28
500 12957481.53
501 12962158.20
502 12968483.20
503 12976215.37
504 12985540.53
505 12996208.87
506 13008400.70
507 13022186.87
508 13037869.20
509 13056262.37
510 13076862.87
511 13098539.03
512 13120982.53
513 13144280.20
514 13168443.03
515 13193217.37
516 13218849.20
517 13245740.03
518 13273813.37
519 13303039.70
520 13333824.37
521 13366312.87
522 13400232.53
523 19854337.50
524 7374720.63
525 7328697.97
526 7282777.97
527 7236965.80
528 7191322.47
529 7145933.47
530 7101060.80
531 7056881.47
532 7013092.30
533 6969453.97
534 6926091.97
535 6883173.63
536 6840684.47
537 6798824.63
538 6758022.30
539 6718043.47
540 6678495.97
541 6639339.97
542 6969439.88
543 2855226.15
544 2807074.65
545 2759028.65
546 2711083.65
547 2663178.65
548 2615313.65
549 2567488.65
550 2519817.48
551 2472355.82
552 2425037.32
553 2377810.32
554 2330703.82
555 2283719.82
556 2236870.32
557 2190199.32
558 2143910.82
559 2098218.32
560 2052847.32
561 2007552.32
562 1962433.15
563 1917728.73
564 1873721.48
565 1830348.32
566 1787434.48
567 1745193.48
568 1703699.15
569 1663005.98
570 1623070.98
571 1583747.48
572 1545050.48
573 1506852.65
574 1469115.98
575 1432130.15
576 1396267.98
577 1361633.98
578 1328233.98
579 1296311.82
580 1265862.15
581 1236364.48
582 1207992.98
583 1181545.15
584 1157742.65
585 1136027.15
586 1115319.32
587 1095565.98
588 1076859.48
589 1059424.15
590 1043269.98
591 1028155.15
592 1013990.32
593 1000753.65
594 989952.32
595 982052.90
596 976286.15
597 972611.15
598 970210.15
599 968805.48
600 970036.82
601 974206.32
602 980210.15
603 987837.98
604 997250.65
605 1008637.65
606 1021604.15
607 1036222.32
608 1052461.82
609 1070166.98
610 1089395.32
611 1110284.15
612 1132734.82
613 1156813.48
614 1182387.32
615 1209475.33
616 1238447.18
617 1268700.68
618 1299817.68
619 1331931.60
620 1365567.77
621 1400680.35
622 1436990.02
623 1474427.85
624 1512518.35
625 1551058.52
626 1590311.18
627 1630716.18
628 1671960.85
629 1713487.18
630 1755237.52
631 1797181.35
632 1839350.18
633 1881729.35
634 1924411.68
635 1967488.18
636 2010888.68
637 2054832.77
638 2099619.02
639 3970720.15
640 2162232.13
641 2133087.47
642 2105662.97
643 2080648.80
644 2057441.47
645 2035866.80
646 2015938.47
647 1997514.97
648 1980163.97
649 1965160.00
650 1955703.45
651 1951088.87
652 1948789.20
653 1947925.95
654 1948177.78
655 1950348.87
656 1954554.87
657 1960357.03
658 1967926.37
659 1977579.20
660 1989589.87
661 2003407.53
662 2018612.37
663 2035242.20
664 2053409.37
665 2073459.20
666 2095460.95
667 2119459.20
668 2145435.87
669 2173154.70
670 2202241.53
671 2232339.20
672 2263218.20
673 2294676.87
674 2326630.87
675 2359380.37
676 2393193.70
677 2427815.70
678 2463368.20
679 2500220.45
680 2538523.87
681 2577777.20
682 2617343.20
683 2657135.20
684 2697079.20
685 2737175.20
686 2777442.20
687 2817941.37
688 2858735.70
689 2899849.87
690 2941296.53
691 2983086.70
692 3025244.20
693 3067676.87
694 3110543.87
695 3154633.37
696 3200057.87
697 3246011.37
698 7044609.45
699 4698893.57
700 4681879.90
701 4666528.57
702 4652669.90
703 4640194.57
704 4629273.73
705 4621416.23
706 4617949.57
707 4617499.73
708 4618529.73
709 4620921.23
710 4624658.07
711 4630197.57
712 4637250.57
713 4645345.40
714 4654908.32
715 4666256.48
716 4679614.23
717 4694621.90
718 4710781.23
719 4728022.90
720 4746370.57
721 4765953.40
722 4787135.23
723 4809950.57
724 4833849.40
725 4858889.73
726 4885420.23
727 4913161.57
728 4942143.07
729 4972756.40
730 5005317.57
731 5040779.40
732 5078771.28
733 5117994.50
734 5158052.33
735 5198675.33
736 5239804.33
737 17130142.53
738 15992102.30
739 16016817.97
740 16042620.63
741 28634984.48
742 25114346.00
743 28846060.67
744 5237207.43
745 5191554.10
746 5146090.10
747 5100834.10
748 5055707.77
749 5010766.93
750 4966040.60
751 4921519.27
752 4877564.68
753 4834399.77
754 4791947.77
755 4750096.93
756 4708572.93
757 4667286.10
758 4626399.43
759 4586260.93
760 4547038.93
761 4508563.77
762 4470812.27
763 4434387.77
764 4399498.93
765 4365712.77
766 4333100.43
767 4302042.60
768 4272450.43
769 4243699.93
770 4215510.10
771 4187961.43
772 4161316.52
773 4135886.43
774 4111485.43
775 4087764.27
776 4064734.43
777 4042813.10
778 4022197.77
779 4002742.43
780 3984313.60
781 3969634.27
782 3959308.43
783 3951096.60
784 3945336.02
785 3942176.27
786 3940820.43
787 3940912.77
788 3942855.93
789 3946245.93
790 3950686.93
791 3956733.02
792 3965128.93
793 3975572.60
794 3987339.60
795 4000196.27
796 4014025.77
797 4028757.77
798 4044568.10
799 4062229.93
800 4081923.93
801 9726356.77
802 7553247.75
803 7537250.25
804 7522812.58
805 7509404.67
806 7497179.75
807 7485960.42
808 7475540.42
809 7466478.92
810 7458733.42
811 7452181.58
812 7447346.42
813 7443860.58
814 7441429.42
815 7439956.75
816 7439481.25
817 7441135.08
818 7445377.58
819 7451858.58
820 7460288.75
821 7469951.08
822 7480733.92
823 7492775.08
824 7506104.58
825 7521314.08
826 7538368.92
827 10221115.65
828 3878711.73
829 3846140.57
830 3814123.07
831 3783591.40
832 3754566.57
833 3726257.90
834 3699721.90
835 3675376.40
836 3653201.32
837 3633017.23
838 3614012.73
839 3596180.57
840 3579620.07
841 3564741.40
842 3551693.73
843 3540628.57
844 3531262.73
845 3523533.40
846 3517550.90
847 3512791.07
848 3509305.23
849 3507308.23
850 3506428.73
851 3506489.07
852 3507724.23
853 3510064.57
854 3513740.23
855 3518929.73
856 3525778.57
857 3534924.57
858 3545961.07
859 3558151.57
860 3571372.90
861 3585346.57
862 3600358.73
863 3617062.90
864 3635542.73
865 3655550.57
866 3677208.07
867 3700580.23
868 3725063.57
869 3750220.23
870 3776081.73
871 3802611.90
872 3829851.07
873 3857955.90
874 3886974.73
875 3916880.07
876 3947634.23
877 3979090.40
878 4011256.40
879 4045009.57
880 4080447.57
881 4117023.57
882 4154354.57
883 4192406.23
884 4231458.90
885 4271519.40
886 4312694.23
887 4354643.23
888 4397089.82
889 4440046.90
890 4483436.23
891 4527139.23
892 4571140.73
893 4615451.23
894 4659998.07
895 4704689.40
896 4749500.73
897 4794468.90
898 4839589.07
899 4884820.40
900 4930217.23
901 4975794.57
902 5021488.40
903 5067334.90
904 5113484.90
905 5160036.73
906 5206898.73
907 23504699.13
908 18797782.48
909 18749798.98
910 18701919.98
911 18654113.98
912 18606335.98
913 18558624.32
914 18511019.15
915 18463484.15
916 18415981.15
917 18368510.15
918 18321071.15
919 18273669.15
920 18226409.65
921 18179308.48
922 18132273.82
923 18085290.82
924 18038353.32
925 17991472.65
926 17944737.32
927 17898230.65
928 17851879.15
929 17805614.48
930 17759550.48
931 17713820.15
932 17668353.65
933 17623009.65
934 17577789.32
935 17532742.98
936 18182016.73
937 3661333.67
938 3615968.50
939 3571247.17
940 3527054.50
941 3483111.50
942 3439329.00
943 3395881.67
944 3352848.67
945 3310175.50
946 3267841.50
947 3225980.67
948 3184948.50
949 3144739.00
950 3104984.33
951 3065506.33
952 3026367.50
953 2987680.67
954 2949428.67
955 2911488.67
956 2873844.17
957 2836524.17
958 2799512.17
959 2762779.17
960 2726322.17
961 2690385.67
962 2655215.67
963 2620852.50
964 2587405.00
965 2554870.50
966 2523178.67
967 2492711.67
968 2463494.17
969 2435249.33
970 2409034.67
971 2384875.00
972 2361683.00
973 2339663.33
974 2319020.33
975 2299745.92
976 2282184.67
977 2266479.50
978 2252502.33
979 2240040.33
980 2228895.83
981 2219193.83
982 2211273.33
983 2205497.17
984 2201900.33
985 2200103.67
986 2199923.33
987 2201522.00
988 2205747.00
989 2212159.17
990 2219449.50
991 2227539.17
992 2236541.50
993 2246683.00
994 2258083.83
995 2270518.67
996 2284414.83
997 2300680.33
998 2319338.17
999 2339591.83
1000 2361342.17
1001 2385284.83
1002 2411242.33
1003 2438333.83
1004 2466284.50
1005 2495109.83
1006 2525176.33
1007 2556402.17
1008 2588342.83
1009 2621099.33
1010 2654479.17
1011 2688314.50
1012 2722655.17
1013 2757752.17
1014 2793506.67
1015 2829891.33
1016 2867119.17
1017 2904881.00
1018 2942865.00
1019 2981179.33
1020 3019989.17
1021 3059469.17
1022 5766231.85
1023 3116582.35
1024 3081827.52
1025 3047589.35
1026 3013871.85
1027 2981114.18
1028 2949996.85
1029 2920899.18
1030 2893467.35
1031 2867211.18
1032 2842137.68
1033 2818528.35
1034 2796210.02
1035 2774719.52
1036 2753949.68
1037 2733975.68
1038 2715018.18
1039 2697369.18
1040 2680925.68
1041 2665391.68
1042 2652289.68
1043 2641727.18
1044 2632725.35
1045 2626085.27
1046 2621719.85
1047 2618910.35
1048 2617931.68
1049 2618977.52
1050 2621572.18
1051 2625654.85
1052 2631730.85
1053 2639783.68
1054 2649373.02
1055 2660529.52
1056 2673151.02
1057 2687019.68
1058 2701899.85
1059 2717700.18
1060 2734514.18
1061 2752353.02
1062 2771035.85
1063 2791138.68
1064 2812890.68
1065 2835851.18
1066 2859853.52
1067 2884758.52
1068 2910490.85
1069 2936820.02
1070 2963703.68
1071 2991202.68
1072 3019334.68
1073 3048488.02
1074 3079135.68
1075 3111907.68
1076 3146605.52
1077 3182453.35
1078 3219324.18
1079 3256961.35
1080 3295311.35
1081 3334235.02
1082 3373562.52
1083 3413535.68
1084 3454182.68
1085 3495237.35
1086 3536665.85
1087 3578523.68
1088 3620654.18
1089 3662919.52
1090 3705502.85
1091 3748430.18
1092 3791569.18
1093 3834977.18
1094 3878625.52
1095 3922745.85
1096 3967373.68
1097 4012189.52
1098 4057100.85
1099 4102097.68
1100 8045839.68
1101 4492097.58
1102 4459689.58
1103 4427809.42
1104 4397118.75
1105 4368439.92
1106 4341242.08
1107 4315232.75
1108 4290566.58
1109 4267050.58
1110 4244827.58
1111 4223784.75
1112 4203571.75
1113 4184178.33
1114 4166382.08
1115 4150925.42
1116 4137379.92
1117 4125673.25
1118 4115981.75
1119 4108234.25
1120 4102662.75
1121 4098790.42
1122 4096043.75
1123 4095192.42
1124 4096517.58
1125 4099446.08
1126 4104156.75
1127 4110513.25
1128 4118561.08
1129 4128766.92
1130 4140694.92
1131 4153718.92
1132 4167698.58
1133 4182966.08
1134 4199716.42
1135 4217879.25
1136 4237262.58
1137 4257535.42
1138 4279028.08
1139 4301966.75
1140 4326345.08
1141 4352179.58
1142 4379317.25
1143 4407563.75
1144 4436897.08
1145 4467399.08
1146 4498819.67
1147 4531277.75
1148 4565108.42
1149 4599994.25
1150 4635603.25
1151 4672022.58
1152 4709059.25
1153 4746566.92
1154 4784564.58
1155 4822935.08
1156 12370631.32
1157 8528478.52
1158 8496552.02
1159 8468248.02
1160 8444169.10
1161 8422333.68
1162 8403042.35
1163 8386199.35
1164 8371618.18
1165 8358997.68
1166 8348327.85
1167 8339813.10
1168 8333310.52
1169 8328719.85
1170 8325659.68
1171 8324095.02
1172 8326893.52
1173 8333892.18
1174 8342271.52
1175 8352094.85
1176 8363240.68
1177 14730559.08
1178 11791699.13
1179 11800360.80
1180 11810751.05
1181 11822920.63
1182 11837186.80
1183 11853424.13
1184 11870635.30
1185 11889247.63
1186 11909732.30
1187 11932205.97
1188 11956244.97
1189 11980990.97
1190 12006366.30
1191 12032787.47
1192 12060830.63
1193 12090329.63
1194 12120750.63
1195 12151979.63
1196 12184009.47
1197 12216604.97
1198 12249576.47
1199 12283021.97
1200 12317041.97
1201 20101437.52
1202 8670037.50
1203 8630190.67
1204 8591588.00
1205 8554126.17
1206 8517605.33
1207 8485727.00
1208 8458164.33
1209 8431270.17
1210 8405052.33
1211 8379766.67
1212 8355767.50
1213 8333431.33
1214 8313082.17
1215 8296562.00
1216 8283957.17
1217 8272944.67
1218 8262823.17
1219 8253596.17
1220 8246076.83
1221 8240758.08
1222 8237528.00
1223 8236250.17
1224 8237160.00
1225 8239999.25
1226 8244533.00
1227 8250642.67
1228 8257745.67
1229 8266089.17
1230 8275900.50
1231 12264947.37
1232 4446751.87
1233 4418308.87
1234 4391041.37
1235 4365159.45
1236 4340685.37
1237 4318017.20
1238 4297013.87
1239 4277214.87
1240 4258972.37
1241 4242426.03
1242 4227442.87
1243 4214010.87
1244 4202660.87
1245 4193455.53
1246 4185786.53
1247 4179732.03
1248 4175895.53
1249 4174186.53
1250 4174124.20
1251 4175328.20
1252 4177720.37
1253 4181641.20
1254 4187377.37
1255 4195177.12
1256 4204635.87
1257 4215304.20
1258 4228159.70
1259 4244715.70
1260 4264986.70
1261 4292154.70
1262 4325034.37
1263 4358702.87
1264 4393091.37
1265 4428163.03
1266 16126082.12
1267 13854505.38
1268 13860883.22
1269 13868535.55
1270 13877396.38
1271 13887752.38
1272 13899508.38
1273 13912379.88
1274 19417087.63
1275 13556088.18
1276 13547362.18
1277 13539756.85
1278 13533415.85
1279 13528095.35
1280 13523992.52
1281 13521160.18
1282 13519590.52
1283 13520205.68
1284 13523153.68
1285 13527440.68
1286 13532512.85
1287 13538469.52
1288 13545945.68
1289 13554989.35
1290 19398136.58
1291 11882317.05
1292 11856008.63
1293 11832253.05
1294 11810662.55
1295 11790118.05
1296 11770351.72
1297 11751595.22
1298 11734015.22
1299 11718145.55
1300 11704092.88
1301 11691424.38
1302 11680636.55
1303 11672130.55
1304 11665379.38
1305 11660129.38
1306 11656597.38
1307 11654661.05
1308 11653993.72
1309 11654657.22
1310 11657160.05
1311 11661923.80
1312 11669066.13
1313 13030041.17
1314 2170921.45
1315 2127665.28
1316 2084918.95
1317 2042601.12
1318 2000601.28
1319 1959139.28
1320 1918408.95
1321 1878293.62
1322 1838666.28
1323 1799444.62
1324 1760653.45
1325 1722270.95
1326 1684252.62
1327 1646987.45
1328 1610655.95
1329 1574986.78
1330 1540245.95
1331 1506983.45
1332 1475200.45
1333 1444387.62
1334 1414556.45
1335 1385694.28
1336 1357506.62
1337 1330202.45
1338 1304229.12
1339 1279499.95
1340 1255663.95
1341 1233038.28
1342 1211638.28
1343 1191169.95
1344 1172571.28
1345 1155951.95
1346 1140551.12
1347 1127298.45
1348 1117573.62
1349 1110866.12
1350 1106042.78
1351 1102845.45
1352 1100805.62
1353 1099685.95
1354 1099974.12
1355 1102509.28
1356 1107366.37
1357 1113926.78
1358 1121841.12
1359 1131246.45
1360 1142843.28
1361 1156584.28
1362 1172190.28
1363 1190425.70
1364 1211297.78
1365 1233652.12
1366 1256920.78
1367 1281536.53
1368 1307993.95
1369 1335924.28
1370 1364771.12
1371 1394904.62
1372 1427140.12
1373 1461012.28
1374 1495535.12
1375 1530937.78
1376 1567728.62
1377 1605711.28
1378 1644364.28
1379 1683439.45
1380 1722916.45
1381 1763571.53
1382 1806098.12
1383 1849776.95
1384 1893740.45
1385 1937950.45
1386 1982468.12
1387 2027166.12
1388 2071969.45
1389 2116971.28
1390 2162668.28
1391 2209056.12
1392 5720849.10
1393 5000556.73
1394 5025282.90
1395 5050597.90
1396 5076601.57
1397 5103639.90
1398 5131957.73
1399 5161294.07
1400 5191337.23
1401 5222463.73
1402 5255125.07
1403 5289315.90
1404 5325090.73
1405 5363277.07
1406 5404665.40
1407 5447766.40
1408 5491257.73
1409 5535317.23
1410 24305179.97
1411 20275724.60
1412 20254442.60
1413 20234666.10
1414 20216766.93
1415 20200804.93
1416 20186488.43
1417 20173823.27
1418 20163053.93
1419 20154638.43
1420 20148414.27
1421 20143775.27
1422 20140352.27
1423 20138647.43
1424 20138391.93
1425 20138950.27
1426 20140564.93
1427 20143658.27
1428 27327814.28
1429 20483588.95
1430 20463894.45
1431 20446000.78
1432 20429409.12
1433 20414343.28
1434 22772155.12
1435 6110146.07
1436 6065119.40
1437 6020285.73
1438 5975734.23
1439 5931396.73
1440 5887217.07
1441 5843305.98
1442 5799850.07
1443 5756918.23
1444 5714595.57
1445 5673069.57
1446 5632747.57
1447 5594331.57
1448 5557257.23
1449 5520673.07
1450 5485291.73
1451 5451321.90
1452 5418069.32
1453 5385274.73
1454 5353257.90
1455 5322173.07
1456 5291700.90
1457 5261724.23
1458 5232833.23
1459 5205663.73
1460 5179920.07
1461 5155296.23
1462 5131489.90
1463 5108161.73
1464 5085525.73
1465 5064383.07
1466 5045539.90
1467 5028519.73
1468 5012546.73
1469 4997762.90
1470 4984546.73
1471 4972951.40
1472 5832631.15
1473 2203984.42
1474 2158155.92
1475 2112555.92
1476 2067329.25
1477 2022592.92
1478 1978405.25
1479 1934611.75
1480 1891002.75
1481 1847539.75
1482 1804198.75
1483 1761003.25
1484 1718072.17
1485 1675789.42
1486 1634505.92
1487 1594905.92
1488 1557392.08
1489 1521240.08
1490 1485762.25
1491 1450795.58
1492 1416377.08
1493 1382819.92
1494 1350011.58
1495 1317646.58
1496 1286067.42
1497 1255376.25
1498 1225529.42
1499 1196736.92
1500 1169106.42
1501 1142531.92
1502 1116861.08
1503 1092130.92
1504 1069677.25
1505 1050924.25
1506 1034771.25
1507 1020162.75
1508 1007394.92
1509 996871.58
1510 988039.42
1511 980258.58
1512 973537.42
1513 967915.42
1514 964952.58
1515 964355.42
1516 964745.50
1517 966766.75
1518 970320.08
1519 975205.92
1520 981767.25
1521 990289.58
1522 1001206.75
1523 1014434.58
1524 1029784.42
1525 1047064.75
1526 1066046.58
1527 1086437.08
1528 1107901.08
1529 1130303.42
1530 1154397.58
1531 1181362.17
1532 1211003.08
1533 1243235.08
1534 1278049.25
1535 1314100.25
1536 1350465.25
1537 1388274.42
1538 1427950.75
1539 1468369.92
1540 1509152.25
1541 1550318.75
1542 1591835.08
1543 1633692.42
1544 1675874.92
1545 1718400.25
1546 1761610.42
1547 1805505.42
1548 1849801.92
1549 1894359.25
1550 1939227.42
1551 1984537.83
1552 2030174.92
1553 2076046.42
1554 2122120.67
1555 2168359.08
1556 2214921.08
1557 2261883.58
1558 2309038.58
1559 2356293.58
1560 2403665.75
1561 2451329.92
1562 2499256.08
1563 2547273.25
1564 2595390.75
1565 2643635.75
1566 2692055.92
1567 2740607.58
1568 2789213.58
1569 2837855.58
1570 2886533.58
1571 12316620.33
1572 10204175.75
1573 10182419.42
1574 10163777.25
1575 10148486.58
1576 10134668.08
1577 10122245.42
1578 10111237.75
1579 10101290.92
1580 10092162.42
1581 10084222.42
1582 10077683.58
1583 10072638.25
1584 10070159.08
1585 10069921.92
1586 10070594.25
1587 10072263.75
1588 10075243.58
1589 10079525.42
1590 10085567.08
1591 10093473.42
1592 10102545.58
1593 10112703.08
1594 10124082.25
1595 16274171.92
1596 11656069.82
1597 11650408.82
1598 11646274.65
1599 11643303.57
1600 11641341.90
1601 11640761.65
1602 11643136.07
1603 11649130.48
1604 11657301.65
1605 11667442.32
1606 11679584.82
1607 13267538.93
1608 2234024.10
1609 2186674.60
1610 2139437.10
1611 2092334.10
1612 2045356.10
1613 1998444.93
1614 1951646.27
1615 1905283.27
1616 1859359.27
1617 1813573.27
1618 1769121.77
1619 1727379.10
1620 1687318.27
1621 1648186.10
1622 1610051.77
1623 1572427.43
1624 1535288.27
1625 1498847.77
1626 1463035.43
1627 1428978.02
1628 1396759.10
1629 1365868.77
1630 1337039.10
1631 1309469.60
1632 1283237.60
1633 1258577.93
1634 1236975.58
1635 1220008.90
1636 1206114.57
1637 1194131.40
1638 1184014.82
1639 1176344.40
1640 1170591.90
1641 1166290.40
1642 1163610.98
1643 1162608.73
1644 1163641.07
1645 1166603.07
1646 1171602.07
1647 1178415.57
1648 1187104.40
1649 1198262.40
1650 1211249.40
1651 1225240.90
1652 1240769.23
1653 1258847.40
1654 1279330.23
1655 1301361.73
1656 1324822.40
1657 1349659.40
1658 1375419.40
1659 1401977.23
1660 1429641.23
1661 1460124.98
1662 1493959.23
1663 1529483.57
1664 1565904.90
1665 1602916.23
1666 1640247.23
1667 1677934.73
1668 1716428.57
1669 1755586.90
1670 1795332.90
1671 1836062.40
1672 1877421.73
1673 1919349.07
1674 1962218.07
1675 2005839.73
1676 2049897.57
1677 2094262.07
1678 2138907.07
1679 2183759.07
1680 2228703.07
1681 2273739.07
1682 2318867.07
1683 2364087.07
1684 2409428.07
1685 2454912.07
1686 2500591.57
1687 2546583.07
1688 2592813.57
1689 2639157.07
1690 2685597.07
1691 2732113.07
1692 2778705.07
1693 18794556.72
1694 17594912.97
1695 17613231.13
1696 17632907.47
1697 17653685.30
1698 17675415.63
1699 17698300.80
1700 17722457.63
1701 17747756.30
1702 17774175.80
1703 25659849.15
1704 10972414.83
1705 10933657.25
1706 10895581.58
1707 10858259.08
1708 10821794.92
1709 10786149.25
1710 10751188.75
1711 10716875.58
1712 10683311.58
1713 10650511.42
1714 10618222.08
1715 10586258.25
1716 10555168.50
1717 10525687.58
1718 10497576.92
1719 10470447.75
1720 10444200.25
1721 10418753.75
1722 10394131.92
1723 10370646.17
1724 10348915.92
1725 10328744.75
1726 10310230.75
1727 10293599.25
1728 10278493.92
1729 10265255.75
1730 10253614.78
1731 10243981.65
1732 12383760.57
1733 4122251.02
1734 4085494.85
1735 4050667.93
1736 4018035.68
1737 3986593.35
1738 3955844.43
1739 3926169.85
1740 3897573.02
1741 3870173.18
1742 3843982.85
1743 3818699.18
1744 3794244.85
1745 3770769.93
1746 3748587.35
1747 3727664.02
1748 3707772.85
1749 3689083.02
1750 3671842.68
1751 3656386.35
1752 3642930.68
1753 3631338.18
1754 3621648.43
1755 3615758.10
1756 3615943.27
1757 3620822.18
1758 3628029.52
1759 3636913.35
1760 3647385.35
1761 3659405.18
1762 3673238.60
1763 3689024.35
1764 3706287.60
1765 3724838.68
1766 3744757.02
1767 3765961.18
1768 3788049.35
1769 3810771.35
1770 3834241.68
1771 3858616.02
1772 3883905.35
1773 3910230.35
1774 3937767.18
1775 3966199.35
1776 3995285.02
1777 4025187.35
1778 4056029.35
1779 4087884.02
1780 4121001.35
1781 4155422.68
1782 16093682.95
1783 13721899.75
1784 13748479.58
1785 13775934.25
1786 13803963.25
1787 13832746.42
1788 13862707.92
1789 13893939.42
1790 13926376.42
1791 13960296.92
1792 13995700.08
1793 14032533.92
1794 14070674.92
1795 14109735.25
1796 14149400.08
1797 14189432.42
1798 14229655.75
1799 14270061.08
1800 14310681.58
1801 14351599.25
1802 27737944.85
1803 17242963.30
1804 17220286.80
1805 17198812.30
1806 17178693.22
1807 17160309.72
1808 17143460.05
1809 17127943.63
1810 17113680.63
1811 17100844.97
1812 17089647.47
1813 17081001.30
1814 17075279.47
1815 17071652.55
1816 17070186.63
1817 17070814.13
1818 17072919.13
1819 17075912.63
1820 17079789.47
1821 17084851.80
1822 17091422.97
1823 17099719.63
1824 17109556.80
1825 18495037.30
1826 2985611.70
1827 2939351.70
1828 2893207.53
1829 2847201.87
1830 2801914.20
1831 2757951.53
1832 2715149.53
1833 2673270.53
1834 2631959.87
1835 2590954.87
1836 2550343.87
1837 2510100.70
1838 2470122.12
1839 2430727.53
1840 2392262.87
1841 2354521.20
1842 2317240.37
1843 2280467.20
1844 2244370.70
1845 2208980.03
1846 2174791.53
1847 2141820.37
1848 2109559.03
1849 2078075.53
1850 2047578.03
1851 2018201.20
1852 1989984.37
1853 1963119.70
1854 1937898.20
1855 1914412.37
1856 1892370.53
1857 1871802.70
1858 1853352.03
1859 1838009.53
1860 1825518.87
1861 1814639.53
1862 1805199.20
1863 1797599.70
1864 1791927.53
1865 1788109.03
1866 1786665.12
1867 1789132.87
1868 1795347.70
1869 1803622.70
1870 1813522.03
1871 1825157.20
1872 1838343.87
1873 1852708.87
1874 1868154.20
1875 1884717.87
1876 1902251.03
1877 1921525.28
1878 1945034.37
1879 1973895.03
1880 2006508.28
1881 2041226.12
1882 2077828.20
1883 2116002.70
1884 2155051.03
1885 2195054.70
1886 2236209.37
1887 2278524.87
1888 2321494.53
1889 2364691.70
1890 2408311.03
1891 2452343.87
1892 2496587.53
1893 20965378.23
1894 19284152.37
1895 19298193.20
1896 19314332.53
1897 19331743.20
1898 19350239.87
1899 19369749.03
1900 19390168.78
1901 19412427.53
1902 19438036.12
1903 19466652.87
1904 19496717.70
1905 19527426.37
1906 19558807.20
1907 30011353.60
1908 16201911.22
1909 16183650.22
1910 16166549.05
1911 16150522.38
1912 16135765.05
1913 16122384.22
1914 16110663.88
1915 16102580.88
1916 16097892.22
1917 16095169.22
1918 16093999.05
1919 16093865.38
1920 16095205.05
1921 16099022.55
1922 16105087.38
1923 16112500.72
1924 16122152.88
1925 16133836.05
1926 16147204.55
1927 16162987.72
1928 16180972.88
1929 22570790.18
1930 10320799.45
1931 10297526.03
1932 10276154.70
1933 10256093.78
1934 10236763.78
1935 10218176.62
1936 10200461.62
1937 10183715.62
1938 10168202.28
1939 10154102.45
1940 10141075.12
1941 10129302.95
1942 10119113.12
1943 10110300.78
1944 10103498.12
1945 10098633.78
1946 10095440.12
1947 10094351.45
1948 10094891.28
1949 10096895.78
1950 10100408.45
1951 10105972.20
1952 10114192.95
1953 10124244.28
1954 10135385.12
1955 10148950.95
1956 10167148.38
1957 10188925.82
1958 10212007.32
1959 10235810.32
1960 10260581.65
1961 10286602.65
1962 20181434.67
1963 15748856.23
1964 15753747.07
1965 15760567.32
1966 15768887.90
1967 15778758.40
1968 15790164.90
1969 15802737.07
1970 15816369.23
1971 15831073.07
1972 15846879.57
1973 15863665.40
1974 15881761.90
1975 15901856.73
1976 17853120.40
1977 2570310.33
1978 2525505.50
1979 2481792.17
1980 2439395.67
1981 2397512.00
1982 2355865.17
1983 2314550.33
1984 2273647.33
1985 2233483.33
1986 2195022.67
1987 2158095.58
1988 2121829.17
1989 2086518.33
1990 2052116.17
1991 2018220.83
1992 1984863.33
1993 1953506.17
1994 1925522.17
1995 1899610.83
1996 1874996.33
1997 1852441.83
1998 1832012.83
1999 1813109.17
2000 1795810.67
2001 1780294.00
2002 1767572.08
2003 1758903.33
2004 1752827.67
2005 1748019.67
2006 1744575.00
2007 1742266.42
2008 1741601.92
2009 1743206.67
2010 1746892.17
2011 1752787.33
2012 1760656.00
2013 1770345.67
2014 1781638.83
2015 1793926.50
2016 1807652.83
2017 1823598.75
2018 1841610.83
2019 1861248.00
2020 1882741.17
2021 1905875.17
2022 1929982.50
2023 1954783.33
2024 1980296.67
2025 2006700.67
2026 2033948.67
2027 2062176.67
2028 2091482.67
2029 2121627.00
2030 2152663.33
2031 2184492.17
2032 2217677.33
2033 2252523.33
2034 2288478.67
2035 2325524.83
2036 2364062.67
2037 2404004.50
2038 2444579.67
2039 2485462.00
2040 2526733.17
2041 2568505.33
2042 2610746.67
2043 2653353.67
2044 2696166.67
2045 14601579.77
2046 12455465.02
2047 12427832.18
2048 12401136.18
2049 12375703.85
2050 12351528.85
2051 12328745.35
2052 12307408.35
2053 12287265.27
2054 12268646.85
2055 12251803.85
2056 12236444.35
2057 12222656.18
2058 12210508.68
2059 12199717.18
2060 12190622.85
2061 12183722.35
2062 12179382.18
2063 12177153.35
2064 12176239.02
2065 12177099.02
2066 14546201.97
2067 4286371.28
2068 4243141.78
2069 4200192.95
2070 4157440.95
2071 4114808.95
2072 4072362.95
2073 4030175.78
2074 3988255.12
2075 3946902.62
2076 3906132.12
2077 3865719.28
2078 3825741.12
2079 3786105.45
2080 3746689.28
2081 3707539.45
2082 3669060.95
2083 3631579.45
2084 3594758.78
2085 3558400.78
2086 3522783.62
2087 3487985.12
2088 3453930.95
2089 3420853.78
2090 3388893.12
2091 3357634.12
2092 3326823.28
2093 3296758.95
2094 3267798.95
2095 3239736.78
2096 3212620.70
2097 3186834.45
2098 3162839.12
2099 3141015.45
2100 3121118.12
2101 3103600.62
2102 3088532.95
2103 3075210.78
2104 3063745.62
2105 3054622.78
2106 3048074.45
2107 3043514.78
2108 3040267.62
2109 3038090.45
2110 3037047.12
2111 3037158.28
2112 3038614.78
2113 3041751.78
2114 3046243.45
2115 3052308.62
2116 3060348.12
2117 3069980.62
2118 3081100.78
2119 3093787.45
2120 3108221.12
2121 3124678.28
2122 3142835.95
2123 3162402.12
2124 3183208.28
2125 3205047.95
2126 3227751.28
2127 3251373.62
2128 3276087.28
2129 3302142.95
2130 3329745.28
2131 3359055.45
2132 3390267.95
2133 5247187.53
2134 2242689.92
2135 2200669.75
2136 2159080.25
2137 2117900.92
2138 2077025.42
2139 2036429.25
2140 1996178.42
2141 1956308.75
2142 1917106.75
2143 1878825.75
2144 1841109.25
2145 1803742.08
2146 1767327.25
2147 1731994.08
2148 1697494.08
2149 1664288.92
2150 1632687.42
2151 1602310.58
2152 1572985.92
2153 1544991.42
2154 1518097.75
2155 1492702.42
2156 1469151.75
2157 1446788.58
2158 1425513.08
2159 1405089.08
2160 1386316.25
2161 1370871.25
2162 1358709.50
2163 1348639.75
2164 1342100.08
2165 1340442.92
2166 1341909.92
2167 1345308.75
2168 1350211.58
2169 1356571.25
2170 1364905.25
2171 1375196.25
2172 1387091.25
2173 1400661.42
2174 1415927.42
2175 1433347.00
2176 1453046.08
2177 1474135.25
2178 1496363.42
2179 1520365.75
2180 1545898.08
2181 1572274.58
2182 1602267.08
2183 1636553.25
2184 1672330.08
2185 1709059.25
2186 1746605.08
2187 1784799.42
2188 1823543.58
2189 1862843.25
2190 1902930.25
2191 1943751.75
2192 1984996.42
2193 2026447.42
2194 2068070.42
2195 2109935.42
2196 2152038.42
2197 2194281.42
2198 2236833.92
2199 2280263.75
2200 2324870.08
2201 2370196.25
2202 2415992.92
2203 2462110.92
2204 2508292.92
2205 2554622.08
2206 2601325.92
2207 2648358.08
2208 2695537.75
2209 2742941.42
2210 2790579.92
2211 2838437.42
2212 2886447.42
2213 17377539.25
2214 2567299.62
2215 2519438.12
2216 2472262.12
2217 2425811.62
2218 2379707.28
2219 2333953.45
2220 2288583.62
2221 2243568.95
2222 2198877.12
2223 2154551.28
2224 2110690.95
2225 2067443.28
2226 2025352.20
2227 1984549.78
2228 1944447.95
2229 1904781.78
2230 1865727.28
2231 1827378.95
2232 1789778.78
2233 1752735.78
2234 1717629.78
2235 1687490.20
2236 1661528.78
2237 1637239.28
2238 1614790.45
2239 1594225.12
2240 1574739.45
2241 1556037.45
2242 1538139.95
2243 1520942.95
2244 1504836.95
2245 1490898.62
2246 1478987.62
2247 1468084.12
2248 1458402.95
2249 1450609.78
2250 1444352.45
2251 1439234.95
2252 1435747.62
2253 1434192.12
2254 1434103.78
2255 1434951.45
2256 1436640.95
2257 1439579.87
2258 1443922.78
2259 1449536.95
2260 1456789.62
2261 1465621.62
2262 1475580.12
2263 1486601.95
2264 1499127.12
2265 1513754.78
2266 1530025.78
2267 1547572.12
2268 1566741.45
2269 1587205.12
2270 1610030.95
2271 1635550.45
2272 1662268.95
2273 1689732.12
2274 1718390.95
2275 1749422.12
2276 1782714.78
2277 1817638.62
2278 1853680.28
2279 1890221.45
2280 1927353.78
2281 1965145.28
2282 2003515.28
2283 2042357.62
2284 2081694.28
2285 2121780.78
2286 2162536.53
2287 2203579.12
2288 2244890.62
2289 2286543.92
2290 2328518.55
2291 2370766.22
2292 2413328.05
2293 2456257.05
2294 2499700.55
2295 2543568.38
2296 2587614.05
2297 2632319.55
2298 2677711.05
2299 2723279.05
2300 2768996.05
2301 2815035.05
2302 2861365.55
2303 2907801.88
2304 2954365.72
2305 3001027.22
2306 3047830.22
2307 3094859.55
2308 3142096.88
2309 3189488.88
2310 3237009.88
2311 3284626.38
2312 31836117.58
2313 30195610.27
2314 30207939.60
2315 30221638.10
2316 30236383.77
2317 30252254.77
2318 30269479.27
2319 30288102.77
2320 30307737.77
2321 30328191.77
2322 30350044.27
2323 30373874.27
2324 30399614.77
2325 30426937.77
2326 30455128.77
2327 30484343.60
2328 30514547.43
2329 52695581.35
2330 43187322.23
2331 43204414.40
2332 59843735.10
2333 29912050.20
2334 29889672.70
2335 29868416.37
2336 29848285.03
2337 29829575.95
2338 29812943.20
2339 29798256.37
2340 29784992.78
2341 29773667.37
2342 29764173.03
2343 29755602.78
2344 29747854.03
2345 29740821.53
2346 29734478.70
2347 29729259.03
2348 29725385.03
2349 29722678.62
2350 29722187.87
2351 29723877.20
2352 29726528.87
2353 29730650.20
2354 29736613.03
2355 29744151.53
2356 29753286.37
2357 29763791.37
2358 29775358.20
2359 29787715.20
2360 29800680.03
2361 29814678.87
2362 39067026.38
2363 34131397.73
2364 34145867.23
2365 48623578.00
2366 18500629.32
2367 18464925.90
2368 18429638.40
2369 18395989.57
2370 18364285.23
2371 18334169.07
2372 18305523.40
2373 18277738.40
2374 18251089.07
2375 18225945.07
2376 18202416.07
2377 18180271.40
2378 18159695.57
2379 18140520.23
2380 18122140.07
2381 18105562.82
2382 18093422.48
2383 25890730.53
2384 15351203.13
2385 15336434.80
2386 15324326.63
2387 15314504.47
2388 15307119.55
2389 15301637.63
2390 15297827.72
2391 15295768.97
2392 15295557.30
2393 15297417.63
2394 15300893.47
2395 15305419.97
2396 15310955.13
2397 15317613.13
2398 15325395.30
2399 15334435.97
2400 15345090.22
2401 15357378.97
2402 15370999.47
2403 15385958.13
2404 15402162.30
2405 15419286.63
2406 15437345.63
2407 15456128.13
2408 15475391.47
2409 15495485.13
2410 15516932.80
2411 15539715.63
2412 15564503.63
2413 15591778.47
2414 15620551.30
2415 15650063.80
2416 15680609.30
2417 15712551.80
2418 15745536.30
2419 15779061.47
2420 15813112.30
2421 26703218.10
2422 12854021.92
2423 12813307.00
2424 12773790.17
2425 12735332.00
2426 12697519.17
2427 12660074.33
2428 12623156.50
2429 12587011.33
2430 12551524.67
2431 12516669.33
2432 12482577.00
2433 12449097.67
2434 12416290.67
2435 12384342.50
2436 12353704.83
2437 12324285.83
2438 12295986.00
2439 12269220.50
2440 12243764.83
2441 12219315.00
2442 13328559.17
2443 3638998.58
2444 3590538.42
2445 3542153.75
2446 3493887.75
2447 3445721.75
2448 3397608.75
2449 3349541.75
2450 3301581.58
2451 3253769.92
2452 3206067.92
2453 3158472.42
2454 3110965.42
2455 3063502.42
2456 3016083.42
2457 2968788.92
2458 2921692.92
2459 2874718.92
2460 2827800.92
2461 2781110.33
2462 2734825.58
2463 2688803.92
2464 2642897.75
2465 2597185.58
2466 2552052.58
2467 2507613.92
2468 2463765.75
2469 2420396.58
2470 2377341.92
2471 2334785.92
2472 2292814.42
2473 2251184.92
2474 2209856.42
2475 2169080.75
2476 2129149.58
2477 2090622.58
2478 2053788.08
2479 2018387.75
2480 1984550.25
2481 1951878.92
2482 1920747.42
2483 1891556.08
2484 1863548.42
2485 1837688.08
2486 1814074.08
2487 1791875.58
2488 1771509.92
2489 1753703.58
2490 1739365.42
2491 1728100.25
2492 1719763.83
2493 1713932.75
2494 1709664.42
2495 1706949.08
2496 1705838.58
2497 1706221.58
2498 1707702.42
2499 1710690.58
2500 1715323.42
2501 1721532.25
2502 1729362.17
2503 1739222.25
2504 1751020.75
2505 1763994.08
2506 1778506.25
2507 1795037.25
2508 1815544.75
2509 1839494.75
2510 1864604.25
2511 1890874.42
2512 2991110.50
2513 1230482.83
2514 1190940.67
2515 1154208.67
2516 1119314.33
2517 1085203.50
2518 1051774.83
2519 1023723.83
2520 1002299.00
2521 982801.50
2522 964596.50
2523 948790.75
2524 936075.67
2525 925586.17
2526 916170.83
2527 907556.67
2528 900526.75
2529 896286.33
2530 895018.92
2531 896147.50
2532 899437.75
2533 904755.33
2534 911651.50
2535 920329.33
2536 930848.00
2537 942668.83
2538 955610.50
2539 969687.00
2540 985244.00
2541 1003071.33
2542 1023067.92
2543 1044518.33
2544 1067427.33
2545 1094139.17
2546 1124854.67
2547 1156809.17
2548 1189406.33
2549 1223004.50
2550 1257684.00
2551 1293393.00
2552 1330171.83
2553 1368119.50
2554 1407208.17
2555 1447058.33
2556 1487674.83
2557 1529502.67
2558 1572156.83
2559 1615256.17
2560 1658833.17
2561 1702681.00
2562 1747804.67
2563 1794262.83
2564 1841071.83
2565 1888085.83
2566 1935297.67
2567 1982767.67
2568 2030360.33
2569 2078095.33
2570 2126073.83
2571 2174201.83
2572 2222372.83
2573 2270593.50
2574 2318944.17
2575 2367412.17
2576 2415904.17
2577 2464420.17
2578 2512960.17
2579 2561524.17
2580 2610112.17
2581 2658724.17
2582 2707360.17
2583 2756020.17
2584 2804704.17
2585 2853411.67
2586 12373470.37
2587 9902290.53
2588 9872311.53
2589 9843496.53
2590 9816265.37
2591 9791503.45
2592 9769265.20
2593 9749608.70
2594 9732623.70
2595 9717927.37
2596 9704848.53
2597 9693248.70
2598 9683481.87
2599 9675348.37
2600 9668495.70
2601 9662772.53
2602 9658475.87
2603 9655560.87
2604 9653741.62
2605 9653395.03
2606 9655145.37
2607 9658898.03
2608 9664255.53
2609 9670934.53
2610 9678733.03
2611 9687560.87
2612 9697457.87
2613 9708846.12
2614 9721984.87
2615 9737416.62
2616 9755162.03
2617 9774549.37
2618 23244755.32
2619 15437845.70
2620 15418634.87
2621 15401623.70
2622 15386951.03
2623 15373661.03
2624 15362485.03
2625 15354187.70
2626 15348621.03
2627 15345710.20
2628 15344959.03
2629 15345604.03
2630 15349484.20
2631 15357212.53
2632 19284914.22
2633 6327153.93
2634 6279979.93
2635 6232849.93
2636 6185763.93
2637 6138727.27
2638 6091746.10
2639 6044817.10
2640 5997936.10
2641 5951103.10
2642 5904374.10
2643 5857820.77
2644 5811421.93
2645 5765139.60
2646 5718960.10
2647 5672871.93
2648 5626885.27
2649 5581087.10
2650 5535970.60
2651 5491643.10
2652 5448117.43
2653 5405254.27
2654 5362829.77
2655 5321033.60
2656 5279852.77
2657 5239187.93
2658 5199081.10
2659 5159571.43
2660 5120657.27
2661 5082432.60
2662 5044944.77
2663 5008103.77
2664 4971691.60
2665 4936000.77
2666 4901495.27
2667 4868447.77
2668 4836966.60
2669 4807330.77
2670 4779460.93
2671 4753078.10
2672 4727952.93
2673 4703542.27
2674 4679853.93
2675 4657366.10
2676 4636417.10
2677 4616781.93
2678 4598407.93
2679 4581400.85
2680 4565498.93
2681 4550586.93
2682 4536593.77
2683 4523560.27
2684 4513372.02
2685 4506550.10
2686 4501374.93
2687 4497379.10
2688 4494937.93
2689 4494002.27
2690 5436217.47
2691 2040371.53
2692 2006667.37
2693 1977483.70
2694 1948935.70
2695 1921088.37
2696 1893871.03
2697 1867207.87
2698 1841171.03
2699 1816174.20
2700 1792753.20
2701 1771007.12
2702 1750750.53
2703 1731879.87
2704 1714108.70
2705 1697050.70
2706 1680864.03
2707 1666198.53
2708 1653592.53
2709 1643013.70
2710 1634302.20
2711 1627412.37
2712 1621848.87
2713 1617401.37
2714 1614145.03
2715 1612797.03
2716 1613572.28
2717 1616114.37
2718 1620650.03
2719 1626794.20
2720 1634612.45
2721 1644173.20
2722 1655462.37
2723 1668616.53
2724 1683856.37
2725 1700741.87
2726 1718638.70
2727 1738278.70
2728 1759692.70
2729 1782167.03
2730 1805512.20
2731 1829971.45
2732 1856286.87
2733 1884522.62
2734 1913761.12
2735 1943583.37
2736 1974038.03
2737 2005105.37
2738 2036709.03
2739 2068728.70
2740 2101785.53
2741 2136051.37
2742 2171038.70
2743 2206638.37
2744 2242782.03
2745 2279511.70
2746 2316842.12
2747 2354780.03
2748 2393427.20
2749 2432759.87
2750 2472611.70
2751 2513453.87
2752 2555333.53
2753 2597648.70
2754 2640224.87
2755 2683445.20
2756 2727387.37
2757 2771596.53
2758 2815998.87
2759 2860620.37
2760 2905393.20
2761 2950345.53
2762 2995555.87
2763 6015292.78
2764 3122748.67
2765 3073261.67
2766 3023831.17
2767 2974452.17
2768 2925081.17
2769 2875718.17
2770 2826363.17
2771 2777158.67
2772 2728130.67
2773 2679142.67
2774 2630174.67
2775 2581234.67
2776 2532404.67
2777 2483678.67
2778 2434976.67
2779 2386892.67
2780 2339438.67
2781 2292070.33
2782 2245689.33
2783 2200578.50
2784 2155964.17
2785 2111565.33
2786 2067280.00
2787 2023094.67
2788 1979009.33
2789 1935089.83
2790 1891505.67
2791 1848291.50
2792 1805285.83
2793 1762824.17
2794 1721496.00
2795 1681239.50
2796 1641754.50
2797 1603341.67
2798 1565906.00
2799 1529194.00
2800 1493454.33
2801 1458425.17
2802 1423778.83
2803 1389693.00
2804 1356591.17
2805 1324924.00
2806 1294467.83
2807 1264897.83
2808 1236493.33
2809 1209345.42
2810 1183426.00
2811 1158570.83
2812 1134937.17
2813 1112370.50
2814 1090367.33
2815 1069667.25
2816 1051068.33
2817 1033887.17
2818 1019319.00
2819 1007627.67
2820 997745.67
2821 989915.17
2822 983685.17
2823 979172.67
2824 976287.50
2825 974634.67
2826 974199.83
2827 974962.17
2828 977183.33
2829 981822.00
2830 988428.17
2831 996111.83
2832 1005702.67
2833 1017365.50
2834 1030332.83
2835 1044748.00
2836 1061351.25
2837 1079590.33
2838 1099738.33
2839 1122239.83
2840 1146473.33
2841 1172114.50
2842 1198584.67
2843 1225999.17
2844 1254473.33
2845 1283733.17
2846 1313713.83
2847 1344437.83
2848 1375737.33
2849 1407681.33
2850 1440221.17
2851 1473088.50
2852 1506393.67
2853 1540279.17
2854 1574815.50
2855 1610046.00
2856 1645916.17
2857 1682514.00
2858 1720129.67
2859 1758928.83
2860 1798754.17
2861 1839166.83
2862 1879991.17
2863 1921444.50
2864 1963569.25
2865 2006105.83
2866 2048915.33
2867 2092060.00
2868 2135866.67
2869 2180212.67
2870 2224718.00
2871 2269428.33
2872 2314400.00
2873 2359620.67
2874 2405269.83
2875 2451379.17
2876 2497649.50
2877 2544026.33
2878 2590579.00
2879 2637420.50
2880 2684477.50
2881 2731750.67
2882 2779468.83
2883 2827564.83
2884 2875873.50
2885 2924328.67
2886 2972900.83
2887 3021573.00
2888 3070302.50
2889 3119084.50
2890 3167914.00
2891 3216776.00
2892 3265679.00
2893 3314642.00
2894 3363642.00
2895 3412658.00
2896 5980673.63
2897 2613288.30
2898 2567077.30
2899 2520948.30
2900 2475141.30
2901 2429887.63
2902 2385223.97
2903 2340945.97
2904 2296866.30
2905 2253007.63
2906 2209350.13
2907 2166004.97
2908 2122984.30
2909 2080223.63
2910 2038028.47
2911 1996385.30
2912 1955030.80
2913 1914230.13
2914 1874139.63
2915 1834565.97
2916 1795517.30
2917 1757990.97
2918 1722030.47
2919 1686756.80
2920 1652048.80
2921 1618035.13
2922 1584819.80
2923 1552296.97
2924 1522039.58
2925 1495944.53
2926 1472465.87
2927 1449730.03
2928 1428047.87
2929 1407773.03
2930 1388814.70
2931 1371291.78
2932 1355225.20
2933 1340415.53
2934 1326553.37
2935 1313764.87
2936 1302563.03
2937 1293052.53
2938 1285190.87
2939 1278871.03
2940 1273873.20
2941 1269882.37
2942 1266870.03
2943 1265480.20
2944 1265863.87
2945 1267544.70
2946 1270702.20
2947 1275831.03
2948 1282605.03
2949 1290981.87
2950 1301054.87
2951 1312371.87
2952 1325376.20
2953 1340505.03
2954 1357315.78
2955 1376226.53
2956 1397928.37
2957 1421873.87
2958 1447205.03
2959 1473470.53
2960 1500603.70
2961 1528344.53
2962 1556707.03
2963 1585940.03
2964 1616082.87
2965 1647254.78
2966 1679461.20
2967 1712314.37
2968 1745756.87
2969 1779953.20
2970 1814964.03
2971 1850887.87
2972 1887474.37
2973 1924604.70
2974 1962641.53
2975 2001700.37
2976 2041446.03
2977 2081654.20
2978 2122630.87
2979 2164506.87
2980 2206838.53
2981 2249332.53
2982 2292176.70
2983 2335594.70
2984 2379454.20
2985 2423661.53
2986 2468195.70
2987 2513286.53
2988 2558914.03
2989 9168230.78
2990 8008822.25
2991 8016803.75
2992 8026562.25
2993 8038199.92
2994 8051766.58
2995 8068295.92
2996 8087809.75
2997 8109098.75
2998 8131667.08
2999 8155794.42
3000 8181297.75
3001 8207766.75
3002 8235569.25
3003 8264533.42
3004 8294625.75
3005 17618072.82
3006 12803202.57
3007 12795649.57
3008 12789457.90
3009 12784667.90
3010 12781503.57
3011 12779886.90
3012 12779560.40
3013 12780594.73
3014 12783701.15
3015 12789630.65
3016 12798247.57
3017 12809129.57
3018 12821513.23
3019 12835018.57
3020 12849910.57
3021 14943616.35
3022 3287793.70
3023 3244048.62
3024 3200826.78
3025 3158067.12
3026 3115616.45
3027 3073391.95
3028 3031471.28
3029 2990017.12
3030 2949077.62
3031 2908792.62
3032 2869383.45
3033 2830780.12
3034 2792804.45
3035 2755288.78
3036 2718149.12
3037 2681458.62
3038 2645357.78
3039 2610403.78
3040 2576934.78
3041 2544326.28
3042 2512073.45
3043 2480300.78
3044 2449767.78
3045 2421218.62
3046 2394083.62
3047 2367827.62
3048 2342392.12
3049 2319638.95
3050 2299700.62
3051 2280494.28
3052 2262020.28
3053 2244530.28
3054 2228247.62
3055 2213339.28
3056 2199534.12
3057 2186571.95
3058 2174807.95
3059 2164811.45
3060 2156667.12
3061 2150595.95
3062 2146679.87
3063 2144700.45
3064 2144974.45
3065 2147242.78
3066 2151782.67
3067 2158998.05
3068 2169716.97
3069 2183924.05
3070 2200340.22
3071 2219080.63
3072 2240198.05
3073 2263559.05
3074 2288798.55
3075 2315270.72
3076 2343428.47
3077 2373842.22
3078 2405785.72
3079 2438544.05
3080 2471886.72
3081 2505908.05
3082 2540654.88
3083 2575934.38
3084 2611728.05
3085 2648215.55
3086 2685310.55
3087 2722798.38
3088 2760969.55
3089 2800562.47
3090 2841501.55
3091 2883345.13
3092 2925883.38
3093 2968712.05
3094 3011750.55
3095 3054997.38
3096 3098454.72
3097 3142497.72
3098 5741214.83
3099 2749099.28
3100 2702938.45
3101 2656934.78
3102 2611012.78
3103 2565175.78
3104 2519445.28
3105 2473814.28
3106 2428271.12
3107 2382910.95
3108 2337731.95
3109 2293291.78
3110 2250001.37
3111 2207436.12
3112 2165531.78
3113 2124280.78
3114 2083516.45
3115 2043222.78
3116 2004151.70
3117 1966905.45
3118 1931672.12
3119 1898003.62
3120 1864938.62
3121 1832496.62
3122 1801104.28
3123 1771339.12
3124 1743423.28
3125 1717101.28
3126 1691999.78
3127 1667918.62
3128 1644903.62
3129 1623235.28
3130 1603347.03
3131 1585716.12
3132 1571105.12
3133 1559166.45
3134 1549825.45
3135 1545187.62
3136 1544986.62
3137 1548019.45
3138 1554671.78
3139 1563691.12
3140 1573926.28
3141 1585565.45
3142 1598727.28
3143 1613166.78
3144 1629108.12
3145 1646414.28
3146 1666325.37
3147 1689031.45
3148 1712884.03
3149 1737906.95
3150 1763813.78
3151 1790240.62
3152 1817391.45
3153 1845460.62
3154 1874726.28
3155 1905554.78
3156 1937974.78
3157 1971630.78
3158 2006001.78
3159 2041030.20
3160 2076870.28
3161 2113412.95
3162 2150656.28
3163 2188580.95
3164 2226936.78
3165 2265568.95
3166 2304458.12
3167 2343743.95
3168 2383546.45
3169 2423936.12
3170 2464843.28
3171 2506141.95
3172 2548292.95
3173 2591340.45
3174 2634787.95
3175 2678460.62
3176 9056275.95
3177 7367756.58
3178 7360730.58
3179 7354993.58
3180 7350488.92
3181 7347511.58
3182 7346048.42
3183 7345780.42
3184 7346644.42
3185 7348973.08
3186 7353559.42
3187 7360358.58
3188 7368453.25
3189 7377633.75
3190 7387977.75
3191 7400078.08
3192 7414628.75
3193 7431032.58
3194 7448465.50
3195 10446319.33
3196 4913681.42
3197 4874396.25
3198 4836518.42
3199 4799709.25
3200 4763423.92
3201 4728148.42
3202 4694550.58
3203 4662229.08
3204 4630659.75
3205 4600046.58
3206 4570718.25
3207 4542423.42
3208 4514765.08
3209 4487773.42
3210 4461853.42
3211 4437394.42
3212 4414630.25
3213 4393732.75
3214 4374015.58
3215 4354922.42
3216 4336551.25
3217 4319516.75
3218 4304403.75
3219 4290679.75
3220 4277907.25
3221 4266450.75
3222 4256584.75
3223 4248410.58
3224 4241977.92
3225 4236953.08
3226 4233520.25
3227 4231967.92
3228 4231915.42
3229 4232963.58
3230 4234962.58
3231 4238190.08
3232 4242975.25
3233 4249263.08
3234 5557343.33
3235 2018042.83
3236 1981118.83
3237 1944555.17
3238 1909122.00
3239 1875350.17
3240 1842852.17
3241 1811348.83
3242 1780627.00
3243 1750866.83
3244 1722198.00
3245 1694656.67
3246 1668619.17
3247 1644572.00
3248 1622623.17
3249 1602055.83
3250 1582289.83
3251 1563554.33
3252 1545981.33
3253 1529748.83
3254 1515660.00
3255 1504034.50
3256 1494800.33
3257 1487355.83
3258 1481363.00
3259 1476908.67
3260 1474138.42
3261 1474091.83
3262 1477098.67
3263 1482836.67
3264 1490372.00
3265 1499158.00
3266 1509125.17
3267 1520222.33
3268 1532486.33
3269 1545563.50
3270 1559324.67
3271 1573871.83
3272 1589484.83
3273 1606113.50
3274 1623674.83
3275 1642333.17
3276 1662721.17
3277 1685031.67
3278 1708709.83
3279 1733855.25
3280 1761090.00
3281 1789848.83
3282 1819356.17
3283 1849903.50
3284 1881763.00
3285 1914776.50
3286 1950210.50
3287 1988897.50
3288 2028979.00
3289 2069346.00
3290 2110286.00
3291 2151996.67
3292 2194196.00
3293 2236618.00
3294 2279377.42
3295 2322499.67
3296 2365950.17
3297 2410134.33
3298 2454972.00
3299 2500055.83
3300 2545481.50
3301 2591260.33
3302 2637270.67
3303 2683434.33
3304 2729737.50
3305 2776214.50
3306 2823455.50
3307 2871377.83
3308 2919340.17
3309 2967363.00
3310 3015508.33
3311 3063823.17
3312 3112283.67
3313 3160829.17
3314 3209413.50
3315 3258021.83
3316 3306665.67
3317 3355371.50
3318 11867495.45
3319 8686331.12
3320 8641210.45
3321 8596168.28
3322 8551221.12
3323 8506420.45
3324 8461845.95
3325 8417778.95
3326 8374637.95
3327 8332102.95
3328 8289675.95
3329 8247388.28
3330 8205281.62
3331 8163390.95
3332 8121721.12
3333 8080265.45
3334 8039038.12
3335 7998018.78
3336 7957177.28
3337 7916911.62
3338 7877516.78
3339 7838736.95
3340 7800316.78
3341 7762175.28
3342 7724797.62
3343 7688634.45
3344 7653248.45
3345 7618169.45
3346 7583455.78
3347 7549598.12
3348 7518684.28
3349 7491139.12
3350 7465085.45
3351 7439969.95
3352 7416276.45
3353 7394105.62
3354 7373091.12
3355 7353020.95
3356 7333658.62
3357 7315237.95
3358 7297929.95
3359 7282069.28
3360 7267864.62
3361 7254851.78
3362 7242989.62
3363 7232337.78
3364 7223242.28
3365 7216004.95
3366 7210062.45
3367 7205300.62
3368 7202048.28
3369 7200959.70
3370 7202242.12
3371 7205073.95
3372 7209005.28
3373 11125242.20
3374 9008668.87
3375 8993432.03
3376 8979538.37
3377 8967314.37
3378 8957336.87
3379 8949398.45
3380 8942742.87
3381 8937091.70
3382 8932993.87
3383 8930616.87
3384 8929924.20
3385 8930613.37
3386 8932536.37
3387 8936120.70
3388 8941126.03
3389 8947178.53
3390 8954145.70
3391 8962468.70
3392 8972980.37
3393 18308086.27
3394 12631703.35
3395 12641204.85
3396 12653055.35
3397 12667165.85
3398 12682777.18
3399 12699500.35
3400 12717037.68
3401 12735514.85
3402 12755526.18
3403 12777634.68
3404 12802031.52
3405 12828210.02
3406 12856127.02
3407 12885719.35
3408 12916668.68
3409 18180207.95
3410 12329588.67
3411 12330284.83
3412 12332832.50
3413 12336579.33
3414 12341742.83
3415 12348525.83
3416 12357404.33
3417 12368320.83
3418 12380535.50
3419 12394348.33
3420 12409956.33
3421 12427085.67
3422 12445307.83
3423 12464635.33
3424 12485706.17
3425 12508895.83
3426 12533509.17
3427 12558959.33
3428 12585118.50
3429 12612131.92
3430 12640544.17
3431 12670244.00
3432 12700779.00
3433 12732198.33
3434 12764464.00
3435 12797360.17
3436 12831156.33
3437 12865830.17
3438 12900876.50
3439 12936462.50
3440 12972811.67
3441 13009834.67
3442 13047354.00
3443 13085222.83
3444 13123637.50
3445 13162825.67
3446 13202584.50
3447 21442949.30
3448 18747067.72
3449 18770081.38
3450 18794451.88
3451 21440359.40
3452 3674218.77
3453 3626781.60
3454 3579451.10
3455 3532196.10
3456 3484993.10
3457 3437842.10
3458 3390743.10
3459 3343696.10
3460 3296932.60
3461 3250509.10
3462 3204262.77
3463 3158276.27
3464 3112650.60
3465 3067283.10
3466 3022145.43
3467 2977372.43
3468 2935243.10
3469 2895782.43
3470 2856655.27
3471 2817759.77
3472 2779177.60
3473 2741092.27
3474 2703724.10
3475 2667143.10
3476 2631500.43
3477 2596736.77
3478 2563033.27
3479 2530959.77
3480 2500247.77
3481 2470265.77
3482 2440858.27
3483 2412309.77
3484 2384754.18
3485 2358055.10
3486 2332717.43
3487 2311330.27
3488 2293717.60
3489 2277520.27
3490 2262971.43
3491 2250209.43
3492 2239018.10
3493 2229016.02
3494 2220182.10
3495 2212736.43
3496 2206389.10
3497 2201079.43
3498 2196763.77
3499 2193483.27
3500 2191681.27
3501 2191387.27
3502 2192312.93
3503 2194766.27
3504 2198672.27
3505 2204060.93
3506 2211673.93
3507 2221383.93
3508 2232938.43
3509 2246432.60
3510 2261915.43
3511 2279289.60
3512 2298178.35
3513 2318245.43
3514 2339133.02
3515 2360838.77
3516 2383516.77
3517 2407161.60
3518 2431583.43
3519 2456699.10
3520 2482625.77
3521 2509443.10
3522 2537631.18
3523 2567597.77
3524 4375204.93
3525 2233830.42
3526 2191497.75
3527 2149648.58
3528 2108259.08
3529 2067276.58
3530 2026668.75
3531 1986458.42
3532 1946728.83
3533 1907575.25
3534 1868922.58
3535 1830628.75
3536 1792613.58
3537 1754893.75
3538 1717746.75
3539 1681194.00
3540 1645005.17
3541 1609154.08
3542 1573796.75
3543 1538971.42
3544 1504592.75
3545 1470992.58
3546 1438462.58
3547 1406716.75
3548 1375658.58
3549 1346155.75
3550 1318113.08
3551 1291330.67
3552 1266547.00
3553 1244410.42
3554 1224514.92
3555 1206067.58
3556 1189538.67
3557 1175267.58
3558 1163492.42
3559 1154527.92
3560 1148019.42
3561 1143693.08
3562 1140870.08
3563 1138876.42
3564 1137995.08
3565 1138307.58
3566 1140237.58
3567 1144482.25
3568 1150650.75
3569 1158598.25
3570 1168734.58
3571 1180594.58
3572 1193807.75
3573 1209066.42
3574 1226698.25
3575 1246073.08
3576 1266837.08
3577 1288855.08
3578 1311903.92
3579 1335750.25
3580 1360682.92
3581 1387202.42
3582 1415226.42
3583 1444326.42
3584 1474540.25
3585 1505896.58
3586 1538851.75
3587 1573855.58
3588 1610378.75
3589 1647687.75
3590 1685437.25
3591 1723681.75
3592 1762293.08
3593 1801267.42
3594 1840687.25
3595 1880593.08
3596 1920964.08
3597 1961702.08
3598 2002765.92
3599 2044392.08
3600 2086609.92
3601 2129226.42
3602 2172314.58
3603 2215822.75
3604 2259793.75
3605 2304225.42
3606 2349462.25
3607 2395474.42
3608 2441622.42
3609 2488233.42
3610 2535417.42
3611 2582914.08
3612 2630752.25
3613 2678885.25
3614 2727154.25
3615 2775455.25
3616 2823819.75
3617 2872247.75
3618 2920705.75
3619 2969191.75
3620 3017705.75
3621 3066247.75
3622 3114817.75
3623 3163415.75
3624 11056184.42
3625 9453290.58
3626 9449487.92
3627 9446427.83
3628 9444318.33
3629 9443183.67
3630 9443246.58
3631 9445194.75
3632 9449032.42
3633 9454682.58
3634 9462653.08
3635 9472651.17
3636 9483801.33
3637 9495690.75
3638 9508443.42
3639 9522373.75
3640 9537621.75
3641 9554939.58
3642 9579035.92
3643 9610691.25
3644 9645086.25
3645 23790572.17
3646 17758013.77
3647 17764689.52
3648 17773595.10
3649 17784549.10
3650 17797228.93
3651 17811312.27
3652 17826703.77
3653 17843898.27
3654 17862588.93
3655 17882742.27
3656 17904738.93
3657 17928552.60
3658 17954098.60
3659 17981083.10
3660 18009420.10
3661 18038928.93
3662 18069119.93
3663 31589210.85
3664 21664522.08
3665 21646083.42
3666 21628930.42
3667 21613390.25
3668 21600148.42
3669 21589732.92
3670 21582826.58
3671 21579155.92
3672 27631981.97
3673 21535461.02
3674 21519694.52
3675 21505302.52
3676 21492653.85
3677 21482339.02
3678 21473982.18
3679 21466723.68
3680 21460338.52
3681 21454855.52
3682 21450432.85
3683 29217641.00
3684 20507590.87
3685 20471419.70
3686 20436000.20
3687 20401436.37
3688 20367461.70
3689 21560768.62
3690 6564532.00
3691 6516773.83
3692 6469069.83
3693 6421389.83
3694 6374635.83
3695 6328888.83
3696 6283323.00
3697 6237990.17
3698 6192852.67
3699 6147801.67
3700 6102909.67
3701 6058326.83
3702 6014089.50
3703 5970053.50
3704 5926101.50
3705 5882233.50
3706 5838449.50
3707 5794754.00
3708 5751178.33
3709 5707811.17
3710 5664685.17
3711 5621929.50
3712 5579728.17
3713 5537895.33
3714 5496507.67
3715 5455763.50
3716 5415726.08
3717 5376631.17
3718 5338156.33
3719 5300014.50
3720 5262336.17
3721 5225669.00
3722 5190684.00
3723 5157116.92
3724 5125206.83
3725 5094876.17
3726 5065412.33
3727 5037074.83
3728 5010074.50
3729 4984700.33
3730 4961018.33
3731 4938862.67
3732 4919138.50
3733 4902061.00
3734 4887241.17
3735 4874291.83
3736 4862448.17
3737 4851604.33
3738 4842027.67
3739 4834169.33
3740 4828431.50
3741 4824401.83
3742 4821547.67
3743 4819949.50
3744 4819868.58
3745 4821272.00
3746 4823606.00
3747 4827111.50
3748 4831931.00
3749 8683648.70
3750 5512683.03
3751 5515184.20
3752 5518866.70
3753 5523931.53
3754 5530650.87
3755 5539287.03
3756 5549798.87
3757 5561830.37
3758 5575404.03
3759 5590794.87
3760 5607640.87
3761 5625846.03
3762 5645452.70
3763 5666612.70
3764 5689438.53
3765 5713716.87
3766 5739543.87
3767 5767859.03
3768 5798091.37
3769 5828867.87
3770 5860414.70
3771 5893449.37
3772 5927775.37
3773 5962740.37
3774 5998295.37
3775 6034554.87
3776 6071806.70
3777 6109758.87
3778 13567813.78
3779 11168751.87
3780 11187236.87
3781 11206808.03
3782 11227472.03
3783 11249185.53
3784 11271920.20
3785 11295785.37
3786 11321058.53
3787 11348083.37
3788 11376808.70
3789 11407917.70
3790 11442238.53
3791 11478647.20
3792 11516056.87
3793 11554454.03
3794 11593634.87
3795 11633434.37
3796 11673768.87
3797 11714490.03
3798 11755968.70
3799 11798438.70
3800 11841342.70
3801 11884391.20
3802 11927643.20
3803 11971220.20
3804 12015170.20
3805 12059323.20
3806 12103560.20
3807 12148013.20
3808 12192814.87
3809 12237841.03
3810 12283013.03
3811 12328505.03
3812 12374711.03
3813 12421425.03
3814 12468175.03
3815 12514961.03
3816 23809759.93
3817 14000086.43
3818 13968175.77
3819 13937684.10
3820 13908636.60
3821 13880707.27
3822 14457741.43
3823 3171645.92
3824 3121822.92
3825 3071999.92
3826 3022176.92
3827 2972353.92
3828 2922530.92
3829 2872707.92
3830 2822884.92
3831 2773061.92
3832 2723238.92
3833 2673415.92
3834 2623592.92
3835 2573769.92
3836 2523946.92
3837 2474123.92
3838 2424300.92
3839 2374477.92
3840 2324654.92
3841 2274831.92
3842 2225008.92
3843 2175185.92
3844 2125362.92
3845 2075539.92
3846 2025716.92
3847 1975893.92
3848 1926070.92
3849 1876247.92
3850 1826424.92
3851 1776601.92
3852 1726778.92
3853 1676955.92
3854 1627132.92
3855 1577309.92
3856 1527486.92
3857 1477663.92
3858 1427840.92
3859 1378017.92
3860 1328194.92
3861 1278371.92
3862 1228548.92
3863 1183691.42
3864 1144929.25
3865 1107955.25
3866 1072164.08
3867 1037350.42
3868 1003550.58
3869 970659.58
3870 938664.25
3871 907687.75
3872 877488.75
3873 847947.25
3874 820431.25
3875 795369.92
3876 771579.42
3877 748901.92
3878 729849.42
3879 714267.75
3880 700085.08
3881 688233.75
3882 679724.92
3883 674584.92
3884 671342.75
3885 670015.58
3886 671151.58
3887 674286.75
3888 679251.42
3889 685933.92
3890 694041.92
3891 703241.92
3892 713668.92
3893 725151.58
3894 739007.08
3895 755683.92
3896 773764.92
3897 793044.08
3898 813491.75
3899 835055.75
3900 857569.08
3901 880793.75
3902 904789.92
3903 929829.25
3904 955811.42
3905 982731.25
3906 1010647.92
3907 1039259.42
3908 1068387.17
3909 1098069.25
3910 1129384.58
3911 1170611.08
3912 1220434.08
3913 1270257.08
3914 1320080.08
3915 1369903.08
3916 1419726.08
3917 1469549.08
3918 1519372.08
3919 1569195.08
3920 1619018.08
3921 1668841.08
3922 1718664.08
3923 1768487.08
3924 1818310.08
3925 1868133.08
3926 1917956.08
3927 1967779.08
3928 2017602.08
3929 2067425.08
3930 2117248.08
3931 2167071.08
3932 2216894.08
3933 2266717.08
3934 2316540.08
3935 2366363.08
3936 2416186.08
3937 2466009.08
3938 2515832.08
3939 2565655.08
3940 2615478.08
3941 2665301.08
3942 2715124.08
3943 2764947.08
3944 2814770.08
3945 2864593.08
3946 2914416.08
3947 2964239.08
3948 3014062.08
3949 3063885.08
3950 3113708.08
3951 15179924.72
3952 13966385.63
3953 13973541.97
3954 13982420.30
3955 13994286.30
3956 14011223.97
3957 14032748.13
3958 14056344.22
3959 14081511.97
3960 14107904.80
3961 14134891.80
3962 14162406.47
3963 14190448.97
3964 14219107.22
3965 14248443.47
3966 14279230.30
3967 28642510.62
3968 24093994.33
3969 24117980.50
3970 24144384.83
3971 24172492.83
3972 24201687.67
3973 24231555.33
3974 24262011.67
3975 24293116.33
3976 24324808.50
3977 24356978.17
3978 24389694.67
3979 24422925.67
3980 24457280.83
3981 24493087.00
3982 24529648.17
3983 24566546.00
3984 24603814.17
3985 24641691.33
3986 24680383.17
3987 71893354.15
3988 35782283.95
3989 35748396.28
3990 35715251.28
3991 35683187.62
3992 35652058.62
3993 35621472.62
3994 35591343.45
3995 35562020.70
3996 35533702.78
3997 35506242.28
3998 35480885.45
3999 35457870.70
4000 35436477.62
4001 35416988.95
4002 35399061.45
4003 35382538.78
4004 35367506.45
4005 35354127.78
4006 47295343.57
4007 34501631.38
4008 35010359.63
4009 3867499.83
4010 3818278.83
4011 3769065.83
4012 3719943.50
4013 3670998.17
4014 3622156.17
4015 3573426.83
4016 3524894.50
4017 3476471.50
4018 3428092.00
4019 3379786.00
4020 3331543.50
4021 3283334.50
4022 3235149.50
4023 3186988.50
4024 3138851.50
4025 3090738.50
4026 3042649.50
4027 2994813.58
4028 2947562.67
4029 2900825.67
4030 2854286.67
4031 2807803.67
4032 2761376.67
4033 2715071.50
4034 2668955.83
4035 2623152.50
4036 2577792.17
4037 2532700.17
4038 2487782.67
4039 2443083.67
4040 2398514.67
4041 2354081.67
4042 2310328.17
4043 2267825.00
4044 2226182.33
4045 2184851.67
4046 2143871.50
4047 2103266.50
4048 2063123.67
4049 2023862.83
4050 1985308.00
4051 1947053.67
4052 1909404.17
4053 1872577.33
4054 1836918.50
4055 1802298.67
4056 1768117.67
4057 1734344.75
4058 1700974.50
4059 1668640.17
4060 1637532.50
4061 1607720.33
4062 1579113.17
4063 1551011.83
4064 1523306.17
4065 1496000.00
4066 1469412.17
4067 1443793.33
4068 1419123.17
4069 1395417.17
4070 1372872.50
4071 1351676.50
4072 1331621.83
4073 1312346.17
4074 1293587.83
4075 1275627.83
4076 1258638.67
4077 1243209.83
4078 1230153.50
4079 1218954.50
4080 1209120.75
4081 1200746.33
4082 1194000.33
4083 1188766.50
4084 1184855.67
4085 1182893.83
4086 1183424.83
4087 1185740.17
4088 1188914.33
4089 1193471.50
4090 1199759.58
4091 1207297.17
4092 1216127.83
4093 1226161.50
4094 1237542.17
4095 1250576.50
4096 1265030.42
4097 1280537.50
4098 1296968.83
4099 1314916.17
4100 1335181.83
4101 1358457.17
4102 1384014.33
4103 1410547.50
4104 1437925.83
4105 1467475.17
4106 1499517.17
4107 1532677.83
4108 1567112.33
4109 1602683.67
4110 1638636.33
4111 1675099.50
4112 1712101.17
4113 1749385.67
4114 1787051.67
4115 1825601.17
4116 1864905.67
4117 1904607.50
4118 1944767.33
4119 1985271.33
4120 2026199.83
4121 2068395.00
4122 2111839.67
4123 2155726.67
4124 2199911.67
4125 2244256.67
4126 2288693.67
4127 2333329.17
4128 2378239.33
4129 2423327.00
4130 2468538.00
4131 2513883.67
4132 2559401.33
4133 2605126.83
4134 2650987.83
4135 2696918.83
4136 2743387.33
4137 2790812.83
4138 2838781.33
4139 7189496.42
4140 7063923.50
4141 7110913.50
4142 7158015.50
4143 7205157.50
4144 7252398.00
4145 7299754.50
4146 7347166.50
4147 7394614.50
4148 7442414.00
4149 15885108.43
4150 9118860.68
4151 9080686.68
4152 9043643.85
4153 9007842.52
4154 8972600.68
4155 8937976.18
4156 8903833.85
4157 8870545.18
4158 8839203.50
4159 8810151.48
4160 8782481.65
4161 8756060.48
4162 8731313.32
4163 8708084.48
4164 8686924.48
4165 8667610.65
4166 8649107.65
4167 8631342.98
4168 8614985.82
4169 8600372.15
4170 8587231.15
4171 8575304.82
4172 8564406.98
4173 8554619.32
4174 8546422.98
4175 8539877.82
4176 8534647.15
4177 8530918.73
4178 8528795.32
4179 8528428.15
4180 8530494.15
4181 8534414.98
4182 8539311.32
4183 8545641.57
4184 10906102.10
4185 3891166.53
4186 3855642.37
4187 3821501.53
4188 3788392.87
4189 3755900.53
4190 3723918.20
4191 3693050.37
4192 3663493.70
4193 3634656.53
4194 3606721.20
4195 3579787.37
4196 3553568.37
4197 3528768.03
4198 3505771.03
4199 3484584.20
4200 3464941.37
4201 3446337.37
4202 3428642.87
4203 3411839.87
4204 3396760.53
4205 3383793.53
4206 3372443.20
4207 3362290.03
4208 3353255.37
4209 3345409.20
4210 3338691.53
4211 3333222.20
4212 3329210.87
4213 3326807.53
4214 3326519.20
4215 3328555.20
4216 3332221.53
4217 3336887.53
4218 3342427.87
4219 3349006.37
4220 3357245.37
4221 3367630.37
4222 3379570.87
4223 3392626.20
4224 3407427.87
4225 3424117.87
4226 3442545.03
4227 3462866.03
4228 3484797.37
4229 3507901.20
4230 3531811.70
4231 3556676.45
4232 3582941.37
4233 3610578.87
4234 3639495.53
4235 3669510.87
4236 3700255.03
4237 3731763.37
4238 3764042.28
4239 3797138.37
4240 3831336.53
4241 3866490.87
4242 3902240.03
4243 3938460.70
4244 3975022.37
4245 4011863.03
4246 4049234.37
4247 4087234.37
4248 4125773.70
4249 10297150.62
4250 6827502.67
4251 6777919.67
4252 6728336.67
4253 6678753.67
4254 6629170.67
4255 6579587.67
4256 6530004.67
4257 6480421.67
4258 6430838.67
4259 6381255.67
4260 6331672.67
4261 6282089.67
4262 6232506.67
4263 6182923.67
4264 6133340.67
4265 6083757.67
4266 6034174.67
4267 5984591.67
4268 5935008.67
4269 5885425.67
4270 5835842.67
4271 5786259.67
4272 5736676.67
4273 5687093.67
4274 5637510.67
4275 5587927.67
4276 5538344.67
4277 5488761.67
4278 5439178.67
4279 5389595.67
4280 5340012.67
4281 5290429.67
4282 5240846.67
4283 5191263.67
4284 5141680.67
4285 5092097.67
4286 5042514.67
4287 4992931.67
4288 4943348.67
4289 4893765.67
4290 4844182.67
4291 4794599.67
4292 4745016.67
4293 4695433.67
4294 4645850.67
4295 4596267.67
4296 4546684.67
4297 4497101.67
4298 4447518.67
4299 4397935.67
4300 4348352.67
4301 4298769.67
4302 4249186.67
4303 4199603.67
4304 4150033.17
4305 4100509.67
4306 4051022.67
4307 4001539.67
4308 3952060.67
4309 3902585.67
4310 3853114.67
4311 3803647.67
4312 3754184.67
4313 3704725.67
4314 3655270.67
4315 3605819.67
4316 3556414.83
4317 3507100.00
4318 3457835.00
4319 3408578.00
4320 3359329.00
4321 3310279.33
4322 3261564.50
4323 3213018.17
4324 3164521.33
4325 3116085.00
4326 3067704.67
4327 3019356.33
4328 2971071.50
4329 2922880.17
4330 2874764.67
4331 2826727.50
4332 2779041.67
4333 2731891.00
4334 2685006.67
4335 2638190.33
4336 2591453.33
4337 2544899.33
4338 2498727.17
4339 2452950.00
4340 2407496.25
4341 2362337.00
4342 2317422.00
4343 2272779.00
4344 2228409.17
4345 2184244.33
4346 2140506.50
4347 2097226.17
4348 2054140.50
4349 2011257.00
4350 1968834.00
4351 1927205.83
4352 1886522.50
4353 1846514.83
4354 1807229.67
4355 1769086.83
4356 1731993.50
4357 1695660.17
4358 1659956.33
4359 1624805.83
4360 1590163.67
4361 1556789.67
4362 1525282.67
4363 1495180.33
4364 1465979.33
4365 1437516.17
4366 1409808.50
4367 1382774.83
4368 1356582.83
4369 1331649.00
4370 1307680.50
4371 1284316.17
4372 1261606.17
4373 1239719.00
4374 1218917.67
4375 1199262.00
4376 1180905.17
4377 1163839.00
4378 1148047.33
4379 1133437.33
4380 1119817.00
4381 1107465.17
4382 1096630.00
4383 1087302.17
4384 1079678.33
4385 1074575.17
4386 1072369.50
4387 1072620.50
4388 1074570.83
4389 1077862.83
4390 1082460.00
4391 1088314.58
4392 1095534.83
4393 1104206.17
4394 1114302.33
4395 1125749.33
4396 1138627.33
4397 1153011.67
4398 1168688.17
4399 1185176.17
4400 1202248.17
4401 1219867.67
4402 1238139.00
4403 1257178.33
4404 1277594.33
4405 1299752.33
4406 1323171.00
4407 1347587.83
4408 1372786.67
4409 1398751.17
4410 1425691.17
4411 1453717.00
4412 1483267.17
4413 1514744.17
4414 1547903.00
4415 1582114.00
4416 1616969.83
4417 1652305.00
4418 1688312.17
4419 1725330.00
4420 1763055.83
4421 1801040.17
4422 1839297.17
4423 1877998.67
4424 1917146.33
4425 1956855.17
4426 1997228.33
4427 2038023.00
4428 2079073.50
4429 2120495.75
4430 2162734.50
4431 2205933.33
4432 2249765.17
4433 2294114.50
4434 2338993.50
4435 2384479.50
4436 2430357.83
4437 2476304.17
4438 2522348.00
4439 2568558.83
4440 2614947.67
4441 2661445.00
4442 2708010.33
4443 2754643.67
4444 2801386.50
4445 2848260.33
4446 2895290.67
4447 2942574.00
4448 2990529.83
4449 3039055.75
4450 3087666.50
4451 3136346.50
4452 3185070.50
4453 3233812.50
4454 3282570.50
4455 3331344.50
4456 3380353.17
4457 3429706.83
4458 3479234.33
4459 3528817.33
4460 3578400.33
4461 3627983.33
4462 3677566.33
4463 3727149.33
4464 3776732.33
4465 3826315.33
4466 3875898.33
4467 3925481.33
4468 3975064.33
4469 4024647.33
4470 4074230.33
4471 4123813.33
4472 4173396.33
4473 4222979.33
4474 4272562.33
4475 4322145.33
4476 4371728.33
4477 4421311.33
4478 4470894.33
4479 4520477.33
4480 4570060.33
4481 4619643.33
4482 4669226.33
4483 4718809.33
4484 4768392.33
4485 4817975.33
4486 4867558.33
4487 4917141.33
4488 4966724.33
4489 5016307.33
4490 5065890.33
4491 5115473.33
4492 5165056.33
4493 5214639.33
4494 5264222.33
4495 5313805.33
4496 5363388.33
4497 5412971.33
4498 5462554.33
4499 5512137.33
4500 5561720.33
4501 5611303.33
4502 5660886.33
4503 5710469.33
4504 5760052.33
4505 5809635.33
4506 5859218.33
4507 5908801.33
4508 5958384.33
4509 6007967.33
4510 6057550.33
4511 6107133.33
4512 8401279.70
4513 2669845.78
4514 2626956.62
4515 2584293.45
4516 2541827.12
4517 2499550.28
4518 2457774.78
4519 2416881.95
4520 2379969.78
4521 2348057.95
4522 2318068.95
4523 2289106.95
4524 2262899.28
4525 2239784.95
4526 2218628.45
4527 2201380.37
4528 2188352.78
4529 2177161.62
4530 2166908.45
4531 2157704.78
4532 2150015.28
4533 2147132.45
4534 2149567.03
4535 2154534.78
4536 2161561.78
4537 2170036.62
4538 2179524.45
4539 2190123.12
4540 2201966.12
4541 2215352.28
4542 2230513.62
4543 2247260.87
4544 2266099.45
4545 2287097.12
4546 2309301.78
4547 2332734.95
4548 2358600.95
4549 2386975.95
4550 2417042.95
4551 2448605.87
4552 2481367.28
4553 2515297.95
4554 2550265.45
4555 2585973.62
4556 2622422.78
4557 2659505.12
4558 2697047.78
4559 2735870.28
4560 2775945.95
4561 2816314.12
4562 2857006.78
4563 2898073.45
4564 2939425.45
4565 2980969.45
4566 3022742.45
4567 3064809.45
4568 3107104.62
4569 3150178.78
4570 3194084.78
4571 3238296.78
4572 11247866.27
4573 9416255.27
4574 9389298.77
4575 9363332.93
4576 9338730.10
4577 9315480.93
4578 9293155.10
4579 9271736.10
4580 9251375.93
4581 9232248.10
4582 10338438.85
4583 3047138.55
4584 2997845.55
4585 2948556.55
4586 2899271.55
4587 2849990.55
4588 2800713.55
4589 2751440.55
4590 2702171.55
4591 2652906.55
4592 2603645.55
4593 2554388.55
4594 2505135.55
4595 2455886.55
4596 2406641.55
4597 2357763.38
4598 2309664.72
4599 2262019.72
4600 2214441.05
4601 2166975.72
4602 2119674.05
4603 2072470.05
4604 2025306.05
4605 1978182.05
4606 1931098.05
4607 1884054.05
4608 1837118.05
4609 1790451.72
4610 1744194.80
4611 1698450.55
4612 1653119.55
4613 1608045.38
4614 1563262.22
4615 1518760.05
4616 1474550.55
4617 1430641.88
4618 1386975.30
4619 1343542.22
4620 1300290.55
4621 1257344.22
4622 1215120.72
4623 1173701.55
4624 1132733.55
4625 1091967.22
4626 1051728.88
4627 1016285.15
4628 989790.75
4629 968738.08
4630 949258.50
4631 931198.25
4632 914907.75
4633 900440.58
4634 887393.58
4635 876180.42
4636 866982.08
4637 859474.75
4638 853948.75
4639 850146.08
4640 847491.25
4641 845942.08
4642 845473.08
4643 846164.75
4644 847930.08
4645 851026.92
4646 855496.75
4647 861047.58
4648 867759.75
4649 875610.33
4650 884780.25
4651 895950.08
4652 908986.75
4653 926864.68
4654 952942.28
4655 983884.78
4656 1015998.62
4657 1048959.62
4658 1082820.45
4659 1117605.78
4660 1153222.28
4661 1189446.12
4662 1226269.12
4663 1263523.95
4664 1301203.78
4665 1339328.45
4666 1377797.28
4667 1416853.20
4668 1456565.45
4669 1496687.37
4670 1537319.12
4671 1578591.45
4672 1620617.28
4673 1663141.78
4674 1705890.37
4675 1749126.95
4676 1792961.78
4677 1837191.95
4678 1881715.95
4679 1926513.28
4680 1971494.12
4681 2016623.95
4682 2061870.28
4683 2107258.62
4684 2152822.95
4685 2198578.45
4686 2244636.28
4687 2291007.95
4688 2337536.28
4689 2384126.62
4690 2430811.95
4691 2477781.53
4692 2525348.95
4693 2573435.78
4694 2621802.62
4695 2670321.62
4696 2718868.62
4697 5765922.25
4698 3045171.55
4699 2997367.55
4700 2949767.55
4701 2902414.22
4702 2855164.88
4703 2807988.88
4704 2760898.72
4705 2714003.72
4706 2667390.88
4707 2620995.72
4708 2574769.88
4709 2528708.55
4710 2482787.22
4711 2437003.55
4712 2391343.05
4713 2345797.88
4714 2300378.22
4715 2255074.22
4716 2209898.55
4717 2164938.97
4718 2120286.30
4719 2075959.72
4720 2031897.05
4721 1988068.55
4722 1944912.88
4723 1902822.63
4724 1861894.88
4725 1822023.88
4726 1782936.22
4727 1744540.05
4728 1706718.05
4729 1669496.38
4730 1633522.30
4731 1599277.13
4732 1566171.22
4733 1533713.05
4734 1502519.05
4735 1473034.22
4736 1445262.05
4737 1419715.63
4738 1396689.05
4739 1375307.55
4740 1354655.55
4741 1334869.72
4742 1316653.88
4743 1299994.05
4744 1284840.55
4745 1271169.88
4746 1259092.88
4747 1248778.47
4748 1239865.05
4749 1232645.72
4750 1226898.12
4751 1222470.35
4752 1219529.85
4753 1217756.52
4754 1216839.85
4755 1216777.18
4756 1217984.02
4757 1220810.68
4758 1225311.18
4759 1231193.02
4760 1238401.52
4761 1246924.27
4762 1256465.18
4763 1266765.85
4764 1278113.85
4765 1290777.85
4766 1304493.93
4767 1319237.02
4768 1335006.68
4769 1351592.02
4770 1369203.68
4771 1387881.18
4772 1407556.52
4773 1428580.52
4774 1451075.35
4775 1474644.18
4776 1498919.85
4777 1524294.35
4778 1551294.35
4779 1580478.02
4780 1611205.18
4781 1642473.35
4782 1674446.68
4783 1707378.02
4784 1741253.02
4785 1775738.52
4786 1810639.52
4787 1846130.68
4788 1882704.35
4789 1920241.35
4790 1958249.85
4791 1996671.35
4792 2035477.18
4793 2074877.93
4794 2114903.68
4795 2155327.68
4796 2196058.85
4797 2237056.85
4798 2278297.18
4799 2319805.35
4800 2361986.68
4801 2405314.18
4802 2449644.68
4803 2494614.85
4804 2539976.60
4805 2585582.77
4806 2631421.60
4807 2677442.43
4808 2723626.60
4809 2769980.60
4810 2816584.82
4811 2863626.78
4812 2911056.95
4813 2958651.12
4814 3006316.28
4815 3054040.28
4816 3101822.45
4817 3149711.78
4818 3197757.95
4819 3245908.62
4820 3294111.78
4821 3342372.78
4822 3390681.78
4823 3439038.28
4824 3487457.45
4825 3536015.78
4826 3584769.62
4827 3633626.78
4828 3682542.45
4829 3731556.78
4830 3780646.12
4831 3829774.78
4832 3878928.45
4833 3928098.12
4834 3977279.12
4835 4026468.12
4836 4075665.12
4837 4124888.62
4838 4174167.78
4839 4223493.95
4840 4272835.95
4841 4322181.95
4842 12457205.43
4843 9035927.17
4844 9009012.17
4845 8983438.00
4846 8959768.50
4847 8937353.67
4848 8916124.33
4849 8896513.83
4850 8878264.83
4851 8861669.50
4852 8846934.00
4853 8833542.17
4854 8821791.00
4855 8812146.67
4856 8804622.00
4857 8799708.08
4858 8797544.83
4859 8797081.08
4860 8797759.17
4861 8799778.17
4862 8803069.83
4863 8808020.17
4864 8814915.83
4865 8823704.50
4866 8834179.83
4867 8845797.67
4868 8858576.00
4869 8872957.50
4870 8889184.33
4871 8907071.33
4872 8926099.83
4873 8945941.50
4874 8966489.50
4875 8987865.67
4876 9010237.00
4877 9033998.50
4878 9059725.33
4879 9086943.17
4880 9114935.17
4881 9143603.33
4882 9173941.50
4883 9205860.67
4884 9238566.33
4885 15672885.53
4886 8738235.47
4887 8715103.80
4888 8693069.13
4889 8672120.63
4890 8652513.47
4891 8634629.97
4892 8618591.55
4893 8604185.95
4894 8591359.50
4895 8579961.30
4896 8569817.10
4897 8561291.73
4898 8554455.03
4899 8548863.93
4900 8544260.10
4901 8540990.43
4902 8539541.27
4903 8539802.60
4904 8541636.43
4905 8545263.60
4906 8550529.93
4907 8556978.43
4908 8564555.10
4909 8573324.77
4910 8583216.02
4911 8594049.60
4912 8605792.93
4913 8618343.93
4914 8631864.77
4915 8646679.07
4916 8663090.70
4917 8680926.20
4918 8699551.20
4919 8718885.87
4920 17177238.87
4921 13988512.50
4922 14007793.33
4923 14028479.42
4924 14050067.58
4925 14072884.33
4926 14097420.75
4927 14123474.42
4928 14150637.08
4929 14179118.50
4930 14208732.92
4931 14239441.42
4932 14271203.25
4933 14303562.75
4934 14336632.58
4935 14370591.58
4936 14405815.58
4937 17382379.58
4938 3353790.83
4939 3303991.83
4940 3254192.83
4941 3204393.83
4942 3154594.83
4943 3104795.83
4944 3054996.83
4945 3005197.83
4946 2955398.83
4947 2905599.83
4948 2855800.83
4949 2806001.83
4950 2756202.83
4951 2706403.83
4952 2656604.83
4953 2606805.83
4954 2557006.83
4955 2507207.83
4956 2457408.83
4957 2407609.83
4958 2357810.83
4959 2308011.83
4960 2258212.83
4961 2208413.83
4962 2158614.83
4963 2108815.83
4964 2059016.83
4965 2009217.83
4966 1959418.83
4967 1909619.83
4968 1859820.83
4969 1810021.83
4970 1760222.83
4971 1710423.83
4972 1660624.83
4973 1611253.50
4974 1567340.50
4975 1528643.17
4976 1490304.00
4977 1452487.33
4978 1416626.50
4979 1382828.83
4980 1349658.00
4981 1317002.00
4982 1284872.17
4983 1253676.33
4984 1223596.00
4985 1194240.00
4986 1165463.33
4987 1137205.17
4988 1109640.17
4989 1083062.00
4990 1057853.50
4991 1033907.33
4992 1010835.17
4993 989036.50
4994 968938.83
4995 951447.33
4996 936243.33
4997 922053.67
4998 908826.67
4999 896506.33
5000 885438.83
5001 876334.17
5002 869223.33
5003 863630.17
5004 859640.83
5005 857195.83
5006 855843.00
5007 855401.33
5008 855838.00
5009 857363.50
5010 860043.67
5011 863733.25
5012 868475.67
5013 874220.42
5014 880967.33
5015 889348.17
5016 900275.83
5017 913777.42
5018 929465.33
5019 947689.67
5020 969636.67
5021 994131.67
5022 1019381.67
5023 1045665.83
5024 1073623.83
5025 1103463.58
5026 1134789.17
5027 1167289.67
5028 1200634.50
5029 1234512.33
5030 1268738.50
5031 1303419.00
5032 1339368.67
5033 1376982.17
5034 1415467.00
5035 1454304.67
5036 1493416.00
5037 1537171.67
5038 1586210.17
5039 1636009.17
5040 1685808.17
5041 1735607.17
5042 1785406.17
5043 1835205.17
5044 1885004.17
5045 1934803.17
5046 1984602.17
5047 2034401.17
5048 2084200.17
5049 2133999.17
5050 2183798.17
5051 2233597.17
5052 2283396.17
5053 2333195.17
5054 2382994.17
5055 2432793.17
5056 2482592.17
5057 2532391.17
5058 2582190.17
5059 2631989.17
5060 2681788.17
5061 2731587.17
5062 2781386.17
5063 2831185.17
5064 2880984.17
5065 2930783.17
5066 2980582.17
5067 3030381.17
5068 3080180.17
5069 3129979.17
5070 3179778.17
5071 3229577.17
5072 3279376.17
5073 9700053.48
5074 6547737.32
5075 6504559.48
5076 6461647.82
5077 6418905.82
5078 6376376.32
5079 6334295.82
5080 6292632.98
5081 6251244.98
5082 6210385.82
5083 6170147.32
5084 6130498.82
5085 6092459.65
5086 6056944.48
5087 6023658.98
5088 5991784.98
5089 5961322.32
5090 5932021.65
5091 5903147.65
5092 5874994.15
5093 5847824.98
5094 5821573.57
5095 5796299.48
5096 5772741.32
5097 5751724.00
5098 5733089.68
5099 5716610.10
5100 5702281.77
5101 5689949.60
5102 5679109.27
5103 5669565.10
5104 5662446.77
5105 6887529.18
5106 2824261.17
5107 2778248.17
5108 2732303.17
5109 2686699.00
5110 2641781.00
5111 2597303.17
5112 2552956.67
5113 2508808.50
5114 2465089.67
5115 2422059.17
5116 2379718.33
5117 2338186.33
5118 2297443.83
5119 2257413.67
5120 2218311.83
5121 2180373.17
5122 2144364.17
5123 2110336.50
5124 2077247.67
5125 2044714.67
5126 2012742.67
5127 1981613.17
5128 1951364.67
5129 1921612.50
5130 1892710.00
5131 1865742.83
5132 1840478.33
5133 1816264.58
5134 1794128.67
5135 1774018.33
5136 1755592.58
5137 1738947.00
5138 1723744.33
5139 1709964.33
5140 1697942.50
5141 1687990.00
5142 1679535.00
5143 1672382.50
5144 1666513.00
5145 1661685.67
5146 1658006.25
5147 1655767.08
5148 1655338.50
5149 1656550.83
5150 1659601.83
5151 1665630.83
5152 1674418.00
5153 1685685.33
5154 1699198.17
5155 1713809.00
5156 1729151.17
5157 1745144.67
5158 1761713.00
5159 1779100.17
5160 1798202.67
5161 1819355.50
5162 1842349.58
5163 1867198.50
5164 1893379.17
5165 1920463.17
5166 1948445.83
5167 1977519.83
5168 2007664.00
5169 2038507.83
5170 2070061.83
5171 2102747.67
5172 2136699.83
5173 2171731.17
5174 6967475.65
5175 6238205.90
5176 6271287.57
5177 6305350.07
5178 6340239.07
5179 6375994.23
5180 6412453.73
5181 6449462.07
5182 6487000.57
5183 6525070.73
5184 6563716.90
5185 6602931.23
5186 6642696.07
5187 6683133.23
5188 6724432.90
5189 6766370.90
5190 6809075.90
5191 6852472.90
5192 6896094.23
5193 6940034.57
5194 6984347.57
5195 7029097.73
5196 7074674.07
5197 7121404.73
5198 7168808.90
5199 7216366.07
5200 7264016.07
5201 7311719.07
5202 7359462.07
5203 7407245.07
5204 7455068.07
5205 7502931.07
5206 7550834.07
5207 7598806.57
5208 7646882.07
5209 7695054.07
5210 7743314.23
5211 7791643.90
5212 7840013.90
5213 7888469.40
5214 7937213.90
5215 7986190.90
5216 24023405.00
5217 23098878.33
5218 23140871.33
5219 34167733.32
5220 13470779.77
5221 13430157.10
5222 13389874.10
5223 13349922.77
5224 13310462.10
5225 13271565.43
5226 13233052.27
5227 13194814.93
5228 13157223.43
5229 13120373.60
5230 13084184.27
5231 13049056.93
5232 13014910.27
5233 12981583.60
5234 12949303.27
5235 12917888.60
5236 12887143.43
5237 12857667.77
5238 12829779.10
5239 12802837.27
5240 12777018.27
5241 12752873.43
5242 12731285.93
5243 12712834.43
5244 12696046.93
5245 12680004.77
5246 12664741.43
5247 12650477.43
5248 12637872.77
5249 12626860.77
5250 12617069.60
5251 12608538.60
5252 12601199.93
5253 12595759.43
5254 12592395.60
5255 12590418.60
5256 12589629.60
5257 12590712.10
5258 12593900.93
5259 12598347.85
5260 12604064.27
5261 12611229.93
5262 12619637.68
5263 12629430.43
5264 12640689.10
5265 12653327.93
5266 12667129.10
5267 12681897.77
5268 12697763.10
5269 21242083.15
5270 16193274.53
5271 16198592.70
5272 16204897.03
5273 16212224.45
5274 16220732.37
5275 22027581.03
5276 9189848.50
5277 9146272.33
5278 9102843.17
5279 9059512.17
5280 9016282.00
5281 8973303.17
5282 8930622.83
5283 8888186.17
5284 8845966.67
5285 8803912.00
5286 8762031.67
5287 8720430.00
5288 8679260.67
5289 8638558.50
5290 8598519.17
5291 8559599.50
5292 8521772.67
5293 8484687.33
5294 8448353.67
5295 8413117.17
5296 8378797.83
5297 8345026.67
5298 8311990.50
5299 8279744.67
5300 8248194.33
5301 8217505.83
5302 8188162.33
5303 8160149.50
5304 8132986.67
5305 8106659.67
5306 8081984.67
5307 8059726.75
5308 8039464.50
5309 8020504.83
5310 8002625.83
5311 7986020.67
5312 7971076.67
5313 7957799.83
5314 9615490.53
5315 3876731.45
5316 3840149.12
5317 3803827.62
5318 3767808.12
5319 3732636.28
5320 3698554.78
5321 3666099.45
5322 3635535.28
5323 3606195.70
5324 3578310.28
5325 3551600.95
5326 3525707.78
5327 3501436.78
5328 3479585.95
5329 3459609.28
5330 3440764.12
5331 3423035.95
5332 3406373.53
5333 3391124.12
5334 3377684.12
5335 3366055.37
5336 3355991.45
5337 3347579.62
5338 3341324.28
5339 3336663.28
5340 3332728.45
5341 3329670.78
5342 3328124.78
5343 3328202.45
5344 3329355.78
5345 3331907.95
5346 3336865.45
5347 3344390.28
5348 3354412.95
5349 3367279.28
5350 4999000.65
5351 2535624.32
5352 2503216.32
5353 2471473.98
5354 2440345.48
5355 2410142.15
5356 2380829.82
5357 2352689.82
5358 2326145.82
5359 2301000.65
5360 2276675.82
5361 2252798.65
5362 2229657.65
5363 2207562.98
5364 2186642.98
5365 2167346.48
5366 2149925.48
5367 2134102.98
5368 2119941.32
5369 2107538.48
5370 2096805.65
5371 2087424.98
5372 2078963.98
5373 2071365.48
5374 2064519.15
5375 2058902.90
5376 2055503.15
5377 2053871.15
5378 2053198.15
5379 2053551.48
5380 2055659.15
5381 2060009.48
5382 2066302.82
5383 2074312.33
5384 2084257.60
5385 2096007.43
5386 2109278.02
5387 2123859.43
5388 2140917.68
5389 2160818.35
5390 2182115.68
5391 2204482.85
5392 2228171.35
5393 2253096.68
5394 2278999.85
5395 2306183.18
5396 2334402.68
5397 2363576.68
5398 2394190.02
5399 2426571.68
5400 2460127.52
5401 2494046.68
5402 2528459.85
5403 2563437.68
5404 2598941.68
5405 2634941.02
5406 2671290.02
5407 2707919.52
5408 2744803.02
5409 2782166.68
5410 2820539.35
5411 2859930.02
5412 2899897.68
5413 2940399.18
5414 2981514.68
5415 3023174.18
5416 3065782.18
5417 3109153.18
5418 3152640.18
5419 3196738.35
5420 3241505.68
5421 3286589.52
5422 3332099.43
5423 3378109.68
5424 7525044.38
5425 5143832.48
5426 5136464.98
5427 5130709.65
5428 5127515.65
5429 5126855.32
5430 5128077.82
5431 5131512.15
5432 5137118.82
5433 5144181.32
5434 5152398.98
5435 5161854.98
5436 5172621.98
5437 5184922.40
5438 5198926.15
5439 5214052.15
5440 5229787.48
5441 5247086.98
5442 5266679.07
5443 5287953.15
5444 5310404.98
5445 5333702.32
5446 5357608.15
5447 5382303.82
5448 5408331.32
5449 5435922.98
5450 5464594.48
5451 5494025.32
5452 5524422.65
5453 5555615.15
5454 5588003.48
5455 5621839.40
5456 5656554.98
5457 5691908.48
5458 5727934.32
5459 5764860.98
5460 5802550.32
5461 5841081.23
5462 5880932.82
5463 5922104.15
5464 5964416.07
5465 6007668.65
5466 6051564.32
5467 8758626.23
5468 2955128.62
5469 2910772.28
5470 2866527.95
5471 2822613.12
5472 2779075.28
5473 2735700.95
5474 2692545.62
5475 2649993.62
5476 2608018.62
5477 2566552.45
5478 2525760.95
5479 2485360.62
5480 2445136.95
5481 2405108.28
5482 2365286.62
5483 2325662.45
5484 2286818.20
5485 2249123.62
5486 2212195.78
5487 2175731.45
5488 2139613.78
5489 2104046.28
5490 2069256.95
5491 2035068.28
5492 2001221.62
5493 1967700.28
5494 1934777.45
5495 1902813.95
5496 1871732.95
5497 1841439.28
5498 1811840.28
5499 1782846.12
5500 1754767.12
5501 1727743.28
5502 1702163.12
5503 1678526.95
5504 1656348.12
5505 1635293.62
5506 1615301.53
5507 1596379.95
5508 1578634.95
5509 1562021.78
5510 1546508.78
5511 1532223.28
5512 1519602.70
5513 1508608.45
5514 1498867.95
5515 1490898.78
5516 1485461.12
5517 1482177.78
5518 1480605.45
5519 1480620.87
5520 1482087.95
5521 1485245.78
5522 1489899.12
5523 1495938.70
5524 1504025.28
5525 1514321.45
5526 1526268.62
5527 1539346.12
5528 1553519.45
5529 1569033.95
5530 1586153.78
5531 1605177.78
5532 1625937.70
5533 1648171.95
5534 1671473.28
5535 1696071.95
5536 1722165.95
5537 1749232.62
5538 1777701.12
5539 1807475.95
5540 1838100.28
5541 1869720.28
5542 1902114.28
5543 1934969.62
5544 1968368.12
5545 2002425.28
5546 2037261.12
5547 2073257.78
5548 2110316.78
5549 2148058.45
5550 2186479.45
5551 2225603.45
5552 2265319.28
5553 2305402.12
5554 2345896.62
5555 2387253.28
5556 2429760.62
5557 2472900.62
5558 2516319.28
5559 2560044.95
5560 2604084.95
5561 2648606.95
5562 2693549.62
5563 2738701.78
5564 2784011.28
5565 2829498.28
5566 2875253.95
5567 2921375.12
5568 2967813.62
5569 3014431.62
5570 3061187.12
5571 3108295.28
5572 3155795.45
5573 3203485.45
5574 3251376.28
5575 3299596.78
5576 3348066.45
5577 22792926.33
5578 19904190.63
5579 19867236.97
5580 19831187.30
5581 19795812.30
5582 19761096.47
5583 19727258.97
5584 19694061.30
5585 19661257.30
5586 19628893.30
5587 19597072.97
5588 19565758.47
5589 19535596.47
5590 19507020.13
5591 19480678.63
5592 19456255.13
5593 19432453.63
5594 22011783.88
5595 14062608.15
5596 14037137.65
5597 14012954.32
5598 13990132.32
5599 13968697.32
5600 13948632.98
5601 13930005.65
5602 13912603.65
5603 15502212.85
5604 3106307.10
5605 3058370.77
5606 3010718.43
5607 2963370.43
5608 2916123.27
5609 2868962.77
5610 2821863.43
5611 2774834.60
5612 2727917.77
5613 2681136.93
5614 2634467.93
5615 2587905.43
5616 2541449.10
5617 2495067.77
5618 2448771.43
5619 2402604.10
5620 2356568.27
5621 2311808.93
5622 2269811.27
5623 2229710.10
5624 2190054.77
5625 2150677.43
5626 2111596.10
5627 2073169.60
5628 2035851.77
5629 1999435.27
5630 1964108.10
5631 1930269.27
5632 1897634.77
5633 1865679.60
5634 1834547.93
5635 1804541.27
5636 1775666.10
5637 1747876.10
5638 1721225.27
5639 1695682.27
5640 1671643.93
5641 1649414.27
5642 1628692.52
5643 1609400.27
5644 1591225.10
5645 1574181.93
5646 1558503.60
5647 1544295.43
5648 1531320.10
5649 1519330.10
5650 1508385.77
5651 1498671.93
5652 1490506.27
5653 1485097.43
5654 1483818.85
5655 1486060.17
5656 1490682.07
5657 1496819.57
5658 1503718.57
5659 1511406.90
5660 1520130.40
5661 1530413.23
5662 1542141.23
5663 1555261.90
5664 1572187.57
5665 1595501.23
5666 1624177.07
5667 1654916.90
5668 1686168.23
5669 1718037.23
5670 1750664.40
5671 1783931.90
5672 1817617.07
5673 1851681.23
5674 1886661.57
5675 1922945.73
5676 1960025.57
5677 1998145.57
5678 2037594.40
5679 2077958.07
5680 2119086.40
5681 2160745.40
5682 2202835.90
5683 2245319.90
5684 7190603.40
5685 6828336.23
5686 6870266.40
5687 6912614.40
5688 6955138.57
5689 6998079.90
5690 7041658.23
5691 7085707.57
5692 7130330.57
5693 7175640.07
5694 7221245.40
5695 12471810.77
5696 7158320.65
5697 7134266.98
5698 7112094.73
5699 7091382.82
5700 7071934.32
5701 7053573.48
5702 7036497.57
5703 7021457.48
5704 8372878.05
5705 3670025.37
5706 3621050.37
5707 3572106.37
5708 3523205.87
5709 3474335.87
5710 3425485.87
5711 3376655.87
5712 3327845.87
5713 3279055.87
5714 3230285.87
5715 3181535.87
5716 3132805.87
5717 3084095.87
5718 3035490.37
5719 2987014.87
5720 2938588.87
5721 2890190.87
5722 2841820.87
5723 2793478.87
5724 2745164.87
5725 2696887.37
5726 2648670.70
5727 2600523.03
5728 2552499.87
5729 2504700.53
5730 2457276.78
5731 2410393.20
5732 2363976.03
5733 2317844.70
5734 2271922.03
5735 2226237.37
5736 2180827.53
5737 2135615.87
5738 2091076.53
5739 2047399.70
5740 2004046.20
5741 1960834.20
5742 1917812.70
5743 1875001.37
5744 1832395.53
5745 1790086.03
5746 1748089.53
5747 1706432.03
5748 1665195.03
5749 1624267.37
5750 1583561.70
5751 1543093.70
5752 1503203.77
5753 1465091.00
5754 1428650.17
5755 1393118.00
5756 1358571.83
5757 1324654.17
5758 1291773.58
5759 1261081.00
5760 1232677.00
5761 1206621.50
5762 1183043.67
5763 1160900.08
5764 1139461.67
5765 1118756.17
5766 1098877.17
5767 1079765.33
5768 1061454.67
5769 1044960.67
5770 1030654.17
5771 1017827.58
5772 1006442.33
5773 996499.50
5774 987844.17
5775 980904.83
5776 975578.08
5777 972268.17
5778 971035.33
5779 970924.00
5780 972222.67
5781 975078.83
5782 979425.17
5783 985020.33
5784 991585.75
5785 999391.50
5786 1009015.83
5787 1020981.50
5788 1034899.17
5789 1050167.00
5790 1066957.17
5791 1087827.18
5792 1114726.87
5793 1145136.87
5794 1176636.45
5795 1208718.20
5796 1241419.37
5797 1274936.53
5798 1309071.70
5799 1343905.03
5800 1379323.70
5801 1415118.03
5802 1451469.37
5803 1488444.03
5804 1525975.53
5805 1564182.87
5806 1603368.28
5807 1643427.20
5808 1684281.37
5809 1726695.58
5810 1770696.97
5811 1815278.63
5812 1859960.30
5813 1904798.97
5814 1949937.13
5815 1995432.80
5816 2041472.63
5817 2088001.97
5818 2134781.97
5819 2181870.30
5820 2229336.13
5821 2277052.47
5822 2324861.80
5823 2372885.47
5824 2421087.47
5825 2469321.47
5826 2517587.47
5827 2565913.13
5828 2614324.30
5829 2662794.80
5830 2711367.30
5831 2760034.30
5832 2808721.30
5833 2857428.30
5834 2906170.97
5835 2954979.63
5836 3003852.13
5837 3052756.13
5838 3101676.13
5839 7368481.67
5840 5462725.25
5841 5457297.42
5842 5452689.58
5843 5449122.92
5844 5447185.08
5845 5446791.08
5846 5447711.92
5847 5450424.58
5848 5455187.25
5849 5461736.75
5850 5469610.75
5851 5478730.25
5852 5489080.42
5853 5500630.08
5854 5513258.42
5855 5526988.58
5856 5542108.42
5857 5558646.42
5858 5576558.42
5859 5595657.75
5860 5615707.75
5861 5636873.92
5862 5659464.42
5863 5683619.42
5864 5709523.25
5865 5736898.00
5866 5765228.75
5867 5794349.92
5868 5824284.25
5869 5855214.75
5870 5887320.75
5871 5920381.08
5872 5954256.08
5873 5989005.75
5874 6024446.58
5875 6060855.08
5876 6098684.08
5877 6137779.58
5878 6177647.08
5879 6217874.25
5880 6258321.42
5881 6299121.25
5882 6340326.42
5883 6381880.75
5884 6423762.25
5885 6465930.75
5886 6508570.58
5887 6551995.25
5888 6596118.58
5889 6640543.75
5890 6685110.42
5891 6729809.92
5892 6774626.92
5893 6819629.92
5894 6864903.58
5895 20674089.68
5896 16388992.05
5897 16385362.22
5898 16383838.72
5899 16384268.05
5900 16386414.72
5901 16389779.88
5902 16394228.47
5903 16400532.38
5904 16409459.72
5905 16420586.38
5906 16433040.55
5907 16446570.38
5908 16461209.55
5909 16477212.55
5910 16494694.38
5911 16513481.88
5912 16533868.55
5913 16556758.05
5914 16582353.72
5915 16609548.22
5916 16637568.72
5917 16666271.55
5918 16695892.38
5919 16726978.22
5920 16759179.22
5921 16792078.55
5922 16826451.88
5923 16862443.22
5924 16899306.72
5925 34765924.05
5926 23397078.73
5927 23377295.23
5928 23358989.57
5929 23342297.23
5930 23326936.90
5931 23312300.73
5932 23298622.23
5933 23286347.57
5934 23276193.07
5935 23267992.90
5936 23260874.57
5937 23254801.40
5938 23250198.57
5939 23247364.23
5940 23246475.73
5941 23247456.73
5942 23249822.90
5943 23253073.73
5944 23257303.73
5945 23262911.57
5946 23269940.73
5947 23278416.90
5948 30958668.08
5949 12692440.15
5950 12645596.15
5951 12599422.65
5952 12553639.32
5953 12829362.48
5954 7486045.07
5955 7436658.07
5956 7387275.07
5957 7337896.07
5958 7288521.07
5959 7239150.07
5960 7189783.07
5961 7140420.07
5962 7091061.07
5963 7041706.07
5964 6992355.07
5965 6943008.07
5966 6893665.07
5967 6844326.07
5968 6794991.07
5969 6745660.07
5970 6696333.07
5971 6647010.07
5972 6597691.07
5973 6548376.07
5974 6499065.07
5975 6449758.07
5976 6400455.07
5977 6351156.07
5978 6301861.07
5979 6252570.07
5980 6203283.07
5981 6154000.07
5982 6104721.07
5983 6055446.07
5984 6006175.07
5985 5956908.07
5986 5907645.07
5987 5858386.07
5988 5809131.07
5989 5759880.07
5990 5710633.07
5991 5661390.07
5992 5612151.07
5993 5562916.07
5994 5513685.07
5995 5464458.07
5996 5415235.07
5997 5366016.07
5998 5316801.07
5999 5267590.07
6000 5218383.07
6001 5169180.07
6002 5119981.07
6003 5070786.07
6004 5021595.07
6005 4972408.07
6006 4923225.07
6007 4874046.07
6008 4824871.07
6009 4775700.07
6010 4726533.07
6011 4677370.07
6012 4628211.07
6013 4579056.07
6014 4529915.57
6015 4480810.57
6016 4431742.07
6017 4382691.07
6018 4333661.90
6019 4284683.07
6020 4235756.40
6021 4186855.40
6022 4137966.40
6023 4089112.23
6024 4040317.90
6025 3991563.73
6026 3942826.73
6027 3894105.73
6028 3845400.73
6029 3796711.73
6030 3748048.57
6031 3699426.90
6032 3650865.90
6033 3602374.90
6034 3553928.90
6035 3505506.90
6036 3457108.90
6037 3408734.90
6038 3360384.90
6039 3312058.90
6040 3263756.90
6041 3215533.73
6042 3167446.90
6043 3119445.23
6044 3071473.23
6045 3023529.23
6046 2975613.23
6047 2927725.23
6048 2879865.23
6049 2832033.23
6050 2784229.23
6051 2736453.23
6052 2688731.07
6053 2641090.40
6054 2593507.40
6055 2545956.40
6056 2498437.40
6057 2450950.40
6058 2403544.23
6059 2356319.40
6060 2309281.23
6061 2262390.90
6062 2215707.57
6063 2169184.07
6064 2122719.07
6065 2076384.73
6066 2030291.23
6067 1984420.07
6068 1938667.07
6069 1892982.07
6070 1847603.57
6071 1802574.57
6072 1758125.57
6073 1714599.13
6074 1672134.62
6075 1630833.87
6076 1590672.53
6077 1551659.87
6078 1513514.87
6079 1476022.53
6080 1439267.20
6081 1403330.70
6082 1369003.37
6083 1336575.03
6084 1305456.53
6085 1275417.70
6086 1246168.53
6087 1217571.03
6088 1189561.70
6089 1162149.87
6090 1135665.03
6091 1110326.20
6092 1086166.03
6093 1063222.70
6094 1041590.53
6095 1021637.87
6096 1003861.53
6097 988573.03
6098 975376.87
6099 963986.87
6100 954467.03
6101 946849.53
6102 940790.53
6103 936109.73
6104 933346.35
6105 932878.52
6106 935263.52
6107 940664.68
6108 948474.35
6109 957694.18
6110 968242.35
6111 980642.52
6112 994516.02
6113 1009568.02
6114 1026525.68
6115 1045274.02
6116 1065222.85
6117 1086748.35
6118 1109759.18
6119 1134149.02
6120 1159975.02
6121 1187266.85
6122 1216385.52
6123 1246972.85
6124 1278523.10
6125 1311557.60
6126 1346368.52
6127 1382456.27
6128 1419272.10
6129 1456515.10
6130 1494307.10
6131 1533121.93
6132 1572812.10
6133 1612872.93
6134 1653288.27
6135 1694048.93
6136 1735444.10
6137 1777990.43
6138 1821535.27
6139 1865906.93
6140 3400116.52
6141 2189328.60
6142 2173450.27
6143 2158757.27
6144 2145026.77
6145 2132601.52
6146 2122033.77
6147 2113626.43
6148 2107330.77
6149 2102502.10
6150 2098621.10
6151 2096018.60
6152 2095262.43
6153 2096533.27
6154 2099325.10
6155 2103296.43
6156 2108616.52
6157 2115946.60
6158 2125650.93
6159 2137068.43
6160 2150138.27
6161 2165132.60
6162 2181879.27
6163 2200392.60
6164 2220564.60
6165 2242056.93
6166 2264999.60
6167 2289164.60
6168 2314512.77
6169 2342005.52
6170 2373405.27
6171 2408805.43
6172 2446133.77
6173 2484308.43
6174 2522950.93
6175 2561929.93
6176 2601420.60
6177 2641535.43
6178 2682212.77
6179 2723542.93
6180 2765604.93
6181 2808500.60
6182 2852013.43
6183 2895759.77
6184 2939986.68
6185 2984730.43
6186 3029733.10
6187 3074973.43
6188 3120381.10
6189 3165874.10
6190 3211806.27
6191 3258419.93
6192 3305390.93
6193 3352458.93
6194 3399562.93
6195 3446702.93
6196 3493878.93
6197 3541090.93
6198 3588338.93
6199 3635622.93
6200 3682942.93
6201 3730298.93
6202 3777690.93
6203 3825118.93
6204 3872582.93
6205 3920082.93
6206 3967627.93
6207 4015236.93
6208 4062900.43
6209 4110595.43
6210 4158318.43
6211 4206098.43
6212 4253956.93
6213 4302072.77
6214 4350685.27
6215 4399634.43
6216 4448647.43
6217 4497664.43
6218 4546685.43
6219 4595710.43
6220 4644739.43
6221 4693772.43
6222 4742809.43
6223 4791850.43
6224 4840895.43
6225 4889944.43
6226 4938997.43
6227 4988054.43
6228 5037115.43
6229 5086180.43
6230 5135249.43
6231 5184322.43
6232 5233399.43
6233 5282480.43
6234 5331565.43
6235 5380654.43
6236 5429747.43
6237 5478844.43
6238 5527945.43
6239 5577050.43
6240 5626159.43
6241 5675272.43
6242 5724389.43
6243 5773510.43
6244 5822635.43
6245 5871764.43
6246 5920897.43
6247 7517151.77
6248 2944783.75
6249 2916880.08
6250 2890089.92
6251 2864332.58
6252 2839544.92
6253 2815455.42
6254 2792572.67
6255 2772285.25
6256 2754666.75
6257 2738917.25
6258 2724570.08
6259 2711583.08
6260 2699745.58
6261 2688986.25
6262 2680110.25
6263 2672819.42
6264 2666363.92
6265 2660983.25
6266 2656546.25
6267 2652892.08
6268 2650585.83
6269 2651136.42
6270 2654632.92
6271 2659781.25
6272 2667222.58
6273 2677253.92
6274 2688812.08
6275 2701290.58
6276 2714647.92
6277 2729654.25
6278 2747616.75
6279 2768136.42
6280 2790441.42
6281 2814461.42
6282 2839512.58
6283 2865462.92
6284 2892381.25
6285 2920065.58
6286 2948381.25
6287 2978083.58
6288 3009394.25
6289 3041840.50
6290 3075795.92
6291 3112781.25
6292 3152549.42
6293 3193147.58
6294 3234275.08
6295 3275954.25
6296 3317995.58
6297 3360303.42
6298 3403032.75
6299 3446342.08
6300 3489963.42
6301 3533684.75
6302 3577536.58
6303 3621516.92
6304 3665593.25
6305 3710184.58
6306 3755358.92
6307 3800721.33
6308 3846466.25
6309 3892805.42
6310 3939479.58
6311 3986239.25
6312 4033057.25
6313 4079923.25
6314 4127720.75
6315 4176431.75
6316 4225154.75
6317 4273889.75
6318 4322636.75
6319 4371395.75
6320 4420242.25
6321 4469181.75
6322 4518136.75
6323 4567099.75
6324 4616070.75
6325 4665049.75
6326 4714036.75
6327 4763031.75
6328 4812034.75
6329 4861045.75
6330 24640174.38
6331 21256856.80
6332 21243017.80
6333 21230926.63
6334 21220110.47
6335 21210784.30
6336 21203375.13
6337 21197671.63
6338 21193644.63
6339 21191278.22
6340 21190302.80
6341 21190770.80
6342 21192958.97
6343 21197072.80
6344 21203190.97
6345 21211432.47
6346 29216992.93
6347 19137393.42
6348 19125605.42
6349 19115865.58
6350 19108093.42
6351 19101533.25
6352 19096380.58
6353 19093527.92
6354 19093410.75
6355 19095747.58
6356 19100046.92
6357 19107262.17
6358 19118595.50
6359 19133138.25
6360 23035166.80
6361 6314964.07
6362 6277423.23
6363 6240555.57
6364 6204819.57
6365 6170242.57
6366 6136384.90
6367 6103131.23
6368 6070476.07
6369 6038289.07
6370 6006966.90
6371 5977402.23
6372 5949647.73
6373 5923132.07
6374 5897706.73
6375 5873277.07
6376 5849725.07
6377 5827502.57
6378 5807371.60
6379 5788956.13
6380 5771332.30
6381 5754387.97
6382 5738395.30
6383 5723777.13
6384 5711019.13
6385 5700350.47
6386 5691581.47
6387 5684053.80
6388 5677474.63
6389 5671902.97
6390 5667425.63
6391 5663939.80
6392 5661382.13
6393 5660116.13
6394 5660206.13
6395 5661852.30
6396 5665093.47
6397 5670133.80
6398 7997587.97
6399 3705678.75
6400 3655962.75
6401 3606246.75
6402 3556530.75
6403 3506814.75
6404 3457098.75
6405 3407382.75
6406 3357666.75
6407 3307950.75
6408 3258234.75
6409 3208518.75
6410 3158802.75
6411 3109086.75
6412 3059599.92
6413 3010636.92
6414 2962067.75
6415 2913611.75
6416 2865183.75
6417 2816783.75
6418 2768411.75
6419 2720067.75
6420 2672084.25
6421 2624491.08
6422 2577227.75
6423 2530326.08
6424 2483532.08
6425 2436802.08
6426 2390136.08
6427 2343534.08
6428 2296996.08
6429 2250522.08
6430 2204234.25
6431 2158552.75
6432 2113429.75
6433 2068551.92
6434 2023962.42
6435 1979597.42
6436 1935391.75
6437 1891834.58
6438 1849437.92
6439 1807801.58
6440 1766458.42
6441 1725396.75
6442 1684598.92
6443 1644188.58
6444 1604335.75
6445 1564981.42
6446 1525930.08
6447 1487060.58
6448 1448410.92
6449 1410639.67
6450 1374132.58
6451 1338488.25
6452 1303601.58
6453 1269401.58
6454 1235752.75
6455 1203652.08
6456 1173886.58
6457 1145735.25
6458 1118772.58
6459 1093031.92
6460 1068253.58
6461 1044468.92
6462 1021953.75
6463 1000813.25
6464 980887.58
6465 962235.25
6466 946575.42
6467 935142.92
6468 926054.75
6469 917714.58
6470 910580.42
6471 905261.67
6472 901560.08
6473 899111.25
6474 898003.42
6475 898494.25
6476 900535.25
6477 903626.25
6478 907637.58
6479 912930.08
6480 919575.75
6481 928016.08
6482 938951.42
6483 952042.92
6484 967036.25
6485 984180.08
6486 1003418.58
6487 1024568.58
6488 1047177.58
6489 1070922.08
6490 1095609.08
6491 1120816.92
6492 1146728.25
6493 1173923.42
6494 1203118.92
6495 1233998.42
6496 1266365.08
6497 1300123.42
6498 1334603.08
6499 1370057.75
6500 1406410.08
6501 1443447.08
6502 1481826.42
6503 1522059.25
6504 1563316.08
6505 1605079.58
6506 1647364.75
6507 1690014.42
6508 1732981.58
6509 1776065.58
6510 1819261.92
6511 1862894.42
6512 1907514.75
6513 1953381.08
6514 2000271.08
6515 2047613.08
6516 2095331.08
6517 2143590.92
6518 2192128.25
6519 2240720.58
6520 2289332.92
6521 2337965.25
6522 2386617.58
6523 2435289.92
6524 2483982.25
6525 2532717.08
6526 2581533.08
6527 2630572.50
6528 2679938.58
6529 2729458.58
6530 2778982.58
6531 2828510.58
6532 2878042.58
6533 2927578.58
6534 2977118.58
6535 3026662.58
6536 3076210.58
6537 3125762.58
6538 3175318.58
6539 3224878.58
6540 3274479.92
6541 3324158.25
6542 3373874.25
6543 3423590.25
6544 3473306.25
6545 3523022.25
6546 3572738.25
6547 3622454.25
6548 3672170.25
6549 3721886.25
6550 3771602.25
6551 3821318.25
6552 3871034.25
6553 3920750.25
6554 10805689.58
6555 10114889.92
6556 10143461.42
6557 10173774.92
6558 10205576.92
6559 10237963.58
6560 10271096.67
6561 14250843.00
6562 4601671.58
6563 4551996.58
6564 4502321.58
6565 4452646.58
6566 4402971.58
6567 4353372.08
6568 4303881.58
6569 4254428.58
6570 4204983.58
6571 4155546.58
6572 4106117.58
6573 4056696.58
6574 4007283.58
6575 3957878.58
6576 3908481.58
6577 3859092.58
6578 3809711.58
6579 3760338.58
6580 3710973.58
6581 3661658.08
6582 3612436.58
6583 3563271.58
6584 3514120.58
6585 3464981.58
6586 3415854.58
6587 3366739.58
6588 3317636.58
6589 3268545.58
6590 3219466.58
6591 3170399.58
6592 3121344.58
6593 3072301.58
6594 3023270.58
6595 2974251.58
6596 2925244.58
6597 2876249.58
6598 2827266.58
6599 2778488.58
6600 2730019.42
6601 2681703.25
6602 2633444.25
6603 2585213.25
6604 2537010.25
6605 2488921.75
6606 2441100.42
6607 2393658.75
6608 2346622.92
6609 2299999.92
6610 2253841.25
6611 2208013.58
6612 2162326.58
6613 2116733.58
6614 2071290.92
6615 2026132.25
6616 1981221.75
6617 1936504.25
6618 1892057.25
6619 1847931.25
6620 1804277.58
6621 1761037.42
6622 1718039.42
6623 1675331.92
6624 1632974.08
6625 1591120.92
6626 1549827.08
6627 1509258.08
6628 1470613.42
6629 1433875.08
6630 1397934.92
6631 1362721.42
6632 1328315.42
6633 1294731.75
6634 1261947.42
6635 1229901.75
6636 1198931.25
6637 1169422.42
6638 1141045.25
6639 1113827.25
6640 1087846.58
6641 1062703.58
6642 1039571.92
6643 1018521.25
6644 998204.42
6645 978713.58
6646 960766.08
6647 944475.08
6648 929695.92
6649 916241.58
6650 903731.08
6651 893112.25
6652 885142.42
6653 880135.42
6654 879150.58
6655 881153.25
6656 884561.58
6657 889450.08
6658 896125.25
6659 904386.08
6660 913958.08
6661 924685.58
6662 936610.75
6663 950199.08
6664 965650.58
6665 982893.92
6666 1002004.50
6667 1023258.75
6668 1046270.42
6669 1070303.58
6670 1095690.58
6671 1122621.58
6672 1150369.75
6673 1179085.92
6674 1208992.75
6675 1239894.92
6676 1272165.25
6677 1306251.92
6678 1341650.42
6679 1377879.42
6680 1414796.75
6681 1452677.42
6682 1491502.25
6683 1531058.75
6684 1571210.08
6685 1611572.42
6686 1652468.92
6687 1693858.92
6688 1735587.92
6689 1777814.42
6690 1820424.75
6691 1863392.92
6692 1906748.92
6693 1950402.25
6694 1994257.92
6695 2038278.92
6696 2082481.58
6697 2127054.25
6698 2172206.75
6699 2217766.25
6700 2263724.08
6701 2310064.08
6702 2356796.75
6703 2403900.25
6704 2451187.92
6705 2498743.58
6706 2546461.58
6707 2594219.58
6708 2642064.58
6709 2690035.25
6710 2738116.42
6711 2786265.42
6712 2834446.42
6713 2882724.75
6714 2931177.75
6715 2979750.92
6716 3028591.42
6717 3077695.92
6718 3126827.92
6719 3175967.92
6720 3225115.92
6721 3274271.92
6722 3323435.92
6723 3372633.92
6724 3422085.42
6725 3471760.42
6726 3521435.42
6727 3571110.42
6728 3620785.42
6729 8292337.15
6730 5479481.65
6731 5456182.15
6732 5434541.65
6733 5414105.32
6734 5395112.65
6735 5377554.82
6736 5361990.65
6737 5348426.98
6738 5336210.32
6739 5325237.48
6740 5315234.15
6741 5306526.98
6742 5299474.32
6743 5294064.48
6744 5289977.82
6745 5286985.82
6746 5285324.40
6747 5285280.15
6748 5286699.32
6749 5289507.32
6750 5293730.48
6751 5299373.65
6752 6558081.98
6753 2582960.75
6754 2535834.75
6755 2488809.42
6756 2441956.58
6757 2395350.92
6758 2349099.75
6759 2303126.75
6760 2257261.75
6761 2211470.75
6762 2165771.08
6763 2120192.75
6764 2074783.58
6765 2029540.58
6766 1984536.92
6767 1939968.58
6768 1895788.92
6769 1851981.42
6770 1808556.25
6771 1765592.08
6772 1723157.58
6773 1681069.58
6774 1639299.42
6775 1598076.42
6776 1557339.58
6777 1516789.58
6778 1476391.42
6779 1436195.25
6780 1396233.75
6781 1356622.25
6782 1317517.75
6783 1280074.75
6784 1246542.75
6785 1216938.25
6786 1189398.42
6787 1163427.75
6788 1139274.25
6789 1116705.25
6790 1095715.92
6791 1076935.42
6792 1060856.58
6793 1046766.25
6794 1035449.00
6795 1027584.92
6796 1021701.08
6797 1018080.08
6798 1017419.42
6799 1019843.08
6800 1024511.25
6801 1030619.75
6802 1038870.58
6803 1049801.75
6804 1062792.75
6805 1076964.58
6806 1092251.83
6807 1109355.42
6808 1129576.75
6809 1152655.75
6810 1177611.92
6811 1204065.58
6812 1231816.08
6813 1260806.25
6814 1290988.08
6815 1322540.42
6816 1355168.08
6817 1388464.58
6818 1423100.08
6819 1459672.58
6820 1497580.25
6821 1536414.42
6822 1576197.92
6823 1616759.08
6824 1657854.25
6825 1699330.42
6826 1741104.25
6827 1783104.08
6828 1825341.58
6829 1868085.75
6830 1911358.08
6831 1954849.42
6832 1998515.75
6833 2042376.08
6834 2086376.42
6835 2130521.08
6836 2174870.58
6837 2219423.08
6838 2264162.08
6839 2309395.92
6840 2355419.83
6841 2402243.00
6842 2449594.75
6843 2497131.75
6844 2544751.75
6845 2592464.75
6846 2640331.50
6847 2688314.92
6848 9172981.05
6849 7242952.13
6850 7226915.13
6851 7213023.13
6852 7200589.38
6853 7189390.80
6854 7179680.13
6855 7171525.13
6856 7164697.30
6857 7159072.30
6858 7154702.80
6859 7151586.47
6860 7150698.63
6861 7152420.13
6862 7155676.30
6863 7159958.30
6864 7165083.30
6865 7171075.97
6866 7178233.63
6867 7186391.13
6868 7195250.47
6869 7205243.30
6870 7216917.22
6871 7230894.13
6872 7247134.13
6873 7264976.63
6874 7284217.13
6875 7304744.63
6876 7326278.97
6877 7348589.80
6878 7371841.13
6879 7396165.30
6880 7421315.13
6881 7447020.97
6882 7473431.55
6883 7500748.97
6884 7528918.80
6885 7557608.47
6886 7586715.97
6887 11076042.20
6888 4191139.27
6889 4142273.27
6890 4093423.27
6891 4044589.27
6892 3995771.27
6893 3946969.27
6894 3898183.27
6895 3849413.27
6896 3800659.27
6897 3751921.27
6898 3703199.27
6899 3654493.27
6900 3605803.27
6901 3557129.27
6902 3508471.27
6903 3459829.27
6904 3411203.27
6905 3362593.27
6906 3313999.27
6907 3265421.27
6908 3216859.27
6909 3168313.27
6910 3119783.27
6911 3071269.27
6912 3022771.27
6913 2974289.27
6914 2925823.27
6915 2877373.27
6916 2828939.27
6917 2780521.27
6918 2732119.27
6919 2683733.27
6920 2635363.27
6921 2587009.27
6922 2538671.27
6923 2490379.77
6924 2442139.27
6925 2393921.27
6926 2345723.27
6927 2297545.27
6928 2249387.27
6929 2201262.27
6930 2153187.60
6931 2105155.43
6932 2057150.43
6933 2009528.93
6934 1962613.93
6935 1916118.77
6936 1869784.93
6937 1823576.10
6938 1777517.77
6939 1731786.93
6940 1687375.10
6941 1644407.27
6942 1601863.77
6943 1559543.60
6944 1517652.10
6945 1477218.10
6946 1438297.77
6947 1400204.27
6948 1363357.27
6949 1328816.43
6950 1296271.68
6951 1264554.60
6952 1233568.52
6953 1203125.18
6954 1173406.02
6955 1144554.85
6956 1116222.18
6957 1088767.18
6958 1062880.35
6959 1038613.85
6960 1016599.02
6961 996722.85
6962 978337.35
6963 961547.52
6964 946582.83
6965 935434.57
6966 928004.90
6967 922980.90
6968 920027.40
6969 918688.73
6970 919488.23
6971 922705.07
6972 927509.73
6973 933881.57
6974 941781.40
6975 950484.73
6976 960255.73
6977 971251.57
6978 983869.07
6979 997846.73
6980 1012585.48
6981 1028407.07
6982 1045788.40
6983 1065226.73
6984 1086676.65
6985 1109412.57
6986 1132882.90
6987 1157236.23
6988 1182766.07
6989 1209247.40
6990 1236658.23
6991 1264970.07
6992 1294162.82
6993 1324645.23
6994 1356449.73
6995 1389088.40
6996 1422318.73
6997 1456213.73
6998 1490966.90
6999 1526515.57
7000 1563581.07
7001 1602287.90
7002 1641833.57
7003 1681959.73
7004 1722433.57
7005 1763314.40
7006 1804642.90
7007 1846343.40
7008 1888355.40
7009 1930590.40
7010 1973114.90
7011 2016113.57
7012 2059502.23
7013 2103204.73
7014 2147310.23
7015 2191744.23
7016 2236379.73
7017 2281165.73
7018 2326209.23
7019 2371504.73
7020 2416952.23
7021 2462828.73
7022 2509160.73
7023 2555973.07
7024 2603368.90
7025 2651118.23
7026 2699135.57
7027 2747339.57
7028 2795603.57
7029 2843992.07
7030 2892630.07
7031 2941464.40
7032 2990422.90
7033 3039642.07
7034 3089059.07
7035 3138539.57
7036 9991788.63
7037 8953794.27
7038 8972155.60
7039 8991961.10
7040 9013359.10
7041 11921793.10
7042 3938071.00
7043 3888778.00
7044 3839560.33
7045 3790500.67
7046 3741548.67
7047 3692645.00
7048 3643809.83
7049 3595040.83
7050 3546308.83
7051 3497600.83
7052 3448916.83
7053 3400256.83
7054 3351692.33
7055 3303265.33
7056 3255090.00
7057 3207276.67
7058 3159658.67
7059 3112117.17
7060 3064689.00
7061 3017384.83
7062 2970162.83
7063 2923117.33
7064 2876307.83
7065 2829651.17
7066 2783118.50
7067 2736703.50
7068 2690415.83
7069 2644236.67
7070 2598171.17
7071 2552327.17
7072 2506675.17
7073 2461188.67
7074 2416005.00
7075 2371099.33
7076 2326614.83
7077 2282510.33
7078 2238578.83
7079 2194812.83
7080 2151204.92
7081 2107946.83
7082 2065219.83
7083 2023004.00
7084 1981305.83
7085 1940243.33
7086 1899769.50
7087 1859928.83
7088 1820732.67
7089 1782088.17
7090 1743933.00
7091 1706146.33
7092 1668687.83
7093 1631598.67
7094 1595169.50
7095 1560013.67
7096 1526240.50
7097 1493360.83
7098 1461183.83
7099 1430025.58
7100 1400100.33
7101 1371081.83
7102 1342747.17
7103 1315175.50
7104 1288715.67
7105 1263795.83
7106 1240508.33
7107 1218496.17
7108 1197475.00
7109 1177319.00
7110 1158003.17
7111 1139742.83
7112 1122859.83
7113 1107285.83
7114 1092880.17
7115 1080097.00
7116 1069128.33
7117 1061086.00
7118 1056017.33
7119 1052416.17
7120 1050069.00
7121 1049329.50
7122 1050882.33
7123 1055071.00
7124 1061362.33
7125 1069100.08
7126 1077974.33
7127 1087889.67
7128 1098774.50
7129 1110862.33
7130 1124467.33
7131 1139678.83
7132 1156701.00
7133 1175317.00
7134 1195157.33
7135 1216216.67
7136 1238575.08
7137 1262095.83
7138 1287092.17
7139 1313696.67
7140 1342590.33
7141 1374803.17
7142 1409042.83
7143 1443955.67
7144 1479373.67
7145 1515306.00
7146 1551866.67
7147 1589098.00
7148 1627043.33
7149 1665709.67
7150 1704963.00
7151 1744641.67
7152 1784795.67
7153 1825718.83
7154 1867417.83
7155 1909647.58
7156 1952266.67
7157 1995197.83
7158 2038546.17
7159 2082386.17
7160 2126578.67
7161 2171031.67
7162 2215712.67
7163 2260571.17
7164 2305630.67
7165 2350936.00
7166 2396452.83
7167 2442145.67
7168 2487974.17
7169 2533955.00
7170 2580157.00
7171 2626543.17
7172 2673024.17
7173 2719646.50
7174 2766677.17
7175 2814234.00
7176 2862069.67
7177 2910005.17
7178 2958027.50
7179 3006098.50
7180 3054193.50
7181 3102312.50
7182 3150455.50
7183 3198622.50
7184 3246827.83
7185 3295088.17
7186 3343390.17
7187 3391713.17
7188 3440052.17
7189 3488407.17
7190 3536778.17
7191 3585165.17
7192 3633568.17
7193 3681987.17
7194 3730422.17
7195 3778873.17
7196 3827340.17
7197 3875823.17
7198 3924322.17
7199 3972837.17
7200 4021368.17
7201 4069915.17
7202 4118478.17
7203 4167057.17
7204 4215652.17
7205 7473094.62
7206 5975112.45
7207 5992619.12
7208 6012254.12
7209 6033190.28
7210 6054884.12
7211 6077309.12
7212 6100779.12
7213 6125552.45
7214 6152262.12
7215 6181805.28
7216 6213644.95
7217 6246605.87
7218 6280226.78
7219 6314469.28
7220 6350170.12
7221 6387205.95
7222 6424589.78
7223 6462313.12
7224 6500298.95
7225 6538648.45
7226 6577976.28
7227 6619185.78
7228 6661651.45
7229 6704520.78
7230 6748074.95
7231 6792312.12
7232 6837149.45
7233 6882499.78
7234 6928140.45
7235 6973916.95
7236 7019775.95
7237 7065686.95
7238 11473069.40
7239 4540519.70
7240 4491437.70
7241 4442367.70
7242 4393309.70
7243 4344263.70
7244 4295229.70
7245 4246207.70
7246 4197197.70
7247 4148199.70
7248 4099213.70
7249 4050239.70
7250 4001277.70
7251 3952327.70
7252 3903389.70
7253 3854463.70
7254 3805549.70
7255 3756653.03
7256 3707799.20
7257 3659004.03
7258 3610244.03
7259 3561500.03
7260 3512799.03
7261 3464156.53
7262 3415547.53
7263 3366976.03
7264 3318474.87
7265 3270042.70
7266 3221686.53
7267 3173479.70
7268 3125418.53
7269 3077421.53
7270 3029460.53
7271 2981535.53
7272 2933797.03
7273 2886264.03
7274 2838861.53
7275 2791576.53
7276 2744449.70
7277 2698007.87
7278 2652298.37
7279 2607421.37
7280 2563251.37
7281 2519231.87
7282 2475458.87
7283 2431937.37
7284 2388719.87
7285 2345976.87
7286 2303690.87
7287 2261670.37
7288 2219954.87
7289 2178633.87
7290 2137753.70
7291 2097302.37
7292 2057183.53
7293 2017529.87
7294 1978469.03
7295 1940055.70
7296 1902531.03
7297 1865950.37
7298 1830186.20
7299 1795335.70
7300 1762405.20
7301 1731480.53
7302 1701482.20
7303 1672197.87
7304 1643627.70
7305 1616046.53
7306 1589538.53
7307 1563800.20
7308 1539029.70
7309 1515406.37
7310 1492686.20
7311 1470829.20
7312 1450051.87
7313 1430460.37
7314 1411895.70
7315 1394234.53
7316 1377942.20
7317 1363373.87
7318 1350549.20
7319 1339183.53
7320 1328861.70
7321 1320165.03
7322 1313306.53
7323 1307523.37
7324 1302704.70
7325 1299157.20
7326 1296887.37
7327 1295998.20
7328 1296545.03
7329 1298358.03
7330 1301663.53
7331 1306644.20
7332 1312907.87
7333 1320606.70
7334 1329973.87
7335 1341516.20
7336 1357076.70
7337 1376664.62
7338 1398920.20
7339 1423926.20
7340 1451716.87
7341 1481597.03
7342 1512792.70
7343 1544693.53
7344 1577019.70
7345 1610153.53
7346 1644506.03
7347 1679893.03
7348 1715865.03
7349 1752231.03
7350 1788937.53
7351 1826078.03
7352 1863697.03
7353 1901609.20
7354 1939893.03
7355 1978559.20
7356 2017626.87
7357 2057337.53
7358 2097769.20
7359 2138703.53
7360 2180208.87
7361 2222254.70
7362 4454596.23
7363 3257597.53
7364 3254330.20
7365 3253795.37
7366 3256037.37
7367 3260184.95
7368 3265972.03
7369 3273358.20
7370 3282100.03
7371 3292208.53
7372 3304746.53
7373 3319972.37
7374 3336915.20
7375 3355211.37
7376 3374519.87
7377 3394882.37
7378 3416564.37
7379 3439336.87
7380 3462900.70
7381 3487040.37
7382 3511630.70
7383 3537374.20
7384 3564468.20
7385 3592150.53
7386 3621708.37
7387 3653185.20
7388 3686003.87
7389 3720416.70
7390 5685846.62
7391 3304123.90
7392 3283810.90
7393 3264703.90
7394 3246821.07
7395 3230119.23
7396 3214689.40
7397 3200434.23
7398 3187727.90
7399 3177742.90
7400 3170215.07
7401 3166486.90
7402 3166485.57
7403 3167650.73
7404 3170233.98
7405 3175635.23
7406 3183902.07
7407 3194428.73
7408 3207351.57
7409 3222256.32
7410 3238716.57
7411 3256385.23
7412 3274956.40
7413 3294346.82
7414 3315592.90
7415 3340552.07
7416 3368753.07
7417 3398721.07
7418 3429838.90
7419 3461440.07
7420 5912395.98
7421 3261669.42
7422 3226581.42
7423 3193773.58
7424 3162746.08
7425 3132454.58
7426 3103158.58
7427 3076644.67
7428 3053408.92
7429 3031875.42
7430 3011655.92
7431 2992661.42
7432 2974778.58
7433 2957923.75
7434 2942156.25
7435 2927859.58
7436 2914664.25
7437 2902425.92
7438 2891566.58
7439 2882110.08
7440 2874537.08
7441 2869392.75
7442 2865794.75
7443 2863158.42
7444 2862070.92
7445 2863034.58
7446 2865687.92
7447 2869706.58
7448 2875452.25
7449 2882917.92
7450 2892081.42
7451 2902965.25
7452 2915535.58
7453 2929616.75
7454 2944776.75
7455 2961031.92
7456 2978513.08
7457 2997202.25
7458 3017095.92
7459 3037910.92
7460 3059518.58
7461 3081951.42
7462 3105584.58
7463 3130639.58
7464 3156957.75
7465 3184599.08
7466 4500798.03
7467 1840242.53
7468 1804116.20
7469 1768841.53
7470 1734858.70
7471 1702689.78
7472 1671954.12
7473 1642018.37
7474 1612569.53
7475 1584046.70
7476 1557034.53
7477 1532193.87
7478 1509143.87
7479 1487586.70
7480 1467486.87
7481 1449885.78
7482 1437306.62
7483 1428831.87
7484 1422246.20
7485 1417220.20
7486 1413568.87
7487 1410967.70
7488 1409331.95
7489 1409567.87
7490 1412093.87
7491 1416108.45
7492 1421294.03
7493 1427686.87
7494 1435993.37
7495 1446096.70
7496 1457402.37
7497 1470214.20
7498 1484562.03
7499 1500791.20
7500 1519729.70
7501 1540917.70
7502 1563661.03
7503 1587695.20
7504 1612638.70
7505 1638740.87
7506 1666160.95
7507 1694991.87
7508 1725092.70
7509 1756117.53
7510 1787818.70
7511 1820131.70
7512 1854309.53
7513 1890530.53
7514 1927416.87
7515 1964625.70
7516 2002990.87
7517 2042857.37
7518 2083375.03
7519 2124206.37
7520 2165535.62
7521 2207434.70
7522 2249751.03
7523 2292409.78
7524 2335418.70
7525 2379201.37
7526 2423994.70
7527 2469491.37
7528 2515334.37
7529 2561292.37
7530 2607460.37
7531 2653797.37
7532 5662705.07
7533 3100598.87
7534 3051901.87
7535 3003224.87
7536 2954567.87
7537 2905930.87
7538 2857313.87
7539 2808799.37
7540 2760389.37
7541 2712003.37
7542 2663711.37
7543 2615556.37
7544 2567562.37
7545 2520056.53
7546 2473442.37
7547 2427501.53
7548 2381764.53
7549 2336126.37
7550 2290622.53
7551 2245353.53
7552 2200499.20
7553 2156067.53
7554 2111866.87
7555 2067841.37
7556 2024142.87
7557 1980747.87
7558 1937603.37
7559 1894776.20
7560 1852336.70
7561 1810310.37
7562 1768828.37
7563 1727798.37
7564 1687015.37
7565 1646571.37
7566 1606495.20
7567 1566910.70
7568 1527888.87
7569 1489493.87
7570 1451568.87
7571 1413979.53
7572 1376940.45
7573 1340532.53
7574 1305422.53
7575 1272116.37
7576 1241254.53
7577 1212987.03
7578 1186778.03
7579 1162356.53
7580 1139481.95
7581 1118194.03
7582 1098431.87
7583 1080037.53
7584 1062803.28
7585 1046481.20
7586 1031885.37
7587 1019614.20
7588 1008858.53
7589 999592.53
7590 992434.70
7591 986969.03
7592 982796.87
7593 980412.53
7594 980362.20
7595 982145.87
7596 984984.20
7597 988857.87
7598 993833.03
7599 1000484.87
7600 1009012.87
7601 1018762.87
7602 1030237.37
7603 1045410.37
7604 1063870.37
7605 1083762.70
7606 1104630.37
7607 1126253.20
7608 1149090.53
7609 1173477.53
7610 1198930.95
7611 1225390.20
7612 1252778.53
7613 1281056.87
7614 1310380.37
7615 1340674.37
7616 1371752.03
7617 1403475.53
7618 1435858.53
7619 1468957.20
7620 1502988.53
7621 1538278.87
7622 1575093.33
7623 1613702.13
7624 1653920.97
7625 1695101.13
7626 1736733.47
7627 1778599.63
7628 1820674.63
7629 1863318.80
7630 1906911.13
7631 1951126.80
7632 1995567.97
7633 2040285.30
7634 2085526.47
7635 2131188.97
7636 2177024.97
7637 2222995.97
7638 2269143.47
7639 2315466.63
7640 2361896.80
7641 2408479.47
7642 2455195.13
7643 2502055.30
7644 2549070.47
7645 2596179.97
7646 2643413.13
7647 2691100.63
7648 2739471.13
7649 2788188.80
7650 2836943.80
7651 2885818.13
7652 2934911.47
7653 2984116.47
7654 3033329.47
7655 3082550.47
7656 3131779.47
7657 9456890.55
7658 6731117.45
7659 6697745.12
7660 6667068.95
7661 6636948.12
7662 6607509.45
7663 6578959.28
7664 6551098.95
7665 6523875.62
7666 6497511.62
7667 6472390.28
7668 6448855.95
7669 6427774.12
7670 6408975.95
7671 6391281.12
7672 6375281.78
7673 6361818.45
7674 6350375.95
7675 6340171.78
7676 8265081.37
7677 4666017.62
7678 4651850.95
7679 4639058.45
7680 4627542.45
7681 4617591.12
7682 4609067.28
7683 4601483.45
7684 4594667.45
7685 4588743.95
7686 4584107.95
7687 4581063.12
7688 4580882.28
7689 4583505.78
7690 4587716.78
7691 4593440.95
7692 4600727.12
7693 4609506.12
7694 4619410.12
7695 4630548.12
7696 4643113.28
7697 4657229.12
7698 4672692.12
7699 4689121.62
7700 4706647.78
7701 4725314.45
7702 4744903.28
7703 4765420.45
7704 4787118.45
7705 4810038.62
7706 4833875.45
7707 4858826.12
7708 4884900.78
7709 8240916.20
7710 6082689.78
7711 6079598.45
7712 6078021.12
7713 6079132.78
7714 6082917.12
7715 6088637.12
7716 6095651.62
7717 6103382.62
7718 6111937.28
7719 6121816.45
7720 6133067.28
7721 6145338.28
7722 6158819.78
7723 6174176.62
7724 6191529.45
7725 6210577.12
7726 6230976.45
7727 6252514.62
7728 6275322.95
7729 6299219.12
7730 6323830.45
7731 6349008.78
7732 6374858.12
7733 6401563.95
7734 6429135.95
7735 6457463.45
7736 6486606.95
7737 6516797.95
7738 6548181.95
7739 6580441.78
7740 6613214.12
7741 6646843.45
7742 6682022.12
7743 6718644.62
7744 6756190.95
7745 6794331.45
7746 6832963.62
7747 6872196.78
7748 13509114.67
7749 9893881.08
7750 9893820.42
7751 9895618.08
7752 9898810.25
7753 9903539.92
7754 9910468.67
7755 9919198.58
7756 9929042.75
7757 9939983.92
7758 9952304.67
7759 9966628.58
7760 9983412.33
7761 10004212.17
7762 10030071.75
7763 10058980.58
7764 15078488.92
7765 9679067.45
7766 9644747.12
7767 9611484.12
7768 9579252.45
7769 9548054.45
7770 9517824.20
7771 9489171.87
7772 9462152.45
7773 9437117.28
7774 9414024.78
7775 9391903.78
7776 9371114.03
7777 9352628.95
7778 9336766.12
7779 9323115.95
7780 9311371.28
7781 9301277.28
7782 9292466.12
7783 9284816.95
7784 9278373.87
7785 9273676.85
7786 9272236.08
7787 9274680.75
7788 9279675.75
7789 9285876.58
7790 9292909.92
7791 9300828.25
7792 9309631.08
7793 9319655.08
7794 9331370.25
7795 9344581.17
7796 9359199.58
7797 9375362.75
7798 9393062.58
7799 9411946.58
7800 9431669.58
7801 18755973.73
7802 12088541.30
7803 12082237.47
7804 12078505.63
7805 12076805.63
7806 12076471.97
7807 12077758.30
7808 12080438.30
7809 12084178.13
7810 12089272.97
7811 12096065.13
7812 12107015.47
7813 12123242.80
7814 12142295.13
7815 12163059.30
7816 12186318.97
7817 12211434.97
7818 12237324.47
7819 12264107.63
7820 12292328.63
7821 12322242.30
7822 12353086.63
7823 12384535.13
7824 12416753.80
7825 12449810.30
7826 12483655.97
7827 12518420.88
7828 12554250.13
7829 23392210.43
7830 19977135.32
7831 19977690.48
7832 19979806.65
7833 19983804.90
7834 25566948.47
7835 19622477.03
7836 19608647.20
7837 19595689.70
7838 19583667.37
7839 21912013.43
7840 6401903.97
7841 6366918.80
7842 6332778.97
7843 6299178.80
7844 6266196.63
7845 6233888.30
7846 6202515.80
7847 6172691.80
7848 6144280.80
7849 6117084.63
7850 6091131.63
7851 6066326.13
7852 6043349.38
7853 6022178.63
7854 6002473.30
7855 5984691.80
7856 5968889.30
7857 5954655.80
7858 5941949.13
7859 5930806.30
7860 5921013.13
7861 5912897.63
7862 5906922.47
7863 5903048.63
7864 5902441.47
7865 5905258.13
7866 5909900.13
7867 5915830.80
7868 5923355.97
7869 5933278.80
7870 5945499.30
7871 5959207.97
7872 5974318.63
7873 5990828.27
7874 6008389.57
7875 6027259.73
7876 6047372.07
7877 6068473.23
7878 6091002.57
7879 6115370.90
7880 6141645.40
7881 6169653.40
7882 6199459.07
7883 6230799.57
7884 6263205.23
7885 6296823.07
7886 6331802.07
7887 6368148.40
7888 6405325.73
7889 19727678.70
7890 16359397.57
7891 16349625.23
7892 16341143.40
7893 16334205.23
7894 16329635.40
7895 16327200.07
7896 16326272.07
7897 17731813.15
7898 2368774.33
7899 2318924.33
7900 2269074.33
7901 2219224.33
7902 2169374.33
7903 2119524.33
7904 2069674.33
7905 2019824.33
7906 1969974.33
7907 1920124.33
7908 1870274.33
7909 1820424.33
7910 1770574.33
7911 1720724.33
7912 1670874.33
7913 1621024.33
7914 1572769.17
7915 1527834.00
7916 1484954.67
7917 1442556.33
7918 1400661.17
7919 1359281.83
7920 1318295.17
7921 1277794.50
7922 1237889.00
7923 1198713.67
7924 1160284.50
7925 1123015.17
7926 1086999.50
7927 1051689.50
7928 1016901.00
7929 982607.67
7930 949041.00
7931 916415.17
7932 884592.17
7933 854143.67
7934 825896.33
7935 799412.00
7936 774162.83
7937 751087.42
7938 731390.33
7939 714706.83
7940 699677.83
7941 685901.42
7942 674256.00
7943 666090.33
7944 661292.67
7945 658412.33
7946 656782.33
7947 656353.67
7948 657856.17
7949 661883.17
7950 667842.33
7951 675382.92
7952 684656.33
7953 695611.50
7954 708226.00
7955 722418.83
7956 738229.17
7957 756053.83
7958 776509.83
7959 799571.17
7960 825431.67
7961 854855.17
7962 886779.83
7963 920128.25
7964 955325.00
7965 992586.00
7966 1031347.17
7967 1070778.33
7968 1110565.50
7969 1150843.50
7970 1191904.25
7971 1233649.83
7972 1277647.08
7973 1325601.67
7974 1375451.67
7975 1425301.67
7976 1475151.67
7977 1525001.67
7978 1574851.67
7979 1624701.67
7980 1674551.67
7981 1724401.67
7982 1774251.67
7983 1824101.67
7984 1873951.67
7985 1923801.67
7986 1973651.67
7987 2023501.67
7988 2073351.67
7989 12621476.77
7990 11708485.77
7991 11710284.52
7992 11713213.18
7993 11717140.85
7994 11722132.52
7995 11728150.18
7996 11735148.68
7997 11743653.35
7998 11753736.02
7999 15326326.13
8000 9492834.17
8001 9473075.00
8002 9454127.17
8003 9436236.33
8004 9419607.83
8005 9404560.00
8006 9391735.33
8007 9380460.17
8008 9370027.00
8009 9360713.33
8010 9353471.83
8011 9348580.00
8012 9345047.00
8013 9342596.83
8014 9341523.83
8015 9342056.50
8016 9344308.33
8017 9348146.17
8018 9353357.17
8019 9359757.67
8020 9367373.67
8021 9375988.67
8022 9385315.50
8023 9395454.33
8024 9406729.00
8025 9419631.50
8026 9434584.33
8027 9451662.17
8028 9470272.50
8029 9490012.25
8030 9511257.58
8031 9534631.08
8032 13741097.82
8033 8457935.47
8034 8442623.80
8035 8428591.13
8036 8415680.63
8037 8404335.13
8038 8394781.47
8039 8386802.97
8040 8380505.13
8041 8379012.30
8042 8381773.13
8043 8385762.30
8044 8391370.47
8045 8398384.63
8046 8406538.13
8047 8416005.47
8048 8427127.47
8049 8439889.80
8050 8454492.47
8051 8471085.97
8052 8489461.97
8053 8509685.47
8054 8532242.63
8055 8556757.97
8056 12301894.05
8057 5365433.25
8058 5320580.25
8059 5275803.25
8060 5231105.25
8061 5186505.92
8062 5142018.08
8063 5097839.08
8064 5053990.58
8065 5010264.08
8066 4966709.58
8067 4923324.58
8068 4880027.58
8069 4836839.58
8070 4793998.42
8071 4751823.08
8072 4710176.42
8073 4668875.75
8074 4627875.58
8075 4587083.08
8076 4547130.58
8077 4508212.75
8078 4470190.42
8079 4433355.92
8080 4397420.25
8081 4362091.08
8082 4329224.25
8083 4298941.75
8084 4269624.25
8085 4241275.42
8086 4214337.25
8087 4189224.25
8088 4165579.42
8089 4142951.92
8090 4120939.42
8091 4099721.42
8092 4079597.75
8093 4060763.08
8094 4043368.25
8095 4027589.25
8096 4014267.08
8097 4003783.75
8098 3995230.08
8099 3987969.58
8100 3985493.42
8101 3991996.42
8102 4004764.42
8103 4019705.92
8104 4036408.42
8105 4055166.08
8106 4075544.75
8107 4096829.42
8108 4118949.08
8109 4142560.58
8110 6859876.67
8111 3517463.83
8112 3467855.83
8113 3418251.83
8114 3368651.83
8115 3319055.83
8116 3269463.83
8117 3219996.33
8118 3170655.33
8119 3121322.33
8120 3071997.33
8121 3022680.33
8122 2973371.33
8123 2924070.33
8124 2874777.33
8125 2825492.33
8126 2776215.33
8127 2726946.33
8128 2677685.33
8129 2628432.33
8130 2579187.33
8131 2529950.33
8132 2480721.33
8133 2431500.33
8134 2382287.33
8135 2333082.33
8136 2283885.33
8137 2234696.33
8138 2185622.33
8139 2136665.33
8140 2087720.33
8141 2039033.33
8142 1990848.33
8143 1943080.83
8144 1895897.67
8145 1849559.50
8146 1803709.50
8147 1758648.00
8148 1714885.67
8149 1672478.17
8150 1631166.33
8151 1590562.50
8152 1551283.17
8153 1513168.17
8154 1475472.50
8155 1438349.33
8156 1401804.83
8157 1365793.17
8158 1331212.17
8159 1298916.33
8160 1268535.50
8161 1239742.50
8162 1212474.67
8163 1186341.50
8164 1161257.00
8165 1137190.83
8166 1114320.08
8167 1092493.33
8168 1071335.33
8169 1051685.17
8170 1034427.33
8171 1019273.83
8172 1005369.00
8173 992332.83
8174 980236.17
8175 968976.67
8176 958425.42
8177 948636.83
8178 940833.67
8179 936205.67
8180 934151.00
8181 933851.50
8182 935532.33
8183 939435.17
8184 945220.50
8185 952475.00
8186 961216.83
8187 971932.50
8188 984093.50
8189 996876.50
8190 1010450.33
8191 1025421.67
8192 1042412.50
8193 1061197.17
8194 1081074.67
8195 1101896.67
8196 1124006.67
8197 1147672.00
8198 1172710.50
8199 1199025.17
8200 1226522.33
8201 1255019.33
8202 1284610.00
8203 1315464.17
8204 1347661.83
8205 1380865.67
8206 1414922.83
8207 1450392.67
8208 1487294.17
8209 1524841.67
8210 1562804.50
8211 1601518.67
8212 1640866.17
8213 1680570.83
8214 1720534.83
8215 1760719.00
8216 1801270.83
8217 1842218.67
8218 1883737.33
8219 1925788.17
8220 1968112.00
8221 2010712.17
8222 2054219.00
8223 2098773.83
8224 2143705.17
8225 2188792.33
8226 2233967.33
8227 2279330.83
8228 2325059.00
8229 2371271.50
8230 2417867.33
8231 2464655.83
8232 2511541.83
8233 2558471.83
8234 2605445.83
8235 2652463.83
8236 2699525.83
8237 2746631.83
8238 2793781.83
8239 2840975.83
8240 2888244.50
8241 2936137.67
8242 2984610.67
8243 3033099.67
8244 3081604.67
8245 3130125.67
8246 3178662.67
8247 3227215.67
8248 3275784.67
8249 3324369.67
8250 3372970.67
8251 3421587.67
8252 3470220.67
8253 3518869.67
8254 3567534.67
8255 3616215.67
8256 3664912.67
8257 3714034.17
8258 3763574.17
8259 3813118.17
8260 3862666.17
8261 3912218.17
8262 3961774.17
8263 4011334.17
8264 4060898.17
8265 4110466.17
8266 4160038.17
8267 4209614.17
8268 4259194.17
8269 4308778.17
8270 4358366.17
8271 4407958.17
8272 4457554.17
8273 4507154.17
8274 4556758.17
8275 4606366.17
8276 13362866.00
8277 9454646.42
8278 9421817.42
8279 9390632.08
8280 9360880.75
8281 9332323.92
8282 9305414.75
8283 9279822.08
8284 9255086.08
8285 9231058.42
8286 9207842.75
8287 9185613.92
8288 9164626.42
8289 9145891.25
8290 9129985.92
8291 9115847.92
8292 9102594.58
8293 9090475.25
8294 9079476.08
8295 9069882.58
8296 9062264.42
8297 9056261.42
8298 9051580.08
8299 9048231.92
8300 9046582.25
8301 9046968.08
8302 9049315.58
8303 9053598.58
8304 9059299.75
8305 9065822.42
8306 9073311.25
8307 9082482.42
8308 9093238.92
8309 9105014.08
8310 9117713.58
8311 9131231.08
8312 9145904.25
8313 9162099.92
8314 9180055.92
8315 9199554.58
8316 9220208.25
8317 17580136.88
8318 13430133.72
8319 13436320.05
8320 13444838.55
8321 13455961.38
8322 13469766.38
8323 13486738.38
8324 13505772.72
8325 13525875.88
8326 13547105.55
8327 13569125.55
8328 13592262.88
8329 13616917.55
8330 13643036.22
8331 13670404.38
8332 13698821.72
8333 18129614.82
8334 5391658.85
8335 5342319.85
8336 5292984.85
8337 5243653.85
8338 5194326.85
8339 5145003.85
8340 5095684.85
8341 5046369.85
8342 4997058.85
8343 4947751.85
8344 4898448.85
8345 4849226.02
8346 4800161.18
8347 4751194.02
8348 4702264.35
8349 4653360.35
8350 4604468.35
8351 4555588.35
8352 4506720.35
8353 4457864.35
8354 4409020.35
8355 4360188.35
8356 4311409.35
8357 4262765.85
8358 4214259.68
8359 4165853.02
8360 4117508.02
8361 4069184.02
8362 4020880.02
8363 3972596.02
8364 3924332.02
8365 3876088.02
8366 3827864.02
8367 3779681.85
8368 3731585.52
8369 3683576.35
8370 3635612.35
8371 3587672.35
8372 3539756.35
8373 3491955.18
8374 3444413.02
8375 3397112.52
8376 3349915.52
8377 3302754.52
8378 3255629.52
8379 3208626.52
8380 3161747.52
8381 3114908.52
8382 3068109.52
8383 3021350.52
8384 2974631.52
8385 2928041.52
8386 2881680.85
8387 2835473.18
8388 2789322.18
8389 2743219.18
8390 2697164.18
8391 2651157.18
8392 2605351.02
8393 2559903.85
8394 2514670.68
8395 2469512.35
8396 2424439.18
8397 2379440.18
8398 2334505.18
8399 2289718.68
8400 2245170.68
8401 2200782.68
8402 2156470.68
8403 2112369.18
8404 2068978.18
8405 2027102.85
8406 1987353.85
8407 1949148.85
8408 1911535.52
8409 1874254.02
8410 1837239.52
8411 1800503.35
8412 1764160.35
8413 1728374.52
8414 1693315.52
8415 1659052.52
8416 1625402.02
8417 1592894.02
8418 1561577.18
8419 1530912.52
8420 1501426.68
8421 1473398.68
8422 1447652.93
8423 1424530.02
8424 1403408.93
8425 1384405.02
8426 1367153.85
8427 1351447.02
8428 1337510.52
8429 1324947.52
8430 1313212.85
8431 1302177.68
8432 1292131.52
8433 1284440.85
8434 1280151.35
8435 1278808.18
8436 1279605.35
8437 1281594.68
8438 1284261.18
8439 1288011.35
8440 1293299.35
8441 1299884.35
8442 1307863.02
8443 1317220.18
8444 1327778.85
8445 1340011.10
8446 1353961.85
8447 1369982.85
8448 1389435.85
8449 1412627.02
8450 1438013.35
8451 1464433.52
8452 1491615.68
8453 1519353.85
8454 1547705.10
8455 1576978.18
8456 1607542.68
8457 1639756.85
8458 1673420.18
8459 1708052.52
8460 1743436.52
8461 1779364.85
8462 1815880.68
8463 1853322.02
8464 1892009.12
8465 1931681.38
8466 1972135.38
8467 3717776.97
8468 1961896.00
8469 1921901.83
8470 1882864.50
8471 1845354.67
8472 1809252.00
8473 1773862.50
8474 1739215.67
8475 1705660.50
8476 1673216.33
8477 1641811.92
8478 1611310.83
8479 1581695.83
8480 1553168.33
8481 1525921.00
8482 1500178.83
8483 1476013.17
8484 1453704.33
8485 1433816.50
8486 1416205.00
8487 1400224.00
8488 1385922.00
8489 1373552.67
8490 1362689.17
8491 1353033.33
8492 1344971.33
8493 1338818.33
8494 1334436.17
8495 1331861.83
8496 1330975.50
8497 1331624.67
8498 1333871.08
8499 1337553.33
8500 1342436.17
8501 1348303.33
8502 1355129.17
8503 1363357.17
8504 1372971.50
8505 1383712.83
8506 1395606.00
8507 1408854.00
8508 1423657.67
8509 1439808.33
8510 1457206.33
8511 1475775.67
8512 1495397.67
8513 1516239.00
8514 1538425.67
8515 1562166.33
8516 1587266.83
8517 1613227.50
8518 1639854.67
8519 1667134.42
8520 1695221.17
8521 1724209.67
8522 1754291.00
8523 1785527.33
8524 1817729.83
8525 1850613.17
8526 1884419.00
8527 1919301.33
8528 1954795.50
8529 1990721.17
8530 2027024.67
8531 2063671.33
8532 2101105.83
8533 2139300.00
8534 2177800.67
8535 2216691.33
8536 2256168.00
8537 2296035.67
8538 2336079.83
8539 2376495.50
8540 2417400.17
8541 2458600.00
8542 2499996.33
8543 2541887.42
8544 2584482.33
8545 2627595.00
8546 2671339.00
8547 2715588.17
8548 2759941.33
8549 2804433.50
8550 2849108.17
8551 2893970.17
8552 2939034.67
8553 2984240.67
8554 3029518.67
8555 3074868.67
8556 3120290.67
8557 3165820.17
8558 3211622.33
8559 3257929.50
8560 3304589.67
8561 3351469.50
8562 3398629.17
8563 3445916.17
8564 3493239.17
8565 3540598.17
8566 3587993.17
8567 3635424.17
8568 3682891.17
8569 3730483.17
8570 3778286.17
8571 3826206.67
8572 3874152.67
8573 3922122.67
8574 3970116.67
8575 4018134.67
8576 4066176.67
8577 4114242.67
8578 4162332.67
8579 4210446.67
8580 4258584.67
8581 4306746.67
8582 4354948.83
8583 4403257.67
8584 4451706.33
8585 4500226.33
8586 4548766.33
8587 4597326.33
8588 4645906.33
8589 4694506.33
8590 4743126.33
8591 4791770.00
8592 4840464.83
8593 4889230.00
8594 4938036.00
8595 4986858.00
8596 5035696.00
8597 5084550.00
8598 5133420.00
8599 5182306.00
8600 5231208.00
8601 5280126.00
8602 5329060.00
8603 5378011.67
8604 5426991.33
8605 5476004.83
8606 5525039.83
8607 5574086.83
8608 5623145.83
8609 11110235.52
8610 7928503.43
8611 7924567.43
8612 7922827.68
8613 7923716.93
8614 7927323.27
8615 7933118.35
8616 7940748.77
8617 7950515.43
8618 7961768.52
8619 7974448.43
8620 7989173.10
8621 8005288.60
8622 8022202.60
8623 8040228.77
8624 8059618.77
8625 8080361.60
8626 8102174.43
8627 8124933.93
8628 8148736.93
8629 8173644.93
8630 8201008.43
8631 8232040.93
8632 8265617.77
8633 8300146.10
8634 8335139.43
8635 8370749.77
8636 8406974.60
8637 8443794.77
8638 8481290.10
8639 8519846.60
8640 8559543.10
8641 14331315.38
8642 6517985.07
8643 6476146.90
8644 6434614.07
8645 6393478.40
8646 6352870.90
8647 6312807.90
8648 6273521.07
8649 6234845.73
8650 6196534.90
8651 6158940.57
8652 6122112.40
8653 6087224.40
8654 6055302.07
8655 6024994.07
8656 5995274.57
8657 5966618.07
8658 5939409.07
8659 5913614.90
8660 5889310.90
8661 5866581.73
8662 5845171.23
8663 5825238.90
8664 5806956.57
8665 5790285.90
8666 5775123.40
8667 5761165.07
8668 5748164.57
8669 5736146.23
8670 5725296.40
8671 5716931.57
8672 5712908.40
8673 5712495.07
8674 5713920.07
8675 5716649.23
8676 5721730.57
8677 5729245.40
8678 5738291.07
8679 5749047.90
8680 5761811.07
8681 5776369.23
8682 5792064.40
8683 5808614.40
8684 5826469.73
8685 5845711.32
8686 5866789.23
8687 5889670.23
8688 7387475.87
8689 2355303.95
8690 2329625.62
8691 2304951.78
8692 2281398.12
8693 2259011.78
8694 2237692.78
8695 2217658.28
8696 2199267.53
8697 2182274.12
8698 2166465.95
8699 2151938.78
8700 2138782.62
8701 2126928.95
8702 2116334.12
8703 2107240.12
8704 2099726.95
8705 2094632.28
8706 2092523.28
8707 2092709.45
8708 2094603.78
8709 2097715.95
8710 2101810.45
8711 2106974.95
8712 2113810.28
8713 2122298.78
8714 2131988.40
8715 2143336.18
8716 2156712.52
8717 2171825.18
8718 2188247.52
8719 2206030.02
8720 2224961.85
8721 2245043.02
8722 2266333.35
8723 2289075.18
8724 2313281.02
8725 2338378.18
8726 2365015.02
8727 2394535.02
8728 2426939.35
8729 2461502.85
8730 2497370.18
8731 2533680.68
8732 2570491.52
8733 5573789.43
8734 3005192.00
8735 2961696.83
8736 2918564.17
8737 2875938.17
8738 2833929.00
8739 2792594.83
8740 2752230.17
8741 2712886.67
8742 2674170.33
8743 2635994.50
8744 2599923.67
8745 2568902.08
8746 2543956.83
8747 2523173.08
8748 2504384.50
8749 2486772.83
8750 2470299.50
8751 2455194.00
8752 2441294.00
8753 2428396.67
8754 2416919.33
8755 2407778.50
8756 2401493.83
8757 2397341.50
8758 2394405.50
8759 2392513.00
8760 2392016.67
8761 2392792.83
8762 2394499.50
8763 2397831.00
8764 2403180.83
8765 2409824.17
8766 2417615.50
8767 2427537.25
8768 2439742.67
8769 2453693.00
8770 2469343.83
8771 2486544.67
8772 2505376.33
8773 2526401.83
8774 2549665.50
8775 2574690.50
8776 2600962.67
8777 2628441.33
8778 2657358.50
8779 2687232.83
8780 2718498.50
8781 2752315.00
8782 2788239.67
8783 7925714.97
8784 6935298.30
8785 10954332.83
8786 6520769.42
8787 6500927.92
8788 6482277.25
8789 6466040.25
8790 6452230.42
8791 6439877.08
8792 6428928.25
8793 6419117.75
8794 6410266.58
8795 6402535.75
8796 6396094.75
8797 6391039.25
8798 6387666.92
8799 6386203.92
8800 6386570.92
8801 6388700.25
8802 6392330.42
8803 6398251.08
8804 6406675.42
8805 6416281.75
8806 6426770.83
8807 6438644.58
8808 6452848.42
8809 6471072.75
8810 6492710.58
8811 6515719.92
8812 6539583.25
8813 6565016.42
8814 6592172.58
8815 10913056.78
8816 5396986.03
8817 5369592.03
8818 5343822.37
8819 5320822.87
8820 5299954.53
8821 5280045.53
8822 5261169.03
8823 5243960.53
8824 5228487.53
8825 5214419.03
8826 5201492.53
8827 5189926.03
8828 5180511.20
8829 5172849.70
8830 5166174.20
8831 5160563.87
8832 5156050.03
8833 5152433.70
8834 5150375.70
8835 5151164.03
8836 5154692.70
8837 5160463.53
8838 5168164.37
8839 5177196.87
8840 5187315.87
8841 5198474.70
8842 5210548.70
8843 5223428.03
8844 5237894.03
8845 5254853.70
8846 5273611.53
8847 5293428.20
8848 5314295.53
8849 5336078.87
8850 5358873.87
8851 5382817.53
8852 5408282.87
8853 5435649.53
8854 5464802.87
8855 5495212.12
8856 5526502.53
8857 5558464.45
8858 5590926.87
8859 5623905.87
8860 5658219.70
8861 5693963.53
8862 5730303.37
8863 5767261.37
8864 5805313.12
8865 5844553.37
8866 5884590.53
8867 5925376.20
8868 5966905.70
8869 6008912.03
8870 6051402.37
8871 6094510.70
8872 6138100.37
8873 6182073.70
8874 6226554.70
8875 6271526.03
8876 47637651.67
8877 43615798.72
8878 43608488.38
8879 43603189.80
8880 43599579.72
8881 43597477.38
8882 43596602.22
8883 43596863.22
8884 43598196.38
8885 52358692.17
8886 16522282.75
8887 17126508.92
8888 4641813.95
8889 4597024.78
8890 4552392.45
8891 4507934.12
8892 4463694.28
8893 4419644.45
8894 4375811.28
8895 4332322.45
8896 4289814.45
8897 4248920.95
8898 4209300.20
8899 4170869.12
8900 4134139.62
8901 4098886.62
8902 4064790.62
8903 4031673.12
8904 3999550.45
8905 3968518.28
8906 3938219.95
8907 3908607.62
8908 3879851.62
8909 3851824.78
8910 3824842.45
8911 3798989.95
8912 3774184.87
8913 3750799.78
8914 3729131.62
8915 3708918.28
8916 3689697.12
8917 3671524.78
8918 3654261.28
8919 3637891.78
8920 3622498.12
8921 3608174.78
8922 3595206.28
8923 3584069.12
8924 3574541.53
8925 3568557.45
8926 3568775.45
8927 3573204.12
8928 3579602.12
8929 3587483.95
8930 3597206.12
8931 5485644.70
8932 4261670.45
8933 4252352.12
8934 4245982.12
8935 4240641.62
8936 4236037.12
8937 4232467.12
8938 4230719.28
8939 4230833.95
8940 4232575.78
8941 4236578.28
8942 4243154.28
8943 4252037.38
8944 4262459.98
8945 4274031.15
8946 4287211.98
8947 4302084.32
8948 4320445.65
8949 4342405.98
8950 4365653.65
8951 4389849.98
8952 7764811.58
8953 4097999.58
8954 4049912.58
8955 4001849.58
8956 3953881.92
8957 3906084.75
8958 3858440.58
8959 3810938.92
8960 3763541.92
8961 3716207.75
8962 3669102.42
8963 3622581.25
8964 3576589.75
8965 3530809.08
8966 3485176.92
8967 3439900.25
8968 3395209.42
8969 3350999.25
8970 3307084.25
8971 3263537.75
8972 3220307.25
8973 3177209.75
8974 3134330.25
8975 3091723.08
8976 3049546.42
8977 3008158.92
8978 2967328.92
8979 2926669.58
8980 2886224.75
8981 2846136.75
8982 2806413.25
8983 2767038.25
8984 2728135.08
8985 2689647.92
8986 2651413.92
8987 2613522.42
8988 2576149.25
8989 2539318.42
8990 2503052.83
8991 2467515.75
8992 2432728.42
8993 2398518.75
8994 2364732.25
8995 2331281.75
8996 2298161.25
8997 2265488.75
8998 2234131.08
8999 2204806.42
9000 2177289.08
9001 2151138.25
9002 2126060.25
9003 2101925.25
9004 2078907.42
9005 2057518.08
9006 2038498.92
9007 2021636.75
9008 2006342.42
9009 1992551.58
9010 1980211.75
9011 1969722.92
9012 1961577.48
9013 1955690.05
9014 1951188.38
9015 1947435.38
9016 1944659.72
9017 1943256.55
9018 1943608.88
9019 1945839.72
9020 1949548.55
9021 1955310.22
9022 1963369.38
9023 1973010.72
9024 1983843.38
9025 1995505.22
9026 2008040.88
9027 2021537.22
9028 2035972.22
9029 2051622.55
9030 2068836.55
9031 2087391.05
9032 2107170.05
9033 2128021.22
9034 2149670.22
9035 2172173.38
9036 2195688.22
9037 2220266.72
9038 2245738.55
9039 2272103.38
9040 2299613.88
9041 2328356.80
9042 2358332.22
9043 2389712.05
9044 2422750.55
9045 2457612.38
9046 2493910.05
9047 2531358.88
9048 2569580.05
9049 2608258.72
9050 6964212.80
9051 5077225.82
9052 5052667.15
9053 5028878.15
9054 5006285.65
9055 4985200.48
9056 4965529.82
9057 4947213.98
9058 4930186.98
9059 4914181.15
9060 4898896.98
9061 4884911.98
9062 4872821.15
9063 4863250.98
9064 4857001.62
9065 4853438.42
9066 4851707.17
9067 4853856.50
9068 4862974.67
9069 4877816.75
9070 4894984.92
9071 4913199.58
9072 4933000.25
9073 6470329.58
9074 3309786.83
9075 3271314.00
9076 3233032.67
9077 3195037.67
9078 3157580.00
9079 3120798.17
9080 3084522.00
9081 3048589.83
9082 3013119.00
9083 2978087.00
9084 2943834.67
9085 2911156.50
9086 2880022.00
9087 2850597.28
9088 2823756.23
9089 2798924.90
9090 2775283.07
9091 2752562.57
9092 2730426.73
9093 2708959.40
9094 2688406.57
9095 2669341.73
9096 2652389.32
9097 2637384.90
9098 2623567.90
9099 2610695.23
9100 2598858.73
9101 2590428.23
9102 2586422.40
9103 2585776.90
9104 2591877.90
9105 2603819.57
9106 2617209.73
9107 2631665.73
9108 2647150.40
9109 2663675.40
9110 2681478.57
9111 2701768.15
9112 2724747.48
9113 2749377.90
9114 2775210.90
9115 2801881.90
9116 2829431.90
9117 2858231.73
9118 2888264.57
9119 2919097.40
9120 2950515.23
9121 2982458.07
9122 3014842.73
9123 3047695.07
9124 3081057.73
9125 3114911.65
9126 3149550.90
9127 3185240.40
9128 3221835.23
9129 3259090.40
9130 3296931.07
9131 3335483.48
9132 3374691.98
9133 3414331.23
9134 3454673.07
9135 3495861.07
9136 3537460.90
9137 3579308.07
9138 3621489.73
9139 3663972.90
9140 3706662.07
9141 9875499.50
9142 8423453.25
9143 8434228.83
9144 8447096.42
9145 8462414.33
9146 8479744.67
9147 8498389.33
9148 8518927.67
9149 8541077.50
9150 8563950.00
9151 9674210.17
9152 1268029.83
9153 1218090.83
9154 1168151.83
9155 1118212.83
9156 1068273.83
9157 1018334.83
9158 968395.83
9159 918456.83
9160 868517.83
9161 818578.83
9162 768639.83
9163 718700.83
9164 668761.83
9165 618822.83
9166 568883.83
9167 518944.83
9168 469005.83
9169 419066.83
9170 369127.83
9171 329984.00
9172 304368.50
9173 281803.83
9174 260358.83
9175 240545.33
9176 222325.33
9177 205681.67
9178 191333.50
9179 179216.17
9180 168745.83
9181 160031.00
9182 181071.17
9183 231010.17
9184 280949.17
9185 330888.17
9186 380827.17
9187 430766.17
9188 480705.17
9189 530644.17
9190 580583.17
9191 630522.17
9192 680461.17
9193 730400.17
9194 780339.17
9195 830278.17
9196 880217.17
9197 930156.17
9198 980095.17
9199 1030034.17
9200 1079973.17
9201 8072341.10
9202 7429057.27
9203 7417600.18
9204 7408049.10
9205 7400307.02
9206 7394791.93
9207 7391319.27
9208 7389265.27
9209 7388379.43
9210 7388749.60
9211 7390153.77
9212 7392341.27
9213 7395712.52
9214 7400613.60
9215 11010040.18
9216 8144178.73
9217 8149158.73
9218 8156443.73
9219 8166576.73
9220 8179382.73
9221 8194700.57
9222 8212285.07
9223 8231648.90
9224 8252542.73
9225 8274836.07
9226 8298262.15
9227 8322753.57
9228 8348123.40
9229 8374151.73
9230 8400966.73
9231 8428675.73
9232 8457806.98
9233 8489317.23
9234 8522658.15
9235 8557534.40
9236 8593800.73
9237 8630626.73
9238 8667798.07
9239 8705544.73
9240 8743893.32
9241 8782665.90
9242 8821866.07
9243 8861466.90
9244 13056776.55
9245 4711013.32
9246 4673295.73
9247 4636586.40
9248 4600429.73
9249 4565719.73
9250 4532939.32
9251 4501658.90
9252 4471537.23
9253 4442856.90
9254 4416633.23
9255 4392610.90
9256 4370099.57
9257 4349203.07
9258 4593047.40
9259 456431.50
9260 426820.67
9261 418334.00
9262 411349.17
9263 406426.33
9264 404454.83
9265 405501.17
9266 408805.00
9267 413554.33
9268 419834.00
9269 427400.33
9270 435628.33
9271 444688.67
9272 455374.83
9273 467615.83
9274 481183.33
9275 496147.00
9276 513126.33
9277 533108.50
9278 555499.00
9279 579495.50
9280 609332.83
9281 647053.33
9282 687723.50
9283 730760.17
9284 776064.00
9285 821744.00
9286 868018.17
9287 914641.17
9288 961350.17
9289 1008119.17
9290 1054960.17
9291 1101917.33
9292 1149009.00
9293 1196204.33
9294 1243566.83
9295 1292273.50
9296 25621778.22
9297 24501621.47
9298 24483921.30
9299 28047851.72
9300 14473095.57
9301 14438740.90
9302 14405095.90
9303 14371998.73
9304 14339405.90
9305 14307267.73
9306 14275503.23
9307 14244248.73
9308 14214162.57
9309 14185217.23
9310 14156831.90
9311 14129387.40
9312 16388791.15
9313 10646839.03
9314 10597966.03
9315 10549101.03
9316 10500244.03
9317 10451395.03
9318 10402554.03
9319 10353721.03
9320 10304896.03
9321 10256079.03
9322 10207270.03
9323 10158469.03
9324 10109676.03
9325 10060891.03
9326 10012114.03
9327 9963345.03
9328 9914584.03
9329 9865889.53
9330 9817265.53
9331 9768728.53
9332 9720323.53
9333 9671981.53
9334 9623659.53
9335 9575363.87
9336 9527111.20
9337 9478906.70
9338 9430771.70
9339 9382698.70
9340 9334653.70
9341 9286651.53
9342 9238708.87
9343 9190812.87
9344 9142948.87
9345 9095116.87
9346 9047320.87
9347 8999563.87
9348 8951843.87
9349 8904159.87
9350 8856511.87
9351 8808899.87
9352 8761323.87
9353 8713783.87
9354 8666279.87
9355 8618827.87
9356 8571504.87
9357 8524339.53
9358 8477322.03
9359 8430491.20
9360 8383829.03
9361 8337264.03
9362 8290961.37
9363 8245088.53
9364 8199501.87
9365 8154047.87
9366 8108803.87
9367 8064185.70
9368 8020174.37
9369 7976426.20
9370 7932883.70
9371 7889793.70
9372 7847166.12
9373 7804828.87
9374 7762778.03
9375 7721032.37
9376 7679756.20
9377 7639305.53
9378 7599628.70
9379 7561015.70
9380 7523624.87
9381 7487003.20
9382 7451087.37
9383 7415677.70
9384 7380892.37
9385 8003851.62
9386 4212255.50
9387 4162973.50
9388 4113695.50
9389 4064421.50
9390 4015151.50
9391 3965885.50
9392 3916623.50
9393 3867365.50
9394 3818111.50
9395 3768861.50
9396 3719615.50
9397 3670373.50
9398 3621135.50
9399 3571901.50
9400 3522671.50
9401 3473445.50
9402 3424223.50
9403 3375211.83
9404 3326510.83
9405 3277920.17
9406 3229345.50
9407 3180786.83
9408 3132244.17
9409 3083717.50
9410 3035206.83
9411 2986712.17
9412 2938233.50
9413 2889797.75
9414 2841459.83
9415 2793195.50
9416 2744997.67
9417 2696914.83
9418 2648905.17
9419 2600923.50
9420 2552969.83
9421 2505044.17
9422 2457146.50
9423 2409276.83
9424 2361453.17
9425 2313713.00
9426 2266058.83
9427 2218455.17
9428 2170883.50
9429 2123343.83
9430 2075860.50
9431 2028459.67
9432 1981366.00
9433 1934571.83
9434 1887836.17
9435 1842005.33
9436 1797187.50
9437 1752549.33
9438 1708039.83
9439 1664089.67
9440 1621071.83
9441 1578850.67
9442 1537381.83
9443 1496656.33
9444 1456434.50
9445 1416603.42
9446 1377144.83
9447 1338033.25
9448 1299468.00
9449 1261759.67
9450 1225344.67
9451 1190071.50
9452 1156007.00
9453 1123631.83
9454 1092446.83
9455 1062044.33
9456 1032561.17
9457 1004050.00
9458 976494.00
9459 949945.67
9460 929622.50
9461 915478.17
9462 903017.67
9463 892689.17
9464 883682.17
9465 876049.33
9466 870530.83
9467 867136.50
9468 865801.00
9469 866169.67
9470 868407.83
9471 873246.33
9472 880442.33
9473 889326.17
9474 899752.33
9475 911951.17
9476 925892.00
9477 941845.25
9478 960213.17
9479 980381.17
9480 1001575.83
9481 1023486.83
9482 1045932.83
9483 1069061.83
9484 1093145.67
9485 1118636.83
9486 1146146.50
9487 1175349.00
9488 1205425.17
9489 1236105.67
9490 1267837.00
9491 1301120.50
9492 1335508.83
9493 1370624.00
9494 1406461.17
9495 1443017.50
9496 1480352.17
9497 1518288.00
9498 1556788.00
9499 1595764.50
9500 1635014.83
9501 1674581.33
9502 1714674.00
9503 1755650.17
9504 1797296.67
9505 1839143.67
9506 1881183.67
9507 1923498.17
9508 1966234.50
9509 2009364.67
9510 2052766.17
9511 2096519.17
9512 2140752.00
9513 2185620.67
9514 2231098.50
9515 2276926.67
9516 2322967.83
9517 2369246.67
9518 2415763.00
9519 2462460.83
9520 2509272.50
9521 2556314.17
9522 2603718.33
9523 2651348.83
9524 2699095.33
9525 2746969.33
9526 2794918.33
9527 2842895.33
9528 2890900.33
9529 2938933.33
9530 2986994.33
9531 3035083.33
9532 3083200.33
9533 3131345.33
9534 3179518.33
9535 3227719.33
9536 3276030.33
9537 3324793.33
9538 3373914.33
9539 3423039.33
9540 3472168.33
9541 3521301.33
9542 3570438.33
9543 3619579.33
9544 3668724.33
9545 3717873.33
9546 3767026.33
9547 3816183.33
9548 3865344.33
9549 3914509.33
9550 3963678.33
9551 4012851.33
9552 4062028.33
9553 4111209.33
9554 4160394.33
9555 4209583.33
9556 4258776.33
9557 4307973.33
9558 4357174.33
9559 4406379.33
9560 4455588.33
9561 4504801.33
9562 4554018.33
9563 4603239.33
9564 4652464.33
9565 4701693.33
9566 4750926.33
9567 4800163.33
9568 4849404.33
9569 4898649.33
9570 4947898.33
9571 4997151.33
9572 5046408.33
9573 5095669.33
9574 5144934.33
9575 5194203.33
9576 5243476.33
9577 5292753.33
9578 5342034.33
9579 5391319.33
9580 5440608.33
9581 5489901.33
9582 5539198.33
9583 5588499.33
9584 5637804.33
9585 5687113.33
9586 7160687.42
9587 2030701.58
9588 1993995.08
9589 1958091.75
9590 1924350.42
9591 1893475.08
9592 1864098.75
9593 1835244.42
9594 1807082.92
9595 1779824.25
9596 1753661.58
9597 1728481.92
9598 1704054.08
9599 1680327.92
9600 1657162.92
9601 1634528.25
9602 1612582.42
9603 1596062.58
9604 1590066.67
9605 1591056.42
9606 1594041.17
9607 1598075.92
9608 1605136.92
9609 1615659.42
9610 1627755.08
9611 1640892.42
9612 1655360.92
9613 1671565.58
9614 1689216.42
9615 1707894.92
9616 1727620.25
9617 1748547.75
9618 1770363.58
9619 1792852.58
9620 1816097.08
9621 1840050.58
9622 1865219.42
9623 1892129.25
9624 1920268.58
9625 1949449.42
9626 1979884.92
9627 2011316.92
9628 2046288.67
9629 2088169.58
9630 2134923.58
9631 2182790.25
9632 2230895.42
9633 2279423.42
9634 2328162.42
9635 2376913.42
9636 2425676.42
9637 2474451.42
9638 2523238.42
9639 2572037.42
9640 2620848.42
9641 2669671.42
9642 2718506.42
9643 2767353.42
9644 2816236.58
9645 6058263.17
9646 4989241.58
9647 4986703.25
9648 4985615.92
9649 4987067.58
9650 4990745.08
9651 4996300.08
9652 5004852.25
9653 5016383.75
9654 5030067.42
9655 5045293.50
9656 5061751.58
9657 5079295.42
9658 5097786.92
9659 5117609.42
9660 5139056.42
9661 5162109.00
9662 5187593.08
9663 5215679.25
9664 5245812.58
9665 5281122.08
9666 7995510.95
9667 3016281.45
9668 2974915.45
9669 2934727.95
9670 2895535.12
9671 2856816.95
9672 2818872.95
9673 2781661.28
9674 2744801.62
9675 2708219.95
9676 2671928.78
9677 2635999.95
9678 2600761.95
9679 2566602.45
9680 2533460.28
9681 2501185.45
9682 2469993.12
9683 2440012.12
9684 2411134.62
9685 2383446.78
9686 2356928.45
9687 2331377.62
9688 2306835.62
9689 2283809.12
9690 2262063.62
9691 2241115.78
9692 2221844.12
9693 2204409.28
9694 2188318.78
9695 2174079.45
9696 2162426.03
9697 2153266.03
9698 2146228.45
9699 2141100.45
9700 2137301.45
9701 2135340.20
9702 2135286.95
9703 2136139.45
9704 2138014.62
9705 2140982.37
9706 2144784.45
9707 2149511.62
9708 2155516.45
9709 2163714.03
9710 2175199.87
9711 2190368.37
9712 2208084.28
9713 2227929.62
9714 2251667.45
9715 2278951.95
9716 2307638.12
9717 2336872.45
9718 2366752.62
9719 2397375.45
9720 2429952.12
9721 2465570.45
9722 2502733.62
9723 2540169.62
9724 2577876.62
9725 2615849.62
9726 2654827.78
9727 2695693.28
9728 2738502.45
9729 2782575.95
9730 2827123.78
9731 2871846.12
9732 2916641.95
9733 2961529.95
9734 3006516.95
9735 3051582.28
9736 3096711.62
9737 3141904.95
9738 3187162.28
9739 3232483.62
9740 3277868.95
9741 3323318.28
9742 3368861.62
9743 3414680.95
9744 3460769.78
9745 3507010.12
9746 3553384.45
9747 7176996.12
9748 6858129.70
9749 6892338.03
9750 6926811.37
9751 6961650.53
9752 6997044.37
9753 7033100.87
9754 7069804.20
9755 7106967.03
9756 7144455.87
9757 7182556.70
9758 7221208.03
9759 7260087.87
9760 7299167.20
9761 7338418.53
9762 7378024.87
9763 7418041.87
9764 7459270.70
9765 7501626.37
9766 7544911.20
9767 7589660.03
9768 7635503.37
9769 7682071.53
9770 7728993.53
9771 7776069.53
9772 7823185.53
9773 16105756.60
9774 14716504.02
9775 14753891.18
9776 14791814.68
9777 14830418.27
9778 14869515.35
9779 14908937.18
9780 14948848.35
9781 14989312.02
9782 15030054.35
9783 15070937.68
9784 19007485.43
9785 4694654.33
9786 4651014.83
9787 4607911.33
9788 4565228.67
9789 4522947.50
9790 4481012.92
9791 4439895.08
9792 4400010.83
9793 4361124.50
9794 4322931.17
9795 4285130.83
9796 4248087.50
9797 4212533.50
9798 4178554.33
9799 4145500.83
9800 4112984.67
9801 4081495.50
9802 4051477.67
9803 4023149.17
9804 3996429.67
9805 3971137.00
9806 3947648.17
9807 3926172.83
9808 3906005.67
9809 3887099.83
9810 3870042.33
9811 3854698.67
9812 3841213.00
9813 3829705.67
9814 3819920.83
9815 3812463.08
9816 3807286.50
9817 3803846.33
9818 3802657.33
9819 3803302.50
9820 3805229.33
9821 3808343.83
9822 3812647.67
9823 3819398.67
9824 3828567.00
9825 3839243.33
9826 3851659.17
9827 3865705.33
9828 3881073.33
9829 3897974.83
9830 3916515.33
9831 3936395.33
9832 3957834.83
9833 3981237.17
9834 4006366.00
9835 4032881.17
9836 4061129.33
9837 4090883.83
9838 4121284.00
9839 4152503.67
9840 4184798.67
9841 4217908.00
9842 14772726.97
9843 12698003.63
9844 12685622.30
9845 12675127.47
9846 12666700.97
9847 12659866.30
9848 12654260.13
9849 12650747.80
9850 12649641.13
9851 12650646.30
9852 12653817.47
9853 12659114.63
9854 18250114.15
9855 14012077.05
9856 13979356.55
9857 13947876.47
9858 13918398.72
9859 13890671.05
9860 13863809.63
9861 13837754.22
9862 13812411.22
9863 13787874.05
9864 13764360.38
9865 13741913.38
9866 13720307.97
9867 13699957.05
9868 13681167.38
9869 13663387.05
9870 13646626.72
9871 13631091.97
9872 13616724.72
9873 13603361.22
9874 13590951.38
9875 13579607.05
9876 18239030.97
9877 9161152.20
9878 9115193.87
9879 9069295.53
9880 9023494.87
9881 8977864.70
9882 8932430.87
9883 8887147.03
9884 8841955.70
9885 8796903.87
9886 8751995.03
9887 8707307.03
9888 8662987.37
9889 8618899.87
9890 8574901.53
9891 8531002.70
9892 8487216.03
9893 8443751.70
9894 8400929.70
9895 8358729.37
9896 8317298.03
9897 8276638.53
9898 8236676.20
9899 8197272.53
9900 8158189.20
9901 8119552.70
9902 8081327.20
9903 8043626.03
9904 8006706.53
9905 7970556.70
9906 7936199.37
9907 7904795.87
9908 7875449.53
9909 7846898.53
9910 7819215.20
9911 7792436.20
9912 7766807.37
9913 7743385.03
9914 7722479.03
9915 7705194.28
9916 7692871.70
9917 7683768.87
9918 10193022.93
9919 3449112.57
9920 3420787.73
9921 3394096.40
9922 3368501.23
9923 3343710.90
9924 3320060.57
9925 3298671.40
9926 3279981.07
9927 3263146.40
9928 3247415.57
9929 3233411.73
9930 3221167.40
9931 3210430.07
9932 3201587.57
9933 3194142.73
9934 3187837.73
9935 3182991.98
9936 3180017.73
9937 3179219.73
9938 3180037.90
9939 3181933.23
9940 3184984.57
9941 3189292.90
9942 3194892.40
9943 3201475.23
9944 3208979.23
9945 3218575.48
9946 3230972.23
9947 3245215.40
9948 3260444.40
9949 3276682.90
9950 3294578.40
9951 3314369.40
9952 3335416.40
9953 3357373.57
9954 3380339.73
9955 3404386.90
9956 3429454.90
9957 3455683.73
9958 3483012.90
9959 3511259.23
9960 3540540.98
9961 3571200.73
9962 3603248.90
9963 3636225.57
9964 3669976.57
9965 3704913.90
9966 3741085.23
9967 3778271.73
9968 3816313.07
9969 3854970.23
9970 3894472.65
9971 3934957.90
9972 3976020.23
9973 4017385.23
9974 4059139.07
9975 4101212.90
9976 4143670.98
9977 4186889.48
9978 4230953.07
9979 4275427.73
9980 4320043.23
9981 4364792.57
9982 4409642.90
9983 4454569.23
9984 4499571.57
9985 4544692.40
9986 4590119.23
9987 4635801.57
9988 4681543.90
9989 7052482.42
9990 3064479.35
9991 3030007.85
9992 2996029.35
9993 2962835.52
9994 2930730.85
9995 2899549.85
9996 2869105.85
9997 2839191.35
9998 2809817.52
9999 2781116.02
10000 2752934.68
10001 2725666.18
10002 2699424.52
10003 2673927.18
10004 2649258.43
10005 2625651.18
10006 2603133.18
10007 2582371.85
10008 2564384.02
10009 2549268.77
10010 2536981.18
10011 2526627.18
10012 2517269.18
10013 2509122.35
10014 2502947.85
10015 2499061.68
10016 2497804.27
10017 2499090.18
10018 2502093.68
10019 2506369.02
10020 2511631.18
10021 2517796.18
10022 2524927.68
10023 2534169.18
10024 2545783.52
10025 2558909.85
10026 2573459.35
10027 2589338.85
10028 2606806.52
10029 2625925.52
10030 2646099.35
10031 2667302.43
10032 2689980.43
10033 2714139.85
10034 2739913.35
10035 2767516.18
10036 2797046.77
10037 2828620.02
10038 2861573.02
10039 2895896.12
10040 2931748.55
10041 2968469.55
10042 7508699.38
10043 5633428.32
10044 5620925.40
10045 5609723.82
10046 5599527.48
10047 5590506.15
10048 5583582.07
10049 5580750.48
10050 5582065.98
10051 5585876.32
10052 5592175.48
10053 5601264.98
10054 5612397.32
10055 5625140.48
10056 5639378.65
10057 5654727.48
10058 5671107.15
10059 5689284.48
10060 5709942.15
10061 5732393.98
10062 5756210.82
10063 5781468.65
10064 5807916.98
10065 5835881.48
10066 5865589.65
10067 5896683.32
10068 5929178.32
10069 5962813.32
10070 5997084.65
10071 6032187.07
10072 6068553.15
10073 6105917.98
10074 9910596.88
10075 4421330.93
10076 4389942.10
10077 4362564.93
10078 4336453.77
10079 4311480.77
10080 4287328.10
10081 4264040.60
10082 4242094.77
10083 4221765.77
10084 4202810.43
10085 4185398.43
10086 4169965.43
10087 4156935.77
10088 4145724.27
10089 4135922.27
10090 4127624.93
10091 4120371.77
10092 4113860.43
10093 4108457.10
10094 4104827.43
10095 4102941.10
10096 4102879.10
10097 4104371.93
10098 4106937.10
10099 4111999.43
10100 4119700.43
10101 4128608.43
10102 4138881.10
10103 4150614.43
10104 4163266.77
10105 4177292.10
10106 4192915.60
10107 4209731.60
10108 4227962.02
10109 4250515.10
10110 4277081.27
10111 4304559.93
10112 4332969.10
10113 4362424.43
10114 4393070.77
10115 4425055.60
10116 4458028.27
10117 4491550.77
10118 4525879.27
10119 4561156.60
10120 12236981.75
10121 10962978.13
10122 10967243.13
10123 10973205.47
10124 10981009.13
10125 10990061.30
10126 11000358.97
10127 11011773.13
10128 11024283.63
10129 11037959.63
10130 11052769.47
10131 11068935.97
10132 11086354.97
10133 11104656.13
10134 11123673.63
10135 11143504.97
10136 11164121.80
10137 11185568.47
10138 11208014.30
10139 11231635.63
10140 11256417.30
10141 11281935.30
10142 11308136.47
10143 11335457.97
10144 11363889.63
10145 11393198.97
10146 11423428.97
10147 11454588.47
10148 11486736.63
10149 11519642.13
10150 11552993.63
10151 11586864.97
10152 11621385.47
10153 11656485.13
10154 16875203.08
10155 5947423.53
10156 5901161.87
10157 5855096.53
10158 5809330.20
10159 5763776.37
10160 5718320.03
10161 5673001.70
10162 5628141.70
10163 5583721.70
10164 5539433.37
10165 5495372.87
10166 5451580.20
10167 5408275.20
10168 5365733.87
10169 5323725.03
10170 5282152.20
10171 5241045.87
10172 5200275.03
10173 5159772.20
10174 5119508.37
10175 5080748.53
10176 5043484.70
10177 5007165.87
10178 4972520.12
10179 4939112.70
10180 4907074.87
10181 4876508.70
10182 4846952.03
10183 4818409.87
10184 4790883.03
10185 4764474.70
10186 4739118.87
10187 4714773.87
10188 4691401.03
10189 4668669.70
10190 4646618.03
10191 4625508.03
10192 4605472.03
10193 4586839.03
10194 4569393.20
10195 4552642.87
10196 4537993.37
10197 4526230.37
10198 4516585.53
10199 4508998.70
10200 6369385.60
10201 4073064.95
10202 4046542.62
10203 4021998.62
10204 3999499.95
10205 3978572.95
10206 3959671.78
10207 3942430.28
10208 3926309.95
10209 3911583.12
10210 3898537.45
10211 3887328.28
10212 3877776.12
10213 3869668.45
10214 3863470.45
10215 3859183.62
10216 3856560.78
10217 3855320.95
10218 3856018.45
10219 3858655.78
10220 3863135.28
10221 3869574.78
10222 3877633.45
10223 3887382.62
10224 3898970.78
10225 3912547.78
10226 3927492.78
10227 3943793.95
10228 3961438.78
10229 3980134.78
10230 4000531.12
10231 4023266.95
10232 7257257.92
10233 4570462.27
10234 4543704.60
10235 4518032.10
10236 4493265.43
10237 4469421.10
10238 4448110.77
10239 4430166.60
10240 4415456.60
10241 4403437.93
10242 4392980.27
10243 4384146.93
10244 4377217.77
10245 4372112.93
10246 4368494.10
10247 4366035.27
10248 4364836.77
10249 4365059.77
10250 4366313.43
10251 4368541.27
10252 4372264.43
10253 4377939.60
10254 4385410.77
10255 4394608.27
10256 4405533.27
10257 4418971.60
10258 4435861.43
10259 4455271.43
10260 4476352.60
10261 4498991.93
10262 4523315.27
10263 4549134.93
10264 4576104.68
10265 4604200.60
10266 4633126.85
10267 4662645.77
10268 4692807.93
10269 4723656.10
10270 4755452.60
10271 4788555.93
10272 4822877.18
10273 4858127.27
10274 11521009.00
10275 8919045.45
10276 8909105.95
10277 8900897.45
10278 8894992.12
10279 8890957.62
10280 10506739.97
10281 6553684.08
10282 6546922.42
10283 6542593.40
10284 6541531.22
10285 6542890.05
10286 6545860.55
10287 6551234.82
10288 6559603.58
10289 6570024.08
10290 6582083.42
10291 6595655.25
10292 6610014.92
10293 6625129.58
10294 6641213.25
10295 6658332.58
10296 6677215.92
10297 6698177.58
10298 6720656.25
10299 6744290.92
10300 6768982.58
10301 6794772.92
10302 6821524.58
10303 6850183.83
10304 6882213.67
10305 6916990.33
10306 6953286.75
10307 6990899.75
10308 7029520.25
10309 16953447.20
10310 10949699.40
10311 4463986.88
10312 4414449.88
10313 4364990.88
10314 4315535.88
10315 4266084.88
10316 4216640.38
10317 4167217.38
10318 4117815.38
10319 4068421.38
10320 4019035.38
10321 3969657.38
10322 3920287.38
10323 3870925.38
10324 3821571.38
10325 3772225.38
10326 3722887.38
10327 3673557.38
10328 3624235.38
10329 3574921.38
10330 3525615.38
10331 3476317.38
10332 3427027.38
10333 3377745.38
10334 3328549.00
10335 3279676.62
10336 3231136.45
10337 3182704.12
10338 3134307.78
10339 3085971.28
10340 3037758.12
10341 2989678.28
10342 2941690.62
10343 2893813.78
10344 2846058.20
10345 2798510.53
10346 2751264.12
10347 2704200.78
10348 2657274.78
10349 2610502.28
10350 2563892.53
10351 2517465.62
10352 2471153.95
10353 2424974.28
10354 2378969.62
10355 2333428.03
10356 2288495.20
10357 2243928.95
10358 2199596.45
10359 2155436.78
10360 2111856.70
10361 2069341.62
10362 2027753.62
10363 1986634.12
10364 1945827.45
10365 1905474.45
10366 1865491.12
10367 1825778.78
10368 1786367.12
10369 1747414.28
10370 1709218.28
10371 1671745.95
10372 1634870.12
10373 1598484.12
10374 1562592.45
10375 1527236.28
10376 1492666.28
10377 1459217.45
10378 1426582.45
10379 1395807.78
10380 1367100.95
10381 1339304.28
10382 1312372.95
10383 1286235.45
10384 1260902.45
10385 1236489.95
10386 1212850.45
10387 1189940.28
10388 1168049.45
10389 1147315.95
10390 1128199.87
10391 1110833.12
10392 1095061.78
10393 1080754.78
10394 1067768.62
10395 1056374.45
10396 1046539.62
10397 1038203.28
10398 1031315.62
10399 1025922.37
10400 1022102.95
10401 1020062.78
10402 1020105.28
10403 1022017.12
10404 1025368.45
10405 1030430.78
10406 1037278.78
10407 1045346.45
10408 1055264.12
10409 1067993.45
10410 1083144.45
10411 1099882.12
10412 1117700.45
10413 1136505.12
10414 1156153.78
10415 1176679.28
10416 1199150.62
10417 1223538.28
10418 1248985.95
10419 1275289.78
10420 1302573.45
10421 1331095.95
10422 1360797.12
10423 1391325.95
10424 1422765.62
10425 1455287.28
10426 1488745.62
10427 1523203.45
10428 1558446.95
10429 1594340.45
10430 1631081.12
10431 1668970.45
10432 1707766.45
10433 1747176.12
10434 1787099.62
10435 1827409.12
10436 1868044.12
10437 1908921.95
10438 1950123.45
10439 1991633.12
10440 2033455.12
10441 2075589.28
10442 2118016.45
10443 2160786.62
10444 2204050.45
10445 2247855.12
10446 2292508.78
10447 2337993.45
10448 2383773.95
10449 2429685.45
10450 2475748.95
10451 2521942.95
10452 2568218.12
10453 2614581.78
10454 2661058.95
10455 2707674.62
10456 2754390.62
10457 2801170.62
10458 2848014.62
10459 2894922.62
10460 2941919.12
10461 2989027.12
10462 3036220.12
10463 3083473.12
10464 3131026.62
10465 3178872.62
10466 3226788.12
10467 3274864.62
10468 3323074.62
10469 3371324.62
10470 3419649.12
10471 3468079.62
10472 3516608.12
10473 3565327.12
10474 3614351.12
10475 3663544.12
10476 3712753.12
10477 3761978.12
10478 3811219.12
10479 3860476.12
10480 3909749.12
10481 3959038.12
10482 4008343.12
10483 4057664.12
10484 4107059.12
10485 4156524.12
10486 4205997.12
10487 4255478.12
10488 4304967.12
10489 4354464.12
10490 4404012.12
10491 4453628.12
10492 12968818.07
10493 12191197.90
10494 12221474.40
10495 12252430.57
10496 12283965.23
10497 12316265.40
10498 12349237.73
10499 12382761.57
10500 12416920.07
10501 12451945.07
10502 12488251.73
10503 12525661.07
10504 12564119.57
10505 12603637.90
10506 12643742.90
10507 12684183.07
10508 12725076.23
10509 24582666.22
10510 21369172.72
10511 21387227.55
10512 21406848.22
10513 21428303.38
10514 21452109.88
10515 21477744.55
10516 21504446.55
10517 21532105.55
10518 21560682.38
10519 21590216.72
10520 21620455.38
10521 21651699.13
10522 21683899.55
10523 21716669.22
10524 21749935.88
10525 21783642.55
10526 21817846.22
10527 21852599.38
10528 21887760.05
10529 21923256.55
10530 65170193.13
10531 55175778.50
10532 55174724.00
10533 64892582.72
10534 18806570.82
10535 18766004.15
10536 18726018.48
10537 18686581.15
10538 18647746.98
10539 18609990.98
10540 18573673.98
10541 18538405.48
10542 18503656.15
10543 18469585.65
10544 18436756.65
10545 18405153.98
10546 18374765.15
10547 18345501.32
10548 18316889.15
10549 18289057.48
10550 18262416.48
10551 18236909.48
10552 18212685.32
10553 18189694.32
10554 18168216.82
10555 19410550.40
10556 3410275.40
10557 3369922.67
10558 3330449.60
10559 3291534.60
10560 3253187.77
10561 3215385.77
10562 3178009.02
10563 3141833.77
10564 3107285.10
10565 3073653.60
10566 3041222.43
10567 3009981.43
10568 2979526.10
10569 2950188.27
10570 2921880.43
10571 2894824.93
10572 2869356.60
10573 2845240.77
10574 2822486.43
10575 2801140.60
10576 2781387.10
10577 2763992.27
10578 2748688.27
10579 2734446.27
10580 2721208.43
10581 2708974.27
10582 2697585.43
10583 2687401.60
10584 2678696.02
10585 2671246.43
10586 2665057.27
10587 2660503.85
10588 2658587.85
10589 2659187.10
10590 2661222.27
10591 2665485.77
10592 2672324.60
10593 2681099.27
10594 2691612.77
10595 2703625.43
10596 2716912.60
10597 2731799.60
10598 2748975.10
10599 2768082.77
10600 2788269.77
10601 2809088.93
10602 2830432.27
10603 2852725.43
10604 2876626.43
10605 2902082.93
10606 2928790.93
10607 2956933.52
10608 2986642.60
10609 3017776.85
10610 3050173.43
10611 3084129.93
10612 3120018.27
10613 4611165.18
10614 1844617.25
10615 1808688.42
10616 1773505.08
10617 1739522.25
10618 1707034.92
10619 1675318.58
10620 1644346.08
10621 1614508.00
10622 1585806.58
10623 1557981.25
10624 1531191.75
10625 1505600.58
10626 1482002.92
10627 1460494.92
10628 1440093.25
10629 1420921.92
10630 1403347.75
10631 1387664.75
10632 1374245.08
10633 1362741.08
10634 1352628.42
10635 1344143.25
10636 1337050.25
10637 1330973.42
10638 1326024.92
10639 1322444.92
10640 1320807.58
10641 1321126.25
10642 1322968.25
10643 1326307.42
10644 1331273.08
10645 1337758.33
10646 1345608.50
10647 1354636.58
10648 1364802.42
10649 1377048.08
10650 1391530.08
10651 1407349.08
10652 1424204.08
10653 1442120.92
10654 1461044.75
10655 1481270.58
10656 1502928.75
10657 1525655.25
10658 1549806.42
10659 1575718.25
10660 1602914.17
10661 1630929.75
10662 1659576.25
10663 1688771.92
10664 1718822.67
10665 1750319.92
10666 1783800.25
10667 1818966.92
10668 1855089.08
10669 1892225.92
10670 1930946.08
10671 1971062.92
10672 2012014.92
10673 2054920.25
10674 2101241.92
10675 2149847.75
10676 2199015.25
10677 2248375.75
10678 2297807.75
10679 29014535.12
10680 27445932.70
10681 32474830.43
10682 13944125.85
10683 13910604.02
10684 13878183.18
10685 13846627.77
10686 13815909.68
10687 13785647.02
10688 13755929.52
10689 13726842.35
10690 13698280.35
10691 13670384.52
10692 13643911.35
10693 13619048.35
10694 13595421.35
10695 13573828.85
10696 13554713.35
10697 13537270.93
10698 13521099.52
10699 13506045.68
10700 13491827.35
10701 13478687.18
10702 13466904.35
10703 13456206.52
10704 13448107.67
10705 13444371.65
10706 13443960.32
10707 13445577.82
10708 13449094.32
10709 15224707.40
10710 2871930.08
10711 2823137.08
10712 2774368.08
10713 2725623.08
10714 2676902.08
10715 2628205.08
10716 2579532.08
10717 2530883.08
10718 2482878.58
10719 2435578.08
10720 2388530.08
10721 2341695.08
10722 2294924.08
10723 2248397.92
10724 2202449.92
10725 2156932.58
10726 2111620.58
10727 2066569.58
10728 2021726.75
10729 1977145.08
10730 1932976.25
10731 1889538.25
10732 1847182.58
10733 1805884.08
10734 1765285.58
10735 1725382.92
10736 1686806.25
10737 1649811.08
10738 1613911.08
10739 1578812.92
10740 1545498.25
10741 1513966.92
10742 1484301.58
10743 1456725.92
10744 1430401.42
10745 1405180.42
10746 1381149.75
10747 1358441.75
10748 1337196.50
10749 1317750.08
10750 1299908.58
10751 1283990.92
10752 1270159.25
10753 1257766.42
10754 1247928.92
10755 1240859.75
10756 1235693.92
10757 1232643.42
10758 1231685.92
10759 1232698.58
10760 1235514.42
10761 1239771.42
10762 1245161.08
10763 1254445.42
10764 1267819.42
10765 1282533.75
10766 1298282.92
10767 1315072.75
10768 1333230.08
10769 1352663.25
10770 1373097.08
10771 1394445.58
10772 1417007.08
10773 1441032.58
10774 1467656.92
10775 1497116.92
10776 1528007.25
10777 1559637.92
10778 1591756.42
10779 1624484.08
10780 1657957.08
10781 1692942.92
10782 1729212.75
10783 1765840.25
10784 1802881.92
10785 1840430.92
10786 1878509.75
10787 1917038.25
10788 3413385.52
10789 2047608.43
10790 2020872.10
10791 1995613.60
10792 1971562.43
10793 1948520.93
10794 1926343.43
10795 1905221.27
10796 1886386.27
10797 1870531.27
10798 1857575.43
10799 1847295.60
10800 1838556.02
10801 1831012.60
10802 1825533.02
10803 1822479.77
10804 1821082.43
10805 1820958.93
10806 1822560.43
10807 1825820.43
10808 1830178.27
10809 1835882.02
10810 1844453.20
10811 1856292.30
10812 1870231.80
10813 1885770.63
10814 1903454.30
10815 1923553.22
10816 1945713.47
10817 1969196.47
10818 1993303.47
10819 2018262.63
10820 2045345.77
10821 2074663.73
10822 2104863.90
10823 2135470.48
10824 2166791.07
10825 2198941.40
10826 2231647.07
10827 2264908.57
10828 2299397.73
10829 2335572.32
10830 2373420.40
10831 2412495.57
10832 2452110.90
10833 2492116.23
10834 2532467.90
10835 2573125.90
10836 2614144.90
10837 2655657.73
10838 2697657.73
10839 2740273.23
10840 2783426.57
10841 2826852.07
10842 2870627.40
10843 2915170.57
10844 8386856.32
10845 6515674.10
10846 6509562.93
10847 6507877.43
10848 6508430.60
10849 6510422.43
10850 6513393.77
10851 6518169.93
10852 6525856.77
10853 6535618.10
10854 6546496.77
10855 6558561.77
10856 6571780.60
10857 6586819.43
10858 6604566.93
10859 6624702.27
10860 6646998.43
10861 6670899.10
10862 6695915.52
10863 6722052.27
10864 6749495.77
10865 6778678.77
10866 6809590.27
10867 6842222.27
10868 6876406.93
10869 6912176.10
10870 6949344.93
10871 6987275.27
10872 7025636.27
10873 7064521.93
10874 7104019.77
10875 7144132.77
10876 7185192.60
10877 7227102.27
10878 7269404.27
10879 7312036.93
10880 29710170.73
10881 24865321.75
10882 27130022.42
10883 19632828.13
10884 19613560.63
10885 19595879.97
10886 19579309.97
10887 19563974.63
10888 19549993.38
10889 19537481.47
10890 19526799.13
10891 19517428.63
10892 19509159.47
10893 19502607.80
10894 19498138.30
10895 19495451.30
10896 19494280.13
10897 19494606.72
10898 19496687.80
10899 19500380.63
10900 19505421.13
10901 21861032.30
10902 3475890.25
10903 3428356.25
10904 3380936.75
10905 3333696.25
10906 3286568.25
10907 3239484.25
10908 3192444.25
10909 3145448.25
10910 3098496.25
10911 3051588.25
10912 3004724.25
10913 2958185.75
10914 2912076.75
10915 2866127.75
10916 2820246.75
10917 2774541.92
10918 2729125.58
10919 2684207.08
10920 2639908.08
10921 2596191.75
10922 2552941.92
10923 2509896.92
10924 2466960.42
10925 2424135.42
10926 2381527.92
10927 2339245.92
10928 2297239.75
10929 2255517.58
10930 2214061.58
10931 2172872.08
10932 2131992.25
10933 2091623.75
10934 2051943.58
10935 2012861.92
10936 1974906.92
10937 1938171.92
10938 1902150.58
10939 1867474.92
10940 1834560.25
10941 1803102.58
10942 1772736.25
10943 1743462.42
10944 1715121.75
10945 1687241.42
10946 1660466.25
10947 1635345.08
10948 1614384.92
10949 1599544.08
10950 1587872.25
10951 1577151.42
10952 1567472.08
10953 1559171.17
10954 1553040.42
10955 1549384.58
10956 1548266.42
10957 1549288.42
10958 1551952.58
10959 1556833.58
10960 1563769.08
10961 1571892.58
10962 1580863.25
10963 1590906.75
10964 1602332.75
10965 1614849.25
10966 1628128.08
10967 1642221.25
10968 1657139.33
10969 1673913.58
10970 1696135.17
10971 1725510.92
10972 1758769.92
10973 1793008.58
10974 1827914.75
10975 1863679.42
10976 1900380.25
10977 1937945.58
10978 1976194.67
10979 2015193.58
10980 2054899.58
10981 2095149.25
10982 2135982.42
10983 2178382.08
10984 8255534.12
10985 6519573.45
10986 6480625.45
10987 6441996.78
10988 6403688.78
10989 6365680.28
10990 6328653.95
10991 6293037.12
10992 6258449.95
10993 6224534.45
10994 6191074.45
10995 6158108.62
10996 6125767.78
10997 6094135.78
10998 6063274.95
10999 6033135.12
11000 6003673.95
11001 5974916.62
11002 5947062.95
11003 5920789.95
11004 5896771.62
11005 5874842.62
11006 5854431.78
11007 5836149.78
11008 5820172.95
11009 5805874.28
11010 5793206.12
11011 5782110.78
11012 5772342.78
11013 5763490.37
11014 5755438.95
11015 5748445.78
11016 5742461.12
11017 5737531.95
11018 5734180.78
11019 5732378.12
11020 5731783.28
11021 5733151.12
11022 5736946.78
11023 5742739.95
11024 5750330.62
11025 5759460.78
11026 5769909.45
11027 5781752.12
11028 5795062.78
11029 5809668.28
11030 5825507.62
11031 5842622.12
11032 5861897.28
11033 5883621.62
11034 5907448.12
11035 10895285.28
11036 6439006.00
11037 6389578.00
11038 6340154.00
11039 6290734.00
11040 6241318.00
11041 6191906.00
11042 6142498.00
11043 6093094.00
11044 6043694.00
11045 5994298.00
11046 5944906.00
11047 5895518.00
11048 5846134.00
11049 5796754.00
11050 5747378.00
11051 5698006.00
11052 5648638.00
11053 5599274.00
11054 5549914.00
11055 5500558.00
11056 5451206.00
11057 5401858.00
11058 5352514.00
11059 5303174.00
11060 5253838.00
11061 5204506.00
11062 5155178.00
11063 5105854.00
11064 5056534.00
11065 5007218.00
11066 4957906.00
11067 4908598.00
11068 4859294.00
11069 4809994.00
11070 4760698.00
11071 4711406.00
11072 4662118.00
11073 4612878.50
11074 4563739.50
11075 4514658.50
11076 4465585.50
11077 4416520.50
11078 4367463.50
11079 4318414.50
11080 4269373.50
11081 4220340.50
11082 4171315.50
11083 4122298.50
11084 4073289.50
11085 4024288.50
11086 3975295.50
11087 3926310.50
11088 3877333.50
11089 3828364.50
11090 3779403.50
11091 3730450.50
11092 3681505.50
11093 3632568.50
11094 3583639.50
11095 3534718.50
11096 3485805.50
11097 3436900.50
11098 3388003.50
11099 3339114.50
11100 3290233.50
11101 3241360.50
11102 3192495.50
11103 3143686.50
11104 3095174.50
11105 3046923.50
11106 2998704.50
11107 2950517.50
11108 2902362.50
11109 2854307.00
11110 2806649.00
11111 2759387.33
11112 2712293.00
11113 2665395.83
11114 2618829.33
11115 2572572.33
11116 2526456.67
11117 2480497.50
11118 2434755.50
11119 2389203.33
11120 2343808.50
11121 2298600.83
11122 2253762.17
11123 2209391.50
11124 2165398.50
11125 2121633.50
11126 2078107.83
11127 2034988.33
11128 1992264.33
11129 1949848.50
11130 1907877.00
11131 1866824.17
11132 1826730.00
11133 1787088.33
11134 1747956.42
11135 1709680.67
11136 1672117.67
11137 1634961.17
11138 1598110.00
11139 1561698.17
11140 1525797.33
11141 1490332.17
11142 1455293.67
11143 1421766.83
11144 1390073.17
11145 1359269.00
11146 1329388.50
11147 1301089.67
11148 1274641.17
11149 1249419.17
11150 1224998.50
11151 1201641.50
11152 1179455.50
11153 1158303.17
11154 1138241.83
11155 1119381.83
11156 1101798.50
11157 1085425.92
11158 1070529.17
11159 1057475.17
11160 1046197.83
11161 1036943.00
11162 1030576.67
11163 1026486.67
11164 1024004.50
11165 1023299.17
11166 1023833.83
11167 1025639.50
11168 1028598.83
11169 1032291.67
11170 1036871.00
11171 1042527.83
11172 1051557.33
11173 1064062.83
11174 1078262.08
11175 1094621.67
11176 1112878.25
11177 1132817.83
11178 1154610.33
11179 1177678.00
11180 1201358.33
11181 1225892.50
11182 1251562.83
11183 1278634.00
11184 1307178.83
11185 1336703.00
11186 1366813.83
11187 1397596.00
11188 1429228.50
11189 1461613.00
11190 1494719.67
11191 1528661.33
11192 1563795.75
11193 1600583.58
11194 1638650.50
11195 1677342.33
11196 1716541.50
11197 1756297.67
11198 1796439.67
11199 1836769.17
11200 1877254.67
11201 1917894.67
11202 1958676.17
11203 1999733.83
11204 2041079.00
11205 2082592.50
11206 2124382.50
11207 2166467.67
11208 2208932.00
11209 2251834.67
11210 2294946.67
11211 2338158.67
11212 2381470.67
11213 2424892.17
11214 2468631.83
11215 2512753.67
11216 2557045.00
11217 2601428.33
11218 2645930.33
11219 2691125.33
11220 2737298.00
11221 2783968.50
11222 2830837.50
11223 2877858.50
11224 2925112.00
11225 2972534.50
11226 3020055.67
11227 3067699.83
11228 3115470.83
11229 3163377.33
11230 3211361.33
11231 3259373.33
11232 3307413.33
11233 3355500.83
11234 3403692.00
11235 3452002.67
11236 3500372.67
11237 3548762.67
11238 3597172.67
11239 3645602.67
11240 3694052.67
11241 3742522.67
11242 3791012.67
11243 3839522.67
11244 3888052.67
11245 3936602.67
11246 3985172.67
11247 4033762.67
11248 4082372.67
11249 4131002.67
11250 4179652.67
11251 4228322.67
11252 4277012.67
11253 4325722.67
11254 4374478.17
11255 4423351.17
11256 4472333.83
11257 4521383.50
11258 4570491.00
11259 4619623.00
11260 4668767.00
11261 4717932.17
11262 4767144.00
11263 4816408.67
11264 4865698.67
11265 4914996.67
11266 4964347.67
11267 6849001.42
11268 2212454.58
11269 2174386.25
11270 2137913.25
11271 2103147.58
11272 2069787.08
11273 2037269.08
11274 2005323.75
11275 1974145.00
11276 1944039.92
11277 1914938.08
11278 1887745.08
11279 1863302.42
11280 1840840.25
11281 1819960.92
11282 1800875.75
11283 1783452.58
11284 1767485.92
11285 1752794.25
11286 1739385.83
11287 1727768.67
11288 1717887.58
11289 1709001.92
11290 1700883.42
11291 1693685.75
11292 1687718.08
11293 1683712.25
11294 1682590.58
11295 1683878.75
11296 1687205.08
11297 1693088.08
11298 1700713.92
11299 1709309.92
11300 1719266.25
11301 1730805.75
11302 1743690.42
11303 1757824.08
11304 1773033.42
11305 1789530.92
11306 1807804.08
11307 1828141.83
11308 1850793.58
11309 1875174.25
11310 1900402.75
11311 1926594.08
11312 1953842.42
11313 1981908.25
11314 2010747.25
11315 2040599.42
11316 2071453.42
11317 2103218.42
11318 2135882.42
11319 2169593.75
11320 2204159.92
11321 2239154.92
11322 2274979.75
11323 2311930.42
11324 2349890.25
11325 2388501.25
11326 2427787.42
11327 2467951.08
11328 2508841.58
11329 2550146.08
11330 2591651.08
11331 2633339.08
11332 2675189.58
11333 2717230.08
11334 2759512.08
11335 2802025.08
11336 2844751.25
11337 2887784.25
11338 2931131.08
11339 2974676.25
11340 3018350.42
11341 3062218.58
11342 3106473.08
11343 3151171.42
11344 3196103.42
11345 3241127.42
11346 3286274.42
11347 3331568.42
11348 3376976.42
11349 3422472.42
11350 3468065.58
11351 3514386.42
11352 3561557.42
11353 3609028.25
11354 3656653.25
11355 3704326.25
11356 3752035.25
11357 3799789.42
11358 3847813.58
11359 3896309.75
11360 3945045.92
11361 3993820.08
11362 4042647.75
11363 4091505.75
11364 4140371.75
11365 4189245.75
11366 4238127.75
11367 4287017.75
11368 4335915.75
11369 4384821.75
11370 4433735.75
11371 4482657.75
11372 4531587.75
11373 4580525.75
11374 4629471.75
11375 4678425.75
11376 4727387.75
11377 4776357.75
11378 4825335.75
11379 4874321.75
11380 4923315.75
11381 4972317.75
11382 5021327.75
11383 5070345.75
11384 5119371.75
11385 5168405.75
11386 5217447.75
11387 5266497.75
11388 5315555.75
11389 5364621.75
11390 5413709.75
11391 5462856.75
11392 5512070.75
11393 5561312.75
11394 5610558.75
11395 5659808.75
11396 5709062.75
11397 5758320.75
11398 5807582.75
11399 5856848.75
11400 5906118.75
11401 5955392.75
11402 6004670.75
11403 6053952.75
11404 6103238.75
11405 63891443.45
11406 50520255.48
11407 58470073.93
11408 17486200.45
11409 17447710.62
11410 17409893.95
11411 17372688.78
11412 17335985.62
11413 17299825.28
11414 17264378.28
11415 17229854.45
11416 17196523.12
11417 17164360.12
11418 17132988.45
11419 17102205.28
11420 17072304.78
11421 17044209.45
11422 17018747.95
11423 16995403.62
11424 16973334.62
11425 16952794.78
11426 16933684.12
11427 16916052.78
11428 16900171.12
11429 16885762.95
11430 16873004.78
11431 16862088.78
11432 16852793.95
11433 16844916.95
11434 16838330.62
11435 16833390.45
11436 16830394.28
11437 16829121.95
11438 16829418.28
11439 16831754.28
11440 16835842.28
11441 16840852.62
11442 16847369.12
11443 16855348.12
11444 20129548.45
11445 4506158.17
11446 4466376.83
11447 4427008.00
11448 4388347.33
11449 4350883.83
11450 4314554.83
11451 4279385.33
11452 4245656.17
11453 4212985.33
11454 4180906.67
11455 4149381.17
11456 4118349.83
11457 4087905.67
11458 4058364.83
11459 4029811.33
11460 4002492.00
11461 3977145.50
11462 3953483.17
11463 3930957.67
11464 3909814.67
11465 3891113.25
11466 3875406.33
11467 3861844.17
11468 3849752.00
11469 3839668.00
11470 3832112.67
11471 3826256.50
11472 3821714.83
11473 3818315.17
11474 3815689.50
11475 3814032.83
11476 3813736.67
11477 3815270.33
11478 3818686.50
11479 3823654.67
11480 3830384.00
11481 3838778.67
11482 3850898.00
11483 3866527.17
11484 3883334.17
11485 3901427.50
11486 3920363.50
11487 3940125.33
11488 3960795.33
11489 3982261.67
11490 4004626.33
11491 4028276.67
11492 4053332.83
11493 4079616.42
11494 4107134.00
11495 10246823.63
11496 8062030.05
11497 8053237.38
11498 8045985.55
11499 8040457.38
11500 8038415.22
11501 8039640.38
11502 8042470.88
11503 8046781.22
11504 8052550.88
11505 8060075.72
11506 8070013.88
11507 8082659.88
11508 8097282.38
11509 8113232.38
11510 8130435.22
11511 8148957.72
11512 8168909.72
11513 8191409.05
11514 8217188.55
11515 8245147.05
11516 8274607.05
11517 8305132.88
11518 8336711.55
11519 8369755.97
11520 8403918.72
11521 10596712.88
11522 2651256.17
11523 2603131.17
11524 2555030.17
11525 2506953.17
11526 2458900.17
11527 2410871.17
11528 2362866.17
11529 2314885.17
11530 2266955.67
11531 2219125.17
11532 2171370.17
11533 2124093.50
11534 2077342.83
11535 2030724.00
11536 1984939.00
11537 1940455.33
11538 1896720.67
11539 1853429.67
11540 1810519.33
11541 1767968.33
11542 1726066.33
11543 1684800.33
11544 1643836.33
11545 1603054.33
11546 1563991.00
11547 1526756.33
11548 1490019.50
11549 1453710.50
11550 1417633.50
11551 1381815.00
11552 1346271.00
11553 1311033.17
11554 1276224.83
11555 1242017.83
11556 1209167.67
11557 1177756.50
11558 1147042.33
11559 1117190.00
11560 1088518.83
11561 1061062.67
11562 1036466.33
11563 1014752.50
11564 994208.17
11565 974825.67
11566 956769.17
11567 940101.67
11568 924855.33
11569 910702.33
11570 897442.67
11571 885751.33
11572 875766.50
11573 867339.33
11574 860806.33
11575 856323.17
11576 853604.83
11577 852927.83
11578 857550.83
11579 866847.83
11580 877708.67
11581 891263.00
11582 907716.83
11583 927381.50
11584 949623.00
11585 973120.83
11586 998172.83
11587 1024714.00
11588 1052608.17
11589 1081776.08
11590 1112030.33
11591 1143112.33
11592 1175174.08
11593 1208026.50
11594 1243443.50
11595 1282111.50
11596 1321801.17
11597 1361682.17
11598 1401827.67
11599 1443845.67
11600 1488021.17
11601 1533073.67
11602 1578651.33
11603 1624399.17
11604 1670266.33
11605 1716247.50
11606 1762390.67
11607 1808672.67
11608 1855030.67
11609 1902298.67
11610 1950543.17
11611 1998989.17
11612 2047544.67
11613 2096124.67
11614 2144728.67
11615 2193389.17
11616 2242138.67
11617 2291192.67
11618 2340512.67
11619 2389844.67
11620 2439188.67
11621 2488544.67
11622 2537912.67
11623 2587292.67
11624 8098366.83
11625 5460029.00
11626 5410513.00
11627 5361001.00
11628 5311493.00
11629 5261989.00
11630 5212489.00
11631 5162993.00
11632 5113501.00
11633 5064013.00
11634 5014529.00
11635 4965049.00
11636 4915573.00
11637 4866101.00
11638 4816633.00
11639 4767169.00
11640 4717709.00
11641 4668253.00
11642 4618801.00
11643 4569353.00
11644 4519909.00
11645 4470469.00
11646 4421033.00
11647 4371601.00
11648 4322173.00
11649 4272749.00
11650 4223329.00
11651 4173913.00
11652 4124599.50
11653 4075451.00
11654 4026375.00
11655 3977315.00
11656 3928271.00
11657 3879243.00
11658 3830231.00
11659 3781315.00
11660 3732497.00
11661 3683699.00
11662 3634921.00
11663 3586175.50
11664 3537493.00
11665 3488863.00
11666 3440257.00
11667 3391675.00
11668 3343117.00
11669 3294583.00
11670 3246073.00
11671 3197587.00
11672 3149125.00
11673 3100727.50
11674 3052522.50
11675 3004675.50
11676 2957076.50
11677 2909632.50
11678 2862381.00
11679 2815224.00
11680 2768144.33
11681 2721193.50
11682 2674426.33
11683 2627800.33
11684 2581241.33
11685 2534756.67
11686 2488378.33
11687 2442114.67
11688 2396057.50
11689 2350240.33
11690 2304764.67
11691 2259782.00
11692 2215133.00
11693 2170638.00
11694 2126253.00
11695 2081974.00
11696 2037906.33
11697 1994157.67
11698 1950687.67
11699 1907521.67
11700 1864658.33
11701 1823915.33
11702 1785404.67
11703 1747561.17
11704 1710587.50
11705 1674388.00
11706 1638775.17
11707 1603836.00
11708 1569607.17
11709 1535944.67
11710 1502981.17
11711 1470787.33
11712 1439374.67
11713 1408640.17
11714 1378598.67
11715 1349427.33
11716 1321303.50
11717 1294125.50
11718 1267681.83
11719 1242019.17
11720 1217606.67
11721 1194716.17
11722 1172816.00
11723 1151747.33
11724 1132386.75
11725 1114960.50
11726 1098689.50
11727 1084258.33
11728 1071669.00
11729 1060350.92
11730 1050747.50
11731 1043487.17
11732 1038806.17
11733 1036558.00
11734 1037395.33
11735 1041053.50
11736 1046915.50
11737 1054527.33
11738 1063117.83
11739 1072665.17
11740 1083536.67
11741 1095646.33
11742 1108757.00
11743 1122651.83
11744 1137484.33
11745 1154516.33
11746 1173900.33
11747 1194489.83
11748 1215702.17
11749 1237490.00
11750 1259957.83
11751 1289717.67
11752 1326678.83
11753 1364015.83
11754 1401576.83
11755 1439434.50
11756 1477643.17
11757 1516219.17
11758 1555223.17
11759 1594690.67
11760 1634504.17
11761 1674620.17
11762 1715543.67
11763 1757571.17
11764 1800177.17
11765 1842976.67
11766 3578407.58
11767 2357194.83
11768 2352496.17
11769 2349695.67
11770 2349769.50
11771 2352605.00
11772 2357077.50
11773 2363478.00
11774 2373148.83
11775 2386025.17
11776 2400739.00
11777 2416670.17
11778 2433479.67
11779 2451909.00
11780 2472897.50
11781 2495742.33
11782 2519717.33
11783 2545059.33
11784 2572049.50
11785 2600638.00
11786 2630400.00
11787 2661196.67
11788 2692863.67
11789 2725190.83
11790 2758326.42
11791 2792444.83
11792 2827365.67
11793 2863003.83
11794 2899258.33
11795 2935890.67
11796 2973271.17
11797 3011519.50
11798 3050546.83
11799 3090368.33
11800 3130568.67
11801 3170943.00
11802 3211546.83
11803 3252890.33
11804 3295324.00
11805 3338420.17
11806 3381869.33
11807 3425607.83
11808 3469634.67
11809 3513942.00
11810 3558409.17
11811 3603052.17
11812 3648071.67
11813 3693418.33
11814 3738932.17
11815 3784619.83
11816 3830410.83
11817 3876731.33
11818 3923595.83
11819 3970528.83
11820 4017505.83
11821 4064637.50
11822 4112029.33
11823 4159564.67
11824 4207132.00
11825 4254731.33
11826 4302362.67
11827 4350191.50
11828 4398316.33
11829 4446583.67
11830 4494889.00
11831 4543214.33
11832 4591559.67
11833 4639925.00
11834 4688310.33
11835 4736715.67
11836 4785141.00
11837 4833586.33
11838 4882051.67
11839 4930537.00
11840 4979042.33
11841 5027567.67
11842 5076241.17
11843 5125320.00
11844 5174668.00
11845 5224020.00
11846 5273376.00
11847 5322736.00
11848 5372100.00
11849 5421468.00
11850 5470840.00
11851 16126452.80
11852 13411642.47
11853 13418619.80
11854 13426598.30
11855 13435562.97
11856 13445428.63
11857 13456276.97
11858 13468045.80
11859 13480756.97
11860 13494594.13
11861 13509494.30
11862 13525397.30
11863 13542183.30
11864 15907158.38
11865 4987172.08
11866 4950884.08
11867 4915005.75
11868 4879511.75
11869 4844333.75
11870 4810251.25
11871 4777783.58
11872 4746718.08
11873 4716877.75
11874 4688225.33
11875 4661256.92
11876 4636112.08
11877 4612376.75
11878 4589651.25
11879 4567908.92
11880 4547112.42
11881 4527287.25
11882 4508621.25
11883 4491428.58
11884 4475910.42
11885 4461947.75
11886 4450157.25
11887 4441400.92
11888 4435231.67
11889 4431996.58
11890 4431505.75
11891 4432554.75
11892 4435566.42
11893 4440639.08
11894 4447217.75
11895 4455153.42
11896 4464480.25
11897 4475007.08
11898 4486552.58
11899 4499085.42
11900 4512631.42
11901 4527054.25
11902 4542510.58
11903 4559172.08
11904 4576739.92
11905 4595126.58
11906 4614486.75
11907 4636497.92
11908 4661219.58
11909 4686850.92
11910 4713787.75
11911 4742733.08
11912 4773623.25
11913 4805700.25
11914 15161877.25
11915 12887895.50
11916 12906767.17
11917 12926714.33
11918 12948090.17
11919 12970771.50
11920 12994630.33
11921 17498296.92
11922 15684109.50
11923 15709891.50
11924 15736298.17
11925 15763638.17
11926 15792813.17
11927 15824211.50
11928 15857173.83
11929 15890924.50
11930 15925370.67
11931 15960490.33
11932 15996201.17
11933 16032564.17
11934 16069647.17
11935 16107379.33
11936 16145517.67
11937 16183932.17
11938 16222574.67
11939 16261600.33
11940 16301070.50
11941 16341736.00
11942 35916863.50
11943 33195548.42
11944 33226006.25
11945 33257345.75
11946 33289686.58
11947 33322887.42
11948 33356860.92
11949 33391544.42
11950 33426726.75
11951 63852398.08
11952 42149137.53
11953 42137275.53
11954 42127025.87
11955 42118205.87
11956 44527714.52
11957 8794845.12
11958 8752970.12
11959 8711624.12
11960 8670937.70
11961 8630761.12
11962 8590982.12
11963 8551832.95
11964 8513872.95
11965 8477021.12
11966 8440706.62
11967 8404915.95
11968 8369811.95
11969 8335391.95
11970 8301569.95
11971 8268487.12
11972 8236463.62
11973 8206795.95
11974 8180393.78
11975 8155870.62
11976 8132213.12
11977 8109504.28
11978 8088025.78
11979 8068164.95
11980 8049680.95
11981 8032540.95
11982 8016921.62
11983 8002617.12
11984 7989520.20
11985 7977948.28
11986 7967980.95
11987 7959273.95
11988 7951802.28
11989 7945768.12
11990 7941489.62
11991 7939254.28
11992 7939010.95
11993 7940064.95
11994 7941989.95
11995 7945072.95
11996 7949197.95
11997 7954082.62
11998 7959842.78
11999 7966836.78
12000 7975289.28
12001 7985219.28
12002 7996473.28
12003 8008996.78
12004 8022937.78
12005 8038194.95
12006 8054645.95
12007 8072830.62
12008 8092672.62
12009 8114108.95
12010 8137334.12
12011 8162021.53
12012 8187737.22
12013 8214439.08
12014 8242250.95
12015 8270870.15
12016 8300260.52
12017 8330431.88
12018 16406189.18
12019 9387402.90
12020 9347563.57
12021 9308254.57
12022 9269327.23
12023 9230667.73
12024 9192335.23
12025 9154983.23
12026 9119103.73
12027 9084551.73
12028 9051019.57
12029 9018167.07
12030 8986119.07
12031 8954850.40
12032 8924161.73
12033 8894419.40
12034 8865991.23
12035 8838865.73
12036 8813166.07
12037 8789007.90
12038 8766030.73
12039 8744223.32
12040 8723785.07
12041 8704622.40
12042 8686706.07
12043 8669772.73
12044 8653918.73
12045 8639285.07
12046 8625575.07
12047 8612636.23
12048 8600944.07
12049 8591437.07
12050 10358581.40
12051 8093350.48
12052 8082230.48
12053 8073255.98
12054 8066252.32
12055 8061048.32
12056 8057108.48
12057 8054306.15
12058 8052691.32
12059 8052130.48
12060 8053012.15
12061 8056731.65
12062 8063083.65
12063 8070601.65
12064 8080074.65
12065 8091680.07
12066 8104885.82
12067 8120032.82
12068 8137064.82
12069 8155712.32
12070 8175788.23
12071 8197369.65
12072 8220566.98
12073 8245121.32
12074 8270748.98
12075 16461867.23
12076 10143459.87
12077 10100482.20
12078 10058604.20
12079 10018106.12
12080 9979013.37
12081 9940975.20
12082 9903917.03
12083 9867675.03
12084 9832357.37
12085 9798114.53
12086 9765436.87
12087 9735386.03
12088 9707456.20
12089 9680464.20
12090 9654125.37
12091 9629570.20
12092 9607096.37
12093 9585640.20
12094 9565431.37
12095 9546404.03
12096 11667467.70
12097 6635267.83
12098 6615475.17
12099 6596576.00
12100 6578858.00
12101 6562423.67
12102 6547342.17
12103 6534513.33
12104 6524046.67
12105 6515154.50
12106 6508110.42
12107 6503509.58
12108 6500963.00
12109 6499768.17
12110 6499963.00
12111 6501900.67
12112 6505650.00
12113 6510746.83
12114 6517150.67
12115 6525715.17
12116 6537212.17
12117 6551291.83
12118 6567151.00
12119 6584476.83
12120 6603127.33
12121 6622963.33
12122 6643911.67
12123 6666005.33
12124 9930195.92
12125 4720817.25
12126 4703531.92
12127 4687370.75
12128 4672902.58
12129 4660209.75
12130 4649316.75
12131 4640485.75
12132 4633115.92
12133 4626701.58
12134 4621516.92
12135 4617550.92
12136 4614618.08
12137 4612883.25
12138 4612826.58
12139 4614424.25
12140 4617400.75
12141 4622350.25
12142 4629515.75
12143 4638348.58
12144 4648249.58
12145 4658928.42
12146 4670805.92
12147 4684677.08
12148 4700993.08
12149 4719533.75
12150 4740253.58
12151 4764153.25
12152 4790483.75
12153 4817849.08
12154 4846299.08
12155 4875549.58
12156 6364753.58
12157 2187755.83
12158 2151217.83
12159 2115982.83
12160 2082319.67
12161 2049993.00
12162 2018990.33
12163 1989700.17
12164 1961994.67
12165 1935292.00
12166 1909331.50
12167 1884099.00
12168 1859597.33
12169 1836043.17
12170 1813654.67
12171 1792763.00
12172 1773393.67
12173 1755082.33
12174 1737936.17
12175 1723038.67
12176 1710747.00
12177 1700112.75
12178 1690703.17
12179 1682614.83
12180 1676065.25
12181 1674419.67
12182 1677575.50
12183 1682191.50
12184 1688149.08
12185 1696312.00
12186 1707843.58
12187 1722394.83
12188 1738532.17
12189 1755620.67
12190 1773779.50
12191 1793233.50
12192 1813983.50
12193 1835578.83
12194 1858160.33
12195 1882287.17
12196 1907944.83
12197 1934921.67
12198 1963425.83
12199 1993528.17
12200 2024715.00
12201 2056462.00
12202 2088698.67
12203 2121468.33
12204 2154827.83
12205 2188680.17
12206 2222906.83
12207 2257951.67
12208 2294237.83
12209 2331348.83
12210 2369027.17
12211 2407448.50
12212 2446670.00
12213 2486519.00
12214 2526989.00
12215 2568408.50
12216 2610522.83
12217 2653049.50
12218 2695919.08
12219 2739090.00
12220 2782765.67
12221 2826858.17
12222 2871241.50
12223 2916082.33
12224 2961886.67
12225 3008558.33
12226 3055457.33
12227 3102517.83
12228 9366289.10
12229 6503244.43
12230 6461573.77
12231 6421264.60
12232 6382644.93
12233 6345431.60
12234 6309262.60
12235 6273786.77
12236 6238815.27
12237 6204224.10
12238 6170374.27
12239 6138905.77
12240 6109700.10
12241 6082050.10
12242 6057517.60
12243 6036347.10
12244 6017435.27
12245 6000180.60
12246 5984842.35
12247 5971295.77
12248 5958741.43
12249 5947725.77
12250 5938733.43
12251 5931043.93
12252 5924231.10
12253 5918407.77
12254 5913973.43
12255 5911030.10
12256 5910285.27
12257 5911564.10
12258 5914066.43
12259 5918105.10
12260 5923519.93
12261 5930265.10
12262 5938158.10
12263 5946730.18
12264 5956001.27
12265 5965978.77
12266 5976761.60
12267 5988825.77
12268 6002124.27
12269 6016707.43
12270 9522403.07
12271 5769221.97
12272 5762803.63
12273 5757529.97
12274 5753399.55
12275 5750621.47
12276 5749157.30
12277 5748781.30
12278 5749894.30
12279 5752592.63
12280 5756579.80
12281 5761782.80
12282 5768830.63
12283 5778019.13
12284 5788566.97
12285 5800188.47
12286 5812950.97
12287 5826845.80
12288 5841928.13
12289 5859666.13
12290 5879844.30
12291 5903348.30
12292 5930363.63
12293 5958242.47
12294 5986837.13
12295 6016288.30
12296 6046826.30
12297 6078173.47
12298 13195774.98
12299 8997534.72
12300 8983937.88
12301 8971614.55
12302 8960343.72
12303 8950158.55
12304 8941495.05
12305 8934469.88
12306 8929215.88
12307 8927182.55
12308 8928041.88
12309 8930862.55
12310 8935493.22
12311 8941260.13
12312 8948489.05
12313 8957840.80
12314 8969148.13
12315 8982360.88
12316 8997873.05
12317 9015073.22
12318 9033625.22
12319 9053589.55
12320 9074765.72
12321 9096957.38
12322 9120342.88
12323 9145108.38
12324 9171070.72
12325 9198370.22
12326 9226865.05
12327 9256178.38
12328 9286325.97
12329 9317286.88
12330 9349055.88
12331 26517858.70
12332 20227765.10
12333 20224778.10
12334 20222761.77
12335 20223168.43
12336 20226237.93
12337 20231316.77
12338 20238198.77
12339 20247072.43
12340 27612332.97
12341 14923783.25
12342 14902978.58
12343 14883164.25
12344 14864511.92
12345 14847624.42
12346 14832671.75
12347 14819598.58
12348 14808734.58
12349 14799649.25
12350 14791840.75
12351 14785436.92
12352 14780423.75
12353 14776708.42
12354 14774288.42
12355 14773317.08
12356 14774161.25
12357 14778301.50
12358 14787132.25
12359 14799129.75
12360 14812165.92
12361 14825925.42
12362 14840510.42
12363 14855857.08
12364 14872148.42
12365 14889740.58
12366 20489099.32
12367 7052407.17
12368 7007315.17
12369 6962446.50
12370 6917882.33
12371 6873522.33
12372 6829262.33
12373 6785173.83
12374 6741284.50
12375 6697569.50
12376 6654025.33
12377 6610773.50
12378 6568224.00
12379 6526580.67
12380 6485728.83
12381 6445372.00
12382 6405384.33
12383 6365917.83
12384 6327037.83
12385 6288728.00
12386 6250964.33
12387 6214168.08
12388 6179035.03
12389 6146431.57
12390 6116148.40
12391 6087624.40
12392 6060562.07
12393 6034682.73
12394 6010247.23
12395 5986912.40
12396 5964740.57
12397 5944027.40
12398 5924554.15
12399 5906462.73
12400 5889878.23
12401 5874408.07
12402 5860949.73
12403 5850150.90
12404 5841157.23
12405 5833712.73
12406 5827642.07
12407 5822801.57
12408 5819758.07
12409 5818587.90
12410 5819573.23
12411 9715060.87
12412 7694656.55
12413 7656305.72
12414 7619307.63
12415 7583223.55
12416 7547767.72
12417 7512808.88
12418 7478544.05
12419 7445497.05
12420 7413566.55
12421 7382470.72
12422 7351999.72
12423 7322227.88
12424 7293350.05
12425 7265316.55
12426 7237992.55
12427 7211247.55
12428 7185206.72
12429 7159834.88
12430 7135210.88
12431 7111541.55
12432 7089033.88
12433 7067636.55
12434 7047240.38
12435 7028140.88
12436 7010618.55
12437 6994865.55
12438 6980689.05
12439 6968472.88
12440 6958420.72
12441 6950388.05
12442 6944714.72
12443 8637410.13
12444 3269616.92
12445 3222724.25
12446 3175945.58
12447 3129251.58
12448 3082617.58
12449 3036078.92
12450 2989703.25
12451 2943520.58
12452 2897562.92
12453 2851796.92
12454 2806140.42
12455 2760678.75
12456 2715811.58
12457 2671473.08
12458 2627266.08
12459 2583237.42
12460 2539553.08
12461 2496248.42
12462 2453232.92
12463 2410533.50
12464 2368231.42
12465 2326519.08
12466 2285321.92
12467 2244451.75
12468 2203944.25
12469 2163729.75
12470 2123795.42
12471 2084327.58
12472 2045426.25
12473 2006987.42
12474 1969039.08
12475 1931560.25
12476 1894531.75
12477 1858210.25
12478 1823151.58
12479 1789552.42
12480 1757275.75
12481 1726478.42
12482 1696776.42
12483 1667755.25
12484 1639492.25
12485 1611922.92
12486 1584906.75
12487 1558838.42
12488 1534261.58
12489 1511327.25
12490 1489975.33
12491 1469698.75
12492 1450413.75
12493 1432901.08
12494 1417304.42
12495 1403066.42
12496 1389927.08
12497 1377959.75
12498 1367128.58
12499 1357214.58
12500 1348838.58
12501 1342116.25
12502 1336848.58
12503 1333123.92
12504 1331252.42
12505 1331243.92
12506 1332781.42
12507 1335863.58
12508 1340459.92
12509 1346587.92
12510 1355348.25
12511 1367114.92
12512 1380410.92
12513 1394762.75
12514 1410284.25
12515 1427062.08
12516 1445100.92
12517 1464247.67
12518 1484431.58
12519 1505653.08
12520 1528151.42
12521 1552318.75
12522 1577963.25
12523 1604549.08
12524 1632067.08
12525 1660562.58
12526 1690261.92
12527 1721246.92
12528 1753128.92
12529 1785806.75
12530 1819382.92
12531 1853855.25
12532 1889307.92
12533 1925607.08
12534 1962353.08
12535 1999433.08
12536 2036959.08
12537 2075422.25
12538 2115038.75
12539 2155416.08
12540 2196379.75
12541 2238149.92
12542 2280498.25
12543 2323043.92
12544 2365795.42
12545 2408767.75
12546 2452042.58
12547 2495831.92
12548 2539978.75
12549 2584294.08
12550 2628803.08
12551 2673556.75
12552 2718602.42
12553 2763870.92
12554 2809327.25
12555 2854921.58
12556 2900595.92
12557 2946429.25
12558 2992474.08
12559 3038698.42
12560 3085073.92
12561 3131582.58
12562 3178393.92
12563 3225547.08
12564 3272832.42
12565 3320165.75
12566 7795883.93
12567 7389884.18
12568 7428348.02
12569 7467430.35
12570 7507037.68
12571 7547096.35
12572 7587724.18
12573 7629022.35
12574 7671007.52
12575 7713820.85
12576 7757581.02
12577 7801832.52
12578 7846199.52
12579 7890679.35
12580 7935252.68
12581 7979910.02
12582 8024839.85
12583 8070038.18
12584 8115312.52
12585 8160727.02
12586 8206297.02
12587 8251954.35
12588 14549901.17
12589 8989737.93
12590 8973849.93
12591 8960009.27
12592 8948274.93
12593 8938054.60
12594 8928988.93
12595 8921260.77
12596 8914880.27
12597 8909584.27
12598 8905344.77
12599 8902447.10
12600 8900787.93
12601 8900046.27
12602 8900310.93
12603 8901775.93
12604 8904379.27
12605 11134933.00
12606 3986027.22
12607 3937572.22
12608 3889133.22
12609 3840710.22
12610 3792303.22
12611 3743921.22
12612 3695581.72
12613 3647339.22
12614 3599181.72
12615 3551066.72
12616 3503020.72
12617 3455089.72
12618 3407253.22
12619 3359530.55
12620 3311986.22
12621 3264558.55
12622 3217183.55
12623 3169893.55
12624 3122692.55
12625 3075537.55
12626 3028429.05
12627 2981649.05
12628 2935205.05
12629 2888825.05
12630 2842509.05
12631 2796257.05
12632 2750069.05
12633 2703945.05
12634 2658016.97
12635 2612491.88
12636 2567323.55
12637 2522376.55
12638 2477605.88
12639 2432978.88
12640 2388497.88
12641 2344297.88
12642 2300447.55
12643 2257043.22
12644 2214228.22
12645 2171799.72
12646 2129612.22
12647 2087662.05
12648 2046010.25
12649 2004800.37
12650 1964025.03
12651 1923967.87
12652 1884803.03
12653 1846153.53
12654 1808177.70
12655 1771618.20
12656 1736836.70
12657 1703182.37
12658 1670458.12
12659 1638798.95
12660 1607831.62
12661 1577703.62
12662 1548561.78
12663 1521165.12
12664 1495701.95
12665 1471221.62
12666 1447589.45
12667 1425148.45
12668 1405056.78
12669 1387456.28
12670 1371253.12
12671 1356198.45
12672 1342180.95
12673 1329578.28
12674 1318536.95
12675 1309111.95
12676 1301487.12
12677 1295360.28
12678 1290828.62
12679 1288047.95
12680 1287204.95
12681 1288643.28
12682 1291975.78
12683 1296833.45
12684 1303082.62
12685 1310569.28
12686 1319151.12
12687 1329118.28
12688 1341325.12
12689 1355684.28
12690 1371469.45
12691 1388443.62
12692 1407413.12
12693 1428663.12
12694 1451731.45
12695 1476183.95
12696 1501611.78
12697 1528473.78
12698 1557095.12
12699 1587007.28
12700 1617828.62
12701 1649292.12
12702 1681589.95
12703 1714961.12
12704 1749312.45
12705 1784993.45
12706 1821883.62
12707 1859410.12
12708 1897356.45
12709 1935850.62
12710 1975001.95
12711 2014987.95
12712 2055745.95
12713 2096944.28
12714 2138487.45
12715 2180256.28
12716 2222436.78
12717 2265124.62
12718 2308077.78
12719 2351294.28
12720 2394861.45
12721 2438702.78
12722 2482731.95
12723 2527014.62
12724 2571601.45
12725 2616374.78
12726 2661241.45
12727 2706200.12
12728 2751291.28
12729 2796575.95
12730 2842045.28
12731 2887663.62
12732 2933410.78
12733 2979432.78
12734 3025880.78
12735 3072565.45
12736 3119306.12
12737 8809039.35
12738 6591650.82
12739 6575324.15
12740 6560436.32
12741 6547264.48
12742 6535688.98
12743 6525799.32
12744 6517192.15
12745 6509875.98
12746 6504125.32
12747 6499804.98
12748 6496820.32
12749 6495264.48
12750 6495086.65
12751 6495947.32
12752 6498040.07
12753 6501774.40
12754 6507206.57
12755 6514462.23
12756 6523287.73
12757 6533147.90
12758 6543958.23
12759 6556086.23
12760 6569611.40
12761 6584457.07
12762 6600795.57
12763 6619103.65
12764 6639467.15
12765 6661408.65
12766 6684738.48
12767 6709846.32
12768 6736314.98
12769 6763317.65
12770 6790848.82
12771 6818991.32
12772 6847949.23
12773 6878054.57
12774 6909403.15
12775 6941847.65
12776 6975363.15
12777 7010812.23
12778 7048030.07
12779 7085971.82
12780 7124596.32
12781 7163798.82
12782 7203370.65
12783 7243255.82
12784 7283414.48
12785 7323792.98
12786 7364410.48
12787 7405741.98
12788 7448151.98
12789 7491133.98
12790 7534350.82
12791 7578136.82
12792 7622651.98
12793 7667533.98
12794 7712517.65
12795 7757692.98
12796 7803125.82
12797 7848740.98
12798 7894456.98
12799 7940254.15
12800 7986134.82
12801 8032145.32
12802 8078277.32
12803 11861403.48
12804 4257479.67
12805 4211551.67
12806 4165706.17
12807 4119978.17
12808 4074355.17
12809 4028804.17
12810 3983325.17
12811 3937985.17
12812 3892820.17
12813 3847773.67
12814 3802821.17
12815 3757965.00
12816 3713236.33
12817 3668664.83
12818 3624213.83
12819 3579877.33
12820 3535716.83
12821 3491757.17
12822 3448339.33
12823 3405932.67
12824 3364250.00
12825 3323024.33
12826 3282303.33
12827 3241928.67
12828 3201906.50
12829 3162350.83
12830 3123643.17
12831 3086170.17
12832 3049706.67
12833 3013808.17
12834 2978465.00
12835 2943762.25
12836 2909685.33
12837 2876441.17
12838 2844109.67
12839 2812579.17
12840 2781736.67
12841 2751652.50
12842 2722379.33
12843 2694053.17
12844 2666650.83
12845 2640441.83
12846 2616124.33
12847 2593394.17
12848 2571913.67
12849 2552095.67
12850 2534114.33
12851 2517504.17
12852 2501871.00
12853 2487820.92
12854 2475880.50
12855 2465473.17
12856 2457179.67
12857 2451166.17
12858 2446258.67
12859 2442350.67
12860 2439650.67
12861 2438277.17
12862 2438497.67
12863 2440527.58
12864 2445378.67
12865 2452658.67
12866 2461419.67
12867 2471601.83
12868 2482927.83
12869 2495725.50
12870 2509746.17
12871 2524694.33
12872 2541307.17
12873 2560181.33
12874 2580965.00
12875 2603199.83
12876 2627017.67
12877 2652730.67
12878 2679662.33
12879 2707607.50
12880 2737236.00
12881 2768251.25
12882 2800284.17
12883 2833235.83
12884 2867016.33
12885 2901968.67
12886 2938147.00
12887 2975621.17
12888 3014197.67
12889 3053223.67
12890 3092452.67
12891 3131867.67
12892 8206162.60
12893 5642381.93
12894 5604734.77
12895 5567794.77
12896 5531794.77
12897 5496823.60
12898 5462805.77
12899 5429729.43
12900 5397846.43
12901 5367352.43
12902 5338414.93
12903 5311158.77
12904 5285704.77
12905 5262231.60
12906 5240344.60
12907 5219436.27
12908 5199317.43
12909 5180294.27
12910 5162743.27
12911 5146879.27
12912 5133181.10
12913 5121608.27
12914 5112311.35
12915 5106198.33
12916 5102898.07
12917 5101641.90
12918 5101938.90
12919 5103466.40
12920 5106821.40
12921 5112813.40
12922 5121860.90
12923 5133038.73
12924 5145123.73
12925 5158007.90
12926 5172344.90
12927 5188165.40
12928 5204975.73
12929 5222817.23
12930 5242028.57
12931 9739551.22
12932 7171887.73
12933 7140313.73
12934 7109369.73
12935 7079404.90
12936 7050363.73
12937 7022355.73
12938 6995729.57
12939 6970371.40
12940 6946349.57
12941 6924058.90
12942 6903718.57
12943 6885013.23
12944 6867712.57
12945 8321436.48
12946 4575675.40
12947 4526080.40
12948 4476485.40
12949 4426890.40
12950 4377295.40
12951 4327700.40
12952 4278105.40
12953 4228510.40
12954 4178915.40
12955 4129320.40
12956 4079725.40
12957 4030130.40
12958 3980535.40
12959 3930940.40
12960 3881411.90
12961 3831951.90
12962 3782495.90
12963 3733043.90
12964 3683595.90
12965 3634151.90
12966 3584711.90
12967 3535275.90
12968 3485843.90
12969 3436415.90
12970 3387089.90
12971 3337935.40
12972 3288858.40
12973 3239815.73
12974 3190831.57
12975 3141885.57
12976 3092955.57
12977 3044055.07
12978 2995246.07
12979 2946564.57
12980 2897987.90
12981 2849551.57
12982 2801264.90
12983 2753063.90
12984 2704950.90
12985 2657194.90
12986 2609978.90
12987 2563028.90
12988 2516150.73
12989 2469386.57
12990 2422750.57
12991 2376204.57
12992 2329839.07
12993 2283763.07
12994 2237934.90
12995 2192271.57
12996 2146726.23
12997 2101332.07
12998 2056148.57
12999 2011253.57
13000 1966719.40
13001 1922674.73
13002 1879177.07
13003 1836122.23
13004 1793687.40
13005 1752116.73
13006 1711680.23
13007 1672752.73
13008 1635025.23
13009 1597824.07
13010 1561076.15
13011 1524946.73
13012 1489420.40
13013 1454571.73
13014 1420607.07
13015 1387567.23
13016 1355461.73
13017 1324525.73
13018 1295161.98
13019 1267586.40
13020 1241232.40
13021 1215910.07
13022 1192832.23
13023 1172006.23
13024 1152627.57
13025 1135271.07
13026 1119795.90
13027 1105530.90
13028 1092722.40
13029 1081351.73
13030 1071195.23
13031 1062323.73
13032 1054702.07
13033 1048241.07
13034 1042838.57
13035 1038303.23
13036 1035053.23
13037 1034123.48
13038 1035718.07
13039 1038976.23
13040 1043522.90
13041 1049515.23
13042 1056653.07
13043 1064882.40
13044 1074418.98
13045 1085424.57
13046 1097899.57
13047 1111994.90
13048 1127574.40
13049 1144055.90
13050 1161254.07
13051 1180088.40
13052 1200931.40
13053 1223571.57
13054 1247885.90
13055 1273184.07
13056 1299311.23
13057 1326363.07
13058 1354478.23
13059 1383825.23
13060 1414154.17
13061 1445183.27
13062 1476933.10
13063 1509657.02
13064 1543613.10
13065 1578517.43
13066 1614205.60
13067 1650726.27
13068 1687811.27
13069 1725438.43
13070 1763921.43
13071 1803246.60
13072 1843154.27
13073 1883525.93
13074 1924302.93
13075 1965508.77
13076 2007043.10
13077 2048725.43
13078 2090676.27
13079 2133124.60
13080 2176137.18
13081 2219721.10
13082 2263719.60
13083 2307951.77
13084 2352442.60
13085 2397277.43
13086 2442580.77
13087 2488250.10
13088 2534134.93
13089 2580165.43
13090 2626286.93
13091 2672536.35
13092 2718939.27
13093 2765502.27
13094 2812288.43
13095 2859312.43
13096 2906458.77
13097 2953649.10
13098 3000883.43
13099 3048161.77
13100 3095484.10
13101 3142924.93
13102 3190482.27
13103 3238079.60
13104 3285716.93
13105 3333394.27
13106 3381111.60
13107 3428868.93
13108 3476666.27
13109 3524505.60
13110 3572403.93
13111 3620390.27
13112 3668476.10
13113 3716640.93
13114 3764852.27
13115 3813095.60
13116 3861373.43
13117 3909726.27
13118 3958273.68
13119 4007091.93
13120 4056050.93
13121 4105025.93
13122 4154016.93
13123 4203023.93
13124 4252046.93
13125 4301096.93
13126 4350171.93
13127 4399258.93
13128 4448357.93
13129 4497468.93
13130 4546593.60
13131 4595746.93
13132 4644939.60
13133 4694154.60
13134 4743377.60
13135 4792608.60
13136 4841847.60
13137 4891094.60
13138 4940349.60
13139 4989612.60
13140 5038883.60
13141 5088162.60
13142 5137449.60
13143 5186744.60
13144 5236047.60
13145 5285358.60
13146 5334677.60
13147 5384031.60
13148 5433521.60
13149 5483116.60
13150 5532711.60
13151 5582306.60
13152 5631901.60
13153 5681496.60
13154 5731091.60
13155 5780686.60
13156 5830281.60
13157 5879876.60
13158 5929471.60
13159 5979066.60
13160 6028661.60
13161 6078256.60
13162 10544275.28
13163 9003227.72
13164 9028687.38
13165 9055013.22
13166 9082240.88
13167 9110698.38
13168 9140421.05
13169 9171332.72
13170 9203386.13
13171 9236392.05
13172 18857120.88
13173 13334051.03
13174 13321407.37
13175 13311138.37
13176 13303472.20
13177 13297703.53
13178 13293596.20
13179 13291733.03
13180 13292082.53
13181 13293767.70
13182 13296281.37
13183 13300193.03
13184 13306367.37
13185 16488416.90
13186 7156757.23
13187 7125818.07
13188 7095969.07
13189 7067765.73
13190 7041434.90
13191 7016218.90
13192 6991889.23
13193 6968809.07
13194 6947292.73
13195 6927131.23
13196 6907962.57
13197 6889733.57
13198 6872897.40
13199 6857415.57
13200 6843004.90
13201 6829600.57
13202 6817004.90
13203 6805236.90
13204 6794373.40
13205 6785122.07
13206 6778476.73
13207 6773661.23
13208 6769619.90
13209 8553267.43
13210 5501788.93
13211 5476711.60
13212 5452293.43
13213 5428711.10
13214 5406300.10
13215 5389445.43
13216 5379387.27
13217 5372602.93
13218 5367666.27
13219 5363646.60
13220 5360722.60
13221 5359674.10
13222 5360809.60
13223 5363507.77
13224 5367359.77
13225 5372942.43
13226 5380175.77
13227 5388463.43
13228 5398493.43
13229 5410217.27
13230 5423167.93
13231 5437547.43
13232 5453798.35
13233 5472337.93
13234 5492491.77
13235 11706442.05
13236 8641984.87
13237 8617460.87
13238 8595777.45
13239 8576504.20
13240 8558797.37
13241 8541983.20
13242 8526636.45
13243 8513202.87
13244 8501463.03
13245 8491514.20
13246 8484406.87
13247 8479820.87
13248 8476585.37
13249 10583851.28
13250 6565338.53
13251 6549627.70
13252 6535919.53
13253 6523420.03
13254 6512457.70
13255 6503636.70
13256 6497078.03
13257 6492517.53
13258 6489583.20
13259 6488080.70
13260 6487412.20
13261 6487752.20
13262 6489261.70
13263 6491916.37
13264 6496497.37
13265 6503701.37
13266 6513053.20
13267 6524058.20
13268 6536865.20
13269 6551749.53
13270 12643823.45
13271 9371829.12
13272 9383682.62
13273 9397039.45
13274 9411253.78
13275 9426344.95
13276 9442392.95
13277 9459382.12
13278 9477538.45
13279 9496851.95
13280 9517393.78
13281 9539348.12
13282 9562666.12
13283 9587552.37
13284 9614272.12
13285 9642903.95
13286 9673190.95
13287 9704918.45
13288 9737751.78
13289 9771613.70
13290 9806897.28
13291 9843583.45
13292 9881479.78
13293 9920120.45
13294 9959405.95
13295 10000238.62
13296 10042519.95
13297 10085424.78
13298 10128711.95
13299 10172292.12
13300 10216109.12
13301 10260367.87
13302 10305399.28
13303 10350862.28
13304 10396399.28
13305 10442010.28
13306 10487695.28
13307 10533490.78
13308 10579427.45
13309 10625515.45
13310 10671775.95
13311 10718206.12
13312 10764769.62
13313 10811442.45
13314 10858282.28
13315 10905309.78
13316 10952436.78
13317 10999607.78
13318 11046822.78
13319 11094159.28
13320 11141634.28
13321 11189204.78
13322 11236875.28
13323 11284618.28
13324 53611472.75
13325 46186246.55
13326 46181632.88
13327 46178264.72
13328 46176460.88
13329 46176357.97
13330 46178093.05
13331 46181116.38
13332 46184986.88
13333 46916118.22
13334 1069364.62
13335 1019420.62
13336 969476.62
13337 919532.62
13338 869588.62
13339 819644.62
13340 769700.62
13341 719756.62
13342 669812.62
13343 619868.62
13344 569924.62
13345 519980.62
13346 470036.62
13347 420092.62
13348 370148.62
13349 320204.62
13350 270260.62
13351 231037.57
13352 214126.35
13353 209740.18
13354 206694.85
13355 204937.77
13356 205018.68
13357 206800.52
13358 210146.68
13359 214738.35
13360 221048.52
13361 239865.20
13362 279852.38
13363 329796.38
13364 379740.38
13365 429684.38
13366 479628.38
13367 529572.38
13368 579516.38
13369 629460.38
13370 679404.38
13371 729348.38
13372 779292.38
13373 829236.38
13374 879180.38
13375 929124.38
13376 979068.38
13377 1029012.38
13378 1078956.38
13379 50457594.40
13380 50090546.42
13381 50101258.92
13382 50113303.08
13383 65364445.68
13384 24163139.48
13385 24126839.32
13386 24091144.15
13387 24056138.82
13388 24021928.32
13389 23988420.65
13390 23955618.15
13391 23924396.32
13392 23895209.65
13393 23867347.32
13394 23840946.32
13395 23816034.82
13396 23792425.32
13397 23770624.65
13398 23750423.48
13399 23731174.98
13400 23713197.48
13401 23696830.32
13402 23681673.98
13403 23667468.98
13404 23654281.48
13405 23642567.40
13406 23632342.23
13407 23624491.32
13408 23619217.82
13409 23615335.82
13410 23612708.15
13411 23611398.48
13412 23611228.82
13413 23612303.32
13414 23614937.82
13415 23619547.48
13416 23626526.32
13417 23635514.15
13418 34463544.35
13419 18632518.00
13420 18610965.00
13421 18590506.83
13422 18571760.17
13423 18554757.83
13424 18539555.33
13425 18525955.00
13426 18513326.00
13427 18501713.83
13428 18491677.83
13429 18483202.33
13430 18475617.17
13431 18468684.17
13432 18462667.25
13433 18457953.83
13434 18455205.50
13435 18454090.50
13436 18453884.17
13437 18456295.33
13438 18461403.00
13439 18467606.33
13440 18474908.50
13441 18483204.50
13442 18492650.83
13443 18503772.17
13444 22090364.92
13445 5608126.42
13446 5558593.42
13447 5509064.42
13448 5459539.42
13449 5410018.42
13450 5360501.42
13451 5310988.42
13452 5261479.42
13453 5211974.42
13454 5162473.42
13455 5112976.42
13456 5063483.42
13457 5013994.42
13458 4964509.42
13459 4915028.42
13460 4865551.42
13461 4816078.42
13462 4766609.42
13463 4717144.42
13464 4667683.42
13465 4618226.42
13466 4568773.42
13467 4519336.92
13468 4469938.92
13469 4420577.42
13470 4371232.42
13471 4321895.42
13472 4272566.42
13473 4223245.42
13474 4173932.42
13475 4124627.42
13476 4075330.42
13477 4026041.42
13478 3976760.42
13479 3927487.42
13480 3878222.42
13481 3828965.42
13482 3779716.42
13483 3730475.42
13484 3681242.42
13485 3632017.42
13486 3582845.42
13487 3533762.92
13488 3484726.92
13489 3435702.92
13490 3386690.92
13491 3337690.92
13492 3288714.42
13493 3239784.92
13494 3191106.75
13495 3142717.42
13496 3094439.25
13497 3046223.25
13498 2998043.25
13499 2949915.25
13500 2901929.08
13501 2854137.42
13502 2806510.42
13503 2759020.42
13504 2711629.42
13505 2664344.92
13506 2617200.92
13507 2570175.92
13508 2523261.42
13509 2476483.42
13510 2429815.42
13511 2383251.92
13512 2336859.92
13513 2290642.92
13514 2244708.25
13515 2199406.50
13516 2154775.58
13517 2110583.42
13518 2066718.92
13519 2023194.75
13520 1980108.58
13521 1937752.25
13522 1895976.92
13523 1854410.58
13524 1813048.25
13525 1772124.92
13526 1731781.42
13527 1692126.92
13528 1653398.75
13529 1615473.08
13530 1578021.25
13531 1541170.42
13532 1505413.75
13533 1470868.33
13534 1437516.25
13535 1405009.25
13536 1373219.58
13537 1342435.25
13538 1312525.08
13539 1283255.92
13540 1254485.42
13541 1226696.25
13542 1200255.08
13543 1175089.92
13544 1151273.08
13545 1128398.92
13546 1106380.58
13547 1085739.08
13548 1066935.00
13549 1049960.42
13550 1034346.92
13551 1020094.75
13552 1007365.08
13553 996033.08
13554 986708.08
13555 980142.25
13556 976125.25
13557 974024.58
13558 973529.75
13559 974609.75
13560 976783.58
13561 979808.75
13562 984246.75
13563 990922.25
13564 1000404.83
13565 1012257.50
13566 1025655.08
13567 1040153.75
13568 1056198.08
13569 1074017.75
13570 1093791.75
13571 1115833.75
13572 1139658.92
13573 1164974.25
13574 1191507.25
13575 1218932.42
13576 1247107.92
13577 1275898.25
13578 1305268.42
13579 1335351.08
13580 1366302.08
13581 1398304.25
13582 1431336.42
13583 1465144.25
13584 1499764.50
13585 1535690.42
13586 1572748.08
13587 1610412.25
13588 1648703.08
13589 1687667.92
13590 1727200.75
13591 1767162.92
13592 1807555.75
13593 1848564.58
13594 1890634.75
13595 1933971.92
13596 1977988.58
13597 2022255.75
13598 2066831.75
13599 2111744.92
13600 2157032.92
13601 2202598.25
13602 2248317.75
13603 2294176.58
13604 2340208.75
13605 2386407.08
13606 2432731.75
13607 2479199.42
13608 2525895.92
13609 2572831.42
13610 2620222.42
13611 2668045.92
13612 2715969.92
13613 2763941.92
13614 2811961.92
13615 4648826.58
13616 2714791.25
13617 2700567.33
13618 2688125.08
13619 2677798.42
13620 2669942.08
13621 2664066.08
13622 2659492.42
13623 2656486.92
13624 2654619.42
13625 2653728.17
13626 2654722.75
13627 2657558.92
13628 2662220.08
13629 2668818.08
13630 2676800.58
13631 2685926.58
13632 2695975.92
13633 2707444.08
13634 2720673.92
13635 2735823.58
13636 2753039.92
13637 2771539.42
13638 2791248.25
13639 2813364.58
13640 2837967.58
13641 2863974.58
13642 2890983.58
13643 2918808.58
13644 2947360.75
13645 2976676.42
13646 3006891.75
13647 3038168.58
13648 3070537.25
13649 3103842.08
13650 3137911.08
13651 3172714.75
13652 3208137.42
13653 3244104.75
13654 3280520.92
13655 3317334.42
13656 3354908.08
13657 3393353.08
13658 3432567.25
13659 3472509.08
13660 3512908.42
13661 3554049.92
13662 3595928.25
13663 3638171.92
13664 3680772.42
13665 3723622.58
13666 3766908.08
13667 3810618.42
13668 3854727.42
13669 3899352.08
13670 3944217.92
13671 3989209.75
13672 4034318.42
13673 4079520.42
13674 4124806.42
13675 4170315.42
13676 4216100.58
13677 4262079.25
13678 4308188.25
13679 4354418.25
13680 4400916.75
13681 4447667.92
13682 4494562.25
13683 4541550.58
13684 4588633.92
13685 11617759.65
13686 9624924.23
13687 9628407.90
13688 9632851.73
13689 9638699.73
13690 9646510.07
13691 9656449.23
13692 9668117.07
13693 9681504.98
13694 9697136.90
13695 9715067.90
13696 9734432.07
13697 9754632.57
13698 9776222.98
13699 9800159.90
13700 9826376.90
13701 9854046.73
13702 11266959.92
13703 1882661.00
13704 1834416.00
13705 1786211.00
13706 1738046.00
13707 1689921.00
13708 1641836.00
13709 1593819.17
13710 1545917.83
13711 1498426.17
13712 1451740.33
13713 1406302.67
13714 1361885.83
13715 1317993.50
13716 1276687.75
13717 1240288.42
13718 1206914.00
13719 1174647.92
13720 1143953.92
13721 1115486.00
13722 1090789.67
13723 1069567.33
13724 1050039.83
13725 1031748.17
13726 1015371.67
13727 1000740.17
13728 987260.58
13729 975740.50
13730 966177.92
13731 958102.50
13732 951551.17
13733 947126.92
13734 945269.83
13735 945417.17
13736 947666.00
13737 952807.33
13738 960030.67
13739 968326.33
13740 978132.83
13741 989422.33
13742 1001683.67
13743 1014918.83
13744 1030084.83
13745 1047450.75
13746 1066131.67
13747 1086778.67
13748 1109391.33
13749 1133131.83
13750 1158795.33
13751 1186303.67
13752 1214965.50
13753 1244788.83
13754 1275712.00
13755 1308029.00
13756 1341693.17
13757 1376900.83
13758 1413711.67
13759 1451318.33
13760 1489727.00
13761 1529215.83
13762 1569337.33
13763 1609942.83
13764 1651110.33
13765 1692659.83
13766 1734523.83
13767 1776659.83
13768 1819081.83
13769 1861865.83
13770 1904939.83
13771 1948420.50
13772 1993167.67
13773 2038932.83
13774 2085058.83
13775 4864608.45
13776 2930983.45
13777 2894174.95
13778 2858332.62
13779 2823267.95
13780 2788632.28
13781 2755434.95
13782 2725193.12
13783 2697943.62
13784 2673493.62
13785 2651352.62
13786 2631873.28
13787 2617237.62
13788 2605999.12
13789 2596052.28
13790 2587904.78
13791 2581378.28
13792 2577099.28
13793 2575500.45
13794 2576044.78
13795 2578490.78
13796 2583461.12
13797 2591045.87
13798 2600459.95
13799 2611395.12
13800 2623562.12
13801 2636673.95
13802 2651057.28
13803 2667128.12
13804 2685351.45
13805 2705346.62
13806 2726303.28
13807 2749070.20
13808 2773512.12
13809 2798622.62
13810 2825000.12
13811 2852752.78
13812 2881559.95
13813 2911389.78
13814 2943131.95
13815 2976556.62
13816 3010424.45
13817 3044777.28
13818 3079930.28
13819 3116114.95
13820 3153206.12
13821 3191249.78
13822 3230012.95
13823 3269279.62
13824 3309154.45
13825 6801175.95
13826 3708032.42
13827 3658915.42
13828 3609818.42
13829 3560741.42
13830 3511684.42
13831 3462647.42
13832 3413638.25
13833 3364750.75
13834 3316065.92
13835 3267493.92
13836 3218949.92
13837 3170433.92
13838 3121945.92
13839 3073485.92
13840 3025053.92
13841 2976649.92
13842 2928275.42
13843 2879964.92
13844 2831753.25
13845 2783761.92
13846 2735973.75
13847 2688246.25
13848 2640568.25
13849 2592934.25
13850 2545344.25
13851 2497906.75
13852 2450623.75
13853 2403388.75
13854 2356226.75
13855 2309176.58
13856 2262227.92
13857 2215561.75
13858 2169560.75
13859 2124374.92
13860 2079746.42
13861 2035334.42
13862 1991112.42
13863 1947225.67
13864 1903819.42
13865 1860887.75
13866 1818213.42
13867 1775680.92
13868 1734156.25
13869 1694535.42
13870 1656191.42
13871 1618731.25
13872 1582217.25
13873 1546460.75
13874 1511727.17
13875 1477892.75
13876 1444571.42
13877 1411825.25
13878 1379944.25
13879 1349084.75
13880 1319134.42
13881 1289899.75
13882 1261214.42
13883 1233096.58
13884 1205527.75
13885 1178750.42
13886 1153326.92
13887 1129137.75
13888 1105670.08
13889 1083065.92
13890 1061982.25
13891 1043622.42
13892 1027487.92
13893 1012398.75
13894 999114.92
13895 989423.75
13896 982967.75
13897 978220.08
13898 974953.58
13899 973220.25
13900 973170.75
13901 974450.25
13902 977314.58
13903 982311.42
13904 988977.75
13905 996586.25
13906 1005225.08
13907 1015025.25
13908 1026913.33
13909 1041989.75
13910 1059578.92
13911 1078850.33
13912 1099604.75
13913 1121773.42
13914 1145293.25
13915 1170595.25
13916 1197724.08
13917 1225881.58
13918 1254946.58
13919 1285160.25
13920 1316161.75
13921 1347978.42
13922 1381548.17
13923 1417098.08
13924 1453951.25
13925 1491592.42
13926 1530290.75
13927 1570177.58
13928 1611048.25
13929 1652706.92
13930 1694899.25
13931 1737636.92
13932 1780739.42
13933 1824005.42
13934 1867424.92
13935 1911115.58
13936 1955221.42
13937 1999702.58
13938 2044443.58
13939 2089377.08
13940 2134439.08
13941 2179677.58
13942 2225342.25
13943 2271390.42
13944 2317736.58
13945 2364388.42
13946 2411207.58
13947 6492825.17
13948 4415773.08
13949 4383130.58
13950 4351352.75
13951 4320343.67
13952 4290077.58
13953 4260335.25
13954 4231142.58
13955 4202706.92
13956 4175202.25
13957 4148596.58
13958 4123258.25
13959 4099342.92
13960 4076733.58
13961 4055595.08
13962 4035795.42
13963 4017177.58
13964 3999678.92
13965 3983867.25
13966 3970029.92
13967 3957660.42
13968 3946542.75
13969 3937647.08
13970 3931176.75
13971 3926535.75
13972 3923452.75
13973 3921615.92
13974 3920959.92
13975 3921562.92
13976 3924586.58
13977 3930171.92
13978 3937269.25
13979 3945477.08
13980 3954771.92
13981 3965810.42
13982 3979166.83
13983 3994344.42
13984 4010788.92
13985 4028196.92
13986 4047321.92
13987 4068973.25
13988 4092160.00
13989 6010056.25
13990 2347002.20
13991 2308762.87
13992 2271045.53
13993 2234415.70
13994 2198972.37
13995 2164282.87
13996 2130095.37
13997 2096389.03
13998 2063498.70
13999 2031822.37
14000 2004689.70
14001 1981987.53
14002 1960452.20
14003 1940604.87
14004 1922654.78
14005 1906760.45
14006 1894190.37
14007 1884951.03
14008 1877426.20
14009 1870719.70
14010 1865210.20
14011 1861760.20
14012 1860674.87
14013 1861769.03
14014 1864896.78
14015 1869837.37
14016 1876352.87
14017 1884289.03
14018 1893610.37
14019 1904340.20
14020 1916384.70
14021 1929662.03
14022 1944398.20
14023 1963027.55
14024 1987842.23
14025 2016537.48
14026 2046727.40
14027 2078032.07
14028 2110101.57
14029 2143313.48
14030 2177624.07
14031 2212719.57
14032 2248993.23
14033 2286748.98
14034 2325593.23
14035 2365085.23
14036 2405062.57
14037 2445349.90
14038 2485801.23
14039 2526416.57
14040 2567201.40
14041 2608657.90
14042 2651330.40
14043 2694732.23
14044 2738442.23
14045 2782440.23
14046 2826619.07
14047 2870949.40
14048 2915459.40
14049 2960227.40
14050 3005204.73
14051 3050305.07
14052 3095485.40
14053 3140759.07
14054 3186418.15
14055 3232449.90
14056 3278592.40
14057 3324873.40
14058 3371256.73
14059 3417708.07
14060 3464227.40
14061 3510814.73
14062 6632394.02
14063 3174600.53
14064 3127361.03
14065 3080340.95
14066 3033681.20
14067 2987351.03
14068 2941318.53
14069 2895541.37
14070 2849958.70
14071 2804501.70
14072 2759116.70
14073 2713803.70
14074 2668562.70
14075 2623393.70
14076 2578362.87
14077 2533579.37
14078 2490804.70
14079 2450293.20
14080 2410656.20
14081 2372078.70
14082 2334553.03
14083 2298116.12
14084 2263411.70
14085 2230244.20
14086 2197773.20
14087 2165947.70
14088 2134713.37
14089 2103915.20
14090 2073903.70
14091 2044928.95
14092 2016701.53
14093 1989846.37
14094 1965383.20
14095 1943980.37
14096 1924769.87
14097 1907289.70
14098 1893144.37
14099 1882255.70
14100 1873130.03
14101 1865472.20
14102 1859811.37
14103 1856183.20
14104 1854275.03
14105 1853652.53
14106 1853948.03
14107 1858080.53
14108 1866293.70
14109 1876340.87
14110 1888441.70
14111 1902142.53
14112 1917454.20
14113 1934265.53
14114 1952390.37
14115 1971626.87
14116 3839794.43
14117 2767166.73
14118 2763688.90
14119 2761178.65
14120 2760359.23
14121 2761439.23
14122 2764407.07
14123 2772901.40
14124 2786451.07
14125 2801239.73
14126 2818800.90
14127 2842315.73
14128 2870356.40
14129 2900717.73
14130 2933441.57
14131 2967416.57
14132 3002142.23
14133 3037297.57
14134 3073474.90
14135 3111198.23
14136 3149883.90
14137 3189360.07
14138 3229667.73
14139 3270662.73
14140 3312690.07
14141 3355572.07
14142 3399126.07
14143 3443415.57
14144 3488107.23
14145 3533100.73
14146 3578366.23
14147 3623739.73
14148 3669392.90
14149 3715377.57
14150 6549642.15
14151 2970485.08
14152 2926788.08
14153 2883814.58
14154 2841550.25
14155 2799729.92
14156 2758096.75
14157 2716729.58
14158 2675859.08
14159 2635561.58
14160 2595903.25
14161 2556975.75
14162 2518738.08
14163 2481350.58
14164 2444892.58
14165 2409212.42
14166 2374681.75
14167 2341856.42
14168 2310278.58
14169 2279243.42
14170 2248716.75
14171 2219072.92
14172 2190464.08
14173 2162850.25
14174 2136062.75
14175 2110041.92
14176 2085163.33
14177 2061722.08
14178 2039759.92
14179 2019097.75
14180 1999726.75
14181 1981737.25
14182 1965416.92
14183 1950912.67
14184 1938115.75
14185 1926798.08
14186 1917924.92
14187 1911671.58
14188 1906636.58
14189 1902627.75
14190 1899741.08
14191 1899072.42
14192 1900687.25
14193 1903453.42
14194 1907256.58
14195 1912278.42
14196 1918552.42
14197 1925702.75
14198 1933742.92
14199 1942976.25
14200 1953576.33
14201 1966089.75
14202 1981272.58
14203 1998561.08
14204 2016907.42
14205 2036539.75
14206 2058346.58
14207 2082213.17
14208 2107253.08
14209 2133579.92
14210 2161658.83
14211 2191860.75
14212 2224378.25
14213 2258598.08
14214 2294058.75
14215 2330330.25
14216 2367034.42
14217 2404136.25
14218 2441569.42
14219 2479391.75
14220 2517965.58
14221 2557212.75
14222 2597101.08
14223 2637878.42
14224 2679102.58
14225 2720629.08
14226 2762577.08
14227 2805042.25
14228 2847951.92
14229 2891064.42
14230 2934608.00
14231 2978620.75
14232 3022792.42
14233 3067048.08
14234 3111387.75
14235 3155832.42
14236 3200563.25
14237 3245604.42
14238 3290852.75
14239 3336391.08
14240 3382127.42
14241 11254893.10
14242 8198794.68
14243 8157788.52
14244 8117304.68
14245 8077417.35
14246 8038292.02
14247 7999858.77
14248 7962299.85
14249 7926202.35
14250 7891625.52
14251 7858423.68
14252 7826341.35
14253 7795154.02
14254 7765292.02
14255 7736690.02
14256 7708804.02
14257 7681415.52
14258 7654394.52
14259 7627771.52
14260 7601898.52
14261 7577489.60
14262 7554679.02
14263 7532728.02
14264 7512210.10
14265 7493403.85
14266 8764212.33
14267 2486344.57
14268 2444255.40
14269 2402702.90
14270 2361609.90
14271 2320942.90
14272 2280816.57
14273 2241051.73
14274 2201790.73
14275 2163781.15
14276 2127056.90
14277 2090967.57
14278 2055330.07
14279 2020571.18
14280 1987396.05
14281 1955537.38
14282 1924439.05
14283 1894185.63
14284 1865041.30
14285 1837062.05
14286 1810195.05
14287 1784321.72
14288 1759405.05
14289 1735479.63
14290 1712343.05
14291 1690094.22
14292 1669243.80
14293 1650261.05
14294 1634177.13
14295 1620719.70
14296 1608762.93
14297 1598173.93
14298 1588604.77
14299 1580297.93
14300 1573482.10
14301 1567865.27
14302 1565041.27
14303 1566467.27
14304 1570546.27
14305 1575844.77
14306 1582282.77
14307 1590135.77
14308 1600006.27
14309 1612271.93
14310 1626705.93
14311 1642593.43
14312 1659771.43
14313 1679955.02
14314 1704975.93
14315 1733430.60
14316 1763892.68
14317 1796848.27
14318 1832092.27
14319 1868624.10
14320 1906072.10
14321 1944285.77
14322 1982822.77
14323 2021662.60
14324 2061174.93
14325 2101371.77
14326 2141841.60
14327 2182550.10
14328 2223534.52
14329 2264899.60
14330 2306657.60
14331 2349185.93
14332 2392591.60
14333 2436645.77
14334 2481255.10
14335 2526180.60
14336 2571532.43
14337 2617243.10
14338 2663147.27
14339 2709426.77
14340 2756253.60
14341 2803452.10
14342 2850758.77
14343 2898101.43
14344 2945480.10
14345 2992894.77
14346 3040345.43
14347 3087832.10
14348 3135354.77
14349 3183043.85
14350 21970729.08
14351 20365436.30
14352 20370609.55
14353 20377174.47
14354 24329658.15
14355 6997546.60
14356 6949960.60
14357 6902414.60
14358 6855042.02
14359 6808008.60
14360 6761222.60
14361 6714556.27
14362 6668116.43
14363 6621885.27
14364 6575734.27
14365 6529676.27
14366 6483737.60
14367 6438024.10
14368 6392590.60
14369 6347334.43
14370 6302268.93
14371 6257389.93
14372 6212614.93
14373 6167943.93
14374 6123418.93
14375 6079137.10
14376 6035175.10
14377 5991695.77
14378 5948931.10
14379 5906914.43
14380 5865602.77
14381 5824740.77
14382 5784078.60
14383 5743806.43
14384 5704318.93
14385 5665713.43
14386 5627714.93
14387 5590141.43
14388 5553024.10
14389 5516630.77
14390 5481173.85
14391 5446512.27
14392 5412385.60
14393 5378817.93
14394 5346492.60
14395 5315436.43
14396 5285016.77
14397 5255340.10
14398 5226760.10
14399 5199252.93
14400 5172758.77
14401 5147542.93
14402 5123877.52
14403 5102224.93
14404 5082727.10
14405 5064727.27
14406 5048305.93
14407 5033326.27
14408 5019619.60
14409 5007711.02
14410 4997827.77
14411 4989815.60
14412 4982967.27
14413 4977184.18
14414 4972824.60
14415 4969676.93
14416 4967747.43
14417 4967212.77
14418 4967854.27
14419 4969599.10
14420 7589105.27
14421 4746175.00
14422 4697071.00
14423 4647971.00
14424 4598875.00
14425 4549783.00
14426 4500695.00
14427 4451611.00
14428 4402531.00
14429 4353455.00
14430 4304383.00
14431 4255315.00
14432 4206251.00
14433 4157191.00
14434 4108135.00
14435 4059083.00
14436 4010035.00
14437 3960991.00
14438 3911951.00
14439 3862915.00
14440 3813883.00
14441 3764855.00
14442 3715919.00
14443 3667077.00
14444 3618243.00
14445 3569417.00
14446 3520599.00
14447 3471789.00
14448 3422987.00
14449 3374193.00
14450 3325407.00
14451 3276669.50
14452 3228132.00
14453 3179828.67
14454 3131684.33
14455 3083630.33
14456 3035596.33
14457 2987582.33
14458 2939588.33
14459 2891614.33
14460 2843660.33
14461 2795726.33
14462 2747812.33
14463 2699918.33
14464 2652044.33
14465 2604190.33
14466 2556356.33
14467 2508542.33
14468 2460748.33
14469 2412974.33
14470 2365220.33
14471 2317486.33
14472 2269772.33
14473 2222078.33
14474 2174413.83
14475 2127158.83
14476 2080354.33
14477 2033732.17
14478 1987454.00
14479 1941437.50
14480 1895586.83
14481 1850081.00
14482 1805094.83
14483 1760600.33
14484 1716346.33
14485 1672307.67
14486 1628669.50
14487 1585498.83
14488 1542717.83
14489 1500392.50
14490 1458463.83
14491 1418218.17
14492 1381394.83
14493 1346709.25
14494 1312980.33
14495 1280069.00
14496 1247529.17
14497 1215792.17
14498 1185012.33
14499 1155055.67
14500 1125743.17
14501 1097045.17
14502 1069541.33
14503 1045225.00
14504 1024045.50
14505 1004688.50
14506 988317.75
14507 974484.58
14508 961990.33
14509 950601.00
14510 940448.67
14511 932263.67
14512 926549.33
14513 922628.33
14514 919676.67
14515 918108.17
14516 918743.17
14517 921403.33
14518 925334.17
14519 930899.75
14520 938146.33
14521 946612.50
14522 956211.17
14523 967167.67
14524 979926.67
14525 994376.92
14526 1011429.83
14527 1031106.00
14528 1052240.00
14529 1075037.00
14530 1099381.50
14531 1125927.00
14532 1155020.42
14533 1185988.83
14534 1218472.00
14535 1251932.33
14536 1286057.67
14537 1320766.83
14538 1356153.50
14539 1392286.83
14540 1429089.17
14541 1466442.50
14542 1504424.83
14543 1543102.17
14544 1582257.50
14545 1621845.00
14546 1662321.50
14547 1703631.50
14548 1745284.50
14549 1787125.83
14550 1829125.17
14551 1871407.17
14552 1914036.17
14553 1957518.33
14554 2001792.33
14555 2046216.83
14556 2090766.33
14557 2135445.83
14558 2180269.83
14559 2225824.33
14560 2272837.83
14561 2320664.83
14562 2368624.33
14563 2416714.33
14564 2464828.33
14565 2512966.33
14566 2561128.33
14567 2609314.33
14568 2657524.33
14569 2705758.33
14570 2754016.33
14571 2802298.33
14572 2850604.33
14573 2898934.33
14574 2947288.33
14575 2995854.33
14576 3044628.33
14577 3093418.33
14578 3142245.83
14579 3191154.83
14580 3240145.33
14581 3289171.33
14582 3338209.33
14583 3387288.33
14584 3436406.33
14585 3485532.33
14586 3534666.33
14587 3583808.33
14588 3632958.33
14589 6512050.68
14590 2882037.68
14591 2834672.18
14592 2787745.85
14593 2741151.18
14594 2694761.68
14595 2648645.68
14596 2602789.35
14597 2557090.02
14598 2511555.27
14599 2466253.18
14600 2421291.02
14601 2376878.02
14602 2333031.68
14603 2289583.68
14604 2246669.68
14605 2204383.52
14606 2162590.68
14607 2121688.68
14608 2081647.18
14609 2042024.02
14610 2002835.52
14611 1963954.52
14612 1925303.52
14613 1886938.93
14614 1849344.85
14615 1812662.68
14616 1776493.02
14617 1740755.52
14618 1705375.52
14619 1670351.68
14620 1635807.18
14621 1601939.85
14622 1569077.85
14623 1537653.85
14624 1507458.18
14625 1478080.52
14626 1449706.18
14627 1422408.35
14628 1396211.68
14629 1370966.68
14630 1346738.52
14631 1323765.85
14632 1301934.35
14633 1281172.68
14634 1261850.85
14635 1244334.68
14636 1228625.52
14637 1214423.02
14638 1201245.35
14639 1189888.02
14640 1180803.85
14641 1173845.02
14642 1168552.52
14643 1164191.85
14644 1160818.18
14645 1158382.85
14646 1157016.20
14647 1156892.97
14648 1158011.80
14649 1160458.47
14650 1164220.13
14651 1169023.63
14652 1174845.30
14653 1181836.63
14654 1190177.63
14655 1200290.97
14656 1212513.47
14657 1228604.30
14658 1248072.13
14659 1268446.30
14660 1289416.47
14661 1311620.02
14662 1335442.65
14663 1360677.15
14664 1387135.98
14665 1414491.15
14666 1442879.48
14667 1472646.65
14668 1503605.82
14669 1535496.32
14670 1568503.40
14671 1603136.57
14672 1639658.82
14673 1677322.65
14674 1715443.98
14675 1753922.98
14676 1792821.48
14677 1832216.32
14678 1872275.32
14679 1913041.98
14680 1954346.32
14681 1996020.82
14682 2037878.82
14683 2079970.48
14684 2122320.48
14685 2164862.82
14686 2207564.82
14687 2250433.48
14688 2293538.32
14689 2336928.48
14690 2380604.15
14691 2424504.82
14692 2469177.48
14693 2515122.15
14694 2561716.15
14695 2608410.82
14696 2655198.98
14697 2702153.48
14698 2749329.82
14699 2796667.82
14700 2844089.48
14701 2891615.98
14702 2939230.98
14703 2986873.98
14704 3034544.98
14705 3082263.82
14706 3130193.65
14707 3178310.65
14708 3226447.65
14709 3274604.65
14710 3322781.65
14711 3370978.65
14712 3419195.65
14713 3467432.65
14714 3515696.15
14715 3564104.48
14716 3612759.32
14717 3661536.32
14718 3710321.32
14719 3759114.32
14720 3807915.32
14721 3856724.32
14722 3905541.32
14723 3954366.32
14724 4003248.15
14725 4052233.98
14726 4101272.98
14727 4150315.98
14728 4199362.98
14729 4248413.98
14730 4297468.98
14731 4346527.98
14732 4395590.98
14733 4444657.98
14734 4493728.98
14735 4542803.98
14736 4591882.98
14737 4640965.98
14738 4690052.98
14739 4739143.98
14740 4788238.98
14741 4837337.98
14742 4886440.98
14743 4935547.98
14744 4984658.98
14745 5033773.98
14746 5082892.98
14747 5132015.98
14748 5181142.98
14749 5230273.98
14750 5279408.98
14751 5328547.98
14752 5377690.98
14753 5426837.98
14754 5475988.98
14755 5525143.98
14756 5574302.98
14757 5623465.98
14758 5672632.98
14759 5721803.98
14760 5770978.98
14761 5820157.98
14762 5869340.98
14763 5918527.98
14764 21925332.35
14765 19395450.42
14766 19401589.92
14767 19409197.08
14768 19418440.42
14769 19429104.00
14770 19441009.25
14771 19454844.42
14772 19471593.25
14773 19491662.25
14774 19514061.00
14775 19537720.75
14776 19563071.92
14777 19590401.92
14778 19618945.42
14779 19648264.92
14780 19678219.42
14781 19708735.42
14782 19739783.42
14783 19771204.42
14784 19803018.58
14785 19835411.92
14786 19868613.42
14787 19902525.92
14788 19937264.58
14789 19973297.08
14790 20010252.08
14791 20047705.08
14792 20086113.58
14793 20125379.58
14794 20165231.75
14795 20205753.08
14796 20246655.58
14797 20287894.75
14798 20329776.58
14799 20372229.25
14800 20414954.92
14801 20457897.08
14802 64487581.40
14803 55116502.65
14804 58969434.30
14805 7011061.83
14806 6964620.33
14807 6918322.83
14808 6872162.00
14809 6826265.33
14810 6780678.33
14811 6735352.83
14812 6690287.33
14813 6645377.33
14814 6600577.83
14815 6555971.83
14816 6511637.33
14817 6467561.17
14818 6423794.33
14819 6380344.00
14820 6337092.83
14821 6294335.67
14822 6252202.33
14823 6210555.67
14824 6169623.17
14825 6129431.83
14826 6090173.33
14827 6052000.83
14828 6014638.00
14829 5978042.50
14830 5942611.50
14831 5908432.83
14832 5875580.58
14833 5844270.83
14834 5814092.67
14835 5784544.33
14836 5755554.83
14837 5727320.33
14838 5699881.67
14839 5673015.67
14840 5646667.50
14841 5620998.83
14842 5595966.50
14843 5571646.33
14844 5548551.17
14845 5526789.17
14846 5506276.83
14847 5487386.00
14848 5469809.17
14849 5453070.93
14850 5437395.62
14851 5423317.28
14852 5411103.12
14853 5401131.37
14854 6493849.88
14855 2666915.75
14856 2633324.92
14857 2600672.50
14858 2568861.75
14859 2537876.75
14860 2508369.25
14861 2481053.08
14862 2455456.75
14863 2431659.00
14864 2409865.75
14865 2389531.58
14866 2370584.75
14867 2353490.08
14868 2338052.25
14869 2323878.42
14870 2311253.75
14871 2300608.50
14872 2292066.75
14873 2285337.92
14874 2280437.25
14875 2277028.25
14876 2274612.08
14877 2273024.75
14878 2272493.08
14879 2273470.58
14880 2276891.08
14881 2282856.17
14882 2290522.58
14883 2299830.08
14884 2310691.92
14885 2322796.25
14886 2336158.58
14887 2350871.83
14888 2367055.58
14889 2389225.25
14890 2418154.92
14891 2449394.42
14892 4511727.72
14893 2390149.47
14894 2347241.97
14895 2304479.97
14896 2261939.63
14897 2219855.13
14898 2178221.97
14899 2136821.47
14900 2095597.47
14901 2054617.47
14902 2014422.97
14903 1975917.72
14904 1939106.63
14905 1903484.97
14906 1868883.47
14907 1835086.97
14908 1801938.47
14909 1769784.55
14910 1739259.47
14911 1710207.63
14912 1682907.80
14913 1658131.30
14914 1635682.30
14915 1615324.30
14916 1596478.30
14917 1578989.63
14918 1563337.63
14919 1549519.80
14920 1537049.80
14921 1526105.47
14922 1517406.63
14923 1510783.63
14924 1505743.63
14925 1502590.80
14926 1501348.13
14927 1501854.30
14928 1504864.80
14929 1509903.30
14930 1517242.93
14931 1528309.23
14932 1542509.67
14933 1558671.35
14934 1576276.60
14935 1595143.43
14936 1615231.93
14937 1636728.43
14938 1659489.43
14939 1683707.10
14940 1710432.93
14941 1739323.10
14942 1769386.02
14943 1800719.68
14944 1833484.85
14945 1867455.02
14946 1902397.85
14947 1938190.35
14948 1975007.35
14949 2013424.02
14950 2053000.52
14951 2093157.93
14952 2134276.68
14953 5990885.98
14954 5451373.20
14955 5485676.70
14956 5521610.70
14957 5558319.20
14958 5595392.53
14959 5632792.70
14960 5670792.70
14961 5709443.87
14962 5748654.37
14963 5788447.87
14964 5829406.53
14965 5871834.53
14966 5915106.53
14967 5958851.78
14968 6002916.70
14969 6047162.70
14970 6091520.70
14971 6136041.70
14972 6180922.37
14973 6226227.87
14974 6271887.20
14975 6318248.87
14976 6365172.70
14977 6412187.70
14978 6459327.87
14979 6506578.87
14980 6553891.87
14981 14035263.05
14982 8712885.88
14983 8682790.22
14984 8653375.22
14985 8624676.72
14986 8596756.72
14987 8570307.22
14988 8546893.88
14989 8527510.22
14990 8510729.97
14991 8495004.05
14992 8480897.55
14993 8469134.72
14994 8460487.05
14995 8455560.05
14996 8453007.38
14997 8453122.72
14998 8455988.38
14999 8460298.55
15000 8466828.72
15001 8475266.38
15002 8484518.88
15003 8494615.05
15004 8505715.22
15005 8518374.88
15006 8532957.30
15007 8548984.05
15008 8566749.38
15009 11471281.03
15010 4132385.90
15011 4082703.40
15012 4033065.90
15013 3983453.90
15014 3933845.90
15015 3884241.90
15016 3834641.90
15017 3785045.90
15018 3735453.90
15019 3685981.90
15020 3636635.90
15021 3587305.90
15022 3538145.40
15023 3489324.90
15024 3440778.57
15025 3392505.73
15026 3344508.23
15027 3296626.23
15028 3248780.23
15029 3200970.23
15030 3153196.23
15031 3105710.73
15032 3058875.73
15033 3012448.73
15034 2966077.73
15035 2919762.73
15036 2873503.73
15037 2827300.73
15038 2781247.23
15039 2735349.07
15040 2689614.40
15041 2644077.40
15042 2598642.40
15043 2553275.40
15044 2507976.40
15045 2462745.40
15046 2417582.40
15047 2372487.40
15048 2327465.90
15049 2283035.40
15050 2239271.40
15051 2195703.23
15052 2152303.90
15053 2109054.23
15054 2065918.23
15055 2022911.07
15056 1980254.07
15057 1938041.73
15058 1896198.23
15059 1854696.40
15060 1813505.57
15061 1772784.07
15062 1732653.90
15063 1693162.57
15064 1654266.23
15065 1615824.90
15066 1578389.40
15067 1542024.40
15068 1506511.07
15069 1471980.23
15070 1438134.40
15071 1405181.73
15072 1373217.73
15073 1341923.40
15074 1311603.07
15075 1282677.32
15076 1255361.90
15077 1229599.90
15078 1205078.82
15079 1181716.57
15080 1159316.07
15081 1137493.07
15082 1116346.73
15083 1096768.90
15084 1078738.90
15085 1061530.90
15086 1045241.23
15087 1030744.73
15088 1019056.73
15089 1009476.73
15090 1001075.40
15091 993784.23
15092 987694.40
15093 982844.40
15094 978922.40
15095 975928.57
15096 973945.73
15097 974054.98
15098 977169.73
15099 982275.57
15100 988707.73
15101 996490.57
15102 1005755.23
15103 1017034.73
15104 1030887.90
15105 1046983.07
15106 1064589.40
15107 1083809.40
15108 1104723.90
15109 1127202.67
15110 1151638.10
15111 1177832.10
15112 1204971.10
15113 1232830.60
15114 1261916.43
15115 1292323.93
15116 1323997.43
15117 1356854.93
15118 1390872.43
15119 1426218.10
15120 1462469.77
15121 1500486.60
15122 1540455.77
15123 1581556.60
15124 1623368.60
15125 1665509.27
15126 1707922.27
15127 1750592.10
15128 1793560.93
15129 1836895.10
15130 1880720.93
15131 1924933.77
15132 1969493.10
15133 2014365.77
15134 2059422.43
15135 2104665.60
15136 2150133.77
15137 2195855.60
15138 2241805.93
15139 2287904.60
15140 2334099.27
15141 2380398.43
15142 2426821.27
15143 2473449.27
15144 2520319.27
15145 2567330.60
15146 2614489.77
15147 2661836.93
15148 2709300.10
15149 2757056.27
15150 2805138.27
15151 2853313.60
15152 2901528.93
15153 2949784.27
15154 2998318.27
15155 3047357.27
15156 3096661.60
15157 3146091.18
15158 3195711.10
15159 17063102.68
15160 14310837.50
15161 14279648.00
15162 14250207.50
15163 14222034.50
15164 14194987.17
15165 14169172.00
15166 14144547.67
15167 14121022.67
15168 14099270.17
15169 14079605.83
15170 17442978.03
15171 13148376.70
15172 14505647.95
15173 6445843.25
15174 6396753.25
15175 6347671.25
15176 6298597.25
15177 6249531.25
15178 6200473.25
15179 6151423.25
15180 6102381.25
15181 6053347.25
15182 6004323.75
15183 5955340.58
15184 5906430.42
15185 5857732.42
15186 5809310.42
15187 5761120.42
15188 5713075.42
15189 5665062.42
15190 5617081.42
15191 5569214.92
15192 5521510.25
15193 5473956.42
15194 5426582.75
15195 5379336.75
15196 5332164.58
15197 5285136.92
15198 5238335.42
15199 5191742.92
15200 5145746.92
15201 5100499.08
15202 5056179.75
15203 5012752.58
15204 4969787.25
15205 4927178.58
15206 4884912.08
15207 4843077.75
15208 4801844.58
15209 4761210.92
15210 4721076.58
15211 4681412.08
15212 4642336.92
15213 4603981.08
15214 4566279.67
15215 4529139.08
15216 4492495.75
15217 4456826.58
15218 4422359.25
15219 4389712.17
15220 4358750.25
15221 4328698.25
15222 4299871.42
15223 4272588.75
15224 4875281.62
15225 2009404.93
15226 1967792.60
15227 1926602.77
15228 1886049.10
15229 1846155.93
15230 1806711.10
15231 1767875.43
15232 1730113.43
15233 1693929.35
15234 1659259.77
15235 1625368.93
15236 1591882.10
15237 1558872.10
15238 1526492.60
15239 1495016.93
15240 1464622.27
15241 1435143.27
15242 1406604.25
15243 1379144.73
15244 1352430.23
15245 1326914.23
15246 1302749.07
15247 1279829.90
15248 1258751.32
15249 1239630.40
15250 1222012.90
15251 1205420.73
15252 1189744.90
15253 1175026.07
15254 1161827.90
15255 1150653.07
15256 1141437.40
15257 1134169.40
15258 1129053.57
15259 1126257.23
15260 1125735.90
15261 1127865.90
15262 1132528.73
15263 1139571.23
15264 1149272.40
15265 1161093.73
15266 1174567.23
15267 1190007.40
15268 1207787.40
15269 1227667.07
15270 1249204.40
15271 1272080.07
15272 1296313.73
15273 1322798.82
15274 1352178.23
15275 1383326.73
15276 1415270.82
15277 1447903.23
15278 1481260.90
15279 1515307.40
15280 1549753.23
15281 1584682.23
15282 1620154.23
15283 1655966.57
15284 1692864.40
15285 1731233.73
15286 1770252.57
15287 1809555.90
15288 1849603.40
15289 1890709.40
15290 1932700.73
15291 1975510.07
15292 2018814.90
15293 2062346.57
15294 2106123.23
15295 2150202.57
15296 2194556.23
15297 2239788.23
15298 2285846.23
15299 2331983.73
15300 2378343.23
15301 2425106.73
15302 2472132.73
15303 2519209.73
15304 2566402.73
15305 2613785.73
15306 2661360.73
15307 2709047.73
15308 2756762.73
15309 2804505.73
15310 2852276.73
15311 2900075.73
15312 2947902.73
15313 2995757.73
15314 3043640.73
15315 3091551.73
15316 3139490.73
15317 3187487.23
15318 3235553.23
15319 3283657.23
15320 3331785.23
15321 3379972.23
15322 3428280.90
15323 3476693.07
15324 3525142.07
15325 3573607.07
15326 3622088.07
15327 3670585.07
15328 3719098.07
15329 3767627.07
15330 3816209.07
15331 3864904.57
15332 3913674.57
15333 3962456.57
15334 4011250.57
15335 4060056.57
15336 4108874.57
15337 4157704.57
15338 4206546.57
15339 4255400.57
15340 4304266.57
15341 4353144.57
15342 4402078.07
15343 4451065.07
15344 4500204.07
15345 4549493.07
15346 4598786.07
15347 4648083.07
15348 4697384.07
15349 4746689.07
15350 4795998.07
15351 4845311.07
15352 4894628.07
15353 4943949.07
15354 4993274.07
15355 5042603.07
15356 5091936.07
15357 5141273.07
15358 5190614.07
15359 5239959.07
15360 5289308.07
15361 5338661.07
15362 5388018.07
15363 5437379.07
15364 5486744.07
15365 5536113.07
15366 5585486.07
15367 5634863.07
15368 5684244.07
15369 5733629.07
15370 5783018.07
15371 5832411.07
15372 5881808.07
15373 21315208.52
15374 15957711.03
15375 15915560.53
15376 15873634.37
15377 15831980.87
15378 15790745.12
15379 15750231.03
15380 15710682.12
15381 15672053.87
15382 15633946.70
15383 15596054.03
15384 15558497.87
15385 15521480.70
15386 15485016.03
15387 15449775.37
15388 15416351.37
15389 15384475.03
15390 15354098.87
15391 15325004.77
15392 15297227.17
15393 15270795.67
15394 15245718.67
15395 15222838.00
15396 17676589.92
15397 11728561.13
15398 11702299.13
15399 11677075.63
15400 11652763.63
15401 12906277.97
15402 4342035.15
15403 4293253.98
15404 4244675.82
15405 4196403.15
15406 4148326.15
15407 4100285.15
15408 4052280.15
15409 4004311.15
15410 3956782.98
15411 3909809.32
15412 3863102.32
15413 3816659.32
15414 3770377.32
15415 3724159.32
15416 3678048.15
15417 3632113.32
15418 3586339.65
15419 3540765.15
15420 3495386.15
15421 3450103.15
15422 3404946.65
15423 3360016.82
15424 3315378.98
15425 3271046.98
15426 3227085.98
15427 3183405.98
15428 3139841.98
15429 3096421.32
15430 3053190.82
15431 3010241.48
15432 2968049.98
15433 2927294.32
15434 2887494.65
15435 2848051.15
15436 2809209.15
15437 2770971.82
15438 2733170.48
15439 2695667.48
15440 2658508.32
15441 2621882.48
15442 2585876.32
15443 2550572.82
15444 2515889.98
15445 2481613.98
15446 2447848.65
15447 2414754.90
15448 2382430.98
15449 2351076.32
15450 2320836.32
15451 2291764.32
15452 2264139.98
15453 2237750.82
15454 2212210.15
15455 2187794.48
15456 2164652.65
15457 2142850.48
15458 2122583.82
15459 2103666.82
15460 2085761.48
15461 2069212.15
15462 2054348.48
15463 2041199.15
15464 2029820.32
15465 2020694.15
15466 2013520.15
15467 2007679.98
15468 2003369.82
15469 2000604.82
15470 1999111.82
15471 1998805.48
15472 1999922.32
15473 2002503.32
15474 2007008.48
15475 2013244.98
15476 2020506.65
15477 2029113.98
15478 2039455.90
15479 2051137.48
15480 2063821.32
15481 2077479.32
15482 2092276.15
15483 2108497.48
15484 2125746.32
15485 2143668.48
15486 2162633.82
15487 3236587.13
15488 1674218.40
15489 1642497.73
15490 1613043.57
15491 1584654.90
15492 1556773.73
15493 1529612.15
15494 1504039.23
15495 1480281.23
15496 1457724.57
15497 1436342.73
15498 1416228.73
15499 1397314.07
15500 1379947.23
15501 1364543.15
15502 1352851.40
15503 1344895.57
15504 1339371.57
15505 1336011.57
15506 1334062.40
15507 1333316.90
15508 1333816.48
15509 1335460.40
15510 1338286.07
15511 1342179.40
15512 1347929.90
15513 1356101.23
15514 1366168.07
15515 1378249.07
15516 1392578.07
15517 1408403.23
15518 1424987.07
15519 1442737.90
15520 1461851.23
15521 1482865.07
15522 1505690.57
15523 1529309.07
15524 1553848.23
15525 1579704.57
15526 1606596.23
15527 1634201.57
15528 1662445.73
15529 1691378.73
15530 1721255.07
15531 1752060.40
15532 1783785.40
15533 1816490.07
15534 1850021.90
15535 1884324.73
15536 1919439.07
15537 1955525.23
15538 1992468.40
15539 2029975.15
15540 2067928.90
15541 2106340.73
15542 2145545.57
15543 2185582.90
15544 2226070.90
15545 2266925.07
15546 2308138.23
15547 2350081.23
15548 2392690.90
15549 2435607.90
15550 2479065.90
15551 2522882.57
15552 2566967.23
15553 2611376.23
15554 2655956.73
15555 2700638.73
15556 2745506.40
15557 2790693.73
15558 2836475.90
15559 2882706.90
15560 2929036.07
15561 2975503.73
15562 3022204.73
15563 3069142.23
15564 3116271.23
15565 3163697.23
15566 3211436.73
15567 3259328.73
15568 3307332.23
15569 3355456.23
15570 3403619.23
15571 3451810.23
15572 3500029.23
15573 3548276.23
15574 3596551.23
15575 3644854.23
15576 3693185.23
15577 3741544.23
15578 3789931.23
15579 3838346.23
15580 3886798.90
15581 3935313.73
15582 3983894.90
15583 4032532.40
15584 4081251.90
15585 4130060.90
15586 4178915.90
15587 4227843.40
15588 4276841.40
15589 4325855.40
15590 4374885.40
15591 4423931.40
15592 4473042.40
15593 15482365.97
15594 14181580.63
15595 14208010.30
15596 14235853.13
15597 14264678.97
15598 14294840.80
15599 14326093.97
15600 14357980.30
15601 14391021.47
15602 17463415.17
15603 4448101.98
15604 4407213.82
15605 4366932.32
15606 4327099.98
15607 4287654.32
15608 4248715.32
15609 4210261.32
15610 4172156.32
15611 4134350.32
15612 4097011.15
15613 4060645.98
15614 4025295.48
15615 3990602.15
15616 3957035.98
15617 3925144.32
15618 3894370.82
15619 3864141.48
15620 3834910.32
15621 3807279.98
15622 3780989.48
15623 3755560.82
15624 3730757.82
15625 3706621.15
15626 3683842.32
15627 3663725.15
15628 3646570.15
15629 3632545.57
15630 3622231.82
15631 3615159.98
15632 3610902.98
15633 3608590.73
15634 3607330.65
15635 3607292.82
15636 3609008.48
15637 3613104.15
15638 3619500.15
15639 3627697.98
15640 3637309.98
15641 3648522.48
15642 3661830.98
15643 3677450.98
15644 3695751.32
15645 3717683.65
15646 3742560.32
15647 3768656.15
15648 3795683.32
15649 3824187.65
15650 3854760.57
15651 3887094.73
15652 8112665.78
15653 5495985.70
15654 5483020.87
15655 5471662.20
15656 5462747.37
15657 5456004.20
15658 5450702.03
15659 5447290.82
15660 5446029.10
15661 5447178.67
15662 5451605.07
15663 5459100.57
15664 5469258.07
15665 5482040.40
15666 5497164.07
15667 5513931.57
15668 5531666.57
15669 5550385.57
15670 5570318.90
15671 5591504.57
15672 5613631.73
15673 5636453.07
15674 5659873.57
15675 5684051.90
15676 5709254.07
15677 5735727.73
15678 5763374.73
15679 5791876.40
15680 5821197.90
15681 5851324.23
15682 5882236.07
15683 5914798.65
15684 10387021.05
15685 5254627.72
15686 5217153.80
15687 5180187.80
15688 5143695.30
15689 5107676.30
15690 5071988.63
15691 5036585.97
15692 5001532.80
15693 4967034.88
15694 4933884.38
15695 4902168.30
15696 4871247.13
15697 4840972.47
15698 4811388.47
15699 4783206.38
15700 4757028.47
15701 4732664.47
15702 4710231.63
15703 4689945.80
15704 4671474.80
15705 4654802.63
15706 4639898.47
15707 4626267.30
15708 4613712.72
15709 4602338.47
15710 4592199.97
15711 4583352.80
15712 4576380.63
15713 4571886.30
15714 4569274.13
15715 4568049.30
15716 4568408.30
15717 4570363.30
15718 4574459.80
15719 4580859.97
15720 4588757.55
15721 4598180.97
15722 4609356.47
15723 4621899.47
15724 4635885.97
15725 4651134.13
15726 4667255.97
15727 4684242.80
15728 4702099.97
15729 4721120.30
15730 4741680.72
15731 4763848.38
15732 4787595.72
15733 4812748.88
15734 4839013.47
15735 4866244.80
15736 4894196.63
15737 4922985.13
15738 4952664.30
15739 4982936.80
15740 5013755.80
15741 5045336.13
15742 5077721.63
15743 18857216.92
15744 15796759.92
15745 15813483.25
15746 15831545.75
15747 15851067.75
15748 15872154.42
15749 15894412.92
15750 15917377.75
15751 15941516.58
15752 15967456.25
15753 15994877.58
15754 16023412.42
15755 16052956.58
15756 22289368.53
15757 9770124.53
15758 9734412.03
15759 9698969.53
15760 9663898.03
15761 9629364.37
15762 9595435.20
15763 9562127.70
15764 9529305.20
15765 9497934.87
15766 9468377.70
15767 9439594.37
15768 9411920.87
15769 9385405.20
15770 9359605.53
15771 9334642.87
15772 9310501.20
15773 9287420.70
15774 9266064.03
15775 9246442.65
15776 9228019.93
15777 9210488.27
15778 9194576.60
15779 9180504.27
15780 9167792.77
15781 9157088.43
15782 9149489.10
15783 9144408.77
15784 9141288.10
15785 9140444.77
15786 13235876.60
15787 8283869.75
15788 8243281.75
15789 8202843.75
15790 8163243.25
15791 8124547.75
15792 8086598.75
15793 8050104.17
15794 8015213.58
15795 7981346.08
15796 7948231.58
15797 7916941.08
15798 7887425.58
15799 7859222.92
15800 7832858.25
15801 7808075.42
15802 7784602.42
15803 7762710.42
15804 7742405.75
15805 7723676.25
15806 7706982.42
15807 7692081.50
15808 7678305.58
15809 7665966.08
15810 7655114.25
15811 7645343.25
15812 7636737.42
15813 7629612.42
15814 10274210.70
15815 6162790.45
15816 6123177.45
15817 6084152.95
15818 6045922.45
15819 6008398.28
15820 5971591.62
15821 5935438.12
15822 5899664.62
15823 5864274.62
15824 5829488.78
15825 5795245.95
15826 5761541.62
15827 5728466.45
15828 5696467.95
15829 5665868.45
15830 5636341.12
15831 5607835.12
15832 5580670.45
15833 5554982.12
15834 5530646.70
15835 5508254.62
15836 5487836.45
15837 5468584.28
15838 5450228.95
15839 5432887.78
15840 5416871.12
15841 5402393.78
15842 5389369.45
15843 5377576.62
15844 5367389.62
15845 5358763.12
15846 5351432.95
15847 5345637.12
15848 5341260.78
15849 5338265.12
15850 5336718.28
15851 6696082.22
15852 2597255.38
15853 2553733.72
15854 2510483.38
15855 2467361.47
15856 2424569.38
15857 2382161.38
15858 2340047.05
15859 2298200.72
15860 2256607.22
15861 2215559.72
15862 2175054.38
15863 2134850.05
15864 2095055.38
15865 2056004.88
15866 2017981.55
15867 1980675.55
15868 1944117.55
15869 1908702.88
15870 1874168.47
15871 1840434.13
15872 1807684.47
15873 1775818.63
15874 1744549.13
15875 1713724.80
15876 1683396.97
15877 1653778.47
15878 1625352.92
15879 1599036.20
15880 1575018.20
15881 1552471.37
15882 1531272.70
15883 1511568.37
15884 1493281.03
15885 1476057.20
15886 1459798.37
15887 1444832.87
15888 1431314.78
15889 1418946.62
15890 1407369.78
15891 1396839.62
15892 1387876.12
15893 1380667.28
15894 1375508.28
15895 1372000.62
15896 1369569.78
15897 1368411.12
15898 1368741.12
15899 1371006.62
15900 1375352.62
15901 1381413.53
15902 1388838.28
15903 1397576.12
15904 1407599.95
15905 1419011.95
15906 1431624.28
15907 1445276.45
15908 1460140.62
15909 1476427.95
15910 1494337.28
15911 1513781.28
15912 1534445.62
15913 1556282.28
15914 1579644.12
15915 1604340.12
15916 1630159.78
15917 1657371.95
15918 1685874.12
15919 1715675.62
15920 1746805.78
15921 1778962.45
15922 1811980.62
15923 1845860.12
15924 1880501.78
15925 1915830.95
15926 1951912.28
15927 1988976.62
15928 2027054.62
15929 2065707.62
15930 2104617.62
15931 2143732.62
15932 2183081.12
15933 2222708.62
15934 2262688.62
15935 2303466.28
15936 2344994.12
15937 2386825.78
15938 2428917.28
15939 2471243.78
15940 2513776.78
15941 2556568.95
15942 2599716.12
15943 2643212.12
15944 2687052.62
15945 2731330.95
15946 2776019.28
15947 2820961.45
15948 2866091.95
15949 2911409.95
15950 2956997.28
15951 3002859.62
15952 3048867.95
15953 3094960.45
15954 3141166.95
15955 3187521.78
15956 3234105.62
15957 3280952.62
15958 3328072.12
15959 3375465.95
15960 3423127.12
15961 3471067.28
15962 3519183.78
15963 3567382.28
15964 3615649.62
15965 3664044.62
15966 3712671.87
15967 3761500.45
15968 3810404.12
15969 3859326.12
15970 3908260.12
15971 3957206.12
15972 4006164.12
15973 4055134.12
15974 4104116.12
15975 4153110.12
15976 4202116.12
15977 4251134.12
15978 4300164.12
15979 4349206.12
15980 4398260.12
15981 4447358.62
15982 4496502.12
15983 4545656.12
15984 4594818.12
15985 4643988.12
15986 4693166.12
15987 14602355.42
15988 14258001.08
15989 14300030.42
15990 14342504.75
15991 14385271.67
15992 14428400.08
15993 14472147.92
15994 14516330.92
15995 14560664.75
15996 14605408.08
15997 14650657.58
15998 14696178.42
15999 21284695.28
16000 7255075.95
16001 7209969.28
16002 7165578.78
16003 7121523.12
16004 7077616.12
16005 7033888.95
16006 6990365.78
16007 6947130.28
16008 6904261.28
16009 6861725.78
16010 6819487.12
16011 6777520.95
16012 6735764.95
16013 6694337.95
16014 6653442.28
16015 6612979.12
16016 6572926.45
16017 6533459.78
16018 6494509.78
16019 6456051.45
16020 6418287.62
16021 6382078.62
16022 6347246.78
16023 6312771.78
16024 6278718.12
16025 6245547.62
16026 6214900.45
16027 6186602.78
16028 6159060.12
16029 6132244.70
16030 6106538.62
16031 6081982.12
16032 6058395.12
16033 6035693.45
16034 6013766.45
16035 5992669.78
16036 5973129.12
16037 5955409.45
16038 5938810.12
16039 5923675.62
16040 5911618.95
16041 5902486.78
16042 5894779.62
16043 5888341.28
16044 5883042.62
16045 5878556.95
16046 5875081.45
16047 5872794.95
16048 5871623.95
16049 5872000.28
16050 5874157.78
16051 5878407.45
16052 5884752.95
16053 5892828.12
16054 5902513.12
16055 5913405.95
16056 5925234.78
16057 5938189.12
16058 5953275.28
16059 5970508.12
16060 5989485.78
16061 6010391.95
16062 6032761.87
16063 6056200.78
16064 8740554.20
16065 3397767.58
16066 3348047.58
16067 3298327.58
16068 3248607.58
16069 3198887.58
16070 3149167.58
16071 3099447.58
16072 3049727.58
16073 3000007.58
16074 2950287.58
16075 2900567.58
16076 2850847.58
16077 2801127.58
16078 2751407.58
16079 2701687.58
16080 2652187.25
16081 2603202.92
16082 2554548.42
16083 2505942.42
16084 2457366.42
16085 2408820.42
16086 2360421.92
16087 2312215.75
16088 2264097.08
16089 2216025.08
16090 2168083.42
16091 2120368.25
16092 2072791.25
16093 2025271.25
16094 1977855.75
16095 1930667.25
16096 1883824.25
16097 1837254.75
16098 1790950.08
16099 1744994.42
16100 1699821.25
16101 1655753.25
16102 1612416.75
16103 1569591.42
16104 1527371.42
16105 1485643.42
16106 1444697.25
16107 1405291.42
16108 1367732.08
16109 1331383.08
16110 1295892.08
16111 1261837.75
16112 1229062.50
16113 1197235.25
16114 1167051.25
16115 1138699.08
16116 1111456.92
16117 1085382.75
16118 1060593.92
16119 1036905.42
16120 1014316.58
16121 992853.75
16122 972402.58
16123 953178.42
16124 935345.75
16125 918793.08
16126 903730.75
16127 889960.25
16128 877419.92
16129 866696.75
16130 857904.08
16131 850416.58
16132 845695.58
16133 845670.92
16134 848776.25
16135 853117.25
16136 858353.25
16137 864325.92
16138 871254.08
16139 879387.75
16140 888974.25
16141 900233.92
16142 913202.75
16143 928458.75
16144 946690.58
16145 967328.25
16146 990184.08
16147 1015934.42
16148 1044240.08
16149 1073992.25
16150 1104851.42
16151 1136684.92
16152 1168994.92
16153 1201873.08
16154 1235429.08
16155 1270246.42
16156 1306202.42
16157 1342592.25
16158 1379585.92
16159 1417220.25
16160 1455743.25
16161 1495155.25
16162 1534947.58
16163 1575063.58
16164 1616013.08
16165 1657950.42
16166 1700365.92
16167 1743050.75
16168 1786051.58
16169 1829342.58
16170 1872898.42
16171 1916631.75
16172 1960501.42
16173 2004526.58
16174 2048849.08
16175 2093582.08
16176 2138581.42
16177 2183827.75
16178 2229434.92
16179 2275307.58
16180 2321425.25
16181 2367807.75
16182 2414506.42
16183 2461641.08
16184 2509007.08
16185 2556517.08
16186 2604215.75
16187 2652035.92
16188 2699945.42
16189 2747899.42
16190 2796125.75
16191 2844859.58
16192 2893846.58
16193 2942841.58
16194 2991844.58
16195 3040855.58
16196 3089874.58
16197 3138901.58
16198 3187936.58
16199 3236979.58
16200 3286030.58
16201 3335089.58
16202 3384156.58
16203 3433382.08
16204 3482922.75
16205 3532633.42
16206 3582353.42
16207 3632073.42
16208 3681793.42
16209 3731513.42
16210 3781233.42
16211 3830953.42
16212 3880673.42
16213 3930393.42
16214 3980113.42
16215 4029833.42
16216 4079553.42
16217 4129273.42
16218 4178993.42
16219 4228713.42
16220 13070658.37
16221 12302442.70
16222 12331748.87
16223 12361964.37
16224 12393277.53
16225 12425521.03
16226 12458345.53
16227 12491751.87
16228 22017157.73
16229 15943166.02
16230 15938361.02
16231 15934548.52
16232 15932124.35
16233 15931637.85
16234 15933247.85
16235 15936437.35
16236 15941319.02
16237 15947882.85
16238 15955828.18
16239 15965206.52
16240 15976352.18
16241 15990237.02
16242 16007027.27
16243 16025994.85
16244 16046318.68
16245 16067634.68
16246 16090673.02
16247 16115776.85
16248 16142427.68
16249 26580806.78
16250 23802864.45
16251 23820967.28
16252 23840227.95
16253 23860998.62
16254 23883573.62
16255 23907524.95
16256 23932543.28
16257 23958571.78
16258 23985587.70
16259 35343978.12
16260 13004885.95
16261 12967843.12
16262 12931232.45
16263 12895125.62
16264 12859642.95
16265 12824826.78
16266 12790748.62
16267 12757371.45
16268 12724932.45
16269 12694023.62
16270 12664505.62
16271 12635958.28
16272 12608206.78
16273 12582877.78
16274 12560175.95
16275 12538464.45
16276 12518240.12
16277 12499763.45
16278 12482511.95
16279 12466436.95
16280 12451902.78
16281 12439385.12
16282 12429002.62
16283 12420413.12
16284 12413154.62
16285 12407312.53
16286 12403216.28
16287 12401266.95
16288 12401437.12
16289 12403181.78
16290 12406400.45
16291 12411517.95
16292 12418518.28
16293 12427549.78
16294 12438715.12
16295 12451377.12
16296 12465865.03
16297 12482503.28
16298 12501557.70
16299 20922838.35
16300 14744102.65
16301 14745312.07
16302 14747962.65
16303 14752132.15
16304 14758650.73
16305 14767490.98
16306 14777877.32
16307 14789500.98
16308 14802241.15
16309 14816899.15
16310 14833703.48
16311 14851685.15
16312 14870415.32
16313 27523198.88
16314 19442693.82
16315 19424120.73
16316 19407211.23
16317 19391773.57
16318 19378159.40
16319 19366556.57
16320 19356087.07
16321 19346828.07
16322 19338857.82
16323 21863037.35
16324 17842782.60
16325 17829385.10
16326 17819093.27
16327 17810501.93
16328 17803178.77
16329 17797507.43
16330 17793948.93
16331 17792619.43
16332 17793022.10
16333 17794707.73
16334 19638802.33
16335 3289520.80
16336 3240297.80
16337 3191090.80
16338 3141952.30
16339 3092893.13
16340 3043882.80
16341 2995002.97
16342 2946275.80
16343 2897653.80
16344 2849115.80
16345 2800642.80
16346 2752224.80
16347 2703846.80
16348 2655506.80
16349 2607204.80
16350 2558940.80
16351 2510734.30
16352 2462696.13
16353 2414881.47
16354 2367185.47
16355 2319603.47
16356 2272285.47
16357 2225316.30
16358 2178588.13
16359 2131964.13
16360 2085434.63
16361 2039053.13
16362 1993458.13
16363 1948621.47
16364 1904086.63
16365 1860072.30
16366 1816530.63
16367 1773338.13
16368 1730421.97
16369 1687726.47
16370 1645362.47
16371 1603486.13
16372 1562142.97
16373 1521714.97
16374 1482091.47
16375 1444228.47
16376 1408607.47
16377 1375009.47
16378 1343133.47
16379 1312569.47
16380 1283548.47
16381 1255375.30
16382 1228107.47
16383 1201956.80
16384 1176851.30
16385 1152658.17
16386 1129288.03
16387 1106796.53
16388 1085223.53
16389 1064642.53
16390 1044952.20
16391 1026585.20
16392 1010152.53
16393 995468.87
16394 982371.37
16395 971270.03
16396 962215.53
16397 954992.12
16398 949553.53
16399 945698.53
16400 943498.37
16401 942939.37
16402 943929.20
16403 946679.20
16404 951216.03
16405 957744.53
16406 967463.03
16407 980709.70
16408 996353.03
16409 1013887.87
16410 1032920.20
16411 1053022.87
16412 1074099.20
16413 1096200.20
16414 1119409.70
16415 1143602.53
16416 1168634.03
16417 1194469.20
16418 1221278.53
16419 1249290.53
16420 1278808.37
16421 1309862.53
16422 1343394.62
16423 1380374.87
16424 1419350.03
16425 1458975.87
16426 1499327.70
16427 1540417.87
16428 1582389.37
16429 1625242.53
16430 1668771.87
16431 1712909.03
16432 1757399.20
16433 1802056.87
16434 1846837.87
16435 1891940.87
16436 1937403.87
16437 1983036.87
16438 2028793.53
16439 2074657.87
16440 2120663.03
16441 2166907.03
16442 2213353.03
16443 2259887.70
16444 2306780.03
16445 2354326.20
16446 2402260.70
16447 2450264.70
16448 2498304.70
16449 2546380.70
16450 2594492.70
16451 2642640.70
16452 2690829.87
16453 2739108.20
16454 2787546.37
16455 2836126.37
16456 11176276.55
16457 9084164.80
16458 9059229.97
16459 9035751.47
16460 9013728.47
16461 8992770.30
16462 8972971.47
16463 8954801.80
16464 8938823.47
16465 8925264.80
16466 8913375.30
16467 8902981.63
16468 8894428.47
16469 8887277.47
16470 8881488.30
16471 8877203.38
16472 8874514.63
16473 8873398.47
16474 8873944.30
16475 8876260.13
16476 8879807.55
16477 8884381.47
16478 8890452.30
16479 8898052.80
16480 8906946.47
16481 8916914.97
16482 10383463.42
16483 2429713.95
16484 2380975.78
16485 2332452.12
16486 2284031.12
16487 2235681.12
16488 2187355.12
16489 2139319.78
16490 2091870.28
16491 2044785.45
16492 1997828.62
16493 1951056.62
16494 1904583.78
16495 1858333.78
16496 1812225.78
16497 1766437.95
16498 1720948.62
16499 1675704.45
16500 1631333.45
16501 1588180.45
16502 1545673.78
16503 1503427.12
16504 1461474.95
16505 1419779.95
16506 1378259.28
16507 1336960.95
16508 1295923.28
16509 1255922.12
16510 1218042.62
16511 1182310.28
16512 1148229.78
16513 1115485.12
16514 1084056.28
16515 1053996.45
16516 1024956.95
16517 996928.28
16518 970178.12
16519 944793.78
16520 920868.78
16521 898815.12
16522 878529.12
16523 859857.28
16524 843089.62
16525 828724.45
16526 816976.78
16527 808198.95
16528 804395.62
16529 806522.62
16530 811981.45
16531 818584.95
16532 826286.45
16533 835300.78
16534 845688.78
16535 857384.28
16536 870766.62
16537 885848.95
16538 902690.28
16539 921132.95
16540 940751.95
16541 961700.95
16542 984774.62
16543 1010706.28
16544 1038948.78
16545 1068553.28
16546 1099033.78
16547 1130294.45
16548 1162390.12
16549 1195367.28
16550 1229309.45
16551 1264396.28
16552 1300494.12
16553 1337111.28
16554 1374370.95
16555 1412243.45
16556 1450459.45
16557 1489603.45
16558 1530151.45
16559 1571511.78
16560 1613146.28
16561 1654968.78
16562 1697048.45
16563 1739445.78
16564 1782138.70
16565 1825086.78
16566 1868228.12
16567 1911916.62
16568 1956417.78
16569 2001393.28
16570 2046535.62
16571 2091812.62
16572 2137350.62
16573 2183186.28
16574 2229250.45
16575 2275603.12
16576 2322286.95
16577 2369196.78
16578 2416315.62
16579 2463657.12
16580 2511119.45
16581 6846420.63
16582 4400494.68
16583 4356112.52
16584 4311950.52
16585 4268036.18
16586 4224505.68
16587 4181287.85
16588 4138415.02
16589 4096097.35
16590 4056777.85
16591 4023190.02
16592 3993108.35
16593 3964147.85
16594 3936087.35
16595 3909048.27
16596 3884227.35
16597 3861683.68
16598 3840880.52
16599 3821377.52
16600 3802826.68
16601 3785376.02
16602 3769183.52
16603 3754882.68
16604 3742989.02
16605 3733319.02
16606 3725359.18
16607 3718746.18
16608 3713290.68
16609 3708894.85
16610 3705940.52
16611 3704580.68
16612 3705087.85
16613 6096265.00
16614 2691999.17
16615 2673313.00
16616 2656851.97
16617 2643660.77
16618 2634488.43
16619 2637645.42
16620 2660161.57
16621 2692987.65
16622 2727603.73
16623 2763320.23
16624 2799366.73
16625 2835844.90
16626 2873119.73
16627 2911295.90
16628 2950134.90
16629 5887131.82
16630 3213394.17
16631 3164409.17
16632 3115440.17
16633 3066487.17
16634 3017550.17
16635 2968629.17
16636 2919724.17
16637 2870857.17
16638 2822054.67
16639 2773300.17
16640 2724569.17
16641 2676007.17
16642 2627905.83
16643 2580844.83
16644 2534696.00
16645 2489131.17
16646 2444051.33
16647 2399116.00
16648 2354318.67
16649 2309671.83
16650 2265217.00
16651 2220925.67
16652 2176742.33
16653 2132711.00
16654 2088877.67
16655 2045321.25
16656 2002283.42
16657 1960004.67
16658 1918348.00
16659 1877134.83
16660 1836436.00
16661 1796307.50
16662 1757177.50
16663 1719167.50
16664 1681932.00
16665 1645872.00
16666 1611351.33
16667 1578158.92
16668 1545983.50
16669 1514767.50
16670 1484939.67
16671 1456433.17
16672 1428932.50
16673 1402476.50
16674 1376796.67
16675 1351729.33
16676 1327753.83
16677 1305011.83
16678 1283134.00
16679 1262023.50
16680 1242111.67
16681 1223736.25
16682 1206797.08
16683 1191468.50
16684 1178265.50
16685 1166848.75
16686 1156396.67
16687 1147044.67
16688 1139342.00
16689 1133321.33
16690 1128876.67
16691 1125858.50
16692 1123912.33
16693 1123179.67
16694 1123869.00
16695 1125847.33
16696 1129260.33
16697 1134423.17
16698 1141074.33
16699 1148867.33
16700 1157974.50
16701 1168858.50
16702 1182097.42
16703 1197487.83
16704 1214396.00
16705 1233429.33
16706 1254877.33
16707 1277772.00
16708 1301997.00
16709 1327775.83
16710 1354603.33
16711 1382007.83
16712 1409863.33
16713 1438364.25
16714 1467771.67
16715 1498392.83
16716 1531081.50
16717 1565598.33
16718 1601062.17
16719 1637376.33
16720 1674278.50
16721 1711515.17
16722 1749024.67
16723 1786841.50
16724 1825288.33
16725 1864633.50
16726 1904626.50
16727 1945052.67
16728 1986002.33
16729 2027449.83
16730 2069494.50
16731 2112192.00
16732 2155429.17
16733 2199097.00
16734 2243003.50
16735 2287075.00
16736 2331280.50
16737 2375682.17
16738 2420353.33
16739 2465219.83
16740 2510237.83
16741 2555511.50
16742 2601089.67
16743 2646885.67
16744 2692794.67
16745 2738781.67
16746 2784846.67
16747 2830989.67
16748 2877319.83
16749 2924077.50
16750 2971313.00
16751 3018771.00
16752 3066330.00
16753 3114123.00
16754 3162091.00
16755 3210095.00
16756 3258135.00
16757 3306211.00
16758 3354372.00
16759 3402665.00
16760 11066511.75
16761 9191031.42
16762 9191874.08
16763 9195493.75
16764 9200452.00
16765 9206625.25
16766 9214761.75
16767 9225023.75
16768 9236767.08
16769 9249697.08
16770 9263426.25
16771 9278058.75
16772 9293834.25
16773 9310609.83
16774 9328409.08
16775 9347754.42
16776 9368661.25
16777 9390786.58
16778 9413802.25
16779 9437393.92
16780 9461711.08
16781 9486813.42
16782 9512717.58
16783 16391560.85
16784 13650727.52
16785 13668116.85
16786 13687293.68
16787 13707887.52
16788 13729911.35
16789 13753251.02
16790 13778542.35
16791 13805739.18
16792 13834412.52
16793 13864782.85
16794 13896359.68
16795 13928502.68
16796 13961385.18
16797 13995805.02
16798 19828123.35
16799 6710803.75
16800 6661148.75
16801 6611493.75
16802 6561838.75
16803 6512183.75
16804 6462528.75
16805 6412873.75
16806 6363218.75
16807 6313563.75
16808 6263908.75
16809 6214253.75
16810 6164598.75
16811 6114943.75
16812 6065288.75
16813 6015633.75
16814 5965978.75
16815 5916323.75
16816 5866668.75
16817 5817013.75
16818 5767358.75
16819 5717703.75
16820 5668048.75
16821 5618393.75
16822 5568738.75
16823 5519083.75
16824 5469428.75
16825 5419773.75
16826 5370118.75
16827 5320463.75
16828 5270808.75
16829 5221153.75
16830 5171498.75
16831 5121843.75
16832 5072188.75
16833 5022533.75
16834 4972878.75
16835 4923223.75
16836 4873568.75
16837 4823913.75
16838 4774258.75
16839 4724603.75
16840 4674948.75
16841 4625293.75
16842 4575638.75
16843 4525983.75
16844 4476328.75
16845 4426673.75
16846 4377018.75
16847 4327363.75
16848 4277708.75
16849 4228053.75
16850 4178398.75
16851 4128743.75
16852 4079088.75
16853 4029433.75
16854 3979778.75
16855 3930123.75
16856 3880468.75
16857 3830813.75
16858 3781158.75
16859 3731503.75
16860 3681848.75
16861 3632193.75
16862 3582538.75
16863 3532883.75
16864 3483228.75
16865 3433573.75
16866 3383918.75
16867 3334263.75
16868 3284608.75
16869 3234953.75
16870 3185298.75
16871 3135643.75
16872 3085988.75
16873 3036333.75
16874 2986678.75
16875 2937023.75
16876 2887368.75
16877 2837713.75
16878 2788058.75
16879 2738403.75
16880 2688748.75
16881 2639093.75
16882 2589438.75
16883 2539783.75
16884 2490128.75
16885 2440473.75
16886 2390818.75
16887 2341163.75
16888 2291508.75
16889 2241853.75
16890 2192198.75
16891 2142543.75
16892 2092888.75
16893 2043445.75
16894 1994239.75
16895 1945089.08
16896 1896004.25
16897 1847093.75
16898 1798470.92
16899 1750040.42
16900 1701681.75
16901 1653387.58
16902 1605928.42
16903 1559414.58
16904 1513245.75
16905 1467367.92
16906 1421711.58
16907 1376228.25
16908 1330832.92
16909 1287494.75
16910 1246459.42
16911 1205821.92
16912 1165386.08
16913 1125146.08
16914 1085181.58
16915 1045514.75
16916 1006174.75
16917 967259.58
16918 928841.25
16919 891103.08
16920 857014.75
16921 829051.92
16922 804599.92
16923 781361.92
16924 759295.42
16925 738189.75
16926 718723.25
16927 700900.25
16928 684253.58
16929 668963.25
16930 654956.42
16931 642549.75
16932 631797.92
16933 622406.42
16934 614234.08
16935 607081.08
16936 604481.75
16937 606438.58
16938 609582.58
16939 614834.42
16940 622542.92
16941 632633.08
16942 644407.75
16943 657760.58
16944 677914.42
16945 704573.42
16946 732473.17
16947 761382.58
16948 791325.92
16949 822237.25
16950 858801.42
16951 900784.75
16952 943198.25
16953 985885.25
16954 1028815.58
16955 1072163.42
16956 1116129.08
16957 1160492.75
16958 1205014.58
16959 1249644.92
16960 1294404.42
16961 1339435.42
16962 1385064.75
16963 1431197.42
16964 1477577.08
16965 1524264.75
16966 1571137.92
16967 1618111.25
16968 1665309.42
16969 1712689.58
16970 1760588.75
16971 1809613.25
16972 1859268.25
16973 1908923.25
16974 1958578.25
16975 2008233.25
16976 2057888.25
16977 2107543.25
16978 2157198.25
16979 2206853.25
16980 2256508.25
16981 2306163.25
16982 2355818.25
16983 2405473.25
16984 2455128.25
16985 2504783.25
16986 2554438.25
16987 2604093.25
16988 2653748.25
16989 2703403.25
16990 2753058.25
16991 2802713.25
16992 2852368.25
16993 2902023.25
16994 2951678.25
16995 3001333.25
16996 3050988.25
16997 3100643.25
16998 3150298.25
16999 3199953.25
17000 3249608.25
17001 3299263.25
17002 3348918.25
17003 3398573.25
17004 3448228.25
17005 3497883.25
17006 3547538.25
17007 3597193.25
17008 3646848.25
17009 3696503.25
17010 3746158.25
17011 3795813.25
17012 3845468.25
17013 3895123.25
17014 3944778.25
17015 3994433.25
17016 4044088.25
17017 4093743.25
17018 4143398.25
17019 4193053.25
17020 4242708.25
17021 4292363.25
17022 4342018.25
17023 4391673.25
17024 4441328.25
17025 4490983.25
17026 4540638.25
17027 4590293.25
17028 4639948.25
17029 4689603.25
17030 4739258.25
17031 4788913.25
17032 4838568.25
17033 4888223.25
17034 4937878.25
17035 4987533.25
17036 5037188.25
17037 5086843.25
17038 5136498.25
17039 5186153.25
17040 5235808.25
17041 5285463.25
17042 5335118.25
17043 5384773.25
17044 5434428.25
17045 5484083.25
17046 5533738.25
17047 5583393.25
17048 5633048.25
17049 5682703.25
17050 5732358.25
17051 5782013.25
17052 5831668.25
17053 5881323.25
17054 5930978.25
17055 5980633.25
17056 6030288.25
17057 6079943.25
17058 6129598.25
17059 6179253.25
17060 6228908.25
17061 6278563.25
17062 6328218.25
17063 6377873.25
17064 6427528.25
17065 8791843.57
17066 2620119.23
17067 2576889.65
17068 2534456.32
17069 2492301.65
17070 2450648.98
17071 2409868.15
17072 2370379.15
17073 2331786.82
17074 2293470.82
17075 2255557.98
17076 2218367.98
17077 2181997.48
17078 2146267.48
17079 2111110.65
17080 2076406.48
17081 2042237.65
17082 2009088.48
17083 1977181.48
17084 1946391.98
17085 1916404.48
17086 1886978.98
17087 1858901.98
17088 1832621.98
17089 1808226.65
17090 1785585.48
17091 1764719.32
17092 1746187.15
17093 1729348.65
17094 1713582.32
17095 1699654.65
17096 1688671.15
17097 1681347.57
17098 1677566.65
17099 1676391.65
17100 1677949.98
17101 1682016.32
17102 1687492.65
17103 1694046.65
17104 1701859.82
17105 1711282.40
17106 1722497.32
17107 1735339.32
17108 1749844.98
17109 1765713.98
17110 1783340.32
17111 1805374.07
17112 1833298.48
17113 1864613.65
17114 1896732.98
17115 1929635.57
17116 1963422.65
17117 1997841.82
17118 2032715.48
17119 2068037.65
17120 2104276.15
17121 2141651.98
17122 2179815.98
17123 2218475.15
17124 2257510.82
17125 2296923.32
17126 2336757.32
17127 2376974.98
17128 2417440.65
17129 2458235.65
17130 2499628.32
17131 13846497.78
17132 12587817.63
17133 12601757.30
17134 12616918.30
17135 14287104.05
17136 2215266.83
17137 2165420.83
17138 2115574.83
17139 2065728.83
17140 2015882.83
17141 1966036.83
17142 1916190.83
17143 1866344.83
17144 1816498.83
17145 1766652.83
17146 1716806.83
17147 1666960.83
17148 1617114.83
17149 1567268.83
17150 1517422.83
17151 1467576.83
17152 1417818.50
17153 1369268.67
17154 1323136.17
17155 1279039.67
17156 1235853.17
17157 1195507.67
17158 1158082.50
17159 1121210.83
17160 1085038.33
17161 1049501.33
17162 1014608.00
17163 980545.67
17164 947532.50
17165 916399.50
17166 887357.67
17167 859533.83
17168 832772.83
17169 807128.17
17170 784351.25
17171 766408.00
17172 751589.75
17173 738407.42
17174 727053.33
17175 717490.67
17176 709634.00
17177 703528.50
17178 699090.67
17179 695962.33
17180 694260.67
17181 694555.00
17182 697632.33
17183 703093.67
17184 709820.00
17185 718030.50
17186 728662.00
17187 741209.17
17188 754858.50
17189 769613.33
17190 785372.67
17191 802361.00
17192 821162.17
17193 842571.17
17194 866260.92
17195 892233.00
17196 920867.67
17197 951328.00
17198 982614.00
17199 1014540.67
17200 1047431.00
17201 1082559.17
17202 1119959.83
17203 1158360.67
17204 1197310.67
17205 1236513.17
17206 1276190.83
17207 1316529.50
17208 1357645.00
17209 1399611.00
17210 1442091.67
17211 1485185.83
17212 1530436.50
17213 1578805.17
17214 1628651.17
17215 1678497.17
17216 1728343.17
17217 1778189.17
17218 1828035.17
17219 1877881.17
17220 1927727.17
17221 1977573.17
17222 2027419.17
17223 2077265.17
17224 2127111.17
17225 2176957.17
17226 2226803.17
17227 2276649.17
17228 2326495.17
17229 6653968.52
17230 4347890.68
17231 4303460.35
17232 4259244.85
17233 4215279.35
17234 4171552.35
17235 4127953.35
17236 4084499.18
17237 4041763.52
17238 4000091.02
17239 3959016.18
17240 3918294.52
17241 3878242.02
17242 3838956.68
17243 3800536.35
17244 3763137.02
17245 3726520.68
17246 3691204.35
17247 3658061.52
17248 3626350.68
17249 3595335.85
17250 3565589.52
17251 3537356.68
17252 3510432.35
17253 3484727.18
17254 3460697.43
17255 3438195.68
17256 3416683.02
17257 3396500.35
17258 3378017.35
17259 3361421.35
17260 3346661.52
17261 3333041.85
17262 3320283.68
17263 3308622.02
17264 3298221.18
17265 3289340.85
17266 3283344.85
17267 3280248.52
17268 3278490.68
17269 3277598.35
17270 3277786.02
17271 3279463.52
17272 3282631.52
17273 3287499.35
17274 3293903.85
17275 3301635.02
17276 3310628.18
17277 3321305.02
17278 3333987.43
17279 3348266.18
17280 3364294.35
17281 3381865.18
17282 3400659.68
17283 3421357.27
17284 3444422.60
17285 3469034.52
17286 3494518.68
17287 3520769.52
17288 3547546.43
17289 3574873.27
17290 3602920.68
17291 3631683.35
17292 3661123.52
17293 3691218.18
17294 3722061.52
17295 3753604.35
17296 3785835.68
17297 6296546.17
17298 2777426.23
17299 2740432.90
17300 2704198.90
17301 2668443.73
17302 2633632.90
17303 2600675.90
17304 2569522.40
17305 2539242.57
17306 2510182.65
17307 2482867.15
17308 2456822.40
17309 2433904.23
17310 2414164.73
17311 2395387.73
17312 2377990.73
17313 2362359.40
17314 2349526.73
17315 2339109.90
17316 2329885.23
17317 2322299.07
17318 2316197.90
17319 2312509.07
17320 2311839.73
17321 2313006.40
17322 2315314.57
17323 2319717.57
17324 2326868.73
17325 2336825.07
17326 2354334.57
17327 2378171.23
17328 2402718.07
17329 2427824.73
17330 2453813.07
17331 2480935.73
17332 2509063.23
17333 2538710.82
17334 2570356.07
17335 2603398.73
17336 2637538.23
17337 2672827.57
17338 2709074.90
17339 2746079.23
17340 2783585.07
17341 2821550.90
17342 2859968.73
17343 2898867.57
17344 2938668.90
17345 2979587.73
17346 3021078.07
17347 3063213.73
17348 3106018.23
17349 3148995.57
17350 3192123.90
17351 3235375.90
17352 3278756.90
17353 3322566.90
17354 3366818.40
17355 3411223.40
17356 3455846.07
17357 3500753.57
17358 3545866.90
17359 3591092.90
17360 3636454.90
17361 3681948.90
17362 3727510.90
17363 3773140.90
17364 14519026.32
17365 12589233.73
17366 12572249.90
17367 12557311.23
17368 12544102.07
17369 12532146.90
17370 12521802.73
17371 12513486.57
17372 12507611.07
17373 12504354.07
17374 12503734.90
17375 12504911.07
17376 12507481.90
17377 12511665.40
17378 12517348.90
17379 12524445.90
17380 12532797.40
17381 12542445.23
17382 12553587.73
17383 12566148.23
17384 12580299.65
17385 12596147.57
17386 12613247.90
17387 17235367.08
17388 6186896.30
17389 6138831.30
17390 6090794.30
17391 6042785.30
17392 5994804.30
17393 5946909.30
17394 5899359.80
17395 5852101.80
17396 5804879.80
17397 5757693.80
17398 5710543.80
17399 5663429.80
17400 5616351.80
17401 5569309.80
17402 5522303.80
17403 5475333.80
17404 5428399.80
17405 5381501.80
17406 5334639.80
17407 5287813.80
17408 5241023.80
17409 5194269.80
17410 5147551.80
17411 5101047.63
17412 5054961.97
17413 5009129.97
17414 4963357.97
17415 4917938.47
17416 4873026.30
17417 4828388.13
17418 4784487.47
17419 4741416.47
17420 4698750.63
17421 4656396.97
17422 4614245.80
17423 4572400.80
17424 4531095.13
17425 4490448.30
17426 4450504.47
17427 4411092.30
17428 4372223.13
17429 4333922.97
17430 4296052.47
17431 4258784.30
17432 4222306.80
17433 4186841.63
17434 4152122.30
17435 4117807.13
17436 4083947.80
17437 4050803.13
17438 4018512.13
17439 3987243.30
17440 3958206.13
17441 3931802.97
17442 3907136.30
17443 3884136.47
17444 3863042.63
17445 3843911.22
17446 3826291.97
17447 3809496.97
17448 3794066.63
17449 3780271.80
17450 3767560.80
17451 3756761.13
17452 3748349.63
17453 3741427.97
17454 3735853.30
17455 3732260.30
17456 3732243.63
17457 3735551.80
17458 3740179.47
17459 3745939.30
17460 3753552.97
17461 3762852.80
17462 3773286.97
17463 3784814.30
17464 5912430.37
17465 3044118.87
17466 2994430.87
17467 2944742.87
17468 2895054.87
17469 2845584.20
17470 2796591.53
17471 2747905.03
17472 2699413.37
17473 2651234.53
17474 2603248.87
17475 2555314.87
17476 2507424.87
17477 2459593.20
17478 2411836.03
17479 2364459.53
17480 2317599.70
17481 2271101.37
17482 2224876.37
17483 2178771.87
17484 2132736.87
17485 2086772.37
17486 2040958.87
17487 1995510.03
17488 1950671.53
17489 1906526.20
17490 1862982.78
17491 1819887.03
17492 1777164.20
17493 1734738.70
17494 1692593.37
17495 1650695.87
17496 1608939.37
17497 1567348.53
17498 1526288.20
17499 1485911.53
17500 1446106.20
17501 1406848.37
17502 1368005.70
17503 1329823.28
17504 1293018.37
17505 1257725.37
17506 1223262.53
17507 1189469.28
17508 1156398.87
17509 1124389.37
17510 1093716.28
17511 1064039.03
17512 1035615.03
17513 1008631.20
17514 983067.87
17515 959411.87
17516 937708.78
17517 919037.87
17518 903919.70
17519 890854.70
17520 878973.62
17521 868273.87
17522 859001.70
17523 851347.03
17524 845027.53
17525 840481.45
17526 838766.37
17527 839637.03
17528 842911.87
17529 848102.37
17530 854556.03
17531 862414.03
17532 871717.20
17533 882257.87
17534 895617.40
17535 913556.60
17536 934399.43
17537 956481.35
17538 979795.43
17539 1004583.93
17540 1030676.93
17541 1057861.93
17542 1086278.27
17543 1116627.37
17544 1149855.88
17545 1185278.13
17546 1221614.47
17547 1258383.80
17548 1295463.30
17549 1332896.30
17550 1370893.30
17551 1409677.13
17552 1449099.63
17553 1488986.13
17554 1529337.97
17555 1570045.63
17556 1611290.30
17557 1653079.30
17558 1695161.97
17559 1737623.97
17560 1780845.38
17561 1824758.47
17562 1868908.47
17563 1913170.30
17564 1957596.30
17565 2002223.47
17566 2047013.13
17567 2092084.80
17568 2137412.80
17569 2182842.80
17570 2228440.47
17571 2274260.13
17572 2320348.80
17573 2366722.97
17574 2413299.63
17575 2459999.80
17576 2506783.30
17577 2553616.30
17578 2600493.30
17579 2647428.47
17580 2694437.30
17581 2741505.97
17582 2788616.97
17583 2835767.97
17584 2882958.97
17585 2930189.97
17586 2977460.97
17587 3024779.97
17588 3072152.97
17589 3119569.97
17590 3167034.47
17591 3214684.47
17592 3262508.47
17593 3310368.47
17594 3358264.47
17595 3406367.47
17596 3454689.47
17597 3503055.47
17598 3551488.47
17599 3600087.97
17600 3648852.47
17601 3697678.47
17602 3746524.47
17603 3795390.47
17604 3844276.47
17605 3893182.47
17606 3942126.47
17607 3991143.63
17608 4040232.30
17609 4089355.30
17610 4138494.30
17611 4187649.30
17612 4236820.30
17613 4286018.80
17614 4335291.13
17615 4384668.47
17616 4434098.47
17617 4483532.47
17618 4532970.47
17619 4582412.47
17620 4631918.30
17621 4681546.13
17622 4731234.13
17623 4780922.13
17624 4830610.13
17625 15113144.80
17626 11159583.03
17627 11129368.53
17628 11100788.20
17629 11074242.95
17630 11049691.20
17631 11026839.87
17632 11005431.53
17633 10985246.20
17634 10966246.87
17635 10948828.53
17636 10934350.70
17637 10924723.78
17638 10919131.03
17639 10916477.37
17640 10916572.70
17641 10918295.87
17642 10921145.28
17643 10925093.20
17644 13245939.45
17645 3965671.50
17646 3917177.33
17647 3868829.50
17648 3820636.33
17649 3772692.83
17650 3724960.33
17651 3677275.33
17652 3629629.83
17653 3582029.33
17654 3534472.33
17655 3486955.33
17656 3439478.33
17657 3392041.33
17658 3344644.33
17659 3297289.67
17660 3249985.33
17661 3202735.67
17662 3155534.67
17663 3108377.67
17664 3061270.00
17665 3014217.50
17666 2967246.83
17667 2920440.17
17668 2873863.17
17669 2827470.83
17670 2781175.50
17671 2734970.83
17672 2688884.83
17673 2643031.83
17674 2597393.33
17675 2551931.33
17676 2506646.33
17677 2461445.33
17678 2416328.33
17679 2371296.67
17680 2326476.17
17681 2282009.00
17682 2237839.83
17683 2193887.00
17684 2150287.33
17685 2107037.83
17686 2064020.33
17687 2021316.00
17688 1979101.33
17689 1937640.67
17690 1896846.50
17691 1856406.00
17692 1816332.00
17693 1776662.50
17694 1737395.17
17695 1698864.67
17696 1661082.33
17697 1623709.17
17698 1586714.83
17699 1550262.00
17700 1514330.00
17701 1478812.00
17702 1443857.00
17703 1409436.50
17704 1376149.00
17705 1343993.58
17706 1312286.00
17707 1281055.00
17708 1250423.83
17709 1220875.83
17710 1192622.67
17711 1165510.08
17712 1140056.17
17713 1116533.83
17714 1095256.25
17715 1076315.83
17716 1058985.17
17717 1043001.83
17718 1028685.33
17719 1016832.42
17720 1007434.67
17721 1000252.83
17722 995471.83
17723 993102.83
17724 992912.17
17725 995325.67
17726 1000403.33
17727 1007229.33
17728 1015356.33
17729 1024920.33
17730 1036125.67
17731 1049067.00
17732 1063548.67
17733 1079159.17
17734 1096052.17
17735 1114347.00
17736 1134444.67
17737 1156831.33
17738 1180725.17
17739 1205795.50
17740 1232149.67
17741 1260052.83
17742 1290113.67
17743 1321622.67
17744 1353777.33
17745 1386695.33
17746 1420612.67
17747 1455798.00
17748 1492199.17
17749 1529263.83
17750 1566726.00
17751 1604609.17
17752 1643186.17
17753 1682593.50
17754 1722648.83
17755 1763167.83
17756 1804011.50
17757 1845110.83
17758 1886482.33
17759 1928132.00
17760 1969997.50
17761 2012020.00
17762 2054351.50
17763 2097093.00
17764 2140177.33
17765 2183563.17
17766 2227131.17
17767 2270956.17
17768 2315226.83
17769 2359804.00
17770 2404496.17
17771 2449292.50
17772 2494196.67
17773 2539279.17
17774 2584531.17
17775 2630143.67
17776 2676110.67
17777 2722208.17
17778 2768618.67
17779 2815455.67
17780 2862739.67
17781 2910312.67
17782 2957971.67
17783 3005690.67
17784 3053453.67
17785 3101260.67
17786 3149111.67
17787 3197006.67
17788 3244945.67
17789 3292932.17
17790 3340998.83
17791 3389216.33
17792 10319637.07
17793 6984610.90
17794 6939730.57
17795 6895082.07
17796 6850762.40
17797 6806699.40
17798 6763199.07
17799 6720426.23
17800 6678044.23
17801 6636016.90
17802 6594520.57
17803 6554711.23
17804 6517291.40
17805 6481333.90
17806 6446105.40
17807 6411510.23
17808 6377717.07
17809 6344730.23
17810 6312459.90
17811 6280830.40
17812 6249714.07
17813 6219535.90
17814 6191471.73
17815 6166537.73
17816 6144922.32
17817 6126159.73
17818 6109653.40
17819 7749606.65
17820 4407708.67
17821 4358629.67
17822 4309562.67
17823 4260507.67
17824 4211464.67
17825 4162433.67
17826 4113428.17
17827 4064484.17
17828 4015611.67
17829 3966776.67
17830 3917957.67
17831 3869154.67
17832 3820367.67
17833 3771596.67
17834 3722841.67
17835 3674102.67
17836 3625379.67
17837 3576763.67
17838 3528256.67
17839 3479769.67
17840 3431302.67
17841 3382855.67
17842 3334428.67
17843 3286021.67
17844 3237769.67
17845 3189833.17
17846 3142090.67
17847 3094405.00
17848 3046784.33
17849 2999215.33
17850 2951730.17
17851 2904398.83
17852 2857201.17
17853 2810069.17
17854 2763002.17
17855 2716080.67
17856 2669483.17
17857 2623374.17
17858 2577580.50
17859 2532112.00
17860 2487093.33
17861 2442382.83
17862 2398041.00
17863 2354004.50
17864 2310338.17
17865 2267287.17
17866 2224687.33
17867 2182419.67
17868 2140424.00
17869 2098576.33
17870 2056876.67
17871 2015381.67
17872 1974180.00
17873 1933280.33
17874 1892683.50
17875 1852388.33
17876 1812406.83
17877 1772778.17
17878 1733549.67
17879 1694813.50
17880 1656809.67
17881 1619755.00
17882 1583568.75
17883 1548496.50
17884 1514740.00
17885 1481943.17
17886 1449883.83
17887 1418637.50
17888 1388213.83
17889 1358413.00
17890 1329410.83
17891 1301652.83
17892 1276028.00
17893 1252166.67
17894 1229193.83
17895 1208139.17
17896 1189096.83
17897 1171623.83
17898 1155855.83
17899 1141299.00
17900 1127463.83
17901 1114344.83
17902 1102229.83
17903 1091262.17
17904 1081150.67
17905 1072118.00
17906 1064700.50
17907 1059021.00
17908 1054860.83
17909 1051809.00
17910 1050305.33
17911 1050970.00
17912 1053811.17
17913 1058291.83
17914 1064110.42
17915 1071794.67
17916 1081829.00
17917 1093944.33
17918 1107477.83
17919 1122466.67
17920 1139119.42
17921 1157039.67
17922 1176379.50
17923 1198057.83
17924 1221675.00
17925 1246286.17
17926 1271882.17
17927 1298829.17
17928 1327060.17
17929 1356221.00
17930 1386410.00
17931 1417880.17
17932 1451027.42
17933 1485576.33
17934 1520988.00
17935 1557242.00
17936 1594508.17
17937 1632914.83
17938 1672128.75
17939 1711761.00
17940 1751672.67
17941 1791822.33
17942 1832259.50
17943 1872977.67
17944 1913965.67
17945 1955187.67
17946 1996568.17
17947 2038110.17
17948 2079888.67
17949 2122227.08
17950 2165482.75
17951 2209501.00
17952 2253909.75
17953 2298604.00
17954 2343514.67
17955 2388582.17
17956 2433946.17
17957 2479594.50
17958 2525349.83
17959 2571181.17
17960 2617088.50
17961 2663071.83
17962 2709220.67
17963 2755611.33
17964 2802305.83
17965 2849422.67
17966 2896844.17
17967 2944359.50
17968 2991918.83
17969 3039522.17
17970 3087169.50
17971 3134860.83
17972 3182710.25
17973 3230842.67
17974 3279164.33
17975 3327590.50
17976 3376174.00
17977 3424896.83
17978 3473683.33
17979 3522495.33
17980 3571319.33
17981 3620155.33
17982 3669003.33
17983 3717863.33
17984 3766735.33
17985 3815619.33
17986 3864515.33
17987 3913423.33
17988 3962343.33
17989 4011275.33
17990 4060219.33
17991 4109175.33
17992 4158143.33
17993 4207190.83
17994 4256315.83
17995 4305448.83
17996 4354589.83
17997 4403738.83
17998 4452895.83
17999 7414884.28
18000 3311985.37
18001 3273712.70
18002 3236001.37
18003 3199020.87
18004 3163389.20
18005 3129990.37
18006 3098100.20
18007 3066783.37
18008 3036263.20
18009 3006835.53
18010 2978752.62
18011 2951899.87
18012 2926410.62
18013 2903000.62
18014 2881217.78
18015 2860585.87
18016 2841252.70
18017 2823805.53
18018 2808630.87
18019 2795597.20
18020 2784774.20
18021 2775355.87
18022 2766794.53
18023 2759237.70
18024 2752966.28
18025 2748469.53
18026 2745659.37
18027 2744008.70
18028 2743219.87
18029 2743575.20
18030 2745803.03
18031 2750172.53
18032 2756992.20
18033 2766508.20
18034 2777964.53
18035 2791242.37
18036 2806492.37
18037 2823166.53
18038 2840875.70
18039 2859534.87
18040 2879404.37
18041 2900288.03
18042 2922544.20
18043 2946631.53
18044 2972348.03
18045 2999390.70
18046 5227345.30
18047 4097146.85
18048 4114902.68
18049 4133864.35
18050 4156096.18
18051 4182096.68
18052 4209827.18
18053 4238611.85
18054 4268455.02
18055 4299117.35
18056 4330568.52
18057 4363563.27
18058 4398174.02
18059 5614903.43
18060 1737260.33
18061 1699660.00
18062 1663139.00
18063 1627975.50
18064 1593523.00
18065 1559726.33
18066 1526884.67
18067 1495150.83
18068 1464602.50
18069 1434939.50
18070 1406203.83
18071 1378322.00
18072 1352571.33
18073 1330225.33
18074 1309747.83
18075 1290023.67
18076 1271768.67
18077 1260307.33
18078 1255515.17
18079 1252413.83
18080 1250561.83
18081 1250000.17
18082 1251397.50
18083 1255149.00
18084 1260931.00
18085 1269038.50
18086 1279173.83
18087 1290376.17
18088 1303387.00
18089 1319194.83
18090 1337043.67
18091 1355967.00
18092 1376077.00
18093 1398924.92
18094 1426866.83
18095 1458613.83
18096 1491540.50
18097 1525424.00
18098 1560032.50
18099 1595035.75
18100 1630880.17
18101 1667767.83
18102 1705469.33
18103 1743962.50
18104 1783151.17
18105 1822857.17
18106 1863130.83
18107 1904005.67
18108 1945399.83
18109 1987418.00
18110 2030266.83
18111 2073823.00
18112 2117821.67
18113 2162213.83
18114 2207124.50
18115 2252401.67
18116 2297799.67
18117 2343271.67
18118 2388811.67
18119 2434445.17
18120 2480170.67
18121 2526228.83
18122 2572761.50
18123 2619492.50
18124 2666271.50
18125 2713098.50
18126 2759988.00
18127 2807080.00
18128 2854356.00
18129 2901672.00
18130 2949028.00
18131 2996424.00
18132 3043968.00
18133 3091713.50
18134 3139548.50
18135 3187415.50
18136 3235314.50
18137 3283245.50
18138 3331283.50
18139 3379426.50
18140 3427613.17
18141 3475857.33
18142 3524141.33
18143 3572449.33
18144 3620781.33
18145 3669145.33
18146 3717554.83
18147 3765999.83
18148 3814464.83
18149 11527508.95
18150 9252209.12
18151 9241318.12
18152 9231531.78
18153 9223372.45
18154 9217446.28
18155 9214203.28
18156 9213807.45
18157 9215511.78
18158 9218542.78
18159 9222814.28
18160 9228200.45
18161 11668651.97
18162 3781041.43
18163 3732451.43
18164 3683881.43
18165 3635331.43
18166 3586801.43
18167 3538291.43
18168 3489801.43
18169 3441331.43
18170 3392881.43
18171 3344514.77
18172 3296320.93
18173 3248263.77
18174 3200257.77
18175 3152424.77
18176 3104898.27
18177 3057671.60
18178 3010637.43
18179 2963667.43
18180 2916745.43
18181 2869871.43
18182 2823046.43
18183 2776290.43
18184 2729689.93
18185 2683373.43
18186 2637397.43
18187 2591786.43
18188 2546412.77
18189 2501222.43
18190 2456321.77
18191 2411808.60
18192 2368629.52
18193 2327112.43
18194 2286580.43
18195 2247141.27
18196 2208721.77
18197 2171100.93
18198 2134282.93
18199 2097963.43
18200 2062060.43
18201 2026779.93
18202 1992213.60
18203 1958470.60
18204 1925447.10
18205 1892898.60
18206 1860755.77
18207 1829132.77
18208 1798332.93
18209 1768927.60
18210 1740968.60
18211 1714319.10
18212 1688823.43
18213 1665483.60
18214 1646017.60
18215 1630009.60
18216 1616841.52
18217 1606468.77
18218 1601201.27
18219 1604779.10
18220 1615330.77
18221 1628633.93
18222 1643968.93
18223 1661192.60
18224 1679559.43
18225 2990441.02
18226 1698288.58
18227 1653317.92
18228 1611777.92
18229 1572765.08
18230 1534183.58
18231 1496213.25
18232 1459042.92
18233 1422478.42
18234 1386355.25
18235 1350709.08
18236 1315721.42
18237 1281741.25
18238 1249283.25
18239 1218682.92
18240 1189739.42
18241 1162030.92
18242 1135303.58
18243 1110336.92
18244 1087560.08
18245 1066954.58
18246 1048925.42
18247 1033435.00
18248 1020873.58
18249 1011037.92
18250 1002904.58
18251 996207.08
18252 991422.25
18253 988565.25
18254 987062.25
18255 986483.08
18256 986701.25
18257 987985.17
18258 990777.42
18259 995125.08
18260 1000573.08
18261 1006694.58
18262 1013624.42
18263 1021668.42
18264 1032463.08
18265 1046608.08
18266 1062892.58
18267 1080982.92
18268 1100761.42
18269 1124771.25
18270 1152695.58
18271 1181627.42
18272 1211738.42
18273 1243053.92
18274 1275589.58
18275 1309420.92
18276 1344483.42
18277 1380468.58
18278 1417072.42
18279 1454254.25
18280 1492224.92
18281 1531072.42
18282 1570445.92
18283 1610153.25
18284 1650307.92
18285 1691054.75
18286 1732234.92
18287 1774462.08
18288 1817918.25
18289 1861911.25
18290 1906350.25
18291 1951056.92
18292 1995957.08
18293 2041057.08
18294 2086299.25
18295 2131732.42
18296 2177349.42
18297 2223097.58
18298 2269059.75
18299 2315359.25
18300 2361926.25
18301 2408652.25
18302 2455622.25
18303 2502788.25
18304 2550015.25
18305 2597332.25
18306 5323746.33
18307 2694572.08
18308 2644837.08
18309 2595102.08
18310 2545367.08
18311 2495632.08
18312 2445897.08
18313 2396162.08
18314 2346549.58
18315 2298142.58
18316 2250856.58
18317 2203642.42
18318 2156536.25
18319 2109556.75
18320 2062662.25
18321 2016373.25
18322 1970786.25
18323 1925440.08
18324 1881195.58
18325 1838126.58
18326 1795375.42
18327 1752914.42
18328 1710738.75
18329 1668872.25
18330 1627408.42
18331 1586266.92
18332 1545327.42
18333 1504568.42
18334 1464278.92
18335 1424506.75
18336 1385003.42
18337 1346058.75
18338 1308290.08
18339 1271732.08
18340 1236191.42
18341 1201667.42
18342 1167978.08
18343 1135714.75
18344 1104808.08
18345 1075120.92
18346 1046979.08
18347 1020875.25
18348 997144.75
18349 974922.25
18350 954221.67
18351 935295.25
18352 917809.75
18353 902105.92
18354 888129.42
18355 875432.92
18356 864250.08
18357 855094.75
18358 847733.08
18359 841963.58
18360 839543.25
18361 840803.92
18362 844116.75
18363 848920.92
18364 855424.25
18365 863544.92
18366 872931.08
18367 883607.58
18368 895839.08
18369 909333.58
18370 923859.67
18371 940895.92
18372 960149.42
18373 980281.25
18374 1001656.75
18375 1024285.58
18376 1048920.25
18377 1075998.58
18378 1104876.08
18379 1135112.58
18380 1166396.83
18381 1198657.58
18382 1231813.75
18383 1266135.58
18384 1301470.58
18385 1337578.58
18386 1374319.58
18387 1411310.42
18388 1448927.25
18389 1487628.58
18390 1527237.58
18391 1567356.75
18392 1608466.92
18393 1650512.08
18394 1692862.25
18395 1735505.42
18396 1778401.42
18397 1821581.75
18398 1865040.25
18399 1908840.92
18400 1952941.42
18401 1997424.42
18402 2042377.92
18403 2088406.42
18404 2135416.42
18405 2182538.42
18406 2229784.92
18407 2277184.92
18408 2324677.92
18409 2372214.92
18410 2419795.92
18411 2467500.42
18412 2515342.42
18413 2563339.25
18414 2611534.75
18415 2659825.92
18416 2708144.92
18417 2756487.92
18418 2804854.92
18419 2853326.42
18420 2901900.42
18421 2950494.42
18422 2999108.42
18423 3047742.42
18424 3096396.42
18425 3145070.42
18426 3193926.92
18427 3243207.92
18428 3292742.92
18429 3342281.92
18430 3391824.92
18431 3441371.92
18432 3490922.92
18433 3540477.92
18434 3590036.92
18435 3639599.92
18436 3689166.92
18437 3738737.92
18438 3788330.92
18439 3838004.92
18440 3887739.92
18441 3937474.92
18442 3987209.92
18443 4036944.92
18444 4086679.92
18445 4136414.92
18446 10603216.50
18447 6390825.58
18448 6341226.58
18449 6291627.58
18450 6242028.58
18451 6192429.58
18452 6142830.58
18453 6093231.58
18454 6043632.58
18455 5994033.58
18456 5944434.58
18457 5894835.58
18458 5845236.58
18459 5795637.58
18460 5746038.58
18461 5696439.58
18462 5646840.58
18463 5597241.58
18464 5547642.58
18465 5498043.58
18466 5448444.58
18467 5398845.58
18468 5349246.58
18469 5299647.58
18470 5250048.58
18471 5200449.58
18472 5150850.58
18473 5101251.58
18474 5051652.58
18475 5002053.58
18476 4952454.58
18477 4902855.58
18478 4853256.58
18479 4803657.58
18480 4754058.58
18481 4704459.58
18482 4654860.58
18483 4605261.58
18484 4555662.58
18485 4506170.08
18486 4456788.08
18487 4407414.08
18488 4358048.08
18489 4308690.08
18490 4259340.08
18491 4209998.08
18492 4160664.08
18493 4111338.08
18494 4062020.08
18495 4012710.08
18496 3963408.08
18497 3914114.08
18498 3864828.08
18499 3815550.08
18500 3766280.08
18501 3717018.08
18502 3667833.25
18503 3619050.92
18504 3570685.92
18505 3522422.92
18506 3474187.92
18507 3425980.92
18508 3377801.92
18509 3329650.92
18510 3281527.92
18511 3233432.92
18512 3185365.92
18513 3137326.92
18514 3089315.92
18515 3041384.42
18516 2993544.92
18517 2945747.92
18518 2897982.92
18519 2850249.92
18520 2802548.92
18521 2754879.92
18522 2707242.92
18523 2659656.25
18524 2612163.25
18525 2564773.42
18526 2517447.42
18527 2470161.42
18528 2422915.42
18529 2375709.42
18530 2328543.42
18531 2281432.42
18532 2234435.92
18533 2188444.42
18534 2143564.75
18535 2098954.08
18536 2054476.08
18537 2010129.92
18538 1965975.58
18539 1922123.25
18540 1878592.75
18541 1835303.42
18542 1792659.25
18543 1750946.08
18544 1710047.08
18545 1670332.58
18546 1631920.92
18547 1594620.25
18548 1558186.08
18549 1522867.08
18550 1488865.25
18551 1455721.58
18552 1423280.75
18553 1391522.08
18554 1360622.92
18555 1330710.08
18556 1302045.00
18557 1275269.08
18558 1250573.42
18559 1227497.75
18560 1205866.42
18561 1185992.17
18562 1167799.42
18563 1150777.92
18564 1134649.58
18565 1119360.75
18566 1104747.58
18567 1090673.08
18568 1078190.42
18569 1067744.08
18570 1058617.25
18571 1050509.92
18572 1043767.25
18573 1038916.25
18574 1035487.58
18575 1033034.92
18576 1031632.08
18577 1031360.75
18578 1032281.42
18579 1034496.50
18580 1038373.08
18581 1043777.08
18582 1050206.15
18583 1057583.97
18584 1066254.72
18585 1076438.72
18586 1087985.38
18587 1100670.05
18588 1114148.55
18589 1128556.88
18590 1144564.72
18591 1162314.55
18592 1182688.38
18593 1205506.15
18594 1229616.75
18595 1254975.92
18596 1281608.25
18597 1310144.25
18598 1340439.58
18599 1371752.42
18600 1404358.42
18601 1438533.75
18602 1473935.58
18603 1510641.25
18604 1548430.75
18605 1586906.42
18606 1625916.08
18607 1665212.08
18608 1704799.58
18609 1745206.25
18610 1786432.25
18611 1827967.58
18612 1869770.08
18613 1912067.92
18614 1955038.25
18615 1998580.50
18616 2042606.92
18617 2086978.58
18618 2131616.08
18619 2176462.58
18620 2221601.08
18621 2267092.08
18622 2312737.08
18623 2358859.25
18624 2405502.42
18625 2452249.42
18626 2499196.42
18627 2546485.92
18628 2593963.92
18629 2641560.42
18630 2689373.42
18631 2737322.42
18632 2785307.42
18633 2833360.42
18634 2881498.92
18635 2929705.92
18636 2978037.08
18637 3026724.75
18638 3075690.75
18639 3124718.75
18640 3173838.75
18641 3223007.75
18642 3272188.75
18643 3321411.75
18644 3370736.08
18645 3420158.42
18646 3469630.92
18647 3519175.42
18648 3568774.42
18649 3618373.42
18650 3667972.42
18651 3717571.42
18652 3767170.42
18653 3816769.42
18654 3866368.42
18655 3915967.42
18656 3965566.42
18657 4015165.42
18658 4064764.42
18659 4114363.42
18660 4163962.42
18661 4213561.42
18662 4263160.42
18663 4312759.42
18664 4362358.42
18665 4411957.42
18666 4461556.42
18667 4511155.42
18668 4560754.42
18669 4610353.42
18670 4659952.42
18671 4709551.42
18672 4759150.42
18673 4808749.42
18674 4858348.42
18675 4907947.42
18676 4957546.42
18677 5007145.42
18678 5056744.42
18679 5106343.42
18680 5155942.42
18681 5205541.42
18682 5255140.42
18683 5304739.42
18684 5354338.42
18685 13835048.88
18686 12342846.97
18687 12368064.30
18688 12394467.47
18689 12421705.80
18690 12449736.13
18691 12478855.63
18692 12508877.30
18693 12539637.30
18694 12571391.30
18695 12603902.43
18696 12636819.40
18697 12670111.73
18698 12703738.57
18699 12737870.98
18700 12772673.90
18701 12807958.07
18702 16711720.70
18703 4517411.88
18704 4467752.88
18705 4418093.88
18706 4368434.88
18707 4318775.88
18708 4269116.88
18709 4219457.88
18710 4169798.88
18711 4120139.88
18712 4070480.88
18713 4020821.88
18714 3971162.88
18715 3921503.88
18716 3871844.88
18717 3822185.88
18718 3772526.88
18719 3722867.88
18720 3673208.88
18721 3623549.88
18722 3573890.88
18723 3524231.88
18724 3474572.88
18725 3424913.88
18726 3375254.88
18727 3325595.88
18728 3275936.88
18729 3226715.88
18730 3177944.88
18731 3129283.88
18732 3080882.38
18733 3032660.38
18734 2984490.38
18735 2936404.22
18736 2888402.55
18737 2840461.88
18738 2792598.22
18739 2744848.05
18740 2697200.88
18741 2649617.88
18742 2602261.05
18743 2555299.22
18744 2508601.72
18745 2462017.05
18746 2415519.22
18747 2369115.55
18748 2322808.05
18749 2276584.05
18750 2230432.05
18751 2184352.05
18752 2138366.05
18753 2092514.55
18754 2046841.05
18755 2001370.05
18756 1956118.72
18757 1911139.88
18758 1866608.72
18759 1822498.05
18760 1778837.55
18761 1735642.55
18762 1692713.88
18763 1650449.05
18764 1609159.38
18765 1568919.47
18766 1529792.55
18767 1491369.05
18768 1453435.05
18769 1415908.05
18770 1378754.38
18771 1342106.72
18772 1306062.38
18773 1270665.55
18774 1235813.55
18775 1201360.55
18776 1167422.05
18777 1134444.38
18778 1102607.72
18779 1071714.55
18780 1041995.38
18781 1013845.22
18782 986934.55
18783 961281.72
18784 937532.05
18785 916317.38
18786 898177.58
18787 882591.62
18788 868937.62
18789 856778.62
18790 846532.62
18791 839468.95
18792 835318.95
18793 833495.12
18794 834541.28
18795 838621.78
18796 844953.78
18797 853178.62
18798 863511.62
18799 875665.12
18800 889395.12
18801 904738.78
18802 921320.28
18803 939852.12
18804 961004.95
18805 983872.28
18806 1007802.95
18807 1032936.62
18808 1059011.78
18809 1085968.62
18810 1114041.20
18811 1142975.62
18812 1172617.12
18813 1202965.95
18814 1234382.95
18815 1267015.95
18816 1300627.28
18817 1335090.28
18818 1370294.78
18819 1406154.95
18820 1442680.95
18821 1479897.28
18822 1517690.03
18823 1555986.95
18824 1594726.78
18825 1634338.78
18826 1675280.78
18827 1717078.28
18828 1759408.78
18829 1802235.78
18830 1845785.28
18831 1889970.45
18832 1934596.62
18833 1980232.62
18834 2026542.62
18835 2072908.62
18836 2119330.62
18837 2165808.62
18838 2212342.62
18839 2258932.62
18840 2305594.62
18841 2352542.62
18842 2399759.62
18843 2447068.28
18844 2494502.95
18845 2542033.12
18846 2589702.45
18847 2637531.12
18848 2685430.12
18849 2733366.62
18850 2781348.28
18851 2829370.95
18852 2877424.95
18853 2925530.28
18854 2973708.62
18855 3021934.62
18856 3070184.62
18857 3118537.12
18858 3167026.62
18859 3215572.62
18860 3264138.62
18861 3312724.62
18862 3361330.62
18863 3410209.12
18864 3459409.12
18865 3508698.62
18866 3558022.62
18867 3607354.62
18868 3656694.62
18869 3706042.62
18870 3755398.62
18871 3804762.62
18872 3854153.12
18873 3903689.12
18874 3953348.12
18875 4003007.12
18876 4052666.12
18877 4102325.12
18878 4151984.12
18879 4201643.12
18880 4251302.12
18881 4300961.12
18882 4350620.12
18883 4400279.12
18884 4449938.12
18885 4499597.12
18886 4549256.12
18887 4598915.12
18888 4648574.12
18889 4698233.12
18890 4747892.12
18891 4797551.12
18892 4847210.12
18893 4896869.12
18894 4946528.12
18895 4996187.12
18896 5045846.12
18897 5095505.12
18898 5145164.12
18899 31356016.53
18900 29293759.00
18901 40173639.40
18902 24111515.67
18903 24091825.50
18904 24073607.67
18905 24056916.33
18906 25012830.50
18907 2822000.28
18908 2773612.78
18909 2725297.78
18910 2677573.28
18911 2630825.78
18912 2584514.78
18913 2538275.78
18914 2492115.62
18915 2446518.78
18916 2401806.62
18917 2357558.62
18918 2313645.20
18919 2270302.28
18920 2227607.95
18921 2185484.45
18922 2144102.45
18923 2104125.78
18924 2065561.12
18925 2028319.95
18926 1992792.12
18927 1958813.95
18928 1925976.95
18929 1894206.12
18930 1863491.62
18931 1833791.12
18932 1805218.53
18933 1778082.78
18934 1752702.28
18935 1728610.45
18936 1706011.78
18937 1685785.12
18938 1668059.45
18939 1652042.45
18940 1637134.45
18941 1623392.45
18942 1610771.28
18943 1599332.95
18944 1588970.12
18945 1579611.95
18946 1571168.12
18947 1564201.78
18948 1559128.95
18949 1555959.12
18950 1554943.95
18951 1555783.78
18952 1558304.87
18953 1562417.12
18954 1567700.62
18955 1574088.12
18956 1582676.78
18957 1593851.12
18958 1606642.95
18959 1620999.12
18960 1638147.78
18961 1658588.28
18962 1682161.45
18963 1707972.12
18964 1735012.78
18965 1763332.62
18966 1792635.12
18967 1822659.78
18968 1853530.45
18969 1885450.12
18970 1918277.12
18971 1951585.62
18972 1985305.78
18973 2019502.95
18974 2054230.12
18975 2089583.12
18976 2125599.28
18977 2162405.12
18978 2199901.62
18979 2237765.12
18980 2276150.45
18981 2315285.62
18982 2354994.28
18983 2395329.28
18984 2436436.12
18985 2478097.78
18986 2520239.12
18987 2563043.45
18988 2606342.12
18989 2650045.12
18990 2694289.45
18991 2738911.95
18992 7208075.23
18993 4585464.20
18994 4536416.20
18995 4487397.20
18996 4438429.53
18997 4389550.87
18998 4340749.87
18999 4291991.87
19000 4243286.37
19001 4194621.37
19002 4145984.37
19003 4097387.37
19004 4048901.87
19005 4000521.87
19006 3952181.87
19007 3903908.87
19008 3855707.37
19009 3807550.37
19010 3759433.37
19011 3711356.37
19012 3663319.37
19013 3615346.37
19014 3567441.20
19015 3519630.03
19016 3471958.53
19017 3424384.03
19018 3376917.87
19019 3329618.70
19020 3282457.70
19021 3235503.70
19022 3188800.70
19023 3142232.70
19024 3095742.03
19025 3049327.87
19026 3003023.37
19027 2956906.70
19028 2911000.03
19029 2865257.03
19030 2819643.53
19031 2774131.53
19032 2728844.37
19033 2683883.03
19034 2639134.87
19035 2594524.37
19036 2550061.37
19037 2506007.53
19038 2462512.70
19039 2419460.70
19040 2376849.87
19041 2334620.53
19042 2292740.53
19043 2251249.20
19044 2210208.70
19045 2169621.53
19046 2129503.37
19047 2089819.70
19048 2050631.03
19049 2012713.53
19050 1976182.70
19051 1940771.53
19052 1906618.37
19053 1873516.70
19054 1841348.53
19055 1809895.53
19056 1778950.37
19057 1748885.20
19058 1720302.20
19059 1693045.20
19060 1666471.53
19061 1640464.20
19062 1615231.53
19063 1590985.03
19064 1567834.53
19065 1545871.53
19066 1525589.03
19067 1506911.53
19068 1489442.03
19069 1473290.37
19070 1458169.53
19071 1444001.03
19072 1430933.87
19073 1418886.37
19074 1407994.53
19075 1398218.53
19076 1389596.78
19077 1382383.37
19078 1376409.37
19079 1371708.62
19080 1368106.37
19081 1365751.53
19082 1365074.37
19083 1365900.87
19084 1368623.37
19085 1374128.53
19086 1381941.87
19087 1390992.03
19088 1401124.03
19089 1412278.17
19090 1425170.13
19091 1440356.63
19092 1457112.13
19093 1475107.80
19094 1494298.47
19095 1514382.47
19096 1535356.47
19097 1557380.80
19098 1580511.97
19099 1604751.80
19100 1630276.22
19101 1657133.97
19102 1685036.63
19103 1713671.80
19104 1743026.63
19105 1773159.30
19106 1803958.63
19107 1835485.47
19108 1867892.63
19109 1901108.72
19110 1936065.47
19111 1973116.13
19112 3516395.22
19113 1665877.58
19114 1622183.25
19115 1578921.92
19116 1535983.42
19117 1493446.92
19118 1451620.58
19119 1410671.17
19120 1372880.33
19121 1338956.92
19122 1306846.50
19123 1276209.08
19124 1247035.08
19125 1220027.92
19126 1194887.42
19127 1170976.42
19128 1148574.75
19129 1127294.25
19130 1106955.25
19131 1087475.08
19132 1069561.92
19133 1053617.42
19134 1039472.58
19135 1026892.25
19136 1015328.75
19137 1004614.42
19138 995436.42
19139 989064.25
19140 985305.08
19141 982891.58
19142 981493.92
19143 981521.58
19144 983193.08
19145 987887.17
19146 997329.58
19147 1010519.08
19148 1025517.08
19149 1041985.42
19150 1061567.58
19151 1084056.42
19152 1107861.75
19153 1133158.25
19154 1160039.58
19155 1188075.75
19156 1222423.92
19157 1263532.58
19158 1305623.58
19159 1347912.08
19160 1390652.42
19161 1434197.25
19162 1478223.25
19163 1522353.25
19164 1566643.25
19165 3003270.00
19166 2244664.08
19167 2247711.08
19168 2252013.58
19169 2257408.75
19170 2263986.75
19171 2271566.83
19172 2280481.00
19173 2291165.42
19174 2303390.75
19175 2316880.75
19176 2331429.25
19177 2347936.92
19178 2367319.42
19179 2388653.17
19180 2411271.75
19181 2435224.75
19182 2460231.42
19183 2486079.58
19184 2513419.58
19185 2542237.08
19186 2573545.92
19187 2608553.50
19188 2645637.25
19189 2683472.25
19190 2721908.42
19191 2761293.42
19192 2802098.08
19193 2844581.42
19194 2888165.08
19195 2932092.58
19196 2976446.75
19197 3021645.58
19198 5310073.68
19199 4112628.32
19200 4131775.65
19201 4152051.65
19202 4173568.82
19203 4196364.07
19204 4220140.15
19205 4245091.82
19206 4271325.15
19207 4298642.32
19208 4327240.48
19209 4357408.48
19210 4389334.32
19211 4422590.82
19212 4457131.15
19213 4493064.65
19214 4530174.48
19215 4568260.48
19216 4607006.65
19217 4646374.65
19218 4686095.48
19219 4726308.48
19220 4767075.48
19221 4808307.48
19222 4849992.15
19223 4892181.48
19224 4935010.48
19225 4978443.98
19226 5022507.48
19227 5067203.82
19228 5112296.82
19229 5158022.32
19230 5204390.98
19231 5251270.65
19232 5298784.65
19233 5346584.65
19234 5394458.65
19235 5442364.65
19236 5490302.65
19237 10886041.57
19238 7316527.72
19239 7303378.72
19240 7293077.38
19241 7284310.05
19242 7277283.38
19243 7272335.05
19244 7268707.55
19245 7266813.22
19246 7267047.22
19247 7268772.72
19248 7271952.72
19249 7277089.05
19250 7284719.72
19251 7294939.88
19252 7307027.88
19253 7320533.88
19254 7335463.88
19255 7352432.22
19256 7371901.05
19257 7393635.38
19258 7417085.05
19259 7441955.38
19260 7467955.05
19261 7494533.72
19262 7521553.05
19263 7549205.55
19264 7578154.63
19265 7609370.30
19266 16805225.62
19267 14042447.48
19268 14061486.90
19269 14082367.98
19270 14105728.32
19271 14131375.82
19272 14158677.48
19273 14186901.48
19274 14215823.65
19275 14245760.82
19276 14276878.32
19277 14308876.48
19278 14341576.98
19279 14375096.65
19280 14409462.82
19281 14444530.48
19282 14480118.82
19283 14516132.32
19284 14552583.98
19285 14589477.48
19286 14626792.32
19287 14664736.82
19288 14703237.15
19289 43171753.83
19290 38703911.70
19291 38716873.53
19292 38730583.87
19293 38745113.03
19294 38761033.20
19295 38778362.70
19296 38796579.28
19297 38815539.37
19298 38835376.37
19299 38856133.53
19300 68609778.18
19301 41737042.80
19302 41719105.47
19303 41702238.97
19304 45661250.90
19305 24909140.10
19306 24874217.93
19307 24840257.77
19308 24806820.93
19309 24773852.27
19310 24741401.18
19311 24709541.93
19312 24678383.93
19313 24648139.43
19314 24618670.93
19315 24589851.43
19316 24561994.27
19317 24536132.10
19318 24512579.77
19319 24490723.93
19320 24470333.43
19321 24451037.77
19322 24433047.93
19323 24416275.27
19324 24400329.43
19325 24385585.77
19326 24372200.43
19327 26154762.52
19328 3917612.92
19329 3871118.25
19330 3824877.92
19331 3779137.75
19332 3733778.75
19333 3688748.75
19334 3644019.75
19335 3599390.75
19336 3554861.75
19337 3510459.25
19338 3466273.25
19339 3422345.08
19340 3378748.42
19341 3335601.08
19342 3292811.75
19343 3250271.25
19344 3208219.25
19345 3167341.25
19346 3127380.25
19347 3087965.58
19348 3049516.58
19349 3012013.92
19350 2975512.58
19351 2940080.08
19352 2905651.25
19353 2872177.08
19354 2839617.25
19355 2808303.75
19356 2778411.75
19357 2749729.08
19358 2722775.00
19359 2698111.75
19360 2675392.92
19361 2654291.75
19362 2635544.25
19363 2619600.50
19364 2605857.92
19365 2593635.92
19366 2582337.42
19367 2571705.92
19368 2562242.92
19369 2554278.50
19370 2547876.58
19371 2543339.42
19372 2540479.58
19373 2538994.08
19374 2539368.08
19375 2541330.42
19376 2544663.25
19377 2549761.42
19378 2556144.58
19379 2563474.25
19380 2571853.58
19381 2581739.25
19382 2593538.08
19383 2607173.08
19384 2622290.42
19385 2638656.25
19386 2655980.58
19387 2674845.58
19388 2695265.92
19389 2716749.58
19390 2739878.08
19391 2764429.75
19392 2789940.42
19393 2816646.42
19394 2844325.75
19395 2872540.25
19396 2901842.75
19397 2932499.25
19398 2964705.75
19399 2998331.08
19400 3032687.58
19401 3067891.25
19402 3104176.75
19403 3141224.42
19404 5137915.42
19405 2242288.33
19406 2199249.83
19407 2157240.17
19408 2115705.67
19409 2074597.83
19410 2033759.67
19411 1993267.50
19412 1953361.67
19413 1913949.33
19414 1874870.33
19415 1836128.00
19416 1797729.83
19417 1759831.00
19418 1722489.67
19419 1686534.75
19420 1652282.50
19421 1619688.33
19422 1588572.50
19423 1558134.50
19424 1528369.17
19425 1499185.83
19426 1470884.33
19427 1443675.33
19428 1417771.00
19429 1393748.50
19430 1371192.67
19431 1349500.50
19432 1328960.67
19433 1309734.50
19434 1291975.00
19435 1275650.83
19436 1260491.67
19437 1246625.00
19438 1234076.83
19439 1223063.00
19440 1213572.67
19441 1205323.67
19442 1198573.33
19443 1193398.33
19444 1189745.17
19445 1188215.67
19446 1189879.50
19447 1195119.17
19448 1203436.17
19449 1213839.33
19450 1225675.33
19451 1239298.83
19452 1255067.67
19453 1272332.83
19454 1291803.08
19455 1314622.33
19456 1339341.50
19457 1365237.67
19458 1392587.00
19459 1421002.50
19460 1450220.42
19461 1481025.00
19462 1513492.50
19463 1546593.00
19464 1580170.67
19465 1614486.33
19466 1649514.00
19467 1685181.17
19468 1721710.50
19469 1758978.83
19470 1796940.33
19471 1835810.50
19472 1875585.33
19473 1916780.17
19474 1959381.33
19475 2002577.00
19476 2046065.50
19477 2089790.33
19478 2133675.67
19479 2178009.00
19480 2223070.67
19481 2268606.67
19482 2314649.50
19483 2361433.33
19484 2408771.67
19485 2456477.00
19486 2504379.00
19487 2552319.00
19488 2600312.50
19489 2648355.50
19490 2696467.67
19491 2744684.33
19492 2792966.33
19493 2841276.33
19494 2889614.33
19495 11913190.35
19496 9447377.85
19497 9415478.68
19498 9384246.68
19499 9353615.68
19500 9324276.85
19501 9296731.85
19502 9270680.18
19503 9245674.85
19504 9223966.43
19505 9208444.18
19506 9197091.68
19507 9187495.68
19508 9179532.68
19509 9173099.85
19510 12570254.68
19511 7477663.12
19512 7472093.95
19513 7468492.12
19514 7466345.78
19515 7465248.45
19516 7465018.28
19517 7465813.62
19518 7468359.62
19519 7473297.12
19520 7480189.12
19521 7488585.62
19522 7498521.28
19523 7509711.45
19524 7521993.12
19525 7535533.12
19526 7550831.62
19527 7567660.12
19528 7585816.78
19529 7606157.95
19530 7629723.62
19531 7656864.78
19532 7686134.95
19533 7716421.28
19534 7747680.28
19535 7779692.45
19536 7812924.45
19537 7847797.78
19538 21903981.65
19539 16341917.62
19540 16311712.12
19541 16282621.12
19542 16255245.28
19543 16229171.12
19544 16203990.78
19545 16179908.12
19546 16157124.45
19547 16135758.45
19548 16115662.45
19549 16096717.62
19550 16079061.12
19551 16062790.62
19552 16048134.12
19553 16034861.78
19554 16022662.12
19555 16011834.95
19556 16002560.62
19557 15994741.78
19558 21025997.60
19559 14217683.90
19560 14197897.65
19561 14179938.82
19562 14162937.65
19563 14146733.15
19564 14131368.32
19565 14116921.82
19566 14103758.15
19567 14092880.32
19568 14085434.15
19569 14081288.48
19570 14079574.32
19571 14079581.32
19572 14080812.98
19573 14083435.65
19574 14089094.48
19575 14097895.98
19576 14108479.82
19577 14120480.98
19578 14134058.48
19579 21371439.35
19580 17315188.73
19581 17328459.90
19582 17344013.57
19583 24774922.28
19584 16363688.68
19585 16347616.85
19586 16334720.18
19587 18090975.68
19588 4289093.02
19589 4250136.35
19590 4211697.52
19591 4174199.68
19592 4137855.85
19593 4102476.52
19594 4068491.18
19595 4036285.35
19596 4006291.35
19597 3978189.35
19598 3952998.35
19599 3931454.02
19600 3914291.78
19601 3902895.05
19602 3895013.72
19603 3888655.38
19604 3883614.05
19605 3879846.88
19606 3877731.97
19607 3878571.55
19608 3882399.55
19609 3888121.22
19610 3895251.55
19611 3904008.88
19612 3915141.88
19613 3928565.38
19614 3943788.22
19615 3960753.63
19616 3979503.88
19617 3999758.88
19618 4021152.22
19619 4043635.88
19620 4067241.30
19621 4091862.38
19622 4117567.22
19623 4144497.63
19624 4172669.72
19625 4202252.55
19626 4233176.88
19627 4265007.88
19628 4297605.55
19629 4331010.38
19630 4365134.05
19631 4400158.55
19632 4436024.22
19633 4472327.38
19634 4509180.55
19635 4546611.88
19636 4584392.38
19637 4623033.22
19638 4662881.22
19639 4703869.38
19640 16684517.53
19641 13280332.00
19642 13269384.50
19643 13259555.83
19644 13250499.83
19645 13242465.83
19646 13235665.83
19647 13229867.58
19648 13224926.42
19649 13221375.17
19650 13219991.58
19651 13220450.83
19652 13222330.33
19653 13225597.83
19654 13229951.17
19655 13235619.33
19656 13242892.58
19657 13251655.67
19658 13261627.67
19659 13272646.83
19660 13284693.17
19661 13297588.00
19662 13311205.50
19663 13325675.33
19664 13341309.33
19665 13358231.17
19666 13376476.17
19667 20639097.50
19668 15243246.50
19669 15234008.67
19670 15226390.50
19671 15220651.00
19672 15216663.67
19673 15213962.17
19674 15212985.67
19675 15213743.33
19676 15216129.67
19677 15220005.33
19678 15224879.67
19679 15231128.83
19680 16770303.08
19681 2702220.92
19682 2655215.08
19683 2609263.75
19684 2564458.75
19685 2520472.75
19686 2476787.58
19687 2433862.92
19688 2391790.75
19689 2350122.08
19690 2308858.75
19691 2268143.75
19692 2227932.42
19693 2188010.42
19694 2148379.58
19695 2109103.92
19696 2070117.08
19697 2031403.58
19698 1993344.08
19699 1956132.58
19700 1919492.92
19701 1883563.92
19702 1848494.92
19703 1814723.92
19704 1782441.42
19705 1751052.42
19706 1720446.08
19707 1690510.92
19708 1661111.25
19709 1632300.08
19710 1604021.00
19711 1576355.92
19712 1549517.92
19713 1523687.92
19714 1498783.58
19715 1474620.08
19716 1451571.75
19717 1429583.42
19718 1408783.08
19719 1390219.17
19720 1373824.08
19721 1358732.92
19722 1344791.08
19723 1332333.75
19724 1321261.92
19725 1311552.75
19726 1303187.92
19727 1296144.58
19728 1290514.92
19729 1286039.92
19730 1282670.08
19731 1280549.08
19732 1280627.08
19733 1283060.75
19734 1287078.58
19735 1292556.25
19736 1299041.75
19737 1306438.75
19738 1314940.42
19739 1324703.92
19740 1336290.08
19741 1349815.08
19742 1365093.25
19743 1381911.75
19744 1400273.25
19745 1419964.75
19746 1440605.42
19747 1462381.08
19748 1486640.08
19749 1514025.58
19750 1543253.75
19751 1573505.75
19752 1604580.75
19753 1636851.42
19754 1670490.92
19755 1705131.00
19756 1740663.08
19757 1777010.58
19758 1814106.58
19759 1851868.42
19760 1890730.58
19761 1930722.25
19762 1971177.08
19763 2011880.08
19764 2052842.75
19765 2094127.25
19766 2135853.58
19767 2178239.33
19768 2221192.58
19769 2264475.25
19770 2308032.58
19771 2352173.25
19772 2397219.42
19773 2442886.42
19774 2488950.83
19775 2535433.75
19776 2582225.58
19777 2629337.92
19778 2676838.42
19779 2724674.42
19780 10311711.73
19781 9841808.82
19782 9877199.15
19783 9913111.15
19784 30303607.48
19785 24909510.48
19786 24906326.65
19787 24904942.98
19788 24904968.82
19789 24906439.15
19790 24909363.65
19791 24913556.32
19792 24918978.82
19793 24925801.32
19794 24933881.98
19795 24943208.48
19796 24954105.48
19797 24966711.48
19798 24981196.82
19799 30416242.65
19800 7369766.58
19801 7325125.83
19802 7280742.92
19803 7236550.25
19804 7192496.92
19805 7148726.58
19806 7105363.58
19807 7062281.58
19808 7019412.25
19809 6976749.92
19810 6934302.08
19811 6892052.25
19812 6849976.42
19813 6808737.08
19814 6768504.58
19815 6728773.42
19816 6689618.25
19817 6650971.75
19818 6612870.08
19819 6576320.08
19820 6541333.08
19821 6507343.42
19822 6474384.58
19823 6442533.00
19824 6412186.42
19825 6383099.08
19826 6354848.25
19827 6327530.42
19828 6301349.92
19829 6276328.75
19830 6252350.75
19831 6229398.33
19832 6207630.08
19833 6187818.92
19834 6170011.08
19835 6153883.50
19836 6141234.08
19837 6131776.08
19838 6123785.42
19839 6117012.92
19840 6111550.08
19841 6107925.08
19842 6105834.58
19843 6105008.58
19844 6105730.58
19845 6108411.58
19846 6113128.42
19847 6119828.75
19848 6128272.42
19849 6137895.42
19850 6148442.42
19851 6160150.42
19852 9815263.65
19853 5874464.50
19854 5857819.33
19855 5843146.17
19856 5829689.83
19857 5817240.33
19858 5805592.33
19859 5795160.67
19860 5786524.33
19861 5779871.33
19862 5774855.67
19863 5771144.77
19864 5769649.87
19865 5770812.53
19866 5774027.20
19867 5778873.03
19868 5785308.37
19869 5793245.62
19870 5802626.03
19871 5813501.03
19872 5826180.45
19873 5841554.70
19874 5859390.87
19875 5878651.87
19876 5899031.70
19877 5920755.12
19878 5943691.87
19879 5967868.20
19880 5993311.37
19881 6019519.53
19882 6046348.20
19883 6073941.03
19884 6102263.70
19885 6131053.87
19886 6160806.20
19887 6191498.53
19888 6222808.20
19889 6255820.87
19890 11851553.45
19891 6321748.67
19892 6280041.83
19893 6239022.50
19894 6198417.67
19895 6158213.83
19896 6118629.50
19897 6080070.17
19898 6042452.33
19899 6005392.33
19900 5968803.83
19901 5932571.00
19902 5896803.33
19903 5861590.17
19904 5826918.83
19905 5792963.33
19906 5759863.83
19907 5727497.67
19908 5695779.33
19909 5664802.75
19910 5634630.83
19911 5605375.25
19912 5577358.83
19913 5550797.67
19914 5525353.25
19915 5500596.17
19916 5476457.75
19917 5453399.75
19918 5431973.83
19919 5411749.17
19920 5392477.83
19921 5374622.83
19922 5358655.67
19923 5345481.67
19924 5335010.67
19925 5326131.33
19926 5318715.08
19927 5313007.83
19928 5309004.75
19929 5306851.58
19930 5307014.08
19931 5309028.92
19932 5312208.67
19933 5316932.33
19934 5323990.50
19935 5333933.33
19936 5346349.50
19937 5360378.67
19938 5375575.17
19939 5392299.33
19940 5410801.50
19941 9488270.50
19942 8238018.82
19943 8241004.82
19944 8245882.32
19945 8252047.48
19946 11229815.73
19947 5385901.50
19948 5336813.50
19949 5287733.50
19950 5238661.50
19951 5189598.00
19952 5140595.50
19953 5091655.50
19954 5042735.83
19955 4994126.17
19956 4945863.67
19957 4897682.17
19958 4849590.17
19959 4801650.00
19960 4753864.83
19961 4706158.83
19962 4658484.83
19963 4610842.83
19964 4563418.33
19965 4516543.00
19966 4470291.17
19967 4424570.83
19968 4379234.83
19969 4334132.67
19970 4289191.67
19971 4244469.17
19972 4199953.17
19973 4155616.17
19974 4111765.00
19975 4069026.83
19976 4027402.00
19977 3986363.67
19978 3945907.00
19979 3905898.67
19980 3866120.33
19981 3826855.83
19982 3788261.50
19983 3750262.00
19984 3712821.50
19985 3675977.33
19986 3639854.33
19987 3604267.33
19988 3569260.00
19989 3535277.50
19990 3502566.17
19991 3470761.67
19992 3439650.67
19993 3409511.17
19994 3381050.50
19995 3354480.92
19996 3329468.17
19997 3306124.33
19998 3284148.67
19999 3263178.50
20000 3243086.33
20001 3224400.67
20002 3207078.67
20003 3190557.33
20004 3174912.33
20005 3160354.83
20006 3146896.50
20007 3134461.33
20008 3126230.33
20009 3122639.67
20010 3120909.17
20011 4201205.00
20012 2327797.50
20013 2284644.50
20014 2242366.33
20015 2200910.17
20016 2159977.00
20017 2119377.33
20018 2079159.17
20019 2039221.50
20020 1999568.17
20021 1960420.50
20022 1921899.00
20023 1884093.33
20024 1847188.00
20025 1810917.33
20026 1774966.75
20027 1739403.08
20028 1704309.17
20029 1670249.33
20030 1637750.50
20031 1606309.33
20032 1575824.50
20033 1546504.33
20034 1518214.42
20035 1491173.17
20036 1465467.67
20037 1440772.33
20038 1416684.50
20039 1393409.83
20040 1371240.00
20041 1350075.00
20042 1329725.33
20043 1310080.33
20044 1291586.67
20045 1274268.17
20046 1257719.67
20047 1242111.67
20048 1228051.83
20049 1216539.50
20050 1208235.83
20051 1202573.17
20052 1199132.00
20053 1198067.33
20054 1198847.50
20055 1201009.50
20056 1204364.67
20057 1208864.50
20058 1214696.50
20059 1221732.67
20060 1229858.67
20061 1239393.00
20062 1250498.00
20063 1262978.17
20064 1276662.17
20065 1291606.33
20066 1307529.33
20067 1324242.67
20068 1342601.00
20069 1362589.00
20070 1383470.83
20071 1405109.50
20072 1427753.17
20073 1452267.17
20074 1478251.00
20075 1504875.00
20076 1532133.50
20077 1560376.83
20078 1589890.50
20079 1620602.83
20080 1652283.33
20081 1684554.67
20082 1717577.17
20083 1751610.83
20084 1786420.00
20085 1821913.50
20086 1858170.67
20087 1895043.50
20088 1932399.17
20089 1970127.50
20090 2008260.17
20091 2046857.83
20092 2085972.17
20093 2126162.67
20094 2167290.00
20095 2208665.33
20096 2250448.50
20097 2292850.67
20098 2335855.83
20099 2379428.50
20100 2423434.00
20101 2467874.67
20102 2512757.33
20103 2558016.50
20104 2603598.00
20105 2649311.00
20106 2695100.00
20107 2741050.83
20108 2787269.83
20109 2833716.67
20110 2880344.67
20111 2927122.00
20112 2973995.00
20113 3021051.50
20114 3068387.50
20115 3116012.33
20116 3163900.17
20117 3211920.17
20118 3259990.17
20119 3308232.67
20120 3356627.67
20121 3405046.67
20122 3453489.67
20123 3501956.67
20124 3550447.67
20125 3598962.67
20126 3647501.67
20127 3696064.67
20128 3744651.67
20129 3793262.67
20130 3841897.67
20131 3890556.67
20132 3939239.67
20133 3987946.67
20134 4036677.67
20135 4085441.83
20136 4134246.50
20137 4183080.50
20138 4231934.50
20139 4280808.50
20140 4329702.50
20141 4378616.50
20142 4427550.50
20143 4476504.50
20144 4525489.00
20145 4574517.50
20146 4623581.50
20147 4672665.50
20148 4721765.50
20149 4770881.50
20150 4820013.50
20151 4869161.50
20152 4918325.50
20153 4967505.50
20154 5016708.50
20155 5065933.00
20156 5115170.00
20157 5164419.00
20158 5213680.00
20159 5262953.00
20160 5312238.00
20161 5361535.00
20162 14490558.48
20163 12084102.07
20164 12092231.40
20165 12104309.90
20166 12119074.90
20167 12135642.73
20168 12154407.40
20169 12175274.23
20170 12198202.40
20171 12222865.23
20172 12248852.90
20173 12275757.07
20174 12303551.73
20175 27826477.95
20176 23816754.45
20177 23804595.95
20178 23793942.62
20179 29462068.37
20180 9701894.15
20181 9666053.32
20182 9630612.48
20183 9595744.15
20184 9561638.98
20185 9528408.82
20186 9495955.32
20187 9464519.98
20188 9434686.57
20189 9406468.98
20190 9379581.15
20191 9354047.32
20192 9330267.98
20193 9308471.65
20194 9288140.15
20195 9268853.65
20196 9251000.82
20197 9234827.82
20198 9220196.82
20199 9206931.15
20200 9195296.32
20201 9185498.82
20202 9177588.48
20203 9172144.65
20204 9169202.82
20205 9167778.98
20206 9167524.98
20207 9168740.48
20208 9171121.15
20209 9174574.82
20210 9179847.65
20211 9187042.07
20212 9195928.48
20213 9206552.15
20214 9219010.65
20215 9232830.15
20216 9247305.82
20217 9262642.98
20218 9279278.65
20219 9297422.15
20220 9316685.32
20221 9337029.98
20222 9358469.32
20223 9380716.32
20224 9403547.98
20225 14714740.57
20226 8430588.12
20227 8413078.45
20228 8397475.45
20229 8383378.12
20230 8370773.95
20231 8359778.95
20232 8349940.12
20233 8341009.28
20234 8333187.12
20235 8326559.95
20236 8321224.28
20237 8317951.12
20238 8316718.95
20239 8317342.62
20240 8319713.95
20241 8323187.87
20242 8327828.45
20243 8333391.28
20244 8339630.78
20245 8346782.95
20246 8355277.78
20247 8365193.12
20248 10955513.90
20249 4013494.12
20250 3982239.95
20251 3951697.78
20252 3921551.28
20253 3891828.12
20254 3862662.28
20255 3834020.28
20256 3805895.62
20257 3778808.62
20258 3753216.12
20259 3728821.62
20260 3705472.95
20261 3683310.78
20262 3662338.45
20263 3642484.12
20264 3623497.28
20265 3605270.12
20266 3587871.95
20267 3571268.28
20268 3555516.28
20269 3540928.12
20270 3527887.95
20271 3516243.95
20272 3505653.45
20273 3496303.28
20274 3488164.12
20275 3481101.45
20276 3475645.78
20277 3472418.95
20278 3471502.62
20279 3472397.45
20280 3474745.12
20281 3478912.28
20282 3484809.95
20283 3492269.95
20284 3501237.12
20285 3511745.62
20286 3524412.62
20287 3538916.95
20288 3554750.12
20289 3573892.28
20290 3598006.45
20291 3625018.12
20292 3652913.62
20293 3682580.28
20294 3714880.78
20295 3748625.45
20296 3782897.12
20297 3817785.45
20298 3853602.45
20299 3890280.28
20300 3927526.45
20301 12128171.95
20302 11222853.12
20303 11254313.28
20304 11286798.78
20305 11320026.62
20306 11353926.45
20307 11388577.20
20308 11424239.45
20309 11460673.12
20310 11498656.62
20311 11538226.62
20312 11578184.95
20313 11618488.62
20314 11659232.62
20315 11700347.45
20316 11741805.12
20317 11783627.12
20318 11825681.12
20319 11867876.12
20320 11910290.78
20321 20811480.75
20322 10922207.63
20323 10889826.47
20324 10858156.63
20325 10827557.13
20326 10798338.63
20327 10769955.13
20328 10742317.47
20329 10715743.63
20330 10690760.47
20331 10667893.13
20332 10647156.97
20333 10627876.30
20334 10609732.63
20335 10593075.47
20336 10577692.30
20337 10563560.55
20338 10551536.63
20339 10542038.13
20340 10535565.13
20341 10532737.47
20342 10532356.05
20343 10533208.97
20344 10535353.30
20345 10538782.13
20346 10543157.13
20347 10548254.80
20348 10554328.47
20349 10561522.30
20350 10569863.97
20351 10579734.63
20352 10591042.63
20353 10603422.97
20354 10617654.47
20355 10634467.47
20356 10653084.80
20357 10672918.63
20358 10694045.13
20359 10716742.30
20360 20907062.23
20361 14331155.77
20362 14310521.93
20363 14291168.60
20364 14272739.27
20365 14255277.43
20366 14238985.27
20367 14224210.60
20368 14211271.10
20369 17089737.42
20370 10699672.38
20371 10666501.55
20372 11569661.13
20373 5932874.38
20374 5891893.30
20375 5851732.97
20376 5812719.47
20377 5775070.97
20378 5738670.80
20379 5703198.97
20380 5669177.47
20381 5637045.97
20382 5606151.30
20383 5576141.63
20384 5546993.13
20385 5518542.63
20386 5491068.30
20387 5465048.63
20388 5440892.47
20389 5418667.80
20390 5398151.63
20391 5379469.30
20392 5362553.47
20393 5347252.13
20394 5333388.63
20395 5320815.47
20396 5310683.30
20397 5302926.30
20398 5296480.97
20399 5291283.13
20400 5287117.97
20401 5284426.30
20402 5283414.38
20403 5284204.13
20404 5286619.80
20405 5289961.97
20406 5294281.47
20407 5299917.97
20408 5306689.30
20409 7003707.38
20410 2657476.65
20411 2621746.65
20412 2586751.65
20413 2552554.15
20414 2519008.32
20415 2486134.82
20416 2454096.98
20417 2422973.48
20418 2392562.65
20419 2362878.48
20420 2333996.82
20421 2305948.48
20422 2278696.65
20423 2252794.15
20424 2228962.48
20425 2207017.07
20426 2187068.48
20427 2169821.73
20428 2155411.65
20429 2143066.98
20430 2132350.98
20431 2123172.65
20432 2115281.32
20433 2109232.25
20434 2105626.18
20435 2103943.52
20436 2104199.52
20437 2106712.68
20438 2111158.85
20439 2117041.68
20440 2124415.35
20441 2134051.35
20442 2146013.18
20443 2159948.02
20444 2175238.85
20445 2191329.85
20446 2208178.18
20447 2225875.85
20448 2244602.52
20449 2264594.52
20450 2285651.02
20451 2308270.85
20452 2333004.02
20453 2359712.85
20454 2388262.85
20455 2417836.35
20456 2448585.52
20457 2481341.18
20458 2515494.02
20459 2551052.02
20460 2588040.68
20461 2625781.35
20462 2664225.02
20463 2703215.18
20464 2742548.68
20465 2782116.18
20466 2822115.02
20467 2862952.52
20468 2905059.18
20469 2948343.02
20470 2992236.02
20471 3036402.68
20472 3080894.02
20473 3126204.35
20474 3172287.35
20475 3218583.35
20476 8038155.02
20477 4876918.00
20478 4827756.00
20479 4778606.00
20480 4729468.00
20481 4680342.00
20482 4631228.00
20483 4582126.00
20484 4533036.00
20485 4483958.00
20486 4434892.00
20487 4385838.00
20488 4336796.00
20489 4287766.00
20490 4238748.00
20491 4189772.50
20492 4140889.50
20493 4092070.50
20494 4043267.50
20495 3994480.50
20496 3945709.50
20497 3896954.50
20498 3848215.50
20499 3799492.50
20500 3750785.50
20501 3702094.50
20502 3653419.50
20503 3604760.50
20504 3556149.00
20505 3507587.00
20506 3459045.00
20507 3410523.00
20508 3362021.00
20509 3313539.00
20510 3265155.17
20511 3217049.17
20512 3169194.50
20513 3121419.50
20514 3073680.50
20515 3025977.50
20516 2978310.50
20517 2930696.00
20518 2883161.00
20519 2835699.00
20520 2788295.50
20521 2740946.00
20522 2693642.00
20523 2646488.50
20524 2599677.00
20525 2553226.83
20526 2507035.67
20527 2460989.67
20528 2415027.00
20529 2369164.83
20530 2323389.83
20531 2277768.50
20532 2232406.17
20533 2187641.67
20534 2143383.67
20535 2099556.83
20536 2056376.00
20537 2013602.00
20538 1971042.00
20539 1928695.50
20540 1886740.17
20541 1845605.67
20542 1805393.50
20543 1765708.00
20544 1726296.50
20545 1687219.50
20546 1648514.83
20547 1610159.00
20548 1572351.33
20549 1535008.17
20550 1498062.67
20551 1461938.00
20552 1426632.33
20553 1391858.83
20554 1358047.67
20555 1325616.33
20556 1294769.50
20557 1265186.83
20558 1236219.00
20559 1207844.33
20560 1180128.33
20561 1153856.83
20562 1129637.00
20563 1106847.83
20564 1085766.50
20565 1066632.17
20566 1049201.50
20567 1033302.67
20568 1018852.67
20569 1006278.83
20570 995126.17
20571 985190.83
20572 976970.83
20573 970766.00
20574 966178.50
20575 962952.67
20576 961104.17
20577 960356.50
20578 960843.50
20579 962989.50
20580 966905.67
20581 974678.75
20582 986329.17
20583 999390.83
20584 1013456.50
20585 1028488.33
20586 1044748.83
20587 1062240.17
20588 1081029.42
20589 1101146.00
20590 1122430.83
20591 1144926.08
20592 1168939.58
20593 1194491.67
20594 1221181.17
20595 1248811.50
20596 1277355.17
20597 1306729.50
20598 1337077.00
20599 1368646.17
20600 1401355.00
20601 1434950.50
20602 1469286.00
20603 1504198.83
20604 1539540.33
20605 1575715.17
20606 1612834.50
20607 1651038.33
20608 1691040.83
20609 1732368.83
20610 1774684.67
20611 1818176.83
20612 1862369.33
20613 1906921.67
20614 1952004.00
20615 1998155.33
20616 2045089.83
20617 2092165.00
20618 2139309.67
20619 2186521.83
20620 2233804.83
20621 2281158.83
20622 2328569.83
20623 2376028.83
20624 2423746.33
20625 2471787.83
20626 2519936.83
20627 2568124.50
20628 2616366.67
20629 2664672.67
20630 2713207.33
20631 2762221.67
20632 2811610.33
20633 2861094.33
20634 2910582.33
20635 2960074.33
20636 3009570.33
20637 3059070.33
20638 3108574.33
20639 3158082.33
20640 3207594.33
20641 3257110.33
20642 3306630.33
20643 3356154.33
20644 3405682.33
20645 3455214.33
20646 3504750.33
20647 3554290.33
20648 3603834.33
20649 3653382.33
20650 3702934.33
20651 3752490.33
20652 8881949.82
20653 7784633.90
20654 7803026.57
20655 7822194.40
20656 7842271.23
20657 7863725.40
20658 7886793.40
20659 7910930.73
20660 7935641.40
20661 7960989.90
20662 7987405.40
20663 10780862.32
20664 3689615.40
20665 3641411.07
20666 3593234.73
20667 3545086.40
20668 3496966.57
20669 3448928.57
20670 3401026.57
20671 3353211.23
20672 3305431.90
20673 3257688.57
20674 3209981.23
20675 3162347.40
20676 3114852.23
20677 3067487.57
20678 3020190.23
20679 2972985.40
20680 2925889.07
20681 2878850.73
20682 2831858.90
20683 2784958.07
20684 2738192.23
20685 2691740.40
20686 2645564.07
20687 2599449.57
20688 2553564.90
20689 2508223.40
20690 2463332.40
20691 2418647.90
20692 2374112.57
20693 2329679.57
20694 2285390.57
20695 2241273.73
20696 2197287.40
20697 2153493.57
20698 2110486.73
20699 2068235.90
20700 2026214.07
20701 1984489.90
20702 1943242.57
20703 1902590.40
20704 1862796.07
20705 1824218.07
20706 1786582.23
20707 1749494.73
20708 1712945.73
20709 1677233.40
20710 1643615.90
20711 1612503.40
20712 1582614.90
20713 1553308.23
20714 1524817.73
20715 1497613.07
20716 1472382.73
20717 1449107.40
20718 1427100.40
20719 1406250.40
20720 1386668.40
20721 1368242.57
20722 1351454.07
20723 1336295.07
20724 1322245.07
20725 1309135.40
20726 1296872.07
20727 1286032.90
20728 1277257.40
20729 1270064.73
20730 1264615.23
20731 1261828.40
20732 1261034.90
20733 1262008.23
20734 1264814.73
20735 1268926.40
20736 1274245.40
20737 1281208.32
20738 1289678.23
20739 1299310.23
20740 1310602.90
20741 1323262.23
20742 1337110.07
20743 1352339.57
20744 1368737.07
20745 1386277.40
20746 1405132.73
20747 1425208.40
20748 1446515.73
20749 1468976.07
20750 1492681.73
20751 1518142.73
20752 1545400.23
20753 1573890.90
20754 1603392.23
20755 1634104.57
20756 1666335.90
20757 1700517.57
20758 1735897.90
20759 1772258.07
20760 1809769.23
20761 1847739.07
20762 1885980.57
20763 1924926.07
20764 1964908.57
20765 2005662.07
20766 2046881.73
20767 2088365.23
20768 2129990.23
20769 2171840.40
20770 2213924.73
20771 2256192.07
20772 2298798.73
20773 2341760.23
20774 2384946.73
20775 2428406.23
20776 2472079.23
20777 2515860.40
20778 2559869.90
20779 2604204.73
20780 2648736.73
20781 2693602.23
20782 2738862.23
20783 2784319.57
20784 4600773.07
20785 2148108.50
20786 2108645.50
20787 2069500.00
20788 2030586.17
20789 1991914.33
20790 1953580.33
20791 1915609.83
20792 1878037.33
20793 1841025.00
20794 1804852.83
20795 1769597.17
20796 1735630.25
20797 1703672.42
20798 1673155.50
20799 1643633.50
20800 1615415.17
20801 1588521.83
20802 1563680.17
20803 1541061.25
20804 1520724.83
20805 1502874.00
20806 1487369.33
20807 1474161.00
20808 1463066.00
20809 1454293.17
20810 1447602.33
20811 1442886.50
20812 1440512.25
20813 1440396.83
20814 1442119.00
20815 1445263.58
20816 1449965.17
20817 1456081.67
20818 1463160.17
20819 1472041.50
20820 1483260.67
20821 1496047.50
20822 1509770.00
20823 1525134.00
20824 1542688.17
20825 1561945.17
20826 1583486.17
20827 1607700.00
20828 1633620.17
20829 1660575.50
20830 1688902.83
20831 1718447.67
20832 1748666.33
20833 1780214.17
20834 1813572.33
20835 1847979.50
20836 1882876.17
20837 1918379.50
20838 1954572.00
20839 1991726.67
20840 2030030.00
20841 2069408.67
20842 2109541.17
20843 2150560.33
20844 2192755.17
20845 2235666.17
20846 2278921.67
20847 2322795.17
20848 2367421.67
20849 2412355.67
20850 2457487.17
20851 2502813.67
20852 2548213.67
20853 2593689.17
20854 2639300.67
20855 2685153.17
20856 2731360.83
20857 2777942.83
20858 2824802.17
20859 2871806.67
20860 2918864.67
20861 2965966.67
20862 3013112.67
20863 3060342.67
20864 3107654.67
20865 3155006.67
20866 3202398.67
20867 3249863.83
20868 3297448.17
20869 3345130.33
20870 11654921.35
20871 10949699.85
20872 10984659.68
20873 11020335.68
20874 11056676.18
20875 11093871.52
20876 11131988.68
20877 11170899.02
20878 11210565.85
20879 11250879.35
20880 11291646.52
20881 11332874.68
20882 11374734.85
20883 11417131.52
20884 11459923.85
20885 11503055.02
20886 11546322.02
20887 11589705.02
20888 11633360.52
20889 11677422.52
20890 11721848.02
20891 11766493.02
20892 11811278.52
20893 11856295.52
20894 11901632.52
20895 11947259.52
20896 11993106.02
20897 12039095.02
20898 12085200.18
20899 12131470.35
20900 27316283.05
20901 21466741.15
20902 21463813.98
20903 21462018.82
20904 21461785.32
20905 21463143.82
20906 21465939.15
20907 21470098.82
20908 21475924.23
20909 21483509.32
20910 21492456.65
20911 21502814.32
20912 21515719.48
20913 21531068.32
20914 21547830.32
20915 21565831.48
20916 21584692.15
20917 21604260.32
20918 24399324.90
20919 3611900.00
20920 3562110.00
20921 3512320.00
20922 3462530.00
20923 3412740.00
20924 3362950.00
20925 3313160.00
20926 3263370.00
20927 3213580.00
20928 3163790.00
20929 3114000.00
20930 3064210.00
20931 3014420.00
20932 2964630.00
20933 2914840.00
20934 2865050.00
20935 2815260.00
20936 2765470.00
20937 2715680.00
20938 2665890.00
20939 2616100.00
20940 2566310.00
20941 2516520.00
20942 2466730.00
20943 2416940.00
20944 2367150.00
20945 2317360.00
20946 2267570.00
20947 2217780.00
20948 2167990.00
20949 2118200.00
20950 2068410.00
20951 2019645.08
20952 1972977.17
20953 1927446.33
20954 1882049.83
20955 1837153.50
20956 1793143.17
20957 1749686.33
20958 1707306.50
20959 1666191.67
20960 1625941.75
20961 1587179.00
20962 1549603.50
20963 1512621.67
20964 1476165.83
20965 1440152.83
20966 1404642.42
20967 1369809.50
20968 1335644.17
20969 1301991.17
20970 1268875.67
20971 1236481.83
20972 1205165.00
20973 1174944.83
20974 1145402.50
20975 1116344.00
20976 1088150.33
20977 1061604.42
20978 1036775.00
20979 1013258.50
20980 990750.33
20981 969010.83
20982 948406.58
20983 929008.33
20984 910672.33
20985 893643.83
20986 878068.17
20987 864183.67
20988 851731.17
20989 840168.67
20990 829612.00
20991 821065.17
20992 814436.33
20993 808969.17
20994 804830.83
20995 803698.33
20996 806403.92
20997 811892.83
20998 819535.00
20999 829777.17
21000 842297.83
21001 856370.92
21002 872268.00
21003 889418.17
21004 908248.50
21005 930229.00
21006 954836.33
21007 980807.33
21008 1007648.50
21009 1034930.00
21010 1063518.50
21011 1094201.33
21012 1126181.83
21013 1158926.00
21014 1192385.67
21015 1226673.17
21016 1261817.67
21017 1297644.17
21018 1334111.00
21019 1371015.33
21020 1408745.00
21021 1447666.00
21022 1487316.67
21023 1529702.92
21024 1577076.00
21025 1626866.00
21026 1676656.00
21027 1726446.00
21028 1776236.00
21029 1826026.00
21030 1875816.00
21031 1925606.00
21032 1975396.00
21033 2025186.00
21034 2074976.00
21035 2124766.00
21036 2174556.00
21037 2224346.00
21038 2274136.00
21039 2323926.00
21040 2373716.00
21041 2423506.00
21042 2473296.00
21043 2523086.00
21044 2572876.00
21045 2622666.00
21046 2672456.00
21047 2722246.00
21048 2772036.00
21049 2821826.00
21050 2871616.00
21051 2921406.00
21052 2971196.00
21053 3020986.00
21054 3070776.00
21055 3120566.00
21056 21051120.73
21057 18785744.15
21058 18771132.15
21059 18758308.65
21060 22956742.40
21061 15812040.83
21062 15796569.83
21063 15782161.83
21064 15770170.83
21065 18976144.17
21066 9132477.27
21067 9108184.52
21068 9084879.68
21069 9063434.02
21070 9044667.02
21071 9027956.85
21072 9012620.18
21073 8998542.68
21074 8985859.18
21075 8975266.68
21076 8966874.18
21077 8960007.52
21078 8954897.77
21079 8952370.18
21080 8951899.18
21081 8953669.85
21082 8957943.02
21083 8964206.68
21084 8973159.18
21085 8984594.85
21086 8997503.35
21087 9011557.18
21088 9026600.35
21089 9043339.35
21090 9062058.52
21091 9082264.85
21092 9103693.35
21093 9125907.85
21094 9149789.18
21095 9175553.18
21096 9202408.35
21097 9230084.68
21098 9258539.68
21099 9287854.52
21100 9317823.77
21101 9348390.18
21102 9379725.18
21103 9411921.35
21104 9444907.02
21105 9478541.68
21106 9512617.18
21107 9547056.85
21108 9581954.18
21109 23341326.85
21110 16067564.42
21111 16055971.08
21112 16045519.92
21113 16036209.25
21114 16028403.92
21115 16024264.42
21116 16023863.75
21117 16025244.75
21118 16028018.58
21119 19253159.45
21120 12420021.85
21121 12400751.68
21122 12382711.52
21123 12366151.68
21124 12351077.02
21125 12337317.02
21126 12325068.68
21127 12314430.85
21128 12305668.18
21129 12299095.85
21130 12295265.35
21131 12293982.52
21132 12293999.02
21133 12295388.52
21134 12298707.85
21135 12304760.85
21136 12313395.02
21137 12324158.68
21138 12336777.52
21139 12350396.43
21140 12364881.93
21141 12380442.85
21142 12397132.35
21143 12414852.35
21144 12433619.35
21145 18398944.68
21146 8094445.75
21147 8046459.42
21148 7999202.25
21149 7952525.25
21150 7905957.08
21151 7860079.08
21152 7814949.75
21153 7770036.42
21154 7725293.08
21155 7680716.08
21156 7636327.25
21157 7592182.92
21158 7548450.58
21159 7505218.42
21160 7462280.08
21161 7419550.75
21162 7377128.75
21163 7335614.58
21164 7295148.42
21165 7255136.75
21166 7215560.58
21167 7176551.75
21168 7138053.75
21169 7100077.92
21170 7062802.42
21171 7026357.25
21172 6990524.75
21173 7719853.87
21174 2582060.12
21175 2542061.28
21176 2503628.12
21177 2467250.12
21178 2432066.45
21179 2397979.12
21180 2364753.95
21181 2331991.12
21182 2299694.12
21183 2268264.78
21184 2237765.12
21185 2208015.78
21186 2179149.78
21187 2151227.45
21188 2123975.95
21189 2097360.95
21190 2071640.03
21191 2046735.78
21192 2022498.78
21193 1999075.45
21194 1976799.12
21195 1955474.78
21196 1934757.78
21197 1914696.95
21198 1895331.78
21199 1877720.53
21200 1862734.95
21201 1849631.62
21202 1837548.62
21203 1826165.28
21204 1815582.78
21205 1806214.28
21206 1798585.78
21207 1792687.62
21208 1788051.78
21209 1784765.03
21210 1783437.78
21211 1783744.28
21212 1785912.87
21213 1791671.62
21214 1800951.28
21215 1812438.45
21216 1825435.28
21217 1839464.78
21218 1855589.45
21219 1874233.45
21220 1894594.28
21221 1916642.03
21222 1940447.95
21223 1965832.12
21224 1992162.12
21225 2019107.28
21226 2046843.62
21227 2075505.12
21228 2104905.78
21229 2134884.28
21230 2165591.95
21231 2197371.95
21232 2230285.78
21233 2263977.62
21234 2298272.45
21235 2333419.12
21236 2369585.95
21237 2407042.78
21238 2446270.95
21239 2486731.53
21240 2527747.45
21241 2569240.78
21242 2611063.78
21243 5584834.62
21244 3665588.50
21245 3656035.33
21246 3647929.58
21247 3641941.17
21248 3637809.00
21249 3634872.50
21250 3633936.25
21251 3635261.83
21252 3638498.33
21253 3643813.83
21254 3652004.67
21255 3662428.67
21256 3674314.00
21257 3687698.17
21258 3702100.33
21259 3717484.50
21260 3734125.50
21261 3752619.33
21262 3773744.83
21263 3798031.50
21264 3826723.17
21265 3858299.67
21266 3890172.67
21267 3922360.17
21268 3955024.33
21269 3988582.17
21270 4023210.33
21271 4058879.17
21272 4095348.00
21273 4132482.00
21274 4170246.67
21275 4208590.83
21276 4248260.33
21277 4289581.83
21278 4331667.83
21279 4373917.00
21280 4416386.33
21281 4459053.50
21282 4501877.50
21283 4544888.50
21284 4588066.50
21285 10001053.47
21286 6186609.97
21287 6159990.47
21288 6135357.63
21289 6112408.97
21290 6090954.63
21291 6070737.80
21292 6052020.97
21293 6035031.47
21294 6019449.30
21295 6005256.97
21296 5993538.97
21297 5984099.30
21298 5976139.47
21299 5969677.30
21300 5964890.47
21301 5961718.80
21302 5960037.30
21303 5961046.30
21304 5965103.97
21305 5970797.47
21306 5977821.97
21307 5986513.63
21308 5996867.88
21309 6008840.97
21310 6021931.30
21311 6036005.63
21312 6051312.80
21313 6067702.80
21314 6085302.13
21315 6104138.63
21316 6124422.63
21317 6146639.97
21318 6170729.30
21319 6196411.13
21320 6223195.63
21321 6250862.30
21322 6279218.63
21323 6308003.97
21324 12872281.98
21325 9116710.95
21326 9109026.28
21327 9103225.95
21328 9098634.45
21329 9095294.45
21330 9093235.12
21331 9092484.45
21332 9093036.62
21333 11955040.10
21334 6012937.92
21335 5978294.92
21336 5945362.17
21337 5913595.50
21338 5882498.83
21339 5851964.50
21340 5822140.50
21341 5793277.83
21342 5765229.33
21343 5738325.17
21344 5713744.17
21345 5691782.67
21346 5671927.67
21347 5653549.83
21348 5636571.67
21349 5621354.50
21350 5608610.17
21351 5598135.00
21352 5588816.75
21353 5580507.17
21354 5573210.83
21355 5567445.33
21356 5563697.00
21357 5561409.50
21358 5560197.83
21359 5560513.67
21360 5562328.67
21361 5565983.00
21362 5572068.50
21363 5580511.50
21364 5591322.17
21365 5603849.33
21366 5617378.17
21367 5632914.00
21368 5650675.17
21369 10175630.20
21370 8584145.12
21371 8585677.45
21372 12791682.28
21373 9578140.20
21374 9574098.53
21375 9571201.20
21376 9569564.87
21377 9569191.03
21378 9569755.20
21379 9571468.53
21380 9575912.37
21381 9582760.37
21382 9590512.20
21383 9599403.70
21384 9609622.37
21385 9621234.03
21386 13129932.98
21387 7085451.35
21388 7064060.10
21389 7044317.85
21390 7025889.68
21391 7008749.35
21392 6993009.10
21393 6978802.27
21394 6966457.18
21395 6955636.85
21396 6945893.35
21397 6937391.18
21398 6930185.52
21399 6924370.02
21400 6920008.18
21401 6917225.85
21402 6916103.35
21403 8156047.03
21404 2553591.83
21405 2506413.17
21406 2459320.00
21407 2412310.00
21408 2365392.83
21409 2318631.67
21410 2272037.67
21411 2225583.17
21412 2179377.75
21413 2133469.33
21414 2087718.33
21415 2042045.33
21416 1996553.67
21417 1951926.50
21418 1908205.00
21419 1864890.83
21420 1823259.83
21421 1783584.50
21422 1744737.17
21423 1706546.17
21424 1669150.58
21425 1632738.17
21426 1597334.25
21427 1563261.33
21428 1531038.13
21429 1501371.60
21430 1473857.27
21431 1447494.43
21432 1422157.27
21433 1398372.60
21434 1376593.77
21435 1356680.80
21436 1340616.83
21437 1328988.67
21438 1320015.33
21439 1313199.67
21440 1308087.67
21441 1304719.58
21442 1304086.42
21443 1306121.33
21444 1310122.92
21445 1316328.17
21446 1324584.17
21447 1334523.50
21448 1345877.50
21449 1358237.00
21450 1371708.50
21451 1386997.33
21452 1405016.67
21453 1425354.33
21454 1446884.67
21455 1469491.58
21456 1493336.83
21457 1518422.33
21458 1545069.08
21459 1573502.50
21460 1603429.33
21461 1634501.17
21462 1666566.50
21463 1700196.17
21464 1735194.50
21465 1770990.33
21466 1807606.33
21467 1845036.50
21468 1883402.83
21469 1922360.83
21470 1961788.00
21471 2001824.67
21472 2042562.33
21473 2084203.00
21474 2126516.00
21475 2169364.50
21476 2212884.83
21477 2256927.08
21478 2301424.67
21479 2346230.17
21480 2391352.00
21481 6573399.13
21482 4276673.88
21483 4226991.88
21484 4177309.88
21485 4127627.88
21486 4077945.88
21487 4028263.88
21488 3978581.88
21489 3928899.88
21490 3879217.88
21491 3829535.88
21492 3779853.88
21493 3730171.88
21494 3680489.88
21495 3630807.88
21496 3581125.88
21497 3531443.88
21498 3481761.88
21499 3432079.88
21500 3382397.88
21501 3332715.88
21502 3283033.88
21503 3233351.88
21504 3183669.88
21505 3134006.63
21506 3084428.05
21507 3034963.55
21508 2985549.22
21509 2936138.88
21510 2886732.55
21511 2837330.22
21512 2787931.88
21513 2738593.38
21514 2689389.22
21515 2640283.22
21516 2591202.88
21517 2542130.55
21518 2493066.22
21519 2444009.88
21520 2395252.80
21521 2347300.47
21522 2300098.88
21523 2253263.22
21524 2206767.55
21525 2160581.38
21526 2114629.55
21527 2068964.05
21528 2023507.88
21529 1978452.55
21530 1934153.22
21531 1890528.88
21532 1847358.88
21533 1804584.05
21534 1762185.22
21535 1720063.05
21536 1678179.22
21537 1636587.05
21538 1595326.72
21539 1554571.38
21540 1514404.55
21541 1474666.88
21542 1435468.38
21543 1397061.13
21544 1359828.38
21545 1323920.13
21546 1289130.38
21547 1255267.55
21548 1222024.22
21549 1189340.38
21550 1157283.22
21551 1126130.05
21552 1096115.55
21553 1066880.22
21554 1038875.55
21555 1012909.05
21556 988828.72
21557 966587.72
21558 946077.30
21559 927216.38
21560 909550.88
21561 892852.70
21562 877518.85
21563 863521.52
21564 850740.35
21565 839809.35
21566 831521.18
21567 825083.68
21568 820852.02
21569 820573.02
21570 823278.52
21571 828069.18
21572 834976.60
21573 843380.68
21574 852969.18
21575 863664.02
21576 875695.68
21577 890046.43
21578 907036.35
21579 925686.68
21580 946000.68
21581 967718.85
21582 990461.18
21583 1014718.35
21584 1040223.52
21585 1066469.35
21586 1093683.35
21587 1121944.18
21588 1151279.35
21589 1181996.68
21590 1213873.68
21591 1246471.52
21592 1279610.43
21593 1313503.85
21594 1350569.32
21595 1392435.95
21596 1436621.95
21597 1481078.28
21598 1525894.62
21599 1571000.95
21600 1616234.78
21601 1661755.28
21602 1707664.28
21603 1753835.62
21604 1800267.45
21605 1846916.78
21606 1893756.62
21607 1940910.95
21608 1988300.78
21609 2035786.12
21610 2083313.45
21611 2130886.28
21612 2178537.28
21613 2226289.28
21614 2274105.62
21615 2321955.95
21616 2369891.45
21617 2418072.95
21618 2466554.28
21619 2515167.62
21620 2563800.95
21621 2612454.28
21622 2661127.62
21623 2709820.95
21624 2758534.28
21625 2807267.62
21626 2856183.87
21627 2905438.45
21628 2954860.45
21629 3004286.45
21630 3053716.45
21631 3103150.45
21632 3152588.45
21633 3202030.45
21634 3251476.45
21635 3300926.45
21636 3350380.45
21637 3399838.45
21638 3449300.45
21639 3498798.62
21640 3548384.95
21641 3598046.12
21642 3647728.12
21643 3697410.12
21644 3747092.12
21645 3796774.12
21646 3846456.12
21647 3896138.12
21648 3945820.12
21649 3995502.12
21650 4045184.12
21651 4094866.12
21652 4144548.12
21653 4194230.12
21654 4243912.12
21655 4293594.12
21656 4343276.12
21657 4392958.12
21658 4442640.12
21659 4492322.12
21660 4542004.12
21661 4591686.12
21662 4641368.12
21663 4691050.12
21664 8699537.10
21665 5105513.08
21666 5080480.25
21667 5056222.58
21668 5032814.75
21669 5010611.42
21670 4989606.42
21671 4969659.92
21672 4951802.42
21673 4936759.25
21674 4923613.58
21675 4912295.58
21676 4904150.25
21677 4899696.75
21678 4897708.08
21679 4897539.58
21680 4899162.92
21681 4902394.58
21682 4907798.92
21683 4915595.42
21684 4925478.58
21685 4937379.42
21686 4950871.08
21687 4965984.75
21688 4982636.75
21689 5000400.58
21690 5019052.58
21691 5038262.08
21692 5057979.75
21693 5078402.58
21694 5099739.58
21695 5122129.08
21696 5146186.25
21697 5171664.25
21698 5197918.08
21699 5226145.58
21700 5256843.08
21701 5289276.25
21702 5323409.75
21703 5358859.75
21704 5394954.42
21705 5431768.50
21706 5469628.42
21707 5508539.75
21708 5548816.92
21709 5590260.75
21710 5633102.75
21711 5677138.75
21712 5721384.08
21713 5765841.42
21714 5810549.75
21715 5855541.58
21716 5900852.75
21717 37817712.03
21718 20813193.67
21719 20787518.33
21720 20762859.33
21721 20739732.83
21722 20718076.33
21723 20697765.00
21724 20679306.25
21725 20662578.33
21726 20646970.67
21727 20632165.83
21728 20618232.08
21729 20605275.83
21730 20593388.42
21731 20582831.25
21732 20574041.17
21733 20566908.83
21734 20561465.50
21735 20557779.58
21736 20555740.58
21737 20555352.33
21738 20556231.50
21739 20558550.17
21740 20562668.33
21741 20569456.33
21742 20579186.92
21743 23401625.67
21744 4452045.25
21745 4402711.25
21746 4353385.25
21747 4304067.25
21748 4254757.25
21749 4205455.25
21750 4156161.25
21751 4106875.25
21752 4057597.25
21753 4008327.25
21754 3959065.25
21755 3909811.25
21756 3860565.25
21757 3811327.25
21758 3762125.75
21759 3713140.75
21760 3664360.75
21761 3615620.25
21762 3566910.25
21763 3518224.25
21764 3469595.58
21765 3421135.75
21766 3372894.08
21767 3324765.08
21768 3276672.08
21769 3228615.08
21770 3180594.08
21771 3132609.08
21772 3084660.08
21773 3036747.08
21774 2988870.08
21775 2941055.42
21776 2893334.25
21777 2845713.75
21778 2798179.75
21779 2750704.75
21780 2703277.75
21781 2655898.75
21782 2608631.25
21783 2561667.58
21784 2515049.42
21785 2468590.42
21786 2422191.42
21787 2375852.42
21788 2329638.92
21789 2283623.42
21790 2238008.42
21791 2192729.42
21792 2147674.50
21793 2103239.58
21794 2059667.08
21795 2016707.42
21796 1974019.58
21797 1931487.42
21798 1889137.92
21799 1847019.42
21800 1805083.42
21801 1763279.42
21802 1721613.42
21803 1680093.42
21804 1639171.08
21805 1599376.25
21806 1560573.75
21807 1522437.75
21808 1484727.08
21809 1447393.42
21810 1410745.25
21811 1374951.08
21812 1340219.08
21813 1306700.42
21814 1273966.75
21815 1242589.42
21816 1213093.92
21817 1185183.67
21818 1158912.08
21819 1133912.92
21820 1109790.75
21821 1087103.75
21822 1066356.25
21823 1047507.42
21824 1031555.08
21825 1018328.42
21826 1006594.75
21827 996071.92
21828 987472.08
21829 981503.58
21830 977710.42
21831 976038.92
21832 976183.75
21833 977775.75
21834 980860.08
21835 985162.75
21836 990588.08
21837 997805.92
21838 1007095.92
21839 1017561.08
21840 1029371.92
21841 1043643.58
21842 1060856.58
21843 1080014.75
21844 1100479.33
21845 1122717.08
21846 1146489.42
21847 1171702.42
21848 1198214.00
21849 1225753.00
21850 1254225.42
21851 1283848.75
21852 1315345.67
21853 1348225.25
21854 1382099.08
21855 1417649.67
21856 1454967.58
21857 1493584.42
21858 1532886.58
21859 1572551.58
21860 1612449.92
21861 1652524.25
21862 1692784.25
21863 1733368.92
21864 1774345.92
21865 1815585.75
21866 1857033.08
21867 1898784.58
21868 1941015.92
21869 1983726.08
21870 2026717.42
21871 2070059.58
21872 2113815.42
21873 2157967.08
21874 2202912.00
21875 2248811.08
21876 2295185.08
21877 2341680.75
21878 2388301.42
21879 2435092.08
21880 4775814.92
21881 2632400.92
21882 2599013.00
21883 2566488.08
21884 2534716.42
21885 2503742.25
21886 2474035.92
21887 2445854.58
21888 2418941.75
21889 2393046.25
21890 2368171.75
21891 2344571.42
21892 2322311.42
21893 2301319.08
21894 2281612.08
21895 2263086.08
21896 2246079.25
21897 2231077.58
21898 2218151.92
21899 2207027.25
21900 2197169.75
21901 2188684.58
21902 2181810.58
21903 2176195.25
21904 2172413.75
21905 2170613.58
21906 2169875.25
21907 2170180.75
21908 2172176.42
21909 2176084.25
21910 2181940.25
21911 2189515.25
21912 2198679.42
21913 2209660.75
21914 2222031.67
21915 2235679.42
21916 2250485.58
21917 2266013.17
21918 2282456.75
21919 2300889.92
21920 2321605.92
21921 2343870.83
21922 2367343.58
21923 2392363.25
21924 2419092.75
21925 2447179.50
21926 2476311.92
21927 2506593.25
21928 2537938.75
21929 2569982.42
21930 2602772.75
21931 2636069.75
21932 2669655.08
21933 2703608.42
21934 2738237.92
21935 2773662.00
21936 2809644.42
21937 2846043.08
21938 2882886.75
21939 2920450.08
21940 2958690.75
21941 2997461.75
21942 3036652.75
21943 3076053.42
21944 3116031.75
21945 3156600.42
21946 3197432.92
21947 3238466.92
21948 3279652.92
21949 3321023.92
21950 3362798.92
21951 3405063.92
21952 3447607.75
21953 3490503.92
21954 3534028.58
21955 3578097.42
21956 3622457.75
21957 3667058.08
21958 6366697.42
21959 2769065.17
21960 2719300.17
21961 2669535.17
21962 2619770.17
21963 2570005.17
21964 2520240.17
21965 2470475.17
21966 2421427.67
21967 2373149.17
21968 2325021.50
21969 2277101.33
21970 2229317.33
21971 2181629.33
21972 2134039.33
21973 2086509.33
21974 2039039.33
21975 1991772.33
21976 1944713.33
21977 1897907.17
21978 1851717.50
21979 1806220.67
21980 1761284.00
21981 1716809.67
21982 1672604.00
21983 1628544.83
21984 1585712.83
21985 1544343.17
21986 1503621.83
21987 1463489.33
21988 1423741.17
21989 1384269.67
21990 1345267.67
21991 1306819.83
21992 1269103.17
21993 1232458.50
21994 1196828.67
21995 1161985.83
21996 1127736.00
21997 1094008.17
21998 1061815.17
21999 1031330.17
22000 1001602.33
22001 972542.50
22002 944205.50
22003 916611.83
22004 889672.50
22005 863382.50
22006 838446.00
22007 815267.00
22008 794227.17
22009 775910.67
22010 760242.33
22011 748676.17
22012 740548.67
22013 734319.50
22014 730993.75
22015 731121.67
22016 733820.67
22017 737761.50
22018 742925.00
22019 751420.83
22020 764183.33
22021 779552.83
22022 796332.17
22023 814283.17
22024 833454.42
22025 853561.50
22026 874580.67
22027 897176.17
22028 921597.50
22029 947655.17
22030 975573.17
22031 1005059.83
22032 1035461.17
22033 1067462.17
22034 1101454.83
22035 1137109.50
22036 1174032.17
22037 1211448.33
22038 1249498.67
22039 1288574.50
22040 1328573.33
22041 1369057.67
22042 1410006.33
22043 1451664.00
22044 1494803.33
22045 1539456.33
22046 1584639.33
22047 1630044.67
22048 1675662.00
22049 1721456.67
22050 1767408.33
22051 1813634.83
22052 1860081.83
22053 1906603.50
22054 1953210.67
22055 1999908.33
22056 2046698.50
22057 2093565.00
22058 2140506.17
22059 2187529.33
22060 2234617.33
22061 2282574.83
22062 2331383.83
22063 2380208.83
22064 2429049.83
22065 2477906.83
22066 2526779.83
22067 2575668.83
22068 2624573.83
22069 2673494.83
22070 2722431.83
22071 2771384.83
22072 2820353.83
22073 2869338.83
22074 2918339.83
22075 2967604.33
22076 3017246.83
22077 3067011.83
22078 3116776.83
22079 3166541.83
22080 3216306.83
22081 3266071.83
22082 3315836.83
22083 12901610.87
22084 11170778.95
22085 11174067.45
22086 11179164.28
22087 11186460.45
22088 11196087.53
22089 11207581.28
22090 11220704.78
22091 11236425.62
22092 11255364.28
22093 11276963.12
22094 15748870.70
22095 5868544.67
22096 5818880.67
22097 5769216.67
22098 5719552.67
22099 5669888.67
22100 5620224.67
22101 5570560.67
22102 5520896.67
22103 5471232.67
22104 5421568.67
22105 5371904.67
22106 5322240.67
22107 5272576.67
22108 5222912.67
22109 5173248.67
22110 5123584.67
22111 5073920.67
22112 5024256.67
22113 4974592.67
22114 4924928.67
22115 4875264.67
22116 4825600.67
22117 4775936.67
22118 4726272.67
22119 4676608.67
22120 4626944.67
22121 4577280.67
22122 4527616.67
22123 4477952.67
22124 4428288.67
22125 4378624.67
22126 4328960.67
22127 4279296.67
22128 4229632.67
22129 4179968.67
22130 4130304.67
22131 4080691.17
22132 4031180.67
22133 3981783.50
22134 3932584.50
22135 3883604.17
22136 3834711.17
22137 3785830.17
22138 3736961.17
22139 3688104.17
22140 3639259.17
22141 3590426.17
22142 3541605.17
22143 3492796.17
22144 3443999.17
22145 3395214.17
22146 3346441.17
22147 3297680.17
22148 3248931.17
22149 3200194.17
22150 3151771.83
22151 3104069.50
22152 3056867.00
22153 3009779.00
22154 2962743.00
22155 2915759.00
22156 2868827.00
22157 2821947.00
22158 2775119.00
22159 2728343.00
22160 2681619.00
22161 2634947.00
22162 2588327.00
22163 2541779.50
22164 2495365.00
22165 2449088.67
22166 2403007.17
22167 2357270.83
22168 2311944.00
22169 2266860.67
22170 2221849.33
22171 2176910.00
22172 2132042.67
22173 2087654.17
22174 2043783.33
22175 2000181.67
22176 1956835.33
22177 1913602.00
22178 1870472.67
22179 1827466.33
22180 1784722.83
22181 1742275.83
22182 1700293.67
22183 1658938.83
22184 1618041.17
22185 1577412.67
22186 1536944.67
22187 1496737.00
22188 1456970.83
22189 1417841.67
22190 1379423.17
22191 1341844.83
22192 1305118.83
22193 1268980.33
22194 1233363.00
22195 1198435.67
22196 1164377.67
22197 1131180.67
22198 1098715.50
22199 1068294.67
22200 1039964.33
22201 1012575.58
22202 986085.00
22203 960538.67
22204 936092.17
22205 912952.17
22206 891773.33
22207 873397.33
22208 857497.83
22209 844060.67
22210 833198.83
22211 823748.50
22212 816109.00
22213 810844.33
22214 807294.17
22215 805217.67
22216 805042.00
22217 806905.17
22218 810852.67
22219 817013.50
22220 825281.33
22221 835830.33
22222 849198.67
22223 864986.17
22224 882327.83
22225 901145.83
22226 922435.50
22227 946348.00
22228 972961.00
22229 1002748.17
22230 1034169.00
22231 1066177.50
22232 1099034.67
22233 1133622.83
22234 1170100.00
22235 1207698.17
22236 1246130.33
22237 1285392.17
22238 1325558.17
22239 1366325.00
22240 1407471.33
22241 1449216.00
22242 1491632.00
22243 1534485.00
22244 1577727.83
22245 1621520.50
22246 1665974.67
22247 1710913.17
22248 1756035.83
22249 1801289.83
22250 1846686.50
22251 1892228.67
22252 1937890.83
22253 1983683.17
22254 2029628.33
22255 2075692.33
22256 2121846.33
22257 2168090.33
22258 2214460.33
22259 2260954.33
22260 2307539.83
22261 2354876.50
22262 2403648.25
22263 2453232.33
22264 2502896.33
22265 2552560.33
22266 2602224.33
22267 2651888.33
22268 2701552.33
22269 2751216.33
22270 2800880.33
22271 2850544.33
22272 2900208.33
22273 2949872.33
22274 2999536.33
22275 3049200.33
22276 3098864.33
22277 3148528.33
22278 3198192.33
22279 3247856.33
22280 3297520.33
22281 3347184.33
22282 3396848.33
22283 3446512.33
22284 3496176.33
22285 3545840.33
22286 3595504.33
22287 3645168.33
22288 3694832.33
22289 3744496.33
22290 3794160.33
22291 3843824.33
22292 3893488.33
22293 3943152.33
22294 3992816.33
22295 4042480.33
22296 4092144.33
22297 4141808.33
22298 4191472.33
22299 9713885.82
22300 9486505.40
22301 15333818.98
22302 6124723.25
22303 6075486.25
22304 6026253.25
22305 5977024.25
22306 5927799.25
22307 5878578.25
22308 5829361.25
22309 5780148.25
22310 5730939.25
22311 5681734.25
22312 5632533.25
22313 5583336.25
22314 5534143.25
22315 5484954.25
22316 5435769.25
22317 5386588.25
22318 5337411.25
22319 5288238.25
22320 5239069.25
22321 5189904.25
22322 5140743.25
22323 5091586.25
22324 5042433.25
22325 4993284.25
22326 4944139.25
22327 4894998.25
22328 4845861.25
22329 4796728.25
22330 4747599.25
22331 4698474.25
22332 4649353.25
22333 4600236.25
22334 4551123.25
22335 4502014.25
22336 4452909.25
22337 4403808.25
22338 4354711.25
22339 4305618.25
22340 4256529.25
22341 4207444.25
22342 4158363.25
22343 4109286.25
22344 4060213.25
22345 4011144.25
22346 3962079.25
22347 3913018.25
22348 3863961.25
22349 3814908.25
22350 3765859.25
22351 3716814.25
22352 3667773.25
22353 3618736.25
22354 3569703.25
22355 3520674.25
22356 3471649.25
22357 3422628.25
22358 3373654.25
22359 3324777.58
22360 3276058.58
22361 3227553.75
22362 3179171.75
22363 3130817.75
22364 3082491.75
22365 3034193.75
22366 2985923.75
22367 2937681.75
22368 2889616.58
22369 2841764.25
22370 2793984.08
22371 2746244.08
22372 2698540.08
22373 2650872.08
22374 2603281.92
22375 2555813.25
22376 2508629.42
22377 2461903.08
22378 2415498.25
22379 2369415.25
22380 2323812.92
22381 2278538.25
22382 2233420.25
22383 2188426.25
22384 2143542.25
22385 2098785.08
22386 2054148.42
22387 2009639.25
22388 1965307.58
22389 1921220.92
22390 1877407.58
22391 1833844.25
22392 1790785.58
22393 1748531.08
22394 1706970.75
22395 1665838.92
22396 1625154.58
22397 1585512.75
22398 1547187.33
22399 1509718.75
22400 1472827.75
22401 1436388.92
22402 1400476.58
22403 1365380.25
22404 1331083.92
22405 1297747.75
22406 1265452.25
22407 1233911.75
22408 1203229.42
22409 1173705.92
22410 1145524.75
22411 1118481.92
22412 1092513.08
22413 1068104.42
22414 1046295.92
22415 1026817.92
22416 1008829.08
22417 992730.92
22418 978599.00
22419 966177.33
22420 955554.42
22421 946811.75
22422 939518.42
22423 933323.75
22424 928017.75
22425 923582.42
22426 920423.83
22427 919087.58
22428 921805.92
22429 929260.25
22430 939240.75
22431 950690.25
22432 963409.58
22433 977691.33
22434 993950.42
22435 1012148.42
22436 1032530.42
22437 1054577.08
22438 1077416.75
22439 1101434.92
22440 1126867.33
22441 1153683.17
22442 1181854.42
22443 1210979.08
22444 1241082.42
22445 1272315.08
22446 1304239.25
22447 1336760.25
22448 1370229.08
22449 1404455.75
22450 1439634.50
22451 1476269.08
22452 1513947.92
22453 1553279.92
22454 1594516.58
22455 1636471.58
22456 1678665.08
22457 1721114.58
22458 1763906.17
22459 1807043.25
22460 1850435.08
22461 1894110.92
22462 1938137.42
22463 1982360.42
22464 2026667.42
22465 2071058.42
22466 2115641.92
22467 2160470.42
22468 2205429.42
22469 2250460.42
22470 2295657.92
22471 2341074.42
22472 2386935.42
22473 2433182.42
22474 2479489.42
22475 2525888.25
22476 2572431.75
22477 2619106.92
22478 2665887.92
22479 2712823.58
22480 2759920.42
22481 2807109.58
22482 2854349.58
22483 2901722.58
22484 2949226.58
22485 2996770.58
22486 3044354.58
22487 3091978.58
22488 3139642.58
22489 3187346.58
22490 3235090.58
22491 3282883.58
22492 3330749.75
22493 3378731.75
22494 3426893.42
22495 3475230.75
22496 3523647.75
22497 3572088.75
22498 3620553.75
22499 3669042.75
22500 3717568.42
22501 3766154.75
22502 3814799.42
22503 3863476.42
22504 3912173.42
22505 3960924.58
22506 4009773.25
22507 4058693.25
22508 4107639.25
22509 4156601.25
22510 4205579.25
22511 4254573.25
22512 4303583.25
22513 4352633.58
22514 4401807.42
22515 4451146.92
22516 10801670.93
22517 10690426.27
22518 10737799.27
22519 10785210.43
22520 10832678.77
22521 10880209.93
22522 10927868.77
22523 10975723.60
22524 11023684.60
22525 11071665.60
22526 11119666.60
22527 11167687.60
22528 11215753.77
22529 11263888.43
22530 11312064.43
22531 11360256.43
22532 11408533.93
22533 11457004.10
22534 11505609.77
22535 11554239.77
22536 11602877.77
22537 11651523.77
22538 11700177.77
22539 11748839.77
22540 11797509.77
22541 11846187.77
22542 11894873.77
22543 11943567.77
22544 11992269.77
22545 12040979.77
22546 12089697.77
22547 12138423.77
22548 12187157.77
22549 12235899.77
22550 12284649.77
22551 12333407.77
22552 12382248.77
22553 12431170.77
22554 12480096.77
22555 12529026.77
22556 12577960.77
22557 12626898.77
22558 12675840.77
22559 12724786.77
22560 12773736.77
22561 12822690.77
22562 12871648.77
22563 12920610.77
22564 12969576.77
22565 13018546.77
22566 13067520.77
22567 13116498.77
22568 13165480.77
22569 13214466.77
22570 13263456.77
22571 13312450.77
22572 13361448.77
22573 17868044.82
22574 16273842.48
22575 16312114.82
22576 16350685.82
22577 16389722.32
22578 16429312.15
22579 16469606.98
22580 16510686.48
22581 16552752.40
22582 23032303.55
22583 7752010.98
22584 7707845.82
22585 7663943.98
22586 7620270.32
22587 7577232.98
22588 7535050.15
22589 7493276.65
22590 7451824.32
22591 7411001.32
22592 7370849.98
22593 7331336.82
22594 7292381.82
22595 7253824.65
22596 7215693.32
22597 7178077.65
22598 7140990.65
22599 7104618.65
22600 7069116.32
22601 7034372.98
22602 7000509.32
22603 6967463.65
22604 6934996.82
22605 6903147.82
22606 6872191.15
22607 6842320.82
22608 6813283.48
22609 6784847.48
22610 6757205.32
22611 6731503.32
22612 6707756.82
22613 6685454.98
22614 6664914.15
22615 6645820.65
22616 6627702.65
22617 6610747.32
22618 6595853.82
22619 6582927.65
22620 6571458.65
22621 6561666.07
22622 6553789.98
22623 6547831.48
22624 6544414.32
22625 9735173.92
22626 5760166.58
22627 5755101.08
22628 5750903.75
22629 5747686.42
22630 5745552.58
22631 5745342.08
22632 5747811.75
22633 5752512.42
22634 5758563.92
22635 5765591.75
22636 5774222.75
22637 5784735.42
22638 5796731.75
22639 5810186.25
22640 5824936.08
22641 5841275.58
22642 5859831.42
22643 5880780.42
22644 5903390.92
22645 5927233.08
22646 5954034.58
22647 5983606.08
22648 6014571.25
22649 6047075.92
22650 6080923.75
22651 6115561.75
22652 9123515.53
22653 3452012.52
22654 3402812.52
22655 3353629.02
22656 3304588.18
22657 3255813.85
22658 3207187.85
22659 3158822.35
22660 3110735.35
22661 3062704.85
22662 3014720.85
22663 2966780.85
22664 2918884.85
22665 2871032.85
22666 2823224.85
22667 2775460.85
22668 2727784.35
22669 2680197.35
22670 2632658.35
22671 2585171.18
22672 2537756.02
22673 2490426.52
22674 2443164.52
22675 2395954.52
22676 2348796.52
22677 2301690.52
22678 2254636.52
22679 2207634.52
22680 2160684.52
22681 2113786.52
22682 2067326.85
22683 2021752.02
22684 1976969.85
22685 1932666.02
22686 1888888.52
22687 1845849.85
22688 1803362.93
22689 1761265.68
22690 1719585.68
22691 1678428.35
22692 1637933.18
22693 1598151.18
22694 1559360.85
22695 1521966.85
22696 1486094.02
22697 1451352.02
22698 1417231.85
22699 1383760.52
22700 1351179.18
22701 1319537.68
22702 1288768.02
22703 1258713.52
22704 1229650.52
22705 1201954.68
22706 1175416.18
22707 1150063.52
22708 1126032.52
22709 1103078.52
22710 1080868.18
22711 1059420.08
22712 1039333.48
22713 1020889.32
22714 1004002.48
22715 988279.48
22716 973165.48
22717 958636.15
22718 944899.98
22719 932496.48
22720 921442.98
22721 913431.98
22722 909021.65
22723 906814.48
22724 906507.82
22725 908539.48
22726 912762.48
22727 918124.48
22728 924572.98
22729 932155.15
22730 941660.98
22731 953498.32
22732 967581.98
22733 984584.65
22734 1006269.65
22735 1032297.65
22736 1059952.15
22737 1088377.65
22738 1118411.82
22739 1150771.82
22740 1184629.15
22741 1218942.65
22742 1254017.15
22743 1289861.15
22744 1326081.15
22745 1362843.82
22746 1400231.32
22747 1438247.48
22748 1477515.15
22749 1517814.15
22750 1558627.65
22751 1600151.15
22752 1642341.82
22753 1685027.15
22754 1727994.15
22755 1771216.82
22756 1814787.98
22757 1858659.65
22758 1902679.15
22759 1946887.82
22760 1991350.32
22761 2036055.32
22762 2081017.65
22763 2126352.98
22764 2172100.82
22765 2218410.65
22766 2265120.98
22767 2311887.32
22768 2358709.65
22769 2405589.65
22770 2452559.98
22771 2499647.15
22772 2546814.48
22773 2594029.82
22774 2641293.15
22775 2688657.48
22776 2736150.32
22777 2783750.82
22778 2831768.82
22779 2880234.65
22780 2928796.98
22781 2977379.32
22782 3025981.65
22783 3074603.98
22784 3123246.32
22785 3171908.65
22786 3220590.98
22787 3269293.32
22788 3318015.65
22789 3366757.98
22790 3415520.32
22791 3464302.65
22792 3513130.15
22793 3562026.15
22794 3610963.48
22795 3659916.82
22796 3708886.15
22797 3757871.48
22798 3806914.65
22799 9832357.80
22800 9233555.80
22801 9271191.63
22802 9309127.80
22803 9347475.63
22804 9386445.13
22805 9426591.63
22806 9467845.13
22807 9509678.47
22808 18382628.57
22809 10383732.55
22810 10345650.55
22811 10308013.38
22812 10270723.38
22813 10233821.55
22814 10197388.05
22815 10161910.22
22816 10127587.55
22817 10094111.38
22818 10062299.88
22819 10032448.72
22820 10004158.38
22821 9977462.38
22822 9951915.05
22823 9927188.38
22824 9903241.88
22825 10953083.30
22826 2944436.83
22827 2903962.00
22828 2864829.83
22829 2827000.00
22830 2789569.67
22831 2752638.17
22832 2716145.83
22833 2679953.17
22834 2644794.92
22835 2610719.17
22836 2577039.17
22837 2544422.58
22838 2513458.33
22839 2484382.67
22840 2457029.50
22841 2431068.67
22842 2406246.50
22843 2382283.92
22844 2359555.83
22845 2338222.00
22846 2317897.00
22847 2300779.33
22848 2287437.17
22849 2276351.00
22850 2268384.00
22851 2262816.33
22852 2258465.33
22853 2255791.83
22854 2255216.17
22855 2256098.50
22856 2259387.17
22857 2265100.33
22858 2271850.83
22859 2279776.17
22860 2289322.67
22861 2300471.83
22862 2313070.67
22863 2327170.42
22864 2343205.92
22865 2362074.83
22866 2383576.50
22867 2406830.33
22868 2431114.83
22869 2456402.33
22870 2482757.00
22871 2509856.83
22872 2537510.33
22873 2565734.50
22874 2594793.83
22875 2624935.17
22876 2656200.33
22877 2689122.33
22878 2723775.67
22879 2759794.08
22880 2796939.33
22881 2834694.83
22882 2872910.00
22883 2911563.33
22884 2950672.00
22885 2990297.50
22886 3030553.83
22887 3071432.50
22888 3112649.00
22889 3154169.33
22890 3196250.67
22891 3238871.17
22892 3281780.17
22893 12483411.07
22894 10144648.40
22895 10135902.82
22896 10129195.57
22897 10124231.23
22898 10120678.73
22899 10119728.40
22900 10121522.40
22901 10124758.57
22902 10129222.40
22903 10136004.73
22904 10145727.23
22905 10157207.23
22906 10170078.07
22907 10184549.07
22908 10200478.73
22909 10217874.07
22910 10236876.07
22911 10257438.57
22912 10279324.07
22913 10302478.40
22914 10326837.90
22915 10352099.23
22916 10379265.40
22917 10409267.57
22918 10440746.07
22919 10472606.73
22920 10504855.57
22921 10538055.07
22922 10573037.73
22923 10609562.07
22924 10647306.57
22925 10686178.23
22926 10725592.90
22927 10765408.32
22928 10805665.23
22929 19953158.73
22930 10989639.42
22931 10956747.08
22932 10924596.42
22933 10893527.42
22934 10863376.92
22935 10833921.92
22936 10805233.25
22937 10777388.75
22938 10750636.08
22939 11357135.67
22940 2752613.08
22941 2703118.08
22942 2653697.08
22943 2604478.58
22944 2555398.58
22945 2506330.58
22946 2457274.58
22947 2408230.58
22948 2359198.58
22949 2310178.58
22950 2261170.58
22951 2212219.92
22952 2163373.75
22953 2114588.75
22954 2065819.75
22955 2017092.25
22956 1970085.25
22957 1924862.75
22958 1879857.25
22959 1835044.25
22960 1790384.25
22961 1745881.25
22962 1701509.25
22963 1657262.25
22964 1613238.08
22965 1569479.42
22966 1526442.08
22967 1485241.75
22968 1445511.75
22969 1406541.25
22970 1368493.58
22971 1331243.25
22972 1294544.08
22973 1258414.58
22974 1223005.58
22975 1188255.08
22976 1154006.08
22977 1120687.17
22978 1089109.42
22979 1058989.58
22980 1030425.25
22981 1004161.75
22982 980098.42
22983 957950.58
22984 937910.42
22985 920149.75
22986 904643.08
22987 891328.08
22988 879631.58
22989 868937.75
22990 859565.92
22991 852409.58
22992 847462.92
22993 844819.25
22994 844761.25
22995 846687.58
22996 850258.25
22997 855475.75
22998 862167.75
22999 870447.92
23000 880463.08
23001 892189.08
23002 905993.25
23003 921983.25
23004 939642.42
23005 958576.58
23006 979034.42
23007 1000804.58
23008 1024830.42
23009 1051522.42
23010 1079512.92
23011 1108387.75
23012 1138441.92
23013 1170423.58
23014 1203930.75
23015 1238287.92
23016 1273581.42
23017 1309823.75
23018 1346907.58
23019 1384467.08
23020 1422280.08
23021 1460643.58
23022 1500272.58
23023 1541230.58
23024 1582866.75
23025 1624808.92
23026 1668204.58
23027 1712990.75
23028 1757890.25
23029 1802938.25
23030 1848255.92
23031 1893864.75
23032 1939664.92
23033 1985565.92
23034 2031538.92
23035 2077583.92
23036 2123700.92
23037 2169909.92
23038 2216293.42
23039 7442474.73
23040 7023176.73
23041 7055583.07
23042 7088772.15
23043 7123192.73
23044 7158673.07
23045 7194595.73
23046 7230843.73
23047 7267686.73
23048 7305308.73
23049 7343537.40
23050 7382224.40
23051 7421372.07
23052 7461125.23
23053 10524139.88
23054 3293033.90
23055 3244596.90
23056 3196224.90
23057 3147957.90
23058 3099759.90
23059 3051591.90
23060 3003453.90
23061 2955345.90
23062 2907267.90
23063 2859233.90
23064 2811259.90
23065 2763334.90
23066 2715444.90
23067 2667631.40
23068 2619896.40
23069 2572199.40
23070 2524998.40
23071 2478642.23
23072 2432835.73
23073 2387307.23
23074 2342404.07
23075 2298399.57
23076 2254874.40
23077 2211595.73
23078 2168870.40
23079 2126990.23
23080 2085685.90
23081 2044665.90
23082 2004152.23
23083 1964143.07
23084 1924879.15
23085 1886413.57
23086 1848357.23
23087 1811041.40
23088 1774586.48
23089 1738858.57
23090 1703887.23
23091 1669556.40
23092 1635706.57
23093 1602440.73
23094 1570273.65
23095 1539317.07
23096 1509434.90
23097 1480618.73
23098 1452883.23
23099 1426077.57
23100 1400099.73
23101 1375095.57
23102 1351051.23
23103 1327978.40
23104 1306328.40
23105 1286105.07
23106 1266992.07
23107 1249338.57
23108 1234277.23
23109 1221418.57
23110 1209643.90
23111 1199231.82
23112 1190228.23
23113 1182559.90
23114 1176393.90
23115 1171815.73
23116 1168721.57
23117 1167367.40
23118 1167419.73
23119 1169118.07
23120 1172818.82
23121 1178302.07
23122 1186069.07
23123 1195869.73
23124 1206862.23
23125 1218712.07
23126 1231959.73
23127 1247293.57
23128 1264194.07
23129 1282361.07
23130 1302736.32
23131 1325086.07
23132 1348449.73
23133 1372848.40
23134 1398455.23
23135 1425835.07
23136 1455040.23
23137 1485561.73
23138 1516984.48
23139 1549365.90
23140 1582802.57
23141 1616810.57
23142 1651300.90
23143 1687038.48
23144 1724189.65
23145 1762081.73
23146 1800735.23
23147 1840116.90
23148 1879891.57
23149 1919841.57
23150 1959939.57
23151 2000228.15
23152 2040773.07
23153 2081553.73
23154 2122564.23
23155 2163776.57
23156 2205176.90
23157 2247066.23
23158 2289482.40
23159 2332692.65
23160 2376921.90
23161 2421722.40
23162 2466908.40
23163 2512333.40
23164 2557842.90
23165 2603437.90
23166 2649154.07
23167 2695024.73
23168 2741156.40
23169 2788189.57
23170 9017594.87
23171 8813830.62
23172 8857855.95
23173 8902320.62
23174 8947228.12
23175 8992468.28
23176 9037977.62
23177 9083613.95
23178 9129421.95
23179 9175538.12
23180 9221974.12
23181 9268559.45
23182 9315317.03
23183 18968251.73
23184 17730950.92
23185 17768611.08
23186 17806960.42
23187 17846148.92
23188 17886081.25
23189 17926161.58
23190 17966401.42
23191 18006874.75
23192 27103726.25
23193 11034361.97
23194 10994248.30
23195 10954650.22
23196 10915833.47
23197 10877830.80
23198 11190994.55
23199 3033179.60
23200 2986331.27
23201 2939694.93
23202 2893133.93
23203 2846936.43
23204 2801550.60
23205 2756879.93
23206 2712519.43
23207 2668313.77
23208 2624258.77
23209 2580379.27
23210 2536845.77
23211 2494000.10
23212 2451896.27
23213 2410224.77
23214 2368972.60
23215 2328521.68
23216 2289028.77
23217 2250446.43
23218 2212619.77
23219 2175552.27
23220 2139463.10
23221 2104066.35
23222 2069027.02
23223 2034563.10
23224 2000738.43
23225 1967441.60
23226 1934953.77
23227 1903308.77
23228 1872647.02
23229 1843315.43
23230 1815120.60
23231 1788673.10
23232 1764321.27
23233 1741334.77
23234 1719320.43
23235 1698201.10
23236 1678687.77
23237 1661080.93
23238 1645023.93
23239 1630590.85
23240 1618134.02
23241 1607554.43
23242 1598599.60
23243 1591067.43
23244 1584430.93
23245 1578909.43
23246 1575705.85
23247 1574793.60
23248 1575142.77
23249 1576979.60
23250 1581077.52
23251 1587234.93
23252 1595058.60
23253 1604807.43
23254 1616373.85
23255 1629669.43
23256 1644771.10
23257 1661409.60
23258 1679104.27
23259 1697526.10
23260 1716612.43
23261 1736492.60
23262 1757408.60
23263 1779466.43
23264 1803246.60
23265 1828704.10
23266 1855450.85
23267 1883597.10
23268 1912799.43
23269 1943001.43
23270 1974271.35
23271 2006321.35
23272 2039115.27
23273 2072708.43
23274 2106923.35
23275 2141922.60
23276 2177681.27
23277 2214230.93
23278 2251922.93
23279 2290618.10
23280 2330005.27
23281 2369847.10
23282 2409946.77
23283 2450234.43
23284 2490708.10
23285 2531626.60
23286 2573276.77
23287 2615709.77
23288 2658738.10
23289 2702066.77
23290 2745709.27
23291 2789694.77
23292 2833997.93
23293 2878591.77
23294 14820866.63
23295 13156832.63
23296 13150144.63
23297 13144672.63
23298 13140729.47
23299 13138526.80
23300 13138154.88
23301 13139352.13
23302 13142044.80
23303 13146276.80
23304 13151782.30
23305 13158371.97
23306 13167116.80
23307 13178636.30
23308 19491416.77
23309 13895175.58
23310 13892296.92
23311 13890556.08
23312 13890179.25
23313 13891591.25
23314 13894627.17
23315 13899191.83
23316 13905658.75
23317 13913736.25
23318 13922851.42
23319 13932738.75
23320 13943373.42
23321 13954761.92
23322 13967192.42
23323 13982785.58
23324 14001293.42
23325 22201018.10
23326 11527596.75
23327 11514730.08
23328 11504076.50
23329 11496086.42
23330 11490392.25
23331 11486573.75
23332 11484531.75
23333 11483780.75
23334 11483875.75
23335 11485420.42
23336 11489114.42
23337 13286976.93
23338 3271037.08
23339 3223294.75
23340 3175663.08
23341 3128153.92
23342 3080747.58
23343 3033433.25
23344 2986292.92
23345 2939510.75
23346 2893306.92
23347 2847528.58
23348 2802042.58
23349 2756902.58
23350 2712098.75
23351 2667944.25
23352 2624853.92
23353 2582742.95
23354 2541544.48
23355 2501637.65
23356 2462992.15
23357 2425021.15
23358 2387363.82
23359 2350035.15
23360 2313626.15
23361 2278669.32
23362 2244746.32
23363 2211572.73
23364 2180517.73
23365 2153122.65
23366 2128544.65
23367 2106002.65
23368 2085663.48
23369 2066807.15
23370 2048703.32
23371 2031296.98
23372 2015331.15
23373 2001371.15
23374 1989245.32
23375 1978623.32
23376 1969134.98
23377 1960700.32
23378 1953796.82
23379 1948572.15
23380 1944546.32
23381 1942032.82
23382 1941646.15
23383 1943046.98
23384 1945486.48
23385 1949097.65
23386 1954274.32
23387 1961130.15
23388 1970000.48
23389 1980524.98
23390 1992049.65
23391 2004852.48
23392 2019639.40
23393 2036992.32
23394 2056956.48
23395 2078680.32
23396 3746726.73
23397 2296593.95
23398 2283727.62
23399 2272831.78
23400 2263599.45
23401 2256383.62
23402 2250847.78
23403 2246398.95
23404 2242746.03
23405 2241017.62
23406 2241329.53
23407 2242864.28
23408 2245749.12
23409 2249826.28
23410 2254928.62
23411 2261189.45
23412 2268547.78
23413 2277276.53
23414 2288015.12
23415 2300167.78
23416 2313128.12
23417 2327392.03
23418 2343377.62
23419 2361886.45
23420 2383374.62
23421 2406765.78
23422 2431195.12
23423 2456720.78
23424 2483520.62
23425 2511489.62
23426 2540654.12
23427 2571305.45
23428 2603604.20
23429 2637143.45
23430 2671452.62
23431 2706813.28
23432 2743860.95
23433 2782361.62
23434 2821406.12
23435 2860732.12
23436 2900456.78
23437 2941082.45
23438 2982785.95
23439 3026483.45
23440 3071888.95
23441 3117565.78
23442 3163460.62
23443 3209466.62
23444 3255650.45
23445 3302140.28
23446 9693236.22
23447 9066883.22
23448 9089671.72
23449 9113204.72
23450 9137799.55
23451 9163322.22
23452 9189591.88
23453 9216988.72
23454 9245523.05
23455 9274904.72
23456 9305089.05
23457 9336087.22
23458 9367940.38
23459 9400545.38
23460 9433796.38
23461 21921537.23
23462 17524294.15
23463 17522513.98
23464 17523384.98
23465 17525880.48
23466 17529230.32
23467 17534417.73
23468 17541619.48
23469 17550668.32
23470 17562630.48
23471 17577031.15
23472 17593082.82
23473 17610817.65
23474 17630182.82
23475 17650623.15
23476 17671663.15
23477 17693348.32
23478 25245543.27
23479 21378761.67
23480 21389062.00
23481 21401202.50
23482 28043490.78
23483 25158823.42
23484 37334033.20
23485 22539425.70
23486 22522907.53
23487 22507381.03
23488 22492946.70
23489 22479509.70
23490 22466886.87
23491 22455032.37
23492 22444786.53
23493 22436473.87
23494 22429718.03
23495 22424723.87
23496 22421696.20
23497 22420356.87
23498 22420237.37
23499 22421487.87
23500 22424539.87
23501 22430147.20
23502 22438665.95
23503 22450386.70
23504 22466024.03
23505 22485420.70
23506 22507043.70
23507 22529552.87
23508 22553656.95
23509 22580292.03
23510 22608555.70
23511 22637324.87
23512 22666441.03
23513 22696155.70
23514 27747927.95
23515 6212760.42
23516 6163092.42
23517 6113424.42
23518 6063756.42
23519 6014088.42
23520 5964420.42
23521 5914752.42
23522 5865084.42
23523 5815416.42
23524 5765748.42
23525 5716080.42
23526 5666412.42
23527 5616744.42
23528 5567076.42
23529 5517408.42
23530 5467740.42
23531 5418072.42
23532 5368404.42
23533 5318736.42
23534 5269068.42
23535 5219400.42
23536 5169732.42
23537 5120064.42
23538 5070396.42
23539 5020728.42
23540 4971060.42
23541 4921392.42
23542 4871724.42
23543 4822056.42
23544 4772388.42
23545 4722720.42
23546 4673052.42
23547 4623384.42
23548 4573716.42
23549 4524048.42
23550 4474380.42
23551 4424712.42
23552 4375044.42
23553 4325376.42
23554 4275708.42
23555 4226040.42
23556 4176372.42
23557 4126704.42
23558 4077036.42
23559 4027368.42
23560 3977700.42
23561 3928032.42
23562 3878364.42
23563 3828696.42
23564 3779028.42
23565 3729360.42
23566 3679692.42
23567 3630029.42
23568 3580401.42
23569 3530829.42
23570 3481285.42
23571 3431745.42
23572 3382209.42
23573 3332677.42
23574 3283149.42
23575 3233625.42
23576 3184233.92
23577 3134978.92
23578 3085780.92
23579 3036655.42
23580 2987559.42
23581 2938610.42
23582 2889810.42
23583 2841030.42
23584 2792270.42
23585 2743590.42
23586 2695308.92
23587 2647447.42
23588 2599697.42
23589 2551987.42
23590 2504317.42
23591 2456687.42
23592 2409169.42
23593 2361778.42
23594 2314444.42
23595 2267154.42
23596 2219908.42
23597 2172873.92
23598 2126054.92
23599 2079287.92
23600 2032572.92
23601 1985961.58
23602 1939568.25
23603 1893421.25
23604 1848402.42
23605 1804614.42
23606 1761133.08
23607 1717836.25
23608 1674764.92
23609 1632094.92
23610 1589879.25
23611 1548062.75
23612 1506643.42
23613 1465756.08
23614 1425422.25
23615 1385626.25
23616 1346810.92
23617 1309377.92
23618 1273215.08
23619 1238340.58
23620 1204448.58
23621 1173552.08
23622 1146727.92
23623 1121544.83
23624 1096972.75
23625 1072960.75
23626 1049646.75
23627 1027177.58
23628 1005803.42
23629 985928.08
23630 967296.08
23631 949970.92
23632 934677.42
23633 921130.08
23634 908694.75
23635 898066.25
23636 889784.58
23637 883809.42
23638 879711.75
23639 876653.75
23640 874823.75
23641 874601.08
23642 875994.08
23643 878607.08
23644 882238.42
23645 886866.25
23646 893269.08
23647 903040.58
23648 915507.25
23649 929295.75
23650 944148.75
23651 960053.25
23652 977240.92
23653 995748.75
23654 1015295.75
23655 1037313.08
23656 1061963.25
23657 1088088.92
23658 1116255.75
23659 1146124.25
23660 1176875.92
23661 1208309.58
23662 1240773.42
23663 1274167.58
23664 1308380.58
23665 1343559.08
23666 1379592.75
23667 1416684.25
23668 1454823.42
23669 1493693.08
23670 1533095.75
23671 1572906.25
23672 1612995.92
23673 1653482.08
23674 1694917.75
23675 1737580.75
23676 1780875.25
23677 1824353.42
23678 1868071.75
23679 1912980.58
23680 1960409.42
23681 2009684.58
23682 2059352.58
23683 2109020.58
23684 2158688.58
23685 2208356.58
23686 2258024.58
23687 2307692.58
23688 2357360.58
23689 2407028.58
23690 2456696.58
23691 2506364.58
23692 2556032.58
23693 2605700.58
23694 2655368.58
23695 2705036.58
23696 2754704.58
23697 2804372.58
23698 2854040.58
23699 2903708.58
23700 2953376.58
23701 3003044.58
23702 3052712.58
23703 3102380.58
23704 3152048.58
23705 3201716.58
23706 3251384.58
23707 3301052.58
23708 3350720.58
23709 3400388.58
23710 3450056.58
23711 3499724.58
23712 3549392.58
23713 3599060.58
23714 3648728.58
23715 3698396.58
23716 3748064.58
23717 3797732.58
23718 3847400.58
23719 3897068.58
23720 3946736.58
23721 3996404.58
23722 4046072.58
23723 4095740.58
23724 4145408.58
23725 4195076.58
23726 4244744.58
23727 4294412.58
23728 4344080.58
23729 4393748.58
23730 4443416.58
23731 4493084.58
23732 4542752.58
23733 9026370.67
23734 7864229.58
23735 7887706.08
23736 7912252.58
23737 7938058.08
23738 7965155.25
23739 7993457.75
23740 8022942.58
23741 8053573.92
23742 8085212.58
23743 8118324.08
23744 8154446.92
23745 8192903.25
23746 8231824.42
23747 8271046.92
23748 8310649.92
23749 8350736.58
23750 8391386.08
23751 8432643.42
23752 14435583.07
23753 7357413.48
23754 7321790.73
23755 7287036.40
23756 7253366.57
23757 7220661.40
23758 7188704.73
23759 7157479.23
23760 7126954.57
23761 7096993.23
23762 7067845.40
23763 7039517.73
23764 7011775.73
23765 6984823.57
23766 6958987.07
23767 6934157.57
23768 6910718.82
23769 6889637.23
23770 6870544.40
23771 6852670.07
23772 6836242.90
23773 6821380.40
23774 6808219.07
23775 6797183.90
23776 6787946.23
23777 6780069.57
23778 6773477.07
23779 6768213.90
23780 6764578.40
23781 6762511.73
23782 6761661.82
23783 9344555.27
23784 4470524.57
23785 4451952.57
23786 4435090.07
23787 4421486.57
23788 4412258.73
23789 4406180.90
23790 4402194.73
23791 4400264.48
23792 4400186.07
23793 4402188.73
23794 4406271.23
23795 4411705.23
23796 4418208.23
23797 4425873.90
23798 4435512.73
23799 4447212.82
23800 4460500.40
23801 4476033.40
23802 4494034.90
23803 4513861.23
23804 4535260.57
23805 4557940.07
23806 4581363.23
23807 4605566.90
23808 4630808.83
23809 4657065.10
23810 4684196.77
23811 4712048.27
23812 4741066.93
23813 4772118.93
23814 4805032.43
23815 4839042.77
23816 4873863.77
23817 4909414.77
23818 4945744.77
23819 4982823.93
23820 5020531.93
23821 5059236.10
23822 5099281.77
23823 5140159.27
23824 5181398.43
23825 5223003.10
23826 5264950.60
23827 9614605.35
23828 4614198.58
23829 4564879.58
23830 4515698.58
23831 4466660.08
23832 4417638.08
23833 4368632.08
23834 4319642.08
23835 4270668.08
23836 4221710.08
23837 4172768.08
23838 4123868.58
23839 4075025.08
23840 4026213.08
23841 3977421.08
23842 3928649.08
23843 3879897.08
23844 3831165.08
23845 3782453.08
23846 3733761.08
23847 3685089.08
23848 3636453.58
23849 3587856.58
23850 3539283.58
23851 3490734.58
23852 3442209.58
23853 3393751.08
23854 3345417.42
23855 3297174.75
23856 3248974.25
23857 3200852.25
23858 3152805.25
23859 3104794.25
23860 3056830.75
23861 3008950.75
23862 2961144.75
23863 2913475.75
23864 2865948.75
23865 2818557.75
23866 2771303.75
23867 2724101.75
23868 2676996.25
23869 2630076.25
23870 2583342.75
23871 2536708.75
23872 2490130.75
23873 2443608.75
23874 2397142.75
23875 2350936.25
23876 2305040.75
23877 2259461.08
23878 2214210.92
23879 2169240.92
23880 2124582.75
23881 2080190.08
23882 2035994.08
23883 1991910.08
23884 1947994.75
23885 1904315.42
23886 1860925.58
23887 1817870.75
23888 1775096.75
23889 1732556.42
23890 1690367.92
23891 1648708.08
23892 1607534.92
23893 1566658.42
23894 1526022.92
23895 1486118.42
23896 1447324.25
23897 1410697.58
23898 1376151.42
23899 1342587.42
23900 1309962.92
23901 1278181.25
23902 1247111.08
23903 1216685.08
23904 1187038.75
23905 1158235.08
23906 1130470.08
23907 1104233.75
23908 1079369.75
23909 1055953.08
23910 1034758.08
23911 1015598.58
23912 998046.92
23913 982786.42
23914 971776.92
23915 963934.25
23916 957057.42
23917 951524.58
23918 947905.58
23919 946026.42
23920 945468.75
23921 946521.75
23922 949037.08
23923 952828.58
23924 958012.08
23925 964673.58
23926 973267.25
23927 984109.83
23928 996857.25
23929 1011186.08
23930 1026837.42
23931 1043580.08
23932 1061709.58
23933 1081410.42
23934 1103007.25
23935 1126373.25
23936 1150663.58
23937 1175588.92
23938 1201308.75
23939 1228055.42
23940 1255807.92
23941 1284542.58
23942 1314253.58
23943 1344964.25
23944 1377340.08
23945 1411592.42
23946 1447018.92
23947 1483134.92
23948 1519864.92
23949 1557145.58
23950 1594991.92
23951 1633407.25
23952 1672256.42
23953 1711721.42
23954 1751880.75
23955 1792433.58
23956 1833310.92
23957 1874577.08
23958 1916435.00
23959 1959098.92
23960 2002378.08
23961 2046174.42
23962 2090694.25
23963 2135800.92
23964 2181154.25
23965 2226646.92
23966 2272359.58
23967 2318372.92
23968 2364677.58
23969 2411159.58
23970 2457769.58
23971 2504500.58
23972 2551404.08
23973 2598478.08
23974 2645702.58
23975 2693155.08
23976 2740759.08
23977 2788449.42
23978 2836226.75
23979 2884068.75
23980 2931954.75
23981 2979897.25
23982 3028386.25
23983 3077455.25
23984 3126637.92
23985 3175873.58
23986 3225122.58
23987 3274383.58
23988 3323656.58
23989 3372941.58
23990 3422238.58
23991 3471547.58
23992 3520868.58
23993 3570235.25
23994 3619691.08
23995 3669211.25
23996 3718748.25
23997 3768289.25
23998 3817834.25
23999 3867383.25
24000 3916936.25
24001 3966493.25
24002 4016054.25
24003 4065619.25
24004 4115188.25
24005 15310791.73
24006 14451391.90
24007 14482497.07
24008 14514591.40
24009 14547698.07
24010 19969991.82
24011 18583622.65
24012 18618169.73
24013 18653699.07
24014 18689662.07
24015 18726039.07
24016 18763103.90
24017 18800838.40
24018 18838990.07
24019 18877584.40
24020 18916744.57
24021 18956492.57
24022 18996747.57
24023 19037524.23
24024 19078892.23
24025 19120705.73
24026 19162744.73
24027 19205049.23
24028 28090866.60
24029 18079819.02
24030 18075946.52
24031 18073172.85
24032 18071381.02
24033 20179921.00
24034 4098730.65
24035 4053276.32
24036 4008018.65
24037 3963267.90
24038 3919344.82
24039 3876210.98
24040 3833557.32
24041 3791208.15
24042 3749542.15
24043 3708646.48
24044 3668277.65
24045 3628597.32
24046 3589581.15
24047 3550977.98
24048 3512752.82
24049 3475934.82
24050 3440526.48
24051 3405577.82
24052 3372002.32
24053 3340007.48
24054 3308876.65
24055 3278591.65
24056 3249611.48
24057 3222877.48
24058 3197996.15
24059 3174381.48
24060 3152057.82
24061 3130620.15
24062 3109910.32
24063 3091539.32
24064 3076845.98
24065 3064962.65
24066 3055518.32
24067 3048304.32
24068 3042921.48
24069 3039227.15
24070 3036891.15
24071 3036175.15
24072 3037517.32
24073 3040760.48
24074 3046656.98
24075 3056619.65
24076 3070866.32
24077 5512918.15
24078 3250962.08
24079 3216616.42
24080 3182972.08
24081 3149841.25
24082 3117434.25
24083 3085975.92
24084 3055493.58
24085 3025910.58
24086 2997561.25
24087 2970581.25
24088 2944382.25
24089 2918703.42
24090 2894012.75
24091 2870661.92
24092 2848660.08
24093 2828029.25
24094 2808721.58
24095 2790598.92
24096 2773339.42
24097 2756763.67
24098 2741083.25
24099 2726383.42
24100 2712559.58
24101 2699705.00
24102 2688116.92
24103 2677674.42
24104 2668006.08
24105 2659062.58
24106 2651181.08
24107 2647400.25
24108 2648400.08
24109 2652875.42
24110 2660302.33
24111 2669483.25
24112 2680532.92
24113 2692928.75
24114 2706306.58
24115 2721094.75
24116 2737349.92
24117 2755018.58
24118 2773774.25
24119 2793906.75
24120 2816057.92
24121 2840285.92
24122 2865990.92
24123 2892458.25
24124 2919673.08
24125 6608232.50
24126 4361057.33
24127 4313718.00
24128 4266719.67
24129 4220329.83
24130 4174344.17
24131 4128726.83
24132 4083596.17
24133 4038756.67
24134 3994121.33
24135 3949785.33
24136 3906087.83
24137 3863248.50
24138 3821138.50
24139 3779655.50
24140 3738621.00
24141 3698142.67
24142 3658371.83
24143 3619017.33
24144 3579855.83
24145 3540887.17
24146 3502221.00
24147 3463922.83
24148 3426061.17
24149 3388757.33
24150 3352039.17
24151 3316447.17
24152 3282141.50
24153 3248594.50
24154 3215839.50
24155 3184210.17
24156 3153804.00
24157 3124862.67
24158 3097463.50
24159 3071394.33
24160 3046424.75
24161 3022609.50
24162 3000196.00
24163 2979017.83
24164 2958909.00
24165 2939823.25
24166 2922127.33
24167 2906140.50
24168 2892163.50
24169 2880509.50
24170 2870885.33
24171 2862632.67
24172 2855224.00
24173 2849167.67
24174 2845418.50
24175 2843783.67
24176 2843617.67
24177 2845421.33
24178 2850665.67
24179 2859650.50
24180 2872018.83
24181 2887747.50
24182 2906255.00
24183 2926579.67
24184 2948073.83
24185 2970727.83
24186 2994476.33
24187 7912317.92
24188 5962431.92
24189 5983706.42
24190 6006878.92
24191 6031909.75
24192 6058442.08
24193 6085710.25
24194 6114909.75
24195 6146013.25
24196 6177742.75
24197 6210800.58
24198 6245051.75
24199 6279938.58
24200 6315738.50
24201 6352569.42
24202 6390190.08
24203 6428599.75
24204 6467573.92
24205 6506840.42
24206 6546628.42
24207 6586932.42
24208 6627698.42
24209 6668834.75
24210 6710701.08
24211 6753353.75
24212 6796224.92
24213 6839231.92
24214 6882421.58
24215 6925854.75
24216 6969504.58
24217 7013483.92
24218 7057801.92
24219 7102332.08
24220 7147159.75
24221 7192309.42
24222 7237687.08
24223 7283280.08
24224 7329081.08
24225 7375141.08
24226 9685656.25
24227 2588303.67
24228 2541832.33
24229 2495696.00
24230 2449900.67
24231 2404225.83
24232 2358729.83
24233 2313428.83
24234 2268308.50
24235 2223423.17
24236 2178836.33
24237 2135142.50
24238 2092258.17
24239 2049519.67
24240 2006951.17
24241 1965001.08
24242 1924069.50
24243 1883996.83
24244 1844631.83
24245 1806233.33
24246 1768695.33
24247 1731923.17
24248 1696076.67
24249 1661231.75
24250 1627374.67
24251 1594042.17
24252 1562071.00
24253 1532094.83
24254 1503602.00
24255 1476176.33
24256 1449410.33
24257 1423317.00
24258 1397837.17
24259 1373485.83
24260 1350456.00
24261 1328782.50
24262 1309260.33
24263 1291887.67
24264 1275921.00
24265 1260941.33
24266 1247146.67
24267 1234784.00
24268 1224770.17
24269 1217402.33
24270 1211928.00
24271 1207962.00
24272 1205048.33
24273 1202993.00
24274 1203519.67
24275 1207182.83
24276 1212402.83
24277 1218611.17
24278 1225807.17
24279 1233982.33
24280 1243537.17
24281 1254551.17
24282 1267718.33
24283 1284268.33
24284 1303349.83
24285 1323684.67
24286 1345121.50
24287 1368008.67
24288 1392365.33
24289 1417905.83
24290 1444501.17
24291 1472050.50
24292 1500432.50
24293 1529838.50
24294 1560136.83
24295 1591126.33
24296 1622755.17
24297 1654886.00
24298 1688098.33
24299 1722721.83
24300 1758564.00
24301 1795567.33
24302 1833506.00
24303 1872059.33
24304 1911046.83
24305 1950447.50
24306 1990403.83
24307 2030948.33
24308 2072452.83
24309 2115605.50
24310 2160254.00
24311 2205624.50
24312 2251205.50
24313 2296881.00
24314 2343068.42
24315 2389980.50
24316 2437186.67
24317 2484439.67
24318 2531732.67
24319 2579097.67
24320 2626706.17
24321 2674522.17
24322 2722370.17
24323 2770250.17
24324 2818209.67
24325 2866254.67
24326 2914335.67
24327 2962444.67
24328 3010656.17
24329 3058968.17
24330 3107304.17
24331 3155664.17
24332 3204048.17
24333 3252456.17
24334 3300936.67
24335 3349503.17
24336 3398105.17
24337 3446727.17
24338 3495397.17
24339 3544221.17
24340 3593167.17
24341 3642125.17
24342 3691173.67
24343 3740320.67
24344 16200894.22
24345 14777931.63
24346 14792069.13
24347 23431402.68
24348 17574543.00
24349 17558830.00
24350 17544423.50
24351 17531417.00
24352 17519832.83
24353 17510205.00
24354 17502482.67
24355 17496106.67
24356 17490708.67
24357 17486659.25
24358 17484370.33
24359 17484641.33
24360 17487186.00
24361 17491006.50
24362 17496410.67
24363 17503307.33
24364 17511346.17
24365 17523240.17
24366 17539289.17
24367 28504204.13
24368 20706228.18
24369 20703581.52
24370 20702113.52
24371 20702270.68
24372 20704774.85
24373 20708954.85
24374 20714109.85
24375 30365324.05
24376 18942902.68
24377 18932258.02
24378 18925489.52
24379 21461785.10
24380 5907356.62
24381 5860423.62
24382 5813768.62
24383 5767402.45
24384 5721214.12
24385 5675100.45
24386 5629056.45
24387 5583083.45
24388 5537292.62
24389 5491804.28
24390 5446672.28
24391 5401818.28
24392 5357089.28
24393 5312452.28
24394 5267907.28
24395 5223518.28
24396 5179366.78
24397 5135531.45
24398 5092527.12
24399 5050330.12
24400 5008462.62
24401 4967059.62
24402 4926039.62
24403 4885178.62
24404 4844469.62
24405 4804039.45
24406 4764024.28
24407 4724551.62
24408 4685680.45
24409 4647282.28
24410 4609250.45
24411 4571583.20
24412 4534426.78
24413 4498051.62
24414 4462529.28
24415 4427622.28
24416 4393177.45
24417 4359209.95
24418 4325770.95
24419 4292949.28
24420 4260987.78
24421 4230203.62
24422 4200537.45
24423 4171788.12
24424 4144926.62
24425 4119901.78
24426 4095627.45
24427 4072020.28
24428 4049188.45
24429 4027467.45
24430 4007613.95
24431 3989640.95
24432 3972961.28
24433 3958349.45
24434 3947011.12
24435 3938812.12
24436 3932419.95
24437 3927117.45
24438 3923478.62
24439 3921896.95
24440 3922056.28
24441 3923684.12
24442 3926858.95
24443 3931840.78
24444 3938185.12
24445 3945479.62
24446 3954103.28
24447 3964423.12
24448 3976255.78
24449 3989335.28
24450 4003520.78
24451 4018758.45
24452 6219214.62
24453 3604723.75
24454 3586165.42
24455 3571281.25
24456 3559514.75
24457 3549204.58
24458 3540204.75
24459 3532519.25
24460 3527077.25
24461 3525927.92
24462 3528535.08
24463 3533441.08
24464 3540338.75
24465 3548993.25
24466 3559189.58
24467 3570883.75
24468 3584427.08
24469 3599710.58
24470 3616578.92
24471 3634959.08
24472 3654546.75
24473 3675057.25
24474 3696540.92
24475 5947004.75
24476 3259849.17
24477 3231634.67
24478 3204362.83
24479 3178146.00
24480 3153251.75
24481 3130218.83
24482 3108847.83
24483 3088438.67
24484 3068946.75
24485 3050984.67
24486 3034826.33
24487 3019734.33
24488 3005301.50
24489 2991988.00
24490 2980324.67
24491 2970489.67
24492 2962296.92
24493 2955381.33
24494 2950699.33
24495 2948651.50
24496 2949363.33
24497 2952793.50
24498 2957770.50
24499 2964387.33
24500 2973190.17
24501 2983705.67
24502 2995208.83
24503 3007660.50
24504 3021109.00
24505 3035420.17
24506 3050603.50
24507 3066852.83
24508 3084188.83
24509 3102595.67
24510 3122125.67
24511 3142679.83
24512 3163965.00
24513 3185878.33
24514 3208549.83
24515 3232163.50
24516 3256846.17
24517 3282602.83
24518 3309222.33
24519 3336676.67
24520 3365386.17
24521 3395397.00
24522 3426271.83
24523 3458076.58
24524 3491457.00
24525 3526279.67
24526 3561916.75
24527 3598210.17
24528 3635251.33
24529 3672998.83
24530 3711730.17
24531 3751411.67
24532 3791473.50
24533 3831816.67
24534 3872429.33
24535 3913494.67
24536 3955110.17
24537 3997140.67
24538 4039466.00
24539 4082055.17
24540 4125170.00
24541 4168947.50
24542 4213086.00
24543 4257343.50
24544 4301869.17
24545 4346705.33
24546 4391749.67
24547 13373786.53
24548 12754704.53
24549 12791448.70
24550 12828715.20
24551 12866530.20
24552 12904805.70
24553 12943463.53
24554 12982525.53
24555 13022085.70
24556 13062281.20
24557 13103165.53
24558 13144405.87
24559 13185920.70
24560 13227702.03
24561 13269698.53
24562 13311958.37
24563 13354512.03
24564 13397384.70
24565 13440492.20
24566 13483751.20
24567 13527110.20
24568 13570630.70
24569 13614420.20
24570 13658597.20
24571 13703065.70
24572 13747679.70
24573 13792452.37
24574 13837363.53
24575 13882410.53
24576 13927654.03
24577 13973058.03
24578 14018534.03
24579 14064082.03
24580 14109702.03
24581 50585816.75
24582 42351717.72
24583 42345483.38
24584 42340576.22
24585 42336916.72
24586 42334431.55
24587 42332836.22
24588 42332084.72
24589 42332435.88
24590 42334016.38
24591 42336814.88
24592 42340830.88
24593 42345773.55
24594 42351766.55
24595 42359345.88
24596 42368464.38
24597 42378911.55
24598 42390771.72
24599 42404004.22
24600 42418801.72
24601 42435038.72
24602 42452424.22
24603 49638338.27
24604 9877070.50
24605 9828239.50
24606 9779420.50
24607 9730613.50
24608 9681818.50
24609 9633035.50
24610 9584264.50
24611 9535505.50
24612 9486758.50
24613 9438023.50
24614 9389300.50
24615 9340589.50
24616 9291949.67
24617 9243443.83
24618 9195016.83
24619 9146609.83
24620 9098830.83
24621 9051695.83
24622 9004613.83
24623 8957632.83
24624 8910753.83
24625 8863930.83
24626 8817210.83
24627 8770642.83
24628 8724210.17
24629 8677896.00
24630 8631674.00
24631 8585516.00
24632 8539422.00
24633 8493506.00
24634 8447855.00
24635 8402372.50
24636 8357219.50
24637 8312401.50
24638 8267738.00
24639 8223314.00
24640 8179127.00
24641 8135253.00
24642 8091740.00
24643 8048426.00
24644 8005309.17
24645 7962502.67
24646 7920683.33
24647 7880352.17
24648 7841031.33
24649 7802304.00
24650 7764176.00
24651 7726792.50
24652 7690176.17
24653 7654284.50
24654 7619078.33
24655 7584513.83
24656 7550816.33
24657 7517996.83
24658 7485903.17
24659 7455830.42
24660 7427993.00
24661 8090090.25
24662 2612910.32
24663 2567370.65
24664 2522521.15
24665 2477881.15
24666 2433495.32
24667 2389468.82
24668 2345956.65
24669 2302832.15
24670 2260088.98
24671 2218586.48
24672 2178423.32
24673 2138967.82
24674 2100061.98
24675 2061800.82
24676 2024282.98
24677 1987351.15
24678 1951150.65
24679 1916024.65
24680 1881825.32
24681 1848469.48
24682 1816204.32
24683 1785608.15
24684 1756838.40
24685 1729409.32
24686 1702934.32
24687 1677733.98
24688 1653835.32
24689 1630992.32
24690 1609055.32
24691 1587715.15
24692 1567347.98
24693 1548075.48
24694 1529650.98
24695 1512038.82
24696 1495764.98
24697 1481072.32
24698 1467820.82
24699 1455730.65
24700 1444751.82
24701 1435145.15
24702 1427141.98
24703 1420835.82
24704 1416211.32
24705 1413013.98
24706 1410707.32
24707 1409563.32
24708 1409903.48
24709 1411693.32
24710 1415130.65
24711 1420218.15
24712 1426743.98
24713 1434485.48
24714 1443463.15
24715 1454280.82
24716 1466856.15
24717 1481382.23
24718 1498440.98
24719 1517287.32
24720 1537555.32
24721 1559457.48
24722 1582836.48
24723 1607536.48
24724 1633414.48
24725 1660432.98
24726 1688517.15
24727 1718109.65
24728 1748952.82
24729 1780443.48
24730 1812539.48
24731 1845869.32
24732 1880797.32
24733 1916482.82
24734 1953584.17
24735 1992979.68
24736 2033652.85
24737 2075275.52
24738 2117802.18
24739 2160712.68
24740 2203961.35
24741 2247388.68
24742 2291006.52
24743 2334898.35
24744 2379116.02
24745 2423929.52
24746 5006997.10
24747 2668289.58
24748 2624321.25
24749 2580936.25
24750 2538472.92
24751 2496998.75
24752 2456750.42
24753 2417418.25
24754 2379105.25
24755 2341764.42
24756 2305004.25
24757 2268795.42
24758 2233035.25
24759 2197850.92
24760 2163171.58
24761 2128828.08
24762 2094823.92
24763 2061463.08
24764 2028792.25
24765 1996568.75
24766 1964947.92
24767 1934102.08
24768 1903997.42
24769 1874506.08
24770 1845584.58
24771 1817280.92
24772 1790685.92
24773 1766757.58
24774 1744646.75
24775 1723422.25
24776 1703491.42
24777 1684864.25
24778 1667058.25
24779 1650587.00
24780 1635685.42
24781 1622378.25
24782 1611305.42
24783 1601983.42
24784 1593539.08
24785 1586208.58
24786 1579908.08
24787 1574510.58
24788 1570605.25
24789 1568629.92
24790 1568815.75
24791 1571206.92
24792 1575604.58
24793 1581581.08
24794 1588641.75
24795 1596886.42
24796 1606643.75
24797 1618468.58
24798 1632625.08
24799 1648291.75
24800 1664852.92
24801 1682987.42
24802 1703723.08
24803 1726534.25
24804 1750248.92
24805 1774977.42
24806 1800883.92
24807 1828084.58
24808 1856845.42
24809 1886943.58
24810 1917929.67
24811 1949601.25
24812 1982028.08
24813 2015277.25
24814 2049763.58
24815 2085372.25
24816 2121467.42
24817 2158785.25
24818 2197326.75
24819 2236299.25
24820 2275963.08
24821 2316194.08
24822 2356749.75
24823 2397843.58
24824 2439595.75
24825 2482065.75
24826 2525222.25
24827 2568940.42
24828 2613154.25
24829 2657737.92
24830 2702758.42
24831 2748130.42
24832 2793651.42
24833 2839343.08
24834 2885215.58
24835 2931615.17
24836 2978788.92
24837 14792642.73
24838 12257413.07
24839 12215144.23
24840 12645220.98
24841 5743671.75
24842 5694061.75
24843 5644451.75
24844 5594841.75
24845 5545231.75
24846 5495621.75
24847 5446011.75
24848 5396401.75
24849 5346791.75
24850 5297181.75
24851 5247571.75
24852 5197961.75
24853 5148351.75
24854 5098741.75
24855 5049131.75
24856 4999521.75
24857 4949911.75
24858 4900301.75
24859 4850691.75
24860 4801081.75
24861 4751471.75
24862 4701861.75
24863 4652251.75
24864 4602641.75
24865 4553031.75
24866 4503421.75
24867 4453811.75
24868 4404201.75
24869 4354591.75
24870 4304981.75
24871 4255371.75
24872 4205761.75
24873 4156151.75
24874 4106541.75
24875 4056931.75
24876 4007321.75
24877 3957711.75
24878 3908101.75
24879 3858491.75
24880 3808881.75
24881 3759271.75
24882 3709661.75
24883 3660051.75
24884 3610441.75
24885 3560831.75
24886 3511221.75
24887 3461611.75
24888 3412001.75
24889 3362391.75
24890 3312781.75
24891 3263171.75
24892 3213561.75
24893 3163951.75
24894 3114341.75
24895 3064731.75
24896 3015121.75
24897 2965511.75
24898 2915901.75
24899 2866291.75
24900 2816681.75
24901 2767071.75
24902 2717461.75
24903 2667851.75
24904 2618241.75
24905 2568631.75
24906 2519021.75
24907 2469411.75
24908 2419801.75
24909 2370191.75
24910 2320581.75
24911 2270971.75
24912 2221361.75
24913 2171751.75
24914 2122141.75
24915 2072531.75
24916 2022921.75
24917 1973311.75
24918 1923701.75
24919 1874091.75
24920 1824481.75
24921 1774871.75
24922 1725261.75
24923 1676410.92
24924 1629121.58
24925 1582662.58
24926 1536259.58
24927 1489938.58
24928 1443838.58
24929 1397941.58
24930 1352116.58
24931 1306363.58
24932 1260682.58
24933 1215169.25
24934 1171402.92
24935 1131239.42
24936 1094078.92
24937 1058086.25
24938 1023519.42
24939 990581.92
24940 960003.58
24941 933722.92
24942 910450.75
24943 888522.25
24944 868171.92
24945 849532.08
24946 832232.75
24947 816139.58
24948 801270.42
24949 787824.25
24950 776101.92
24951 766239.75
24952 760205.58
24953 758129.75
24954 758164.75
24955 759586.08
24956 761828.92
24957 765145.42
24958 769632.42
24959 775381.42
24960 782511.25
24961 790909.83
24962 800790.25
24963 812112.25
24964 824835.17
24965 839290.58
24966 855319.25
24967 872429.67
24968 890383.67
24969 909590.58
24970 931466.92
24971 957916.75
24972 988110.58
24973 1020103.92
24974 1054118.58
24975 1090020.08
24976 1127174.58
24977 1165194.92
24978 1203856.92
24979 1243376.42
24980 1283552.75
24981 1324151.92
24982 1365058.75
24983 1406219.08
24984 1447759.25
24985 1489652.75
24986 1531805.92
24987 1574134.25
24988 1616626.08
24989 1659530.92
24990 1703066.92
24991 1746994.92
24992 1791234.25
24993 1835905.42
24994 1881137.92
24995 1926842.75
24996 1972732.75
24997 2018736.08
24998 2065317.67
24999 2113022.08
25000 2161360.58
25001 2209764.58
25002 2258188.58
25003 2306632.58
25004 2355096.58
25005 2403580.58
25006 2452097.58
25007 2500645.58
25008 2549209.58
25009 2597789.58
25010 2646385.58
25011 2694997.58
25012 2743625.58
25013 2792269.58
25014 2840929.58
25015 2889605.58
25016 2938297.58
25017 2987018.58
25018 3035794.08
25019 3084609.08
25020 3133436.08
25021 3182275.08
25022 3231126.08
25023 3279989.08
25024 3328864.08
25025 3377751.08
25026 3426650.08
25027 3475561.08
25028 3524529.58
25029 3573565.58
25030 3622621.58
25031 3671696.58
25032 3720844.08
25033 3770094.58
25034 3819392.58
25035 3868770.92
25036 3918304.25
25037 3967914.25
25038 4017524.25
25039 4067134.25
25040 4116744.25
25041 4166354.25
25042 4215964.25
25043 4265574.25
25044 4315184.25
25045 4364794.25
25046 4414404.25
25047 4464014.25
25048 4513624.25
25049 4563234.25
25050 4612844.25
25051 4662454.25
25052 4712064.25
25053 4761674.25
25054 4811284.25
25055 4860894.25
25056 4910504.25
25057 4960114.25
25058 5009724.25
25059 5059334.25
25060 5108944.25
25061 5158554.25
25062 5208164.25
25063 5257774.25
25064 5307384.25
25065 5356994.25
25066 5406604.25
25067 5456214.25
25068 5505824.25
25069 5555434.25
25070 5605044.25
25071 5654654.25
25072 5704264.25
25073 5753874.25
25074 5803484.25
25075 5853094.25
25076 5902704.25
25077 5952314.25
25078 6001924.25
25079 6051534.25
25080 6101144.25
25081 6150754.25
25082 6200364.25
25083 6249974.25
25084 6299584.25
25085 6349194.25
25086 6398804.25
25087 6448414.25
25088 6498024.25
25089 6547634.25
25090 6597244.25
25091 6646854.25
25092 6696464.25
25093 6746074.25
25094 6795684.25
25095 6845294.25
25096 6894904.25
25097 6944514.25
25098 6994124.25
25099 7043734.25
25100 7093344.25
25101 7142954.25
25102 7192564.25
25103 7242174.25
25104 7291784.25
25105 7341394.25
25106 7391004.25
25107 7440614.25
25108 7490224.25
25109 7539834.25
25110 7589444.25
25111 7639054.25
25112 7688664.25
25113 7738274.25
25114 7787884.25
25115 7837494.25
25116 7887104.25
25117 7936714.25
25118 43038401.03
25119 35179654.45
25120 35189874.12
25121 35203280.37
25122 35220382.28
25123 35239727.45
25124 35260873.12
25125 35283769.95
25126 35307489.28
25127 35331956.95
25128 35357336.78
25129 67848384.03
25130 54173251.08
25131 37155802.72
25132 37132395.88
25133 37110352.05
25134 37089872.55
25135 37070756.22
25136 37052861.22
25137 37036858.05
25138 37023259.38
25139 41097835.47
25140 8760500.77
25141 8720513.43
25142 8681054.77
25143 8642567.77
25144 8605894.93
25145 8570775.77
25146 8536303.43
25147 8502352.77
25148 8469082.43
25149 8436555.10
25150 8404603.10
25151 8373230.93
25152 8342497.93
25153 8312411.60
25154 8283052.10
25155 8254553.27
25156 8227011.10
25157 8200578.77
25158 8175716.10
25159 8152589.93
25160 8130759.27
25161 8109750.43
25162 8089453.93
25163 8070009.93
25164 8051556.77
25165 8034140.60
25166 8017748.60
25167 8002506.60
25168 7989393.60
25169 7978443.60
25170 7972030.77
25171 7973438.60
25172 7979480.77
25173 7986659.77
25174 7995049.10
25175 8004836.27
25176 8016093.27
25177 8028774.60
25178 8042769.77
25179 8058257.93
25180 8076219.93
25181 8096238.77
25182 8117415.93
25183 8140087.43
25184 8164452.77
25185 8190469.18
25186 8218500.27
25187 8249562.43
25188 16419060.25
25189 10075948.33
25190 10045756.67
25191 10016728.33
25192 9988925.83
25193 9962190.75
25194 9936355.00
25195 9911531.33
25196 9887574.00
25197 9864607.17
25198 9842968.33
25199 9822359.17
25200 9802372.67
25201 9783067.50
25202 9764816.83
25203 9747767.00
25204 9731655.00
25205 9716794.50
25206 9703616.33
25207 9692057.33
25208 9681892.50
25209 9672830.67
25210 9665035.33
25211 9658554.50
25212 9652970.17
25213 9648215.33
25214 9645077.33
25215 9643940.83
25216 9644172.17
25217 9645509.17
25218 9648775.00
25219 9653951.00
25220 9660293.67
25221 9668097.33
25222 9677731.33
25223 9689980.08
25224 9705635.50
25225 9723485.83
25226 9742293.33
25227 9762428.00
25228 9783851.17
25229 22063635.93
25230 18282432.58
25231 18293865.33
25232 18306188.92
25233 18319500.58
25234 18333834.92
25235 18349334.08
25236 18366394.58
25237 21140885.28
25238 4390744.65
25239 4346332.57
25240 4302053.82
25241 4257880.48
25242 4213967.65
25243 4170455.82
25244 4127204.82
25245 4084198.48
25246 4041492.65
25247 3999274.65
25248 3957524.32
25249 3916033.15
25250 3875462.48
25251 3836672.82
25252 3799125.98
25253 3762100.48
25254 3725659.98
25255 3689934.98
25256 3655450.15
25257 3622371.65
25258 3590235.98
25259 3559173.82
25260 3529413.65
25261 3501320.82
25262 3475661.15
25263 3451860.98
25264 3428890.65
25265 3406531.15
25266 3385242.98
25267 3365500.15
25268 3347256.48
25269 3330451.98
25270 3316215.32
25271 3304691.65
25272 3294573.07
25273 3285391.48
25274 3277070.82
25275 3269612.98
25276 3262944.98
25277 3257181.48
25278 3252702.48
25279 3249812.98
25280 3248264.65
25281 3248577.48
25282 3251915.07
25283 3258191.32
25284 3266242.65
25285 3275277.32
25286 3285154.32
25287 3295703.82
25288 3306873.98
25289 3319117.15
25290 3333367.23
25291 3349847.82
25292 3367837.65
25293 3386922.65
25294 5117197.72
25295 2449311.88
25296 2403776.22
25297 2358576.05
25298 2313905.38
25299 2269839.22
25300 2226278.55
25301 2183077.38
25302 2140093.38
25303 2097405.38
25304 2055440.05
25305 2014442.55
25306 1974269.88
25307 1934748.88
25308 1895617.88
25309 1856781.88
25310 1818427.38
25311 1780731.88
25312 1743785.05
25313 1707495.05
25314 1671811.22
25315 1637145.72
25316 1603483.88
25317 1570667.22
25318 1538673.22
25319 1507380.38
25320 1477160.55
25321 1448838.88
25322 1422231.88
25323 1396657.88
25324 1372280.80
25325 1349635.22
25326 1328780.22
25327 1309076.13
25328 1290520.05
25329 1273478.38
25330 1258222.05
25331 1244676.88
25332 1232923.08
25333 1223261.03
25334 1215342.20
25335 1208927.20
25336 1203809.70
25337 1199809.37
25338 1197135.53
25339 1195736.20
25340 1195680.37
25341 1196926.37
25342 1199194.87
25343 1203156.03
25344 1210294.45
25345 1220065.70
25346 1230953.20
25347 1242851.45
25348 1256119.78
25349 1271261.28
25350 1288259.95
25351 1306854.87
25352 1327635.62
25353 1351242.78
25354 1378102.45
25355 1407221.45
25356 1437647.62
25357 1469375.78
25358 1501833.78
25359 1534906.95
25360 1568482.78
25361 1602656.28
25362 1637521.78
25363 1673112.12
25364 1709495.95
25365 1746525.45
25366 1784000.12
25367 1821803.45
25368 1860479.78
25369 1900045.95
25370 1939972.45
25371 1981044.62
25372 2024058.78
25373 4032743.07
25374 3160938.62
25375 3171260.45
25376 3183636.45
25377 3198191.62
25378 3214387.28
25379 3231758.78
25380 3249853.62
25381 3269190.70
25382 3290597.45
25383 3313953.12
25384 3338361.12
25385 3363971.28
25386 3391965.20
25387 3422055.45
25388 3453080.45
25389 3484594.62
25390 3516871.12
25391 3550735.62
25392 3586304.62
25393 3623265.45
25394 3661410.12
25395 3700225.95
25396 3740160.70
25397 3782348.45
25398 3826553.62
25399 9769861.50
25400 6624286.00
25401 6591716.17
25402 6560124.33
25403 6529962.58
25404 6501854.83
25405 6475437.17
25406 6450127.83
25407 6427184.83
25408 6407996.67
25409 6391063.83
25410 6374888.17
25411 6359447.17
25412 6344925.67
25413 6331791.00
25414 6320402.67
25415 7486057.25
25416 4999620.68
25417 4969542.52
25418 4939758.68
25419 4910383.02
25420 4881472.18
25421 4853236.18
25422 4826048.52
25423 4799916.85
25424 4775029.52
25425 4751569.85
25426 4729245.68
25427 4707949.02
25428 4688030.35
25429 4669614.68
25430 4653202.35
25431 4638740.35
25432 4626530.68
25433 4617357.02
25434 4610209.85
25435 4604983.68
25436 4602238.35
25437 4601357.02
25438 4601587.68
25439 4602752.35
25440 4605208.02
25441 4609604.77
25442 4616327.68
25443 4625140.60
25444 4635936.18
25445 4648493.52
25446 4662521.18
25447 4678721.02
25448 4697309.18
25449 4717723.52
25450 4739714.58
25451 4763786.15
25452 4790021.48
25453 4817617.65
25454 4846411.15
25455 4876549.48
25456 4907947.15
25457 4940381.32
25458 4973796.48
25459 5008224.98
25460 5043740.65
25461 18918975.42
25462 16208923.58
25463 16233677.75
25464 16261158.67
25465 16290165.92
25466 16320061.75
25467 16350783.25
25468 16382500.92
25469 16414993.08
25470 16448308.92
25471 16482313.08
25472 16516771.33
25473 16551821.83
25474 16587798.42
25475 16624871.58
25476 16662839.08
25477 16701442.42
25478 16740435.58
25479 16779690.42
25480 16819277.75
25481 16859380.92
25482 16899933.42
25483 16940703.08
25484 16981692.92
25485 17023133.75
25486 17065084.25
25487 17107406.25
25488 17149950.92
25489 17192807.92
25490 17236131.58
25491 17279784.42
25492 17323602.08
25493 17367516.92
25494 36030339.40
25495 24232554.60
25496 24220218.60
25497 24209457.27
25498 24200543.10
25499 24193063.27
25500 24186518.93
25501 24182707.27
25502 24181694.60
25503 24182014.60
25504 24184316.43
25505 24188986.27
25506 32222151.72
25507 14163524.98
25508 14119100.82
25509 14075012.32
25510 14031234.65
25511 13987661.98
25512 13944264.65
25513 13901112.15
25514 13858215.98
25515 13815499.48
25516 13772925.98
25517 13730533.48
25518 13688313.48
25519 13646304.32
25520 13604558.65
25521 13563000.65
25522 13521944.15
25523 13481410.48
25524 13441439.65
25525 13402317.82
25526 13363809.15
25527 13325720.48
25528 13288156.65
25529 13251378.15
25530 13215448.32
25531 13180493.48
25532 13146755.82
25533 13114459.23
25534 13083220.98
25535 13052503.32
25536 13022485.90
25537 12993422.07
25538 14346593.67
25539 6209493.85
25540 6160052.85
25541 6110615.85
25542 6061182.85
25543 6011753.85
25544 5962328.85
25545 5912907.85
25546 5863490.85
25547 5814077.85
25548 5764668.85
25549 5715263.85
25550 5665862.85
25551 5616465.85
25552 5567072.85
25553 5517683.85
25554 5468298.85
25555 5418917.85
25556 5369540.85
25557 5320167.85
25558 5270798.85
25559 5221433.85
25560 5172072.85
25561 5122715.85
25562 5073362.85
25563 5024013.85
25564 4974668.85
25565 4925327.85
25566 4875990.85
25567 4826657.85
25568 4777328.85
25569 4728003.85
25570 4678682.85
25571 4629365.85
25572 4580052.85
25573 4530743.85
25574 4481438.85
25575 4432137.85
25576 4382840.85
25577 4333547.85
25578 4284258.85
25579 4234973.85
25580 4185692.85
25581 4136415.85
25582 4087142.85
25583 4037873.85
25584 3988608.85
25585 3939347.85
25586 3890090.85
25587 3840870.35
25588 3791747.85
25589 3742720.85
25590 3693729.85
25591 3644746.85
25592 3595771.85
25593 3546804.85
25594 3497845.85
25595 3448894.85
25596 3399951.85
25597 3351016.85
25598 3302089.85
25599 3253170.85
25600 3204259.85
25601 3155356.85
25602 3106461.85
25603 3057574.85
25604 3008695.85
25605 2959824.85
25606 2910961.85
25607 2862106.85
25608 2813259.85
25609 2764420.85
25610 2715589.85
25611 2666766.85
25612 2617951.85
25613 2569144.85
25614 2520345.85
25615 2471554.85
25616 2422771.85
25617 2374036.18
25618 2325445.68
25619 2277371.02
25620 2230304.68
25621 2184273.52
25622 2138881.35
25623 2094622.35
25624 2051356.35
25625 2008266.35
25626 1965417.52
25627 1922845.35
25628 1880747.52
25629 1839641.10
25630 1799811.52
25631 1760786.68
25632 1722064.35
25633 1684006.52
25634 1646723.18
25635 1609834.35
25636 1573251.02
25637 1536965.02
25638 1501078.18
25639 1465659.18
25640 1431569.18
25641 1399036.52
25642 1367251.02
25643 1335911.85
25644 1305236.85
25645 1275886.02
25646 1247984.02
25647 1221178.35
25648 1195415.18
25649 1170673.18
25650 1146976.93
25651 1124384.52
25652 1102699.35
25653 1082018.52
25654 1062800.25
25655 1046104.23
25656 1031920.48
25657 1019473.82
25658 1009309.65
25659 1001307.48
25660 994430.57
25661 988643.82
25662 983990.65
25663 980198.15
25664 977479.15
25665 975920.15
25666 975980.82
25667 977955.82
25668 981453.82
25669 986079.98
25670 993440.32
25671 1003399.48
25672 1015177.32
25673 1029362.32
25674 1044945.15
25675 1061477.82
25676 1079221.98
25677 1098402.15
25678 1118919.65
25679 1140770.65
25680 1164793.48
25681 1190749.15
25682 1217451.15
25683 1244871.98
25684 1273341.32
25685 1302913.82
25686 1333527.90
25687 1365629.65
25688 1398853.15
25689 1432687.32
25690 1467761.48
25691 1504078.32
25692 1542122.98
25693 1581715.32
25694 1621698.32
25695 1661931.82
25696 1702355.82
25697 1743015.82
25698 1783923.98
25699 1825585.82
25700 1868544.65
25701 1912286.82
25702 1956261.15
25703 2000442.98
25704 2044825.65
25705 2089438.32
25706 2134239.82
25707 2179144.82
25708 2224149.48
25709 2269285.65
25710 2314544.65
25711 2359901.82
25712 2405570.65
25713 2451629.82
25714 2497846.82
25715 2544127.82
25716 2590487.32
25717 2637032.32
25718 2683882.48
25719 2731129.65
25720 2778625.65
25721 2826180.82
25722 2873820.15
25723 2921521.32
25724 2969257.32
25725 3017025.32
25726 3064825.32
25727 3112657.32
25728 3161039.82
25729 3210051.82
25730 3259249.82
25731 3308540.82
25732 3357835.82
25733 3407134.82
25734 3456437.82
25735 3505744.82
25736 3555055.82
25737 3604370.82
25738 3653689.82
25739 3703012.82
25740 3752339.82
25741 3801670.82
25742 3851005.82
25743 3900354.32
25744 3949749.48
25745 3999204.65
25746 4048686.65
25747 4098172.65
25748 4147662.65
25749 4197156.65
25750 4246654.65
25751 4296156.65
25752 4345662.65
25753 4395172.65
25754 4444696.15
25755 10573821.40
25756 10221351.73
25757 10262118.57
25758 10303245.40
25759 10344640.40
25760 10386386.90
25761 10428474.07
25762 10470801.23
25763 10513337.23
25764 10556496.57
25765 10600487.57
25766 10644971.23
25767 10689810.82
25768 10734961.23
25769 10780443.73
25770 10826186.73
25771 10872389.23
25772 10919160.90
25773 10966231.07
25774 11013444.07
25775 11060705.07
25776 11108058.73
25777 11155616.90
25778 11203346.90
25779 11251140.90
25780 11299084.23
25781 11347255.57
25782 11395545.57
25783 11443859.57
25784 11492197.57
25785 11540559.57
25786 11588945.57
25787 11637355.57
25788 11685812.07
25789 11734339.73
25790 11783007.40
25791 11831831.40
25792 11880710.40
25793 11929593.40
25794 11978480.40
25795 12027371.40
25796 12076266.40
25797 12125165.40
25798 12174068.40
25799 12222975.40
25800 12271886.40
25801 12320801.40
25802 12369720.40
25803 12418643.40
25804 15169009.32
25805 2700411.92
25806 2650606.92
25807 2600801.92
25808 2550996.92
25809 2501191.92
25810 2451386.92
25811 2401581.92
25812 2351776.92
25813 2301971.92
25814 2252166.92
25815 2202361.92
25816 2152556.92
25817 2102751.92
25818 2052946.92
25819 2003141.92
25820 1953336.92
25821 1903531.92
25822 1853726.92
25823 1803921.92
25824 1754116.92
25825 1704311.92
25826 1654506.92
25827 1604701.92
25828 1554896.92
25829 1505091.92
25830 1455286.92
25831 1405481.92
25832 1355676.92
25833 1305871.92
25834 1256066.92
25835 1206261.92
25836 1156456.92
25837 1106651.92
25838 1056881.92
25839 1007246.92
25840 957878.25
25841 908810.42
25842 859892.08
25843 817973.92
25844 783289.08
25845 749119.75
25846 715515.58
25847 684403.42
25848 656545.58
25849 630466.17
25850 606619.92
25851 584889.58
25852 564173.25
25853 544710.08
25854 526584.75
25855 509746.25
25856 495292.58
25857 483077.75
25858 474012.25
25859 470232.75
25860 470235.42
25861 471982.92
25862 475104.92
25863 479719.42
25864 485669.58
25865 492686.58
25866 500865.75
25867 510392.58
25868 521643.58
25869 534549.75
25870 558766.08
25871 599097.25
25872 645651.25
25873 692952.75
25874 740311.25
25875 787708.75
25876 835196.42
25877 882823.58
25878 930548.08
25879 978374.58
25880 1026286.58
25881 1074222.58
25882 1122225.08
25883 1170318.58
25884 1218458.58
25885 1266618.58
25886 1314798.58
25887 1362998.58
25888 1411218.58
25889 1459458.58
25890 1507718.58
25891 1555998.58
25892 1604298.58
25893 1652664.58
25894 1701094.58
25895 1749540.58
25896 1798002.58
25897 1846480.58
25898 1894974.58
25899 1943484.58
25900 1992010.58
25901 2040777.58
25902 2090180.08
25903 2139985.08
25904 2189790.08
25905 2239595.08
25906 2289400.08
25907 2339205.08
25908 2389010.08
25909 2438815.08
25910 2488620.08
25911 2538425.08
25912 2588230.08
25913 2638035.08
25914 2687840.08
25915 2737645.08
25916 2787450.08
25917 2837255.08
25918 2887060.08
25919 2936865.08
25920 2986670.08
25921 3036475.08
25922 3086280.08
25923 3136085.08
25924 3185890.08
25925 3235695.08
25926 3285500.08
25927 3335305.08
25928 3385110.08
25929 3434915.08
25930 3484720.08
25931 3534525.08
25932 3584330.08
25933 3634135.08
25934 3683940.08
25935 8588856.73
25936 5401034.73
25937 5366527.15
25938 5332433.98
25939 5298719.48
25940 5265430.32
25941 5232645.98
25942 5200369.15
25943 5169452.82
25944 5140918.32
25945 5114278.98
25946 5089072.48
25947 5065472.15
25948 5043330.73
25949 5022546.32
25950 5003205.65
25951 4985132.48
25952 4969445.82
25953 4957466.82
25954 4947860.48
25955 4939365.32
25956 4931975.48
25957 4925617.98
25958 4920292.15
25959 4916130.98
25960 4913284.32
25961 4913043.23
25962 4917052.32
25963 4924505.32
25964 4933787.15
25965 4945169.35
25966 4959583.55
25967 4975943.88
25968 4993463.88
25969 5012757.05
25970 5033926.38
25971 5058345.88
25972 5086998.55
25973 5117964.88
25974 5149549.38
25975 14686388.25
25976 10327742.15
25977 10301310.32
25978 10276469.32
25979 10253195.65
25980 10232535.15
25981 10214359.32
25982 10197921.15
25983 10183092.65
25984 10170310.65
25985 10161076.07
25986 10156353.98
25987 10156729.98
25988 10163026.98
25989 10173225.48
25990 10185157.48
25991 10198579.32
25992 10214011.57
25993 10232737.15
25994 16310924.27
25995 8789568.02
25996 8773061.43
25997 8759214.85
25998 8748267.43
25999 8739935.18
26000 8733385.43
26001 8728307.18
26002 8724736.68
26003 8722586.52
26004 8722383.68
26005 8723896.52
26006 8726485.85
26007 8730533.02
26008 8736072.85
26009 8742776.18
26010 10074605.93
26011 2744021.58
26012 2711287.75
26013 2679930.75
26014 2649383.08
26015 2620470.08
26016 2593914.58
26017 2569173.75
26018 2545897.08
26019 2525256.17
26020 2507421.58
26021 2491513.42
26022 2477891.33
26023 2466500.75
26024 2457231.25
26025 2450322.25
26026 2445480.25
26027 2442225.75
26028 2440045.17
26029 2439118.58
26030 2439657.33
26031 2441369.08
26032 2444079.75
26033 2448366.58
26034 2455291.75
26035 2466177.75
26036 2482634.42
26037 2503898.92
26038 2527586.75
26039 2553434.42
26040 2581274.42
26041 2610450.75
26042 2641563.92
26043 2674822.83
26044 2709269.08
26045 2744135.42
26046 2780138.75
26047 2817766.92
26048 2856289.08
26049 2895334.92
26050 2934843.25
26051 2975157.58
26052 3017335.83
26053 3061908.92
26054 3107692.42
26055 3153578.42
26056 3199565.42
26057 3245793.08
26058 3292347.42
26059 3339082.58
26060 3385891.75
26061 3432826.58
26062 3479979.25
26063 3527814.75
26064 28701133.78
26065 25453943.95
26066 25429918.78
26067 25407242.28
26068 25385810.95
26069 25365562.28
26070 25346342.95
26071 25328872.78
26072 25313474.28
26073 25299795.78
26074 25288062.12
26075 25278302.62
26076 25270221.62
26077 25263455.12
26078 25258697.53
26079 25256347.78
26080 25256294.12
26081 25258439.28
26082 25261953.28
26083 27797496.70
26084 4541999.12
26085 4492630.78
26086 4443270.45
26087 4393918.12
26088 4344573.78
26089 4295241.28
26090 4245943.62
26091 4196697.12
26092 4147480.78
26093 4098276.45
26094 4049084.12
26095 3999903.78
26096 3950735.45
26097 3901579.12
26098 3852461.78
26099 3803440.45
26100 3754490.12
26101 3705555.78
26102 3656637.45
26103 3607735.12
26104 3558854.78
26105 3510013.45
26106 3461253.12
26107 3412560.78
26108 3363892.45
26109 3315248.12
26110 3266672.62
26111 3218212.62
26112 3169825.28
26113 3121495.45
26114 3073249.62
26115 3025065.28
26116 2976931.45
26117 2928899.12
26118 2881226.78
26119 2833869.95
26120 2786662.12
26121 2739704.28
26122 2692954.12
26123 2646395.78
26124 2600151.28
26125 2554176.45
26126 2508597.20
26127 2463910.28
26128 2420095.28
26129 2376681.95
26130 2333605.37
26131 2290933.45
26132 2248593.62
26133 2206565.95
26134 2164973.37
26135 2124024.95
26136 2083608.62
26137 2043815.95
26138 2004724.95
26139 1966132.95
26140 1928002.45
26141 1890432.95
26142 1853472.62
26143 1816974.45
26144 1780795.78
26145 1744989.95
26146 1709725.62
26147 1675107.62
26148 1641326.12
26149 1608323.45
26150 1576044.28
26151 1545188.95
26152 1515717.03
26153 1487729.28
26154 1461174.62
26155 1435349.20
26156 1410416.12
26157 1386359.95
26158 1363152.78
26159 1341100.12
26160 1320462.45
26161 1301027.12
26162 1282672.12
26163 1265592.12
26164 1249700.62
26165 1235021.62
26166 1221686.62
26167 1209853.95
26168 1200048.45
26169 1192479.62
26170 1186861.12
26171 1183109.12
26172 1180980.62
26173 1179922.45
26174 1180085.95
26175 1181878.12
26176 1185823.95
26177 1192132.62
26178 1200220.28
26179 1210258.62
26180 1222713.12
26181 1237491.78
26182 1254004.45
26183 1271855.62
26184 1290718.45
26185 1310182.62
26186 1330415.28
26187 1351517.62
26188 1373601.28
26189 1396569.95
26190 1420380.28
26191 1445250.95
26192 1471167.45
26193 1497859.45
26194 1525192.78
26195 1553447.45
26196 1583399.95
26197 1615192.78
26198 1648020.12
26199 1681706.28
26200 1716227.78
26201 1751383.78
26202 1787369.95
26203 1824053.28
26204 1861020.95
26205 1898350.12
26206 1936034.78
26207 1974017.28
26208 2012687.28
26209 2052018.45
26210 2091734.45
26211 2131826.78
26212 2172189.12
26213 2212746.45
26214 2253487.28
26215 2294558.62
26216 2336119.45
26217 5162059.28
26218 3893335.25
26219 3889674.75
26220 3887861.08
26221 3887579.92
26222 3888811.75
26223 3891727.25
26224 3896339.08
26225 3903036.58
26226 3911614.92
26227 3921731.58
26228 3933383.58
26229 3946638.25
26230 3961345.25
26231 3977439.75
26232 3994769.92
26233 4013092.42
26234 4032692.42
26235 4053560.25
26236 4075434.42
26237 4098076.25
26238 4121574.08
26239 4146110.08
26240 4171347.58
26241 4197105.42
26242 4223485.75
26243 4250448.25
26244 4278599.25
26245 4308280.75
26246 4339459.75
26247 4371911.92
26248 4405002.42
26249 4438804.58
26250 4473328.25
26251 4508502.75
26252 9856745.08
26253 8334831.67
26254 8355129.33
26255 8376840.67
26256 8400677.17
26257 8426897.17
26258 8454712.83
26259 8483441.17
26260 8512966.83
26261 8543745.67
26262 8576581.83
26263 8611116.00
26264 8646569.67
26265 8682783.33
26266 8719537.00
26267 8756922.17
26268 8794824.33
26269 8833082.50
26270 8871815.17
26271 8911314.17
26272 8951751.67
26273 8993060.67
26274 9034882.83
26275 9076893.83
26276 16748071.37
26277 12940520.03
26278 12946144.03
26279 12952507.70
26280 12960099.53
26281 12969020.03
26282 12979200.70
26283 12991575.87
26284 13006534.87
26285 13023379.70
26286 13041661.20
26287 13061070.20
26288 13081375.37
26289 13103026.03
26290 13126195.20
26291 13150692.53
26292 13176667.37
26293 13204382.03
26294 13233694.20
26295 13264291.03
26296 13296180.87
26297 13329015.53
26298 13362601.53
26299 13397508.45
26300 13434123.53
26301 21618784.62
26302 10695641.58
26303 10674239.25
26304 10653676.58
26305 10633886.25
26306 10614889.42
26307 10596588.58
26308 10578999.25
26309 10562195.08
26310 10546361.42
26311 10531486.42
26312 10517429.92
26313 10504032.42
26314 10491279.25
26315 10479637.75
26316 10469189.92
26317 10459968.75
26318 10452839.58
26319 10447744.58
26320 10445083.08
26321 10445224.42
26322 10447450.75
26323 10451423.08
26324 10456622.08
26325 10462601.75
26326 10469321.75
26327 10477057.75
26328 10485676.75
26329 10494920.08
26330 10505065.58
26331 10517255.58
26332 10531704.75
26333 10547855.75
26334 10565282.92
26335 10583511.08
26336 10603342.92
26337 10625764.58
26338 10650195.08
26339 14683029.72
26340 4357741.55
26341 4311897.55
26342 4266145.55
26343 4220485.55
26344 4174917.55
26345 4129627.55
26346 4084789.55
26347 4040384.55
26348 3996360.05
26349 3952642.38
26350 3909231.22
26351 3866074.22
26352 3823066.22
26353 3780182.22
26354 3738055.13
26355 3697425.63
26356 3658053.72
26357 3619339.55
26358 3580971.22
26359 3542907.88
26360 3505117.55
26361 3467581.22
26362 3430351.55
26363 3393456.38
26364 3356868.55
26365 3320581.22
26366 3284657.05
26367 3249507.55
26368 3215539.88
26369 3182608.47
26370 3150989.22
26371 3120794.72
26372 3093316.30
26373 3070609.38
26374 3051841.55
26375 3035149.22
26376 3021007.88
26377 3010325.88
26378 3002001.38
26379 2995191.72
26380 2989672.38
26381 2985272.88
26382 2982157.05
26383 2980655.88
26384 2982042.47
26385 2986919.05
26386 2993886.72
26387 3001960.72
26388 3011069.72
26389 3021315.55
26390 3032698.22
26391 3045292.72
26392 3059231.72
26393 3074411.05
26394 3090958.38
26395 3108964.22
26396 3128405.88
26397 3149417.38
26398 3171779.38
26399 3195015.72
26400 3219223.88
26401 3244574.72
26402 3270822.88
26403 3297824.05
26404 3325830.05
26405 6353902.40
26406 3314884.17
26407 3282881.67
26408 3252396.50
26409 3224161.50
26410 3197232.17
26411 3171102.33
26412 3148284.17
26413 3130988.67
26414 3116994.83
26415 3105516.17
26416 3098782.50
26417 3096240.50
26418 3095971.33
26419 3096917.83
26420 3098669.33
26421 3102190.17
26422 3111041.07
26423 3128028.30
26424 3149773.63
26425 3173120.47
26426 3197761.13
26427 3223197.63
26428 3249516.80
26429 3276742.13
26430 3305262.80
26431 3335236.80
26432 3366635.13
26433 3399126.13
26434 3432430.80
26435 3466783.13
26436 3502076.80
26437 6909079.52
26438 4746085.13
26439 4723003.97
26440 4701013.47
26441 4679841.63
26442 4659498.63
26443 4640203.63
26444 4621972.13
26445 4605249.47
26446 4590357.13
26447 4576973.47
26448 4564936.13
26449 4554133.97
26450 4544343.63
26451 4535439.47
26452 4527612.80
26453 4521485.30
26454 4517180.30
26455 4514613.63
26456 4513958.63
26457 4514895.30
26458 4517112.13
26459 4520748.80
26460 4525886.47
26461 4532366.80
26462 4540801.63
26463 4552186.80
26464 4566322.63
26465 4581976.13
26466 4599518.13
26467 4619513.47
26468 4641375.63
26469 4668905.13
26470 4701540.47
26471 4735085.97
26472 4769700.80
26473 4805202.30
26474 11722933.33
26475 8381898.93
26476 8339883.10
26477 8298445.27
26478 8257529.77
26479 8216847.27
26480 8176546.77
26481 8136754.27
26482 8097671.77
26483 8060559.43
26484 8025953.10
26485 7992875.60
26486 7960528.60
26487 7928728.10
26488 7897761.60
26489 7867858.93
26490 7838926.60
26491 7810951.93
26492 7784173.18
26493 7758641.77
26494 7734224.93
26495 7711180.77
26496 7689607.68
26497 7669366.77
26498 7650329.02
26499 7632207.77
26500 7614886.27
26501 7598769.93
26502 7584202.85
26503 7570832.93
26504 7558315.77
26505 7547012.60
26506 7537333.77
26507 7529092.27
26508 7522367.27
26509 7517212.10
26510 7513560.27
26511 7511324.60
26512 7510530.10
26513 7511299.93
26514 7513555.35
26515 7517570.93
26516 7523274.60
26517 7530502.60
26518 11758360.15
26519 9701678.37
26520 9681305.53
26521 9661909.87
26522 9643792.03
26523 9626893.53
26524 9611016.53
26525 9596183.20
26526 9582747.70
26527 9570720.03
26528 9560391.37
26529 9552324.87
26530 9546381.03
26531 9542082.20
26532 9539532.87
26533 9539219.53
26534 9540650.87
26535 9543509.87
26536 14614765.32
26537 8817893.17
26538 8798782.67
26539 8781049.50
26540 10216799.58
26541 4486480.25
26542 4457526.42
26543 4429447.25
26544 4402205.75
26545 4375916.42
26546 4350952.92
26547 4327759.17
26548 4307683.92
26549 4290814.58
26550 4275663.58
26551 4261829.58
26552 4249497.75
26553 4239168.25
26554 4230982.08
26555 4224881.75
26556 4220731.08
26557 4218708.58
26558 4219588.25
26559 4223568.58
26560 4229948.42
26561 4237878.75
26562 4246957.75
26563 4257208.58
26564 4268727.92
26565 4281605.25
26566 4295934.92
26567 4311399.42
26568 4327789.25
26569 4345239.92
26570 4363795.25
26571 4383333.12
26572 4403854.48
26573 4425416.82
26574 4448085.98
26575 4472342.65
26576 4498332.65
26577 4525620.32
26578 4554064.82
26579 4583812.48
26580 4614969.48
26581 4647366.48
26582 4681006.32
26583 4716048.48
26584 4752037.48
26585 4788640.82
26586 4826095.98
26587 4864448.48
26588 4903548.65
26589 4943220.65
26590 4983337.32
26591 5023813.98
26592 5064662.48
26593 5105780.48
26594 5147126.98
26595 5188773.65
26596 5230746.98
26597 5273038.82
26598 5315695.65
26599 5358648.32
26600 5401918.32
26601 5445579.48
26602 5489497.15
26603 5533742.48
26604 5578482.48
26605 5623699.65
26606 5669187.98
26607 5714805.32
26608 5760546.98
26609 5806408.15
26610 5852385.82
26611 5898576.65
26612 5945028.65
26613 5991650.98
26614 6038446.98
26615 6085379.98
26616 6132415.32
26617 6179687.82
26618 6227232.48
26619 8546775.80
26620 2375250.82
26621 2327459.32
26622 2279755.82
26623 2232135.82
26624 2184574.82
26625 2137069.82
26626 2089679.32
26627 2042463.82
26628 1995366.82
26629 1948329.82
26630 1901352.82
26631 1854435.82
26632 1807688.15
26633 1761186.15
26634 1714864.32
26635 1668652.32
26636 1622512.32
26637 1576867.98
26638 1533101.48
26639 1493073.15
26640 1455675.82
26641 1418841.65
26642 1382506.15
26643 1346726.82
26644 1311681.98
26645 1277685.98
26646 1244772.32
26647 1213445.32
26648 1184146.65
26649 1156400.15
26650 1129807.98
26651 1104766.82
26652 1081485.15
26653 1059625.15
26654 1039129.32
26655 1019974.15
26656 1002289.32
26657 986378.98
26658 972004.73
26659 958619.82
26660 946292.48
26661 935446.48
26662 926646.32
26663 919990.82
26664 915362.90
26665 913129.65
26666 913020.90
26667 914442.98
26668 917419.65
26669 922438.82
26670 932238.48
26671 946365.65
26672 962065.15
26673 979076.15
26674 997019.32
26675 1016101.07
26676 1038030.07
26677 1062661.98
26678 1088090.48
26679 1114212.98
26680 1141191.98
26681 1169241.15
26682 1198367.32
26683 1228312.82
26684 1259912.82
26685 1292920.82
26686 1326886.98
26687 1362618.32
26688 1399596.48
26689 1437057.98
26690 1475238.65
26691 1514544.08
26692 1555245.68
26693 1597024.52
26694 1639379.02
26695 1682224.52
26696 1725535.52
26697 1769175.02
26698 1812976.02
26699 1856958.35
26700 1901527.18
26701 1946700.18
26702 1992194.68
26703 2038567.68
26704 2085760.52
26705 2133131.68
26706 2180570.35
26707 14332809.47
26708 13351072.40
26709 13363504.32
26710 13377781.15
26711 13392975.48
26712 13409140.48
26713 13426846.98
26714 13446024.65
26715 13466638.15
26716 13489130.07
26717 13514100.98
26718 13542791.32
26719 13574595.98
26720 13607571.32
26721 13640990.98
26722 13674745.48
26723 13708995.65
26724 13743912.82
26725 13779885.32
26726 13817071.40
26727 13855159.15
26728 13893827.82
26729 13934052.15
26730 13976082.15
26731 14018700.65
26732 14062173.15
26733 14106638.65
26734 14151635.32
26735 33103945.13
26736 21562868.68
26737 7630554.48
26738 7590215.32
26739 7550810.32
26740 7512034.40
26741 7474947.65
26742 7440411.98
26743 7407421.32
26744 7375243.98
26745 7345634.65
26746 7318667.65
26747 7293080.32
26748 7268682.15
26749 7245044.32
26750 7222084.98
26751 7199852.48
26752 7178706.65
26753 7158593.82
26754 7139178.15
26755 7120436.48
26756 7102623.82
26757 7086687.73
26758 7072638.48
26759 7060004.98
26760 7049398.15
26761 7040909.48
26762 7034030.98
26763 7028360.48
26764 7024362.48
26765 8837739.22
26766 5995533.85
26767 5985896.85
26768 5979170.85
26769 5974740.52
26770 5972316.85
26771 5971760.85
26772 5972965.68
26773 5975803.18
26774 5979818.85
26775 5985195.52
26776 5992211.85
26777 6001174.93
26778 6011807.35
26779 6023686.02
26780 6036940.18
26781 6052094.52
26782 6069597.18
26783 6089450.35
26784 6110942.85
26785 6133274.02
26786 12814538.60
26787 11509124.27
26788 11520125.43
26789 11532916.43
26790 11547080.60
26791 11563679.60
26792 11583457.93
26793 11605064.10
26794 11627807.77
26795 11651560.93
26796 11676377.35
26797 11702445.27
26798 11729931.93
26799 13167209.02
26800 1545725.50
26801 1495816.50
26802 1445907.50
26803 1395998.50
26804 1346089.50
26805 1296180.50
26806 1246271.50
26807 1196362.50
26808 1146453.50
26809 1096544.50
26810 1047757.17
26811 1005294.17
26812 968286.08
26813 931824.17
26814 896522.33
26815 862393.67
26816 829042.00
26817 796684.67
26818 765732.33
26819 736815.83
26820 709488.50
26821 682939.50
26822 657631.67
26823 633739.17
26824 611361.83
26825 590337.17
26826 570170.17
26827 551108.17
26828 534987.17
26829 522172.83
26830 511438.17
26831 502720.33
26832 498330.83
26833 499071.17
26834 502231.58
26835 506727.83
26836 512446.50
26837 519693.83
26838 528714.67
26839 539341.00
26840 551477.17
26841 564984.50
26842 580157.83
26843 597484.00
26844 616999.00
26845 652250.50
26846 702159.50
26847 752068.50
26848 801977.50
26849 851886.50
26850 901795.50
26851 951704.50
26852 1001613.50
26853 1051522.50
26854 1101431.50
26855 4808213.10
26856 3820688.43
26857 3785217.60
26858 3750742.43
26859 3717898.27
26860 3686828.93
26861 3657843.93
26862 3630765.43
26863 3605315.77
26864 3581931.93
26865 3560609.60
26866 3541032.77
26867 3522667.77
26868 3505468.43
26869 3489589.77
26870 3475266.27
26871 3463223.27
26872 3453620.68
26873 3445911.27
26874 3439445.27
26875 3433960.93
26876 3429656.93
26877 3427366.93
26878 3427368.77
26879 3428961.60
26880 3431709.10
26881 3435538.43
26882 3440812.52
26883 3447554.43
26884 3455504.02
26885 3465151.10
26886 3477139.93
26887 3491659.52
26888 3508962.77
26889 3528359.10
26890 3548546.43
26891 3569407.60
26892 3591346.43
26893 3614446.27
26894 3638454.10
26895 3663185.60
26896 3688871.10
26897 3715625.77
26898 3743118.43
26899 3771198.10
26900 3799926.60
26901 3829624.10
26902 3860591.60
26903 10313967.87
26904 7953623.22
26905 7929738.30
26906 7907111.72
26907 7886034.97
26908 7866551.72
26909 7848853.88
26910 7832694.22
26911 7817852.72
26912 7804778.30
26913 7794071.30
26914 7785890.22
26915 7780215.88
26916 7777019.30
26917 7775573.22
26918 7776176.22
26919 7779139.55
26920 7783884.22
26921 7790409.38
26922 7798378.55
26923 7807654.72
26924 7818433.22
26925 7830356.88
26926 7843109.05
26927 7857070.72
26928 7873119.88
26929 7891274.38
26930 7912287.88
26931 7936362.05
26932 7962140.05
26933 7988966.22
26934 8016701.72
26935 8045353.88
26936 8074829.22
26937 16819903.30
26938 9752998.17
26939 9710097.67
26940 9667358.17
26941 9624900.00
26942 9582782.83
26943 9541547.33
26944 9501118.17
26945 9460892.17
26946 9421226.33
26947 9382346.17
26948 9344031.33
26949 9306146.00
26950 9268988.50
26951 9232904.33
26952 9197729.17
26953 9163279.00
26954 9129876.33
26955 9097424.83
26956 9065706.33
26957 9034853.50
26958 9004716.33
26959 8975702.00
26960 8948454.50
26961 10219791.58
26962 4650742.08
26963 4609347.25
26964 4568248.08
26965 4528080.58
26966 4489228.08
26967 4451568.58
26968 4415215.58
26969 4379995.25
26970 4345786.83
26971 4313299.58
26972 4282352.92
26973 4252722.75
26974 4224815.00
26975 4198699.42
26976 4174784.58
26977 4152878.08
26978 4132345.75
26979 4112824.25
26980 4094276.92
26981 4076953.42
26982 4060835.42
26983 4045714.92
26984 4031528.42
26985 4018492.08
26986 4007124.58
26987 3997407.92
26988 3989198.25
26989 3982519.92
26990 3977084.08
26991 3972953.75
26992 3970253.08
26993 3969309.25
26994 3970441.42
26995 3973027.42
26996 3976519.92
26997 3980949.75
26998 3986935.42
26999 3994548.75
27000 4003786.75
27001 4014671.25
27002 4026970.25
27003 4040648.58
27004 4055744.58
27005 6658600.42
27006 3729605.58
27007 3680401.58
27008 3631209.58
27009 3582029.58
27010 3532861.58
27011 3483715.58
27012 3434608.08
27013 3385531.08
27014 3336553.08
27015 3287688.08
27016 3238862.08
27017 3190065.08
27018 3141292.08
27019 3092543.08
27020 3043818.08
27021 2995157.08
27022 2946602.08
27023 2898120.42
27024 2849698.58
27025 2801353.42
27026 2753060.42
27027 2704799.42
27028 2656634.08
27029 2608747.75
27030 2561251.75
27031 2514021.25
27032 2467015.92
27033 2420428.08
27034 2374137.08
27035 2327906.08
27036 2281735.08
27037 2235624.08
27038 2189573.08
27039 2143685.92
27040 2098076.75
27041 2052653.25
27042 2007307.25
27043 1962088.58
27044 1917025.75
27045 1872067.42
27046 1827211.08
27047 1782508.67
27048 1738026.75
27049 1694960.58
27050 1653348.58
27051 1612044.42
27052 1570991.25
27053 1530793.58
27054 1492100.42
27055 1454386.42
27056 1417066.58
27057 1380202.42
27058 1344046.75
27059 1308595.25
27060 1273942.58
27061 1241006.75
27062 1210165.75
27063 1180573.58
27064 1151734.58
27065 1123710.08
27066 1097027.83
27067 1072476.92
27068 1049829.50
27069 1028821.25
27070 1009538.00
27071 991791.92
27072 975792.58
27073 961509.75
27074 948548.92
27075 936992.75
27076 927930.75
27077 921778.08
27078 917667.75
27079 915176.58
27080 913916.58
27081 913640.92
27082 914596.08
27083 916812.42
27084 920923.92
27085 927351.75
27086 935395.75
27087 944647.42
27088 955255.58
27089 967888.75
27090 983250.42
27091 1001034.92
27092 1020346.75
27093 1040711.42
27094 1062147.25
27095 1084713.42
27096 1108210.25
27097 1132466.25
27098 1157434.08
27099 1185181.75
27100 1215733.67
27101 1246961.25
27102 1279034.92
27103 1312396.75
27104 1346840.92
27105 1381906.92
27106 1418057.92
27107 1456176.42
27108 1495676.42
27109 1535568.42
27110 1575738.42
27111 1616108.42
27112 1656733.58
27113 1698137.75
27114 1740415.25
27115 1783258.25
27116 1826582.42
27117 1870149.75
27118 1913923.75
27119 1957889.75
27120 2002222.42
27121 2047130.42
27122 2092441.08
27123 2137996.25
27124 2183720.75
27125 2229545.25
27126 2275556.92
27127 2321875.75
27128 2368596.42
27129 2415916.92
27130 2463617.92
27131 2511354.92
27132 2559127.92
27133 2606936.92
27134 2654789.42
27135 2702719.58
27136 2750745.75
27137 2798831.75
27138 2846949.75
27139 2895099.75
27140 2943281.75
27141 2991495.75
27142 3039783.25
27143 3088209.92
27144 3136790.08
27145 3185452.08
27146 3234134.08
27147 3282836.08
27148 3331558.08
27149 3380300.08
27150 3429062.08
27151 3477844.08
27152 3526660.75
27153 3575548.08
27154 3624511.75
27155 3673513.75
27156 3722531.75
27157 3771565.75
27158 3820615.75
27159 3869738.25
27160 3918967.25
27161 3968242.25
27162 4017525.25
27163 4066919.75
27164 9159559.95
27165 7623304.70
27166 7635831.70
27167 7649442.20
27168 7664059.03
27169 7679475.20
27170 7695600.03
27171 7712730.70
27172 7731652.37
27173 7752208.70
27174 7773571.37
27175 7795867.53
27176 7819908.37
27177 7845574.37
27178 7872153.87
27179 7899550.03
27180 7927569.87
27181 14683715.43
27182 12546201.23
27183 12567881.40
27184 12590666.07
27185 12615147.23
27186 12641529.90
27187 12669337.57
27188 12698568.82
27189 12729413.23
27190 12761571.73
27191 12794594.73
27192 22330702.65
27193 17379221.95
27194 17387373.95
27195 17396752.78
27196 17407219.78
27197 17418621.95
27198 17430897.28
27199 17444675.28
27200 17460852.95
27201 17478961.12
27202 17498050.12
27203 17518057.95
27204 17539240.28
27205 21843727.48
27206 19678238.73
27207 19700574.40
27208 19724644.57
27209 19749776.57
27210 19775747.07
27211 19802492.23
27212 19830019.40
27213 19858739.73
27214 19888720.23
27215 19919795.23
27216 19952532.40
27217 19986498.23
27218 20020934.90
27219 20055827.90
27220 20091268.90
27221 20127967.57
27222 20165732.73
27223 26552894.65
27224 8805579.08
27225 8769816.58
27226 8734523.92
27227 8699727.08
27228 8665632.08
27229 8632547.92
27230 8600547.42
27231 8569308.58
27232 8538531.92
27233 8508218.42
27234 8478382.08
27235 8449386.92
27236 8422072.75
27237 8396609.42
27238 8372578.92
27239 8349987.75
27240 8328589.42
27241 8308223.42
27242 8289080.58
27243 8272170.75
27244 8258058.42
27245 8246549.08
27246 8237314.25
27247 8229881.92
27248 8224109.25
27249 8219776.33
27250 8217220.75
27251 8216526.92
27252 8217326.92
27253 8219264.75
27254 8222388.58
27255 8226851.25
27256 8233080.67
27257 8241095.58
27258 8250812.58
27259 8262376.25
27260 8275235.75
27261 8289404.58
27262 8307494.50
27263 8329628.25
27264 8353378.17
27265 8378467.58
27266 8404907.05
27267 18810759.37
27268 16443905.55
27269 16456125.32
27270 16469758.90
27271 16484699.15
27272 16500720.40
27273 16517624.73
27274 16535498.53
27275 22399627.15
27276 9376646.27
27277 9334538.60
27278 9292564.77
27279 9250971.68
27280 9210048.93
27281 9170080.60
27282 9130905.10
27283 9092066.93
27284 9053779.18
27285 9016484.77
27286 8980436.93
27287 8946080.52
27288 8913826.55
27289 8883729.08
27290 8855350.33
27291 8827998.50
27292 8801481.83
27293 8775686.67
27294 8750465.53
27295 8726183.73
27296 8703149.73
27297 9706762.48
27298 3071155.83
27299 3021372.83
27300 2971589.83
27301 2921806.83
27302 2872023.83
27303 2822240.83
27304 2772457.83
27305 2722674.83
27306 2672891.83
27307 2623108.83
27308 2573325.83
27309 2523542.83
27310 2473759.83
27311 2423976.83
27312 2374494.33
27313 2325314.33
27314 2276138.33
27315 2226966.33
27316 2177798.33
27317 2128634.33
27318 2079474.33
27319 2030318.33
27320 1981166.33
27321 1932018.33
27322 1882910.83
27323 1833937.83
27324 1785064.83
27325 1736199.83
27326 1687342.83
27327 1638493.83
27328 1589652.83
27329 1540819.83
27330 1491994.83
27331 1443177.83
27332 1394368.83
27333 1345567.83
27334 1296774.83
27335 1247989.83
27336 1199212.83
27337 1150443.83
27338 1101682.83
27339 1061225.00
27340 1029883.17
27341 1000625.25
27342 973589.83
27343 947971.17
27344 923602.83
27345 900400.17
27346 878116.50
27347 856747.83
27348 836153.67
27349 817372.83
27350 800379.50
27351 784263.17
27352 769804.83
27353 757262.83
27354 746183.17
27355 736901.17
27356 730223.75
27357 725972.00
27358 723249.08
27359 721839.17
27360 722137.83
27361 724538.17
27362 728863.75
27363 734873.17
27364 742996.50
27365 753527.33
27366 765579.83
27367 778694.50
27368 793019.50
27369 809325.33
27370 827986.00
27371 848942.33
27372 872966.83
27373 899430.67
27374 927038.33
27375 955314.50
27376 984499.67
27377 1015117.83
27378 1047290.83
27379 1081045.50
27380 1116173.00
27381 1152168.17
27382 1188891.33
27383 1227277.83
27384 1268851.50
27385 1312392.50
27386 1356041.50
27387 1399798.50
27388 1443664.17
27389 1487640.00
27390 1531725.17
27391 1576046.50
27392 1620706.83
27393 1665570.33
27394 1710603.33
27395 1755989.33
27396 1801688.83
27397 1847508.83
27398 1893426.83
27399 1939439.83
27400 1985520.83
27401 2031703.00
27402 2077994.17
27403 2124498.50
27404 2171384.33
27405 2218611.00
27406 2267181.17
27407 2316964.17
27408 2366747.17
27409 2416530.17
27410 2466313.17
27411 2516096.17
27412 2565879.17
27413 2615662.17
27414 2665445.17
27415 2715228.17
27416 2765011.17
27417 2814794.17
27418 2864577.17
27419 2914360.17
27420 13600908.50
27421 13591866.00
27422 13640484.00
27423 13689110.00
27424 13737744.00
27425 13786386.00
27426 13835036.00
27427 13883694.00
27428 13932360.00
27429 13981034.00
27430 14029716.00
27431 14078406.00
27432 14127104.00
27433 14175810.00
27434 14224524.00
27435 14273246.00
27436 14321976.00
27437 14370714.00
27438 14419460.00
27439 14468214.00
27440 14516976.00
27441 14565746.00
27442 14614524.00
27443 14663310.00
27444 14712104.00
27445 14760906.00
27446 14809716.00
27447 38116719.75
27448 28761922.35
27449 28772714.68
27450 28785121.52
27451 28799175.02
27452 28814217.52
27453 28830144.18
27454 39840496.78
27455 21627068.73
27456 21609464.23
27457 21592983.40
27458 21577926.23
27459 21564137.90
27460 21551509.57
27461 21540135.07
27462 21529996.40
27463 21522431.57
27464 21517634.57
27465 21514816.40
27466 21514521.90
27467 21516196.73
27468 21518875.73
27469 25498313.82
27470 20973933.80
27471 20969836.22
27472 20967692.80
27473 20967317.47
27474 20969284.97
27475 20973608.80
27476 20979333.63
27477 20986316.13
27478 20994368.63
27479 21003224.47
27480 21013167.13
27481 21024850.97
27482 21038192.47
27483 21052989.80
27484 21069863.38
27485 29580740.52
27486 13484637.75
27487 13446723.75
27488 13409879.75
27489 13373698.58
27490 13337815.75
27491 13302631.75
27492 13268678.58
27493 13235935.92
27494 13203966.08
27495 13813673.78
27496 2966125.80
27497 2918085.80
27498 2870122.30
27499 2822203.30
27500 2774316.30
27501 2726519.30
27502 2679253.47
27503 2632587.47
27504 2586098.80
27505 2539670.80
27506 2493294.80
27507 2446970.80
27508 2400698.80
27509 2354478.80
27510 2308310.80
27511 2262194.80
27512 2216144.30
27513 2170192.30
27514 2124345.80
27515 2078577.80
27516 2032899.80
27517 1987309.80
27518 1941828.30
27519 1896505.80
27520 1851336.63
27521 1806383.67
27522 1762042.95
27523 1718409.95
27524 1675505.45
27525 1633530.12
27526 1592230.03
27527 1551402.70
27528 1511147.70
27529 1471782.87
27530 1433541.70
27531 1396189.37
27532 1359392.45
27533 1323855.53
27534 1290594.53
27535 1260334.53
27536 1233575.20
27537 1208866.37
27538 1184858.20
27539 1162132.20
27540 1140594.37
27541 1119760.37
27542 1099821.53
27543 1081094.37
27544 1063941.53
27545 1048990.70
27546 1036940.87
27547 1028099.03
27548 1021719.87
27549 1016636.28
27550 1012956.20
27551 1011103.20
27552 1011248.87
27553 1013512.37
27554 1017729.37
27555 1023575.03
27556 1030707.53
27557 1039078.37
27558 1048692.70
27559 1059573.53
27560 1072545.70
27561 1088324.03
27562 1106269.70
27563 1125492.87
27564 1145823.70
27565 1167310.20
27566 1189731.20
27567 1212967.03
27568 1237998.70
27569 1264803.87
27570 1292526.87
27571 1321616.20
27572 1352289.87
27573 1384526.03
27574 1417984.53
27575 1451987.53
27576 1486267.53
27577 1521032.70
27578 1556632.70
27579 1593190.03
27580 1630421.53
27581 1667956.03
27582 1705819.53
27583 1745432.70
27584 1788035.37
27585 1832217.37
27586 1876586.87
27587 1921244.87
27588 1966465.53
27589 2012500.37
27590 2059493.03
27591 2106992.03
27592 2154539.03
27593 2202220.87
27594 2250126.37
27595 2298169.53
27596 2346268.03
27597 5695667.28
27598 3332310.17
27599 3284128.17
27600 3235986.17
27601 3187884.17
27602 3139868.17
27603 3091940.17
27604 3044223.17
27605 2996719.17
27606 2949263.17
27607 2901975.83
27608 2854930.00
27609 2808011.00
27610 2761152.00
27611 2714353.00
27612 2667614.00
27613 2621024.67
27614 2574776.17
27615 2528985.50
27616 2483489.83
27617 2438228.83
27618 2393503.00
27619 2349188.00
27620 2305336.50
27621 2261960.50
27622 2218728.00
27623 2175792.00
27624 2133325.50
27625 2091274.00
27626 2049461.00
27627 2007800.00
27628 1966291.00
27629 1925014.83
27630 1884283.25
27631 1844211.83
27632 1804704.00
27633 1765828.33
27634 1727651.17
27635 1690181.67
27636 1653418.67
27637 1617248.83
27638 1581519.17
27639 1546411.33
27640 1512152.33
27641 1478713.17
27642 1446413.00
27643 1415634.00
27644 1386390.17
27645 1358675.17
27646 1332418.50
27647 1307464.50
27648 1284570.83
27649 1263892.50
27650 1244493.25
27651 1226214.33
27652 1209684.58
27653 1195407.17
27654 1182945.83
27655 1172139.75
27656 1163210.33
27657 1155954.33
27658 1150080.83
27659 1145505.17
27660 1141977.17
27661 1139924.67
27662 1139895.00
27663 1141174.00
27664 1143608.58
27665 1147461.50
27666 1152766.67
27667 1160054.33
27668 1169234.50
27669 1180022.17
27670 1192333.50
27671 1206173.50
27672 1221967.67
27673 1239597.50
27674 1259911.33
27675 1282916.00
27676 1307234.50
27677 1332628.00
27678 1358773.67
27679 1385550.33
27680 1413306.67
27681 1442220.83
27682 1472161.33
27683 1502994.33
27684 1534743.67
27685 1567098.67
27686 1599901.33
27687 1633485.00
27688 1668184.83
27689 1704162.83
27690 1741158.33
27691 1778759.83
27692 1816868.17
27693 1855851.67
27694 1895632.17
27695 1935720.50
27696 1976443.50
27697 2017966.83
27698 2059929.67
27699 2102286.75
27700 2145002.00
27701 2187905.00
27702 2230932.00
27703 2274088.67
27704 2317428.00
27705 2361079.50
27706 2405065.83
27707 2449290.67
27708 2493704.17
27709 2538281.00
27710 2583120.33
27711 2628413.83
27712 2674042.33
27713 2719787.00
27714 2765614.00
27715 2811509.00
27716 2857472.00
27717 2903506.00
27718 2949676.50
27719 2995995.00
27720 3042392.00
27721 3088849.00
27722 3135366.00
27723 3181966.17
27724 3228777.00
27725 7781637.68
27726 4629502.10
27727 4585790.27
27728 4542692.93
27729 4500104.93
27730 4457883.43
27731 4415884.43
27732 4374090.93
27733 4332577.93
27734 4291378.43
27735 4250520.93
27736 4209978.93
27737 4169992.93
27738 4130763.52
27739 4092119.10
27740 4054136.27
27741 4016963.93
27742 3980493.77
27743 3944463.43
27744 3908731.60
27745 3873580.27
27746 3839506.43
27747 3806279.10
27748 3774135.60
27749 3743191.77
27750 3713359.60
27751 3684582.43
27752 3657101.10
27753 3631683.93
27754 3607897.93
27755 3585689.10
27756 3564870.27
27757 3544726.10
27758 3525632.77
27759 3508144.93
27760 3491818.60
27761 3476459.93
27762 3462271.77
27763 3449392.93
27764 3438220.43
27765 3428537.60
27766 3419924.93
27767 3412663.43
27768 3406865.10
27769 3402580.35
27770 3400230.02
27771 3400048.23
27772 3401537.20
27773 3404145.03
27774 3408302.12
27775 3414148.70
27776 3421099.70
27777 3429843.20
27778 5510114.98
27779 2981526.57
27780 2944208.82
27781 2907380.32
27782 2871084.82
27783 2835571.82
27784 2800957.32
27785 2766871.48
27786 2733293.65
27787 2700310.32
27788 2667914.48
27789 2636413.65
27790 2606146.15
27791 2576854.82
27792 2548272.98
27793 2520659.98
27794 2494027.23
27795 2468312.48
27796 2443333.32
27797 2419080.65
27798 2395926.15
27799 2374235.15
27800 2354065.98
27801 2337334.32
27802 2326668.98
27803 2320398.57
27804 2315818.48
27805 2312803.82
27806 2311423.32
27807 2311507.98
27808 2313796.32
27809 2318135.15
27810 2324666.15
27811 2333930.07
27812 2345302.48
27813 2358000.98
27814 2372185.82
27815 2387780.82
27816 2403978.82
27817 2420886.23
27818 2439362.15
27819 2460244.48
27820 2482977.65
27821 2507367.65
27822 2533241.57
27823 2560014.15
27824 2587989.82
27825 2617550.73
27826 2648961.65
27827 2681649.15
27828 2714906.65
27829 2748665.82
27830 2782949.15
27831 2817817.98
27832 2853279.32
27833 2890377.15
27834 2929680.15
27835 2970222.98
27836 3011277.82
27837 5922136.98
27838 3040975.58
27839 2991838.58
27840 2942788.58
27841 2894126.42
27842 2845838.25
27843 2797718.58
27844 2749845.25
27845 2702300.92
27846 2655030.08
27847 2607898.92
27848 2560895.08
27849 2514065.58
27850 2467419.75
27851 2420945.08
27852 2374679.92
27853 2328614.25
27854 2282680.08
27855 2237001.92
27856 2191935.42
27857 2147509.58
27858 2103758.92
27859 2060705.25
27860 2018260.92
27861 1976592.50
27862 1935725.75
27863 1895803.92
27864 1856952.92
27865 1818954.75
27866 1781695.08
27867 1745497.92
27868 1710289.75
27869 1675758.58
27870 1642711.08
27871 1611245.75
27872 1580492.75
27873 1550236.25
27874 1520706.25
27875 1492282.50
27876 1465207.25
27877 1439383.92
27878 1414743.83
27879 1391556.58
27880 1369653.92
27881 1349001.75
27882 1329690.25
27883 1311305.58
27884 1293573.58
27885 1278501.75
27886 1266264.25
27887 1255086.58
27888 1245485.42
27889 1237877.58
27890 1232129.25
27891 1228034.92
27892 1225152.58
27893 1223135.42
27894 1222334.42
27895 1223259.92
27896 1226181.08
27897 1230887.75
27898 1236670.08
27899 1243366.92
27900 1251313.75
27901 1261197.08
27902 1273150.75
27903 1286957.92
27904 1302807.08
27905 1321417.42
27906 1343276.42
27907 1366919.75
27908 1391158.42
27909 1416434.42
27910 1443018.92
27911 1470856.17
27912 1500453.92
27913 1532550.42
27914 1566320.58
27915 1600728.08
27916 1636164.92
27917 1672446.42
27918 1709143.75
27919 1746200.75
27920 1783570.58
27921 1821497.58
27922 1860233.92
27923 1899764.08
27924 1939837.42
27925 1980292.92
27926 2021449.33
27927 2063523.42
27928 2106261.25
27929 2149382.42
27930 2192709.42
27931 2236136.92
27932 5113969.25
27933 4235931.08
27934 4247983.42
27935 4262016.58
27936 4276890.75
27937 4292683.50
27938 4309748.58
27939 4328435.58
27940 4348749.25
27941 4370678.42
27942 4393981.92
27943 4418493.08
27944 4444239.25
27945 4471395.58
27946 4500323.75
27947 4530951.92
27948 4562908.25
27949 4595974.92
27950 4630331.92
27951 4666860.42
27952 4705526.75
27953 4745084.42
27954 4785082.25
27955 4825367.25
27956 4865824.92
27957 4906505.92
27958 4947686.83
27959 4989504.75
27960 5031691.75
27961 5074047.58
27962 5116594.42
27963 5159400.58
27964 5202438.08
27965 5245724.08
27966 5289263.75
27967 5333308.25
27968 5377992.08
27969 5422993.25
27970 5468260.92
27971 5513899.92
27972 5559758.92
27973 7866879.83
27974 3271808.50
27975 3238144.50
27976 3205209.17
27977 3172815.00
27978 3140949.50
27979 3109706.83
27980 3079173.50
27981 3051037.67
27982 3025264.83
27983 3000337.17
27984 2976839.83
27985 2954563.83
27986 2933012.67
27987 2912601.67
27988 2893502.42
27989 2875707.67
27990 2859057.33
27991 2843607.83
27992 2830049.00
27993 2818320.83
27994 2808049.50
27995 2799562.83
27996 2793155.33
27997 2788664.50
27998 2785839.67
27999 2784419.00
28000 2785373.33
28001 2788972.50
28002 2794335.00
28003 2801597.50
28004 2811943.33
28005 2827065.17
28006 2845423.17
28007 2864833.00
28008 2885604.33
28009 2907987.17
28010 2931485.00
28011 2955542.17
28012 2980267.33
28013 3005908.83
28014 3032595.67
28015 3060289.67
28016 3088706.33
28017 3118199.67
28018 3149263.50
28019 3181839.33
28020 3215625.17
28021 3250322.17
28022 3285777.67
28023 3322349.17
28024 3360370.83
28025 3399636.67
28026 3439862.67
28027 3480680.83
28028 3521828.17
28029 3563517.00
28030 3605882.67
28031 3648739.33
28032 3691943.67
28033 3735368.50
28034 3779290.50
28035 3823971.08
28036 3869170.50
28037 3914587.50
28038 3960186.67
28039 4005996.33
28040 4051985.83
28041 4098093.67
28042 4144271.00
28043 4190586.83
28044 4237174.33
28045 7227965.68
28046 3075098.93
28047 3028927.93
28048 2982855.93
28049 2936947.93
28050 2891297.43
28051 2845939.10
28052 2801076.27
28053 2756650.27
28054 2712382.27
28055 2668281.43
28056 2624406.60
28057 2580706.60
28058 2537126.60
28059 2493717.77
28060 2450555.77
28061 2407658.27
28062 2364997.93
28063 2322564.27
28064 2280434.10
28065 2238595.60
28066 2197262.27
28067 2156532.10
28068 2116199.77
28069 2076235.60
28070 2036659.27
28071 1997627.77
28072 1959615.10
28073 1922580.43
28074 1886003.43
28075 1850327.60
28076 1815522.77
28077 1780999.43
28078 1747085.60
28079 1714250.60
28080 1682459.60
28081 1651465.60
28082 1622159.93
28083 1595841.35
28084 1572233.43
28085 1550097.43
28086 1528743.43
28087 1508211.68
28088 1489401.93
28089 1473399.43
28090 1459936.27
28091 1448468.93
28092 1438843.43
28093 1430600.60
28094 1423328.77
28095 1417034.93
28096 1412148.27
28097 1409170.60
28098 1407950.77
28099 1407943.77
28100 1409003.60
28101 1411228.43
28102 1414717.60
28103 1419384.27
28104 1425017.43
28105 1431744.27
28106 1440060.10
28107 1450042.93
28108 1461315.27
28109 1474275.10
28110 1489558.52
28111 1507394.93
28112 1527807.27
28113 1550270.27
28114 1573840.43
28115 1598003.77
28116 1623256.02
28117 1649961.93
28118 1678308.43
28119 1708289.60
28120 1739358.43
28121 1771089.10
28122 1803635.43
28123 1837358.93
28124 1872346.93
28125 1908427.35
28126 1945317.43
28127 1982893.10
28128 2020985.60
28129 2059386.18
28130 2098033.43
28131 2137097.10
28132 2176593.10
28133 2216336.93
28134 2256272.77
28135 2296395.10
28136 2336843.43
28137 2377674.77
28138 2418880.93
28139 2460621.10
28140 2502798.93
28141 2545262.77
28142 2588002.43
28143 2631010.60
28144 2674271.43
28145 2717912.10
28146 2762165.43
28147 2806905.10
28148 13512320.03
28149 11697220.10
28150 11690433.85
28151 11685342.27
28152 11682055.02
28153 11680494.60
28154 11680218.10
28155 11681010.60
28156 11682992.43
28157 11686417.77
28158 11691129.77
28159 11697036.43
28160 11704258.77
28161 11713298.60
28162 11724247.10
28163 11736571.60
28164 11750214.77
28165 11764923.10
28166 11780511.27
28167 11798027.60
28168 11817862.60
28169 11839414.77
28170 11862569.77
28171 11887280.27
28172 11913404.93
28173 16575652.47
28174 5959011.45
28175 5917447.12
28176 5876165.78
28177 5835159.12
28178 5794406.12
28179 5753999.95
28180 5714156.95
28181 5675112.95
28182 5636819.03
28183 5599147.62
28184 5562173.95
28185 5525962.78
28186 5490407.62
28187 5455320.45
28188 5420705.62
28189 5386915.12
28190 5354440.62
28191 5323361.28
28192 5293268.12
28193 5263810.95
28194 5235071.95
28195 5207203.45
28196 5180273.78
28197 5154546.12
28198 5129848.78
28199 5105795.95
28200 5082358.95
28201 5059725.45
28202 5039342.78
28203 5021460.78
28204 5005299.70
28205 4991506.12
28206 4980061.45
28207 4970861.95
28208 4965976.95
28209 4964740.95
28210 4965012.78
28211 4966677.12
28212 4969408.78
28213 4973485.45
28214 4979737.45
28215 4988234.78
28216 5000487.62
28217 5016000.78
28218 5032403.62
28219 5050126.62
28220 5069350.28
28221 5089626.95
28222 5110808.95
28223 5132717.95
28224 7136251.70
28225 2500438.33
28226 2464322.00
28227 2428649.17
28228 2393441.83
28229 2358713.75
28230 2324474.00
28231 2291003.00
28232 2258824.50
28233 2227748.67
28234 2197501.00
28235 2168376.67
28236 2140131.00
28237 2112514.67
28238 2085640.67
28239 2059679.00
28240 2034472.50
28241 2009722.00
28242 1986857.17
28243 1965990.33
28244 1946024.67
28245 1927182.17
28246 1909332.33
28247 1893472.00
28248 1879863.33
28249 1867463.33
28250 1856996.33
28251 1850100.00
28252 1846791.33
28253 1846129.67
28254 1847284.67
28255 1849536.33
28256 1853082.17
28257 1858183.83
28258 1865142.67
28259 1873849.33
28260 1884051.50
28261 1895583.17
28262 1908093.50
28263 1921617.50
28264 1936316.00
28265 1952619.17
28266 1970745.83
28267 1990570.33
28268 2012024.75
28269 2035245.83
28270 2062697.17
28271 2094288.00
28272 2127099.00
28273 2160504.00
28274 2196049.67
28275 2233720.33
28276 2271795.33
28277 2310256.33
28278 2349267.50
28279 2388699.00
28280 2428332.00
28281 2468158.00
28282 2508209.50
28283 2548582.50
28284 2589561.00
28285 2631206.33
28286 2673261.67
28287 2716096.67
28288 2759714.67
28289 2803651.83
28290 2847915.50
28291 2892452.67
28292 2937158.83
28293 2982006.83
28294 3027123.33
28295 3072480.33
28296 3117917.33
28297 8024023.78
28298 5542519.28
28299 5517450.62
28300 5493887.62
28301 5473726.12
28302 5456419.78
28303 5440347.12
28304 5425405.45
28305 5411572.45
28306 5399327.12
28307 5388929.95
28308 5380045.62
28309 5373026.95
28310 5368732.12
28311 5366896.12
28312 5366808.45
28313 5368396.45
28314 5371483.95
28315 5376836.62
28316 5384522.12
28317 5394038.45
28318 5405528.95
28319 5418274.28
28320 5432000.28
28321 5447273.45
28322 5465617.45
28323 5486566.95
28324 5508623.12
28325 5531593.12
28326 5555485.95
28327 5580354.78
28328 5605966.28
28329 5632389.28
28330 5659769.45
28331 5688337.12
28332 5718054.28
28333 5749160.12
28334 5781665.45
28335 5814955.45
28336 5849102.12
28337 5884080.12
28338 5919614.12
28339 5955722.28
28340 5992430.78
28341 6029644.12
28342 6067408.28
28343 6105798.95
28344 6144616.78
28345 6183712.45
28346 6223274.95
28347 6263284.78
28348 6303505.62
28349 27066435.17
28350 33087107.98
28351 14010883.75
28352 13972185.42
28353 13935474.92
28354 13900798.92
28355 13866576.42
28356 13833063.25
28357 13800206.58
28358 13767771.42
28359 13736064.25
28360 13705292.25
28361 13675195.75
28362 13645679.25
28363 13616878.92
28364 13588878.08
28365 13561724.08
28366 13535381.58
28367 13509891.42
28368 13485409.08
28369 13462221.42
28370 13440544.08
28371 13422839.08
28372 17900335.32
28373 11718457.33
28374 11678545.50
28375 11639030.33
28376 11599948.00
28377 11561417.00
28378 11523652.17
28379 11487272.67
28380 11452205.33
28381 11417743.33
28382 11383942.00
28383 11350857.00
28384 11319139.83
28385 11288925.67
28386 11259434.50
28387 11230949.50
28388 11204869.50
28389 11180924.00
28390 11157802.17
28391 11135304.83
28392 11113783.33
28393 11093639.17
28394 11075008.67
28395 13406297.23
28396 7093982.50
28397 7064377.00
28398 7035758.00
28399 7008244.50
28400 6982712.67
28401 6958946.83
28402 6936171.83
28403 6914303.83
28404 6893252.50
28405 6873710.67
28406 6855819.83
28407 6839534.25
28408 6825410.83
28409 6814800.33
28410 6808368.50
28411 6804582.83
28412 6802358.67
28413 6801432.83
28414 6801767.33
28415 9077022.33
28416 5516332.82
28417 5469829.15
28418 5423529.98
28419 5377419.48
28420 5331599.15
28421 5286154.48
28422 5241081.65
28423 5196292.65
28424 5151745.82
28425 5107717.65
28426 5064354.65
28427 5021657.98
28428 4980004.98
28429 4939535.82
28430 4899840.07
28431 4860724.82
28432 4822166.15
28433 4785610.32
28434 4752970.48
28435 4722984.32
28436 4693921.98
28437 4665602.98
28438 4638170.57
28439 4611639.32
28440 4586158.15
28441 5252012.82
28442 1688685.75
28443 1659131.25
28444 1630698.75
28445 1603323.08
28446 1576997.08
28447 1551632.08
28448 1527389.42
28449 1504386.08
28450 1482991.25
28451 1463651.25
28452 1445949.08
28453 1430222.08
28454 1416984.92
28455 1405833.08
28456 1396469.25
28457 1388666.25
28458 1382287.08
28459 1377234.08
28460 1373524.25
28461 1371930.50
28462 1372677.08
28463 1375322.42
28464 1379931.08
28465 1387287.25
28466 1397072.25
28467 1408142.25
28468 1420402.92
28469 1433974.42
28470 1449065.92
28471 1465337.67
28472 1483185.42
28473 1503438.08
28474 1525446.75
28475 1548301.08
28476 1572347.92
28477 1597730.25
28478 1623729.75
28479 1650541.58
28480 1678633.33
28481 1709924.75
28482 1743970.08
28483 1778641.33
28484 1814241.92
28485 1850781.42
28486 1888027.08
28487 1925994.50
28488 1964823.25
28489 2004296.58
28490 2044151.08
28491 2084406.25
28492 2125269.75
28493 2166805.75
28494 2208876.92
28495 2251326.25
28496 2294001.25
28497 2337069.92
28498 2380515.42
28499 2424147.75
28500 2467992.08
28501 2512028.42
28502 2556258.75
28503 2600770.58
28504 2645518.92
28505 4441172.17
28506 1800704.58
28507 1757162.58
28508 1713771.58
28509 1670797.83
28510 1628912.47
28511 1588436.02
28512 1550728.88
28513 1515867.08
28514 1482341.75
28515 1449756.25
28516 1417842.50
28517 1386722.25
28518 1356497.08
28519 1327045.92
28520 1298214.92
28521 1269999.42
28522 1242487.92
28523 1215795.33
28524 1190015.42
28525 1166413.75
28526 1144950.75
28527 1124530.08
28528 1105307.42
28529 1087378.92
28530 1071383.17
28531 1057001.75
28532 1043677.92
28533 1031714.42
28534 1021351.08
28535 1013562.75
28536 1008389.08
28537 1005096.42
28538 1003783.75
28539 1004047.25
28540 1005546.42
28541 1009304.33
28542 1016085.33
28543 1025107.58
28544 1035627.92
28545 1047825.25
28546 1062564.25
28547 1079714.92
28548 1098107.42
28549 1117307.58
28550 1137336.58
28551 1158779.42
28552 1182069.75
28553 1206680.58
28554 1232123.92
28555 1258810.25
28556 1286687.42
28557 1316201.25
28558 1348048.67
28559 1382032.92
28560 1417523.25
28561 1453978.50
28562 1491611.75
28563 1530061.25
28564 1569048.92
28565 1609010.25
28566 1649962.58
28567 1691521.92
28568 1733548.25
28569 1776004.08
28570 1818822.92
28571 1861882.75
28572 1905230.75
28573 1948976.42
28574 1993876.67
28575 2040586.25
28576 2088178.58
28577 5859786.35
28578 3984290.60
28579 3951168.52
28580 3918797.77
28581 3887057.93
28582 3855922.93
28583 3825903.18
28584 3798688.93
28585 3774096.77
28586 3750412.60
28587 3727592.93
28588 3709033.77
28589 3694669.77
28590 3681583.10
28591 3670047.60
28592 3659894.43
28593 3651534.77
28594 3645909.27
28595 3642869.60
28596 3641747.60
28597 3642269.60
28598 3644079.77
28599 3647322.93
28600 3652280.60
28601 3659083.77
28602 3668629.60
28603 3682549.43
28604 3699574.27
28605 3717827.10
28606 3738265.10
28607 6574191.12
28608 3575304.62
28609 3552461.78
28610 3531059.12
28611 3511251.62
28612 3493205.78
28613 3476955.45
28614 3462083.62
28615 3448175.28
28616 3435170.45
28617 3423491.45
28618 3413349.28
28619 3404607.95
28620 3397305.28
28621 3391365.28
28622 3386595.62
28623 3383088.95
28624 3381380.87
28625 3381501.78
28626 3383331.78
28627 3387327.78
28628 3393081.78
28629 3400582.95
28630 3410405.78
28631 3422032.78
28632 3435045.45
28633 3449335.78
28634 3464616.45
28635 3480794.45
28636 3498603.03
28637 3518668.28
28638 3540624.62
28639 3563969.95
28640 3588268.95
28641 3613489.97
28642 3639856.65
28643 3667060.48
28644 3695195.32
28645 3724348.65
28646 3754111.82
28647 3784586.90
28648 3816122.65
28649 3849029.40
28650 3883200.98
28651 3918076.65
28652 3953422.32
28653 3989404.90
28654 4026225.62
28655 4063888.08
28656 4102246.58
28657 4141317.58
28658 8786922.38
28659 5772659.12
28660 5744390.45
28661 5717448.87
28662 5691250.45
28663 5665771.95
28664 5641236.28
28665 5618038.28
28666 5596548.12
28667 5576450.20
28668 5557641.78
28669 5540291.62
28670 5524201.78
28671 5509472.62
28672 5496425.78
28673 5486019.28
28674 5478479.28
28675 5473220.28
28676 5470428.45
28677 5469968.45
28678 5471105.12
28679 5473460.28
28680 5477248.78
28681 5482688.12
28682 5489470.28
28683 5497597.78
28684 5507099.95
28685 5517913.28
28686 5530726.45
28687 5546024.28
28688 5563613.28
28689 5583715.87
28690 5606704.95
28691 5632217.12
28692 5659293.62
28693 5687271.78
28694 5716134.62
28695 5745674.28
28696 5775824.28
28697 5806845.20
28698 5838872.03
28699 5871812.12
28700 5905406.95
28701 5939686.28
28702 5974688.12
28703 6010308.12
28704 6046533.12
28705 6083343.45
28706 6120878.28
28707 6159261.28
28708 6198364.45
28709 6237937.95
28710 6277896.45
28711 24230302.37
28712 21795189.30
28713 21812738.63
28714 21831441.63
28715 21851653.13
28716 21873422.80
28717 31568104.12
28718 13833596.72
28719 13791410.05
28720 13750071.38
28721 14372094.63
28722 8289032.45
28723 8245976.78
28724 8568978.45
28725 3226502.25
28726 3182043.75
28727 3137957.58
28728 3094439.25
28729 3051362.08
28730 3008850.25
28731 2967463.42
28732 2927224.17
28733 2887848.25
28734 2849101.42
28735 2810663.42
28736 2772498.25
28737 2734641.08
28738 2697223.58
28739 2660961.58
28740 2626329.58
28741 2593040.25
28742 2560802.58
28743 2529864.92
28744 2500338.92
28745 2471707.92
28746 2443642.25
28747 2416175.08
28748 2389594.25
28749 2364671.42
28750 2341216.58
28751 2318586.92
28752 2297036.75
28753 2276605.25
28754 2257251.42
28755 2239466.58
28756 2223413.75
28757 2208756.92
28758 2195456.92
28759 2183557.25
28760 2173712.75
28761 2166376.25
28762 2162034.33
28763 2160691.92
28764 2161085.42
28765 2164202.92
28766 2170242.00
28767 2177942.92
28768 2187991.92
28769 2200423.25
28770 2214314.17
28771 2229159.75
28772 2244689.58
28773 2260836.75
28774 2277870.58
28775 2296165.58
28776 2315813.75
28777 2336884.58
28778 2359863.42
28779 2384753.58
28780 2410904.92
28781 2437804.25
28782 2465314.08
28783 2493427.92
28784 2522217.75
28785 2552063.75
28786 2583390.92
28787 2615818.75
28788 2649019.58
28789 2683216.42
28790 2718439.58
28791 2754470.25
28792 2791033.92
28793 2827984.75
28794 2865295.75
28795 2903357.08
28796 2942933.83
28797 2984422.25
28798 3027136.08
28799 3070223.25
28800 3113619.08
28801 3157494.75
28802 3201685.75
28803 3246069.42
28804 3290732.75
28805 3335647.42
28806 3380780.08
28807 3426089.92
28808 3471535.75
28809 3517110.42
28810 3562794.92
28811 3608578.58
28812 3654450.42
28813 3700409.08
28814 3746462.08
28815 3792595.08
28816 3838796.08
28817 3885142.08
28818 7933021.40
28819 4088824.32
28820 4039586.32
28821 3990356.32
28822 3941134.32
28823 3891920.32
28824 3842714.32
28825 3793516.32
28826 3744326.32
28827 3695163.32
28828 3646084.82
28829 3597073.82
28830 3548074.82
28831 3499087.82
28832 3450112.82
28833 3401149.82
28834 3352291.82
28835 3303540.82
28836 3254852.65
28837 3206465.32
28838 3158361.15
28839 3110310.15
28840 3062298.15
28841 3014328.15
28842 2966434.65
28843 2918667.15
28844 2870988.15
28845 2823349.15
28846 2775863.32
28847 2728649.48
28848 2681600.48
28849 2634603.48
28850 2587686.48
28851 2540894.32
28852 2494231.48
28853 2447709.15
28854 2401509.98
28855 2355665.65
28856 2310014.82
28857 2264802.65
28858 2220095.98
28859 2175601.48
28860 2131226.48
28861 2086959.48
28862 2042800.48
28863 1998887.23
28864 1955606.98
28865 1913181.82
28866 1871392.82
28867 1830017.32
28868 1788944.98
28869 1748062.65
28870 1707520.65
28871 1667690.65
28872 1628712.15
28873 1591571.23
28874 1558192.65
28875 1528690.65
28876 1501212.82
28877 1474576.98
28878 1448588.32
28879 1423806.35
28880 1400807.80
28881 1378935.30
28882 1357834.63
28883 1337867.30
28884 1319829.63
28885 1304125.13
28886 1290368.80
28887 1278335.13
28888 1267837.30
28889 1258643.30
28890 1250946.80
28891 1244975.30
28892 1240230.47
28893 1236476.47
28894 1234054.87
28895 1233267.35
28896 1234158.85
28897 1236802.18
28898 1240827.18
28899 1246263.18
28900 1253983.02
28901 1263801.85
28902 1275699.35
28903 1290361.35
28904 1307142.68
28905 1325339.52
28906 1345498.85
28907 1367956.02
28908 1392243.35
28909 1417916.35
28910 1444990.77
28911 1473588.68
28912 1503722.02
28913 1535171.02
28914 1567672.68
28915 1601256.35
28916 1636255.68
28917 1672406.02
28918 1709051.35
28919 1746129.85
28920 1783711.85
28921 1821796.68
28922 1860420.52
28923 1899743.85
28924 1939960.35
28925 1981276.52
28926 2023902.35
28927 2067460.85
28928 6676743.58
28929 5537867.68
28930 5528657.02
28931 5521011.02
28932 5515223.35
28933 5511293.85
28934 5508890.85
28935 7557067.85
28936 4183002.32
28937 4172870.48
28938 4164451.15
28939 4157149.98
28940 4150970.82
28941 4145970.32
28942 4141858.73
28943 4138823.65
28944 4136830.15
28945 4135975.15
28946 4137245.48
28947 4142546.82
28948 4152628.98
28949 4165368.82
28950 4179238.65
28951 4194448.15
28952 4210932.82
28953 4228495.82
28954 4247017.98
28955 4266597.32
28956 4287389.48
28957 4309600.15
28958 4333314.40
28959 4358531.65
28960 4384971.15
28961 4412923.15
28962 4443136.48
28963 4475436.07
28964 4509357.98
28965 4544750.32
28966 4581255.65
28967 4618387.15
28968 4656005.82
28969 4694147.15
28970 4732885.98
28971 4772490.98
28972 4812897.23
28973 4853833.65
28974 4895243.48
28975 4937158.15
28976 4979846.98
28977 5023152.32
28978 5066648.82
28979 5110392.32
28980 5154468.82
28981 5198850.82
28982 5243682.32
28983 5289015.48
28984 5334784.82
28985 5380898.65
28986 5427187.32
28987 5473577.48
28988 5520105.82
28989 5566784.98
28990 5613550.98
28991 15843329.37
28992 12071694.63
28993 12056162.30
28994 12041637.80
28995 12028333.30
28996 12016977.47
28997 12007694.30
28998 12000265.47
28999 13351218.80
29000 7337707.18
29001 7307342.18
29002 7278269.35
29003 7250376.18
29004 7223348.68
29005 7197610.52
29006 7173300.18
29007 7150086.85
29008 7127963.35
29009 7107242.52
29010 7088047.02
29011 7070572.18
29012 7055303.68
29013 7041630.35
29014 7028964.85
29015 7018210.52
29016 7010366.85
29017 7005031.02
29018 7001383.52
29019 6998846.02
29020 6997736.18
29021 6998064.85
29022 6999620.02
29023 7002446.85
29024 7007065.18
29025 7013623.52
29026 7021224.02
29027 7029648.52
29028 7039082.68
29029 7049626.02
29030 7061528.02
29031 7075063.02
29032 7090037.02
29033 7105985.52
29034 7122687.35
29035 10506463.85
29036 4835433.50
29037 4797372.67
29038 4759866.00
29039 4723050.50
29040 4687372.50
29041 4652641.50
29042 4618798.50
29043 4585813.00
29044 4553450.50
29045 4522099.00
29046 4491723.67
29047 4462034.83
29048 4433073.17
29049 4405198.50
29050 4378981.83
29051 4354145.00
29052 4330143.17
29053 4306865.33
29054 4284418.00
29055 4263233.83
29056 4244133.00
29057 4227420.75
29058 4212738.17
29059 4200346.00
29060 4190449.00
29061 4183499.50
29062 4179531.33
29063 4178053.67
29064 4180146.83
29065 4185794.00
29066 4194097.67
29067 4204580.67
29068 4216795.33
29069 4230519.50
29070 4245356.17
29071 4261305.83
29072 4278490.83
29073 4297087.92
29074 4316945.83
29075 4337737.33
29076 4359302.00
29077 4381666.17
29078 4404895.17
29079 4428956.67
29080 4453923.50
29081 4479930.67
29082 6123650.17
29083 2100757.33
29084 2059073.33
29085 2017687.00
29086 1976704.00
29087 1936289.00
29088 1896916.50
29089 1859301.33
29090 1823233.17
29091 1787874.00
29092 1753028.50
29093 1718711.50
29094 1684972.42
29095 1651997.75
29096 1620197.00
29097 1589488.00
29098 1559426.17
29099 1530141.83
29100 1501560.83
29101 1473555.00
29102 1446801.00
29103 1421321.33
29104 1396521.83
29105 1373124.17
29106 1351912.50
29107 1332255.50
29108 1313684.17
29109 1296420.33
29110 1280472.83
29111 1265867.00
29112 1253079.83
29113 1243365.50
29114 1236814.17
29115 1232332.17
29116 1229149.50
29117 1226973.50
29118 1226833.83
29119 1230128.50
29120 1237315.67
29121 1247187.00
29122 1258677.67
29123 1271851.83
29124 1286511.00
29125 1302419.50
29126 1319379.17
29127 1338025.08
29128 1358962.33
29129 1382964.50
29130 1410383.67
29131 1440160.50
29132 1471263.17
29133 1502983.83
29134 1535357.50
29135 1568493.50
29136 1602137.00
29137 1636151.00
29138 1670584.83
29139 1705553.33
29140 1740979.00
29141 1776996.00
29142 1813918.67
29143 1851564.50
29144 1889631.17
29145 1928367.33
29146 1968122.83
29147 2008885.00
29148 2050347.67
29149 2092271.00
29150 2134530.50
29151 2176956.67
29152 2219584.50
29153 2262669.83
29154 2306231.00
29155 2350019.00
29156 2393965.00
29157 2438150.50
29158 2482727.83
29159 2527740.17
29160 2573040.67
29161 2618468.17
29162 2664019.17
29163 2709787.33
29164 2755803.50
29165 2801996.00
29166 2848376.50
29167 2895182.17
29168 2942590.33
29169 2990341.83
29170 3038167.83
29171 3086043.83
29172 3134068.33
29173 3182382.17
29174 3231123.50
29175 11400888.08
29176 8748010.92
29177 8726276.42
29178 8707051.75
29179 8689292.42
29180 8672284.25
29181 8657211.08
29182 8644478.25
29183 8633192.08
29184 8623645.58
29185 8615873.58
29186 8609992.92
29187 8606197.25
29188 8604939.75
29189 8606210.75
29190 8608793.58
29191 8612244.75
29192 8616903.08
29193 8622809.25
29194 8629835.92
29195 8638075.75
29196 8647502.42
29197 8658276.08
29198 8670253.75
29199 8683524.58
29200 13505344.45
29201 8351286.53
29202 8331674.87
29203 8314055.20
29204 8297646.87
29205 8282055.20
29206 8267640.53
29207 8255555.20
29208 8245582.20
29209 8236853.03
29210 8229279.70
29211 8222736.70
29212 8217252.70
29213 8212887.87
29214 8209764.37
29215 8207987.45
29216 8208014.53
29217 8209858.53
29218 8213148.70
29219 8217813.03
29220 8223800.37
29221 8231071.03
29222 8240133.03
29223 8251043.87
29224 8263819.37
29225 8278969.53
29226 8296154.53
29227 8314819.70
29228 8334833.78
29229 8356468.53
29230 10569293.98
29231 2699464.97
29232 2650063.80
29233 2600928.47
29234 2552332.47
29235 2504073.13
29236 2455957.13
29237 2408076.13
29238 2360522.13
29239 2313287.47
29240 2266223.30
29241 2219405.80
29242 2173092.63
29243 2127191.97
29244 2081449.97
29245 2035787.97
29246 1990205.97
29247 1944728.97
29248 1899358.97
29249 1854088.13
29250 1809009.30
29251 1764159.80
29252 1719701.88
29253 1676326.63
29254 1633888.47
29255 1591829.30
29256 1550113.80
29257 1508694.30
29258 1467648.47
29259 1426964.13
29260 1386553.80
29261 1346363.97
29262 1306396.63
29263 1268543.47
29264 1235018.80
29265 1204638.13
29266 1176174.30
29267 1150185.53
29268 1127124.60
29269 1106679.77
29270 1088543.10
29271 1072265.93
29272 1057028.10
29273 1042715.43
29274 1029824.35
29275 1018454.02
29276 1008600.52
29277 1000300.68
29278 993156.35
29279 986996.35
29280 981878.02
29281 977937.27
29282 974935.77
29283 972710.93
29284 971470.18
29285 971531.35
29286 973380.02
29287 977068.18
29288 982330.07
29289 988964.70
29290 996686.53
29291 1005461.03
29292 1016365.03
29293 1029892.70
29294 1045039.03
29295 1061220.87
29296 1079043.87
29297 1098659.20
29298 1120290.20
29299 1143722.37
29300 1168028.03
29301 1193349.87
29302 1219585.87
29303 1246785.45
29304 1275259.78
29305 1304952.53
29306 1336299.87
29307 1369069.20
29308 1402326.20
29309 1436081.03
29310 1470518.37
29311 1505633.70
29312 1541721.03
29313 1578750.87
29314 1616831.53
29315 1656025.28
29316 1695883.53
29317 1736362.53
29318 1777262.03
29319 1818432.20
29320 1860108.53
29321 1902256.87
29322 1944868.45
29323 1988147.03
29324 2032013.70
29325 2076295.20
29326 2120839.87
29327 2165641.53
29328 2210824.03
29329 2256337.20
29330 2302142.53
29331 2348434.03
29332 2395263.87
29333 2442401.37
29334 2489709.87
29335 2537155.87
29336 2584940.53
29337 2633128.20
29338 2681477.20
29339 2729896.20
29340 2778513.20
29341 5664731.92
29342 2885990.72
29343 2839365.00
29344 2792918.62
29345 2746653.12
29346 2700480.78
29347 2654656.45
29348 2609248.62
29349 2564034.78
29350 2518963.78
29351 2474006.28
29352 2429299.95
29353 2384979.12
29354 2341036.37
29355 2297733.95
29356 2255031.95
29357 2212539.62
29358 2170179.28
29359 2128257.45
29360 2087715.12
29361 2049659.95
29362 2014432.62
29363 1981376.28
29364 1949925.28
29365 1920142.18
29366 1892250.08
29367 1866354.42
29368 1842377.25
29369 1820154.92
29370 1799438.75
29371 1780386.08
29372 1763040.33
29373 1747447.25
29374 1734301.75
29375 1723415.25
29376 1713971.08
29377 1706172.58
29378 1700812.58
29379 1697804.58
29380 1696666.50
29381 1697505.92
29382 1700969.75
29383 1706793.75
29384 1714662.42
29385 1724335.08
29386 1735177.92
29387 1747275.92
29388 1760834.42
29389 1776368.25
29390 1794042.50
29391 1813344.75
29392 1833809.08
29393 1855366.58
29394 1877998.92
29395 1901682.75
29396 1926738.42
29397 1953022.58
29398 1980127.75
29399 2007906.25
29400 2036439.25
29401 2066715.92
29402 2099692.92
29403 2134843.58
29404 2171030.42
29405 2209154.42
29406 2249118.08
29407 2289620.92
29408 2330675.08
29409 6336337.45
29410 4196568.53
29411 4162496.70
29412 4128933.20
29413 4096369.37
29414 4065059.20
29415 4034424.37
29416 4004228.37
29417 3974540.53
29418 3945439.53
29419 3917538.03
29420 3891853.37
29421 3868084.37
29422 3845266.87
29423 3823269.78
29424 3802615.53
29425 3783543.87
29426 3765652.20
29427 3748959.95
29428 3733878.70
29429 3720615.87
29430 3709353.37
29431 3700373.03
29432 3694011.53
29433 3690527.20
29434 3690348.87
29435 3693223.28
29436 3698376.53
29437 3706430.78
29438 3717845.70
29439 3732091.37
29440 3749213.03
29441 3769570.53
29442 3792362.53
29443 3816766.03
29444 3842528.87
29445 3869143.70
29446 3896484.87
29447 3924682.20
29448 3953740.53
29449 3983847.70
29450 4016190.37
29451 4050490.87
29452 11115292.38
29453 8118958.35
29454 8100795.52
29455 8084341.85
29456 8069554.68
29457 8056114.60
29458 8043805.85
29459 8032649.35
29460 8022657.18
29461 8013789.52
29462 8006119.85
29463 7999726.35
29464 7994539.85
29465 7991841.52
29466 7991974.43
29467 7993787.35
29468 7996989.18
29469 8001860.68
29470 8008358.93
29471 8016147.68
29472 8025428.02
29473 8036850.85
29474 8050796.52
29475 8066503.35
29476 8083464.52
29477 8101730.52
29478 8121214.77
29479 8143176.52
29480 8167670.18
29481 8193304.18
29482 8220702.18
29483 8250476.68
29484 8281542.68
29485 15326931.42
29486 8997875.68
29487 8978571.18
29488 8960659.02
29489 8945017.68
29490 8931379.68
29491 8918997.35
29492 8908277.85
29493 8899450.18
29494 8891829.85
29495 8885175.35
29496 8879752.85
29497 8875956.52
29498 8874220.85
29499 8875162.35
29500 8879422.52
29501 8887069.02
29502 8896953.52
29503 8907906.85
29504 8919900.68
29505 8932866.02
29506 8946898.02
29507 8962448.35
29508 8979970.52
29509 8999918.85
29510 9022222.18
29511 9046285.52
29512 9071494.68
29513 9097670.02
29514 9124885.68
29515 9153136.85
29516 9182650.35
29517 12846473.68
29518 4621258.17
29519 4577349.67
29520 4533659.00
29521 4490180.83
29522 4447031.83
29523 4404268.67
29524 4362348.50
29525 4322025.33
29526 4282915.67
29527 4244290.67
29528 4206285.33
29529 4169179.33
29530 4132915.83
29531 4097318.33
29532 4062333.67
29533 4027880.67
29534 3993926.00
29535 3960577.67
29536 3928306.00
29537 3897912.83
29538 3869196.67
29539 3841300.00
29540 3814709.00
29541 3790614.83
29542 3770014.75
29543 3752327.00
29544 3736015.50
29545 3720744.00
29546 3706708.17
29547 3693700.17
29548 3681456.00
29549 3670741.92
29550 3662081.83
29551 3655931.25
29552 3652473.50
29553 3650796.50
29554 3650875.83
29555 3652979.67
29556 3656727.33
29557 3661703.83
29558 3667850.33
29559 3675527.83
29560 3685081.67
29561 3696240.50
29562 3708604.17
29563 3721989.75
29564 3736809.50
29565 3753393.42
29566 3771646.75
29567 3791227.67
29568 3811742.83
29569 3833537.17
29570 3857149.00
29571 3882332.00
29572 3908726.50
29573 3936662.50
29574 3965920.33
29575 3996170.33
29576 4027533.17
29577 4059689.00
29578 4092202.67
29579 10300410.70
29580 8446092.87
29581 8435641.70
29582 8426667.37
29583 8419527.95
29584 8415142.20
29585 8413099.37
29586 8412330.53
29587 8412619.20
29588 8413897.37
29589 8416181.53
29590 8420866.70
29591 10158795.95
29592 2630519.50
29593 2588744.17
29594 2547881.92
29595 2507594.42
29596 2468139.75
29597 2429899.25
29598 2393551.42
29599 2358863.08
29600 2324761.42
29601 2291524.58
29602 2259136.92
29603 2227159.92
29604 2195752.25
29605 2165402.15
29606 2136458.05
29607 2109167.72
29608 2083862.63
29609 2060936.22
29610 2040090.88
29611 2020343.55
29612 2001153.38
29613 1982693.22
29614 1965108.38
29615 1948911.22
29616 1934554.22
29617 1921466.22
29618 1909729.72
29619 1900243.38
29620 1893698.05
29621 1889472.05
29622 1886651.22
29623 1885528.30
29624 1886507.22
29625 1889480.22
29626 1893998.72
29627 1899850.55
29628 1907803.22
29629 1918161.05
29630 1930837.72
29631 1945633.88
29632 1961876.05
29633 1979775.72
29634 1999970.88
29635 2022173.05
29636 2045663.88
29637 2070742.05
29638 2097711.72
29639 2125769.88
29640 2154500.55
29641 2184350.05
29642 2215232.05
29643 2246658.05
29644 2278537.55
29645 2310823.55
29646 2343734.05
29647 2377851.30
29648 2413253.72
29649 2449382.38
29650 2485949.88
29651 2522921.55
29652 2560208.38
29653 2598397.05
29654 2638039.22
29655 2678613.72
29656 2719627.38
29657 2761250.88
29658 2803393.38
29659 2845782.05
29660 2888566.05
29661 2931735.72
29662 2975223.72
29663 3019130.88
29664 3063459.22
29665 3108342.22
29666 9061655.00
29667 7682024.32
29668 7694011.48
29669 7708036.48
29670 7723932.65
29671 7741251.82
29672 7759664.65
29673 7779298.48
29674 7799966.82
29675 9625863.65
29676 2429044.58
29677 2381988.08
29678 2335085.08
29679 2288508.33
29680 2242445.42
29681 2196883.08
29682 2151619.08
29683 2106503.08
29684 2061707.08
29685 2018826.25
29686 1978205.25
29687 1938341.25
29688 1898862.75
29689 1859874.58
29690 1821928.75
29691 1785263.08
29692 1749548.42
29693 1714593.25
29694 1680198.42
29695 1646559.75
29696 1613769.25
29697 1581598.42
29698 1550186.25
29699 1519572.92
29700 1490438.08
29701 1462934.75
29702 1436580.67
29703 1411294.58
29704 1386760.75
29705 1363522.92
29706 1341842.75
29707 1321821.58
29708 1304185.58
29709 1288181.75
29710 1272994.92
29711 1259206.75
29712 1247489.25
29713 1237421.58
29714 1228641.42
29715 1221354.75
29716 1217315.08
29717 1217184.42
29718 1218787.42
29719 1221636.75
29720 1226454.58
29721 1233842.58
29722 1243917.25
29723 1257173.58
29724 1273207.08
29725 1290800.08
29726 1309858.25
29727 1330368.17
29728 1352078.08
29729 1374858.92
29730 1399633.92
29731 1426895.67
29732 1456268.08
29733 1486934.58
29734 1519332.08
29735 1553592.42
29736 1588584.75
29737 1625342.42
29738 1664227.75
29739 1704351.08
29740 1745213.42
29741 1786406.75
29742 1828059.08
29743 1870243.42
29744 1912756.42
29745 4112963.58
29746 2238143.83
29747 2191516.67
29748 2145043.67
29749 2098638.67
29750 2052301.67
29751 2006039.67
29752 1959943.17
29753 1914224.67
29754 1868967.33
29755 1824050.00
29756 1779313.00
29757 1735100.67
29758 1692223.17
29759 1650888.17
29760 1610595.83
29761 1571191.17
29762 1532625.83
29763 1494847.83
29764 1458113.83
29765 1422169.00
29766 1387441.00
29767 1354620.00
29768 1324189.33
29769 1298210.50
29770 1276158.50
29771 1255867.67
29772 1238434.67
29773 1224553.83
29774 1213206.08
29775 1203861.83
29776 1197033.67
29777 1192611.33
29778 1189480.33
29779 1187540.83
29780 1186756.83
29781 1186750.33
29782 1187659.00
29783 1189816.50
29784 1193411.17
29785 1198953.33
29786 1206848.83
29787 1216357.00
29788 1226650.50
29789 1237647.83
29790 1249388.83
29791 1261932.00
29792 1275529.67
29793 1290227.67
29794 1305783.00
29795 1322008.00
29796 1339155.67
29797 1357911.33
29798 1378256.50
29799 1399886.83
29800 1422736.17
29801 1447230.33
29802 1474937.50
29803 1506161.50
29804 1539228.17
29805 1573299.83
29806 1608645.33
29807 1645244.83
29808 1683826.67
29809 3734094.20
29810 2657356.70
29811 2644034.03
29812 2632114.03
29813 2621640.87
29814 2612549.70
29815 2604170.20
29816 2597279.20
29817 2593062.70
29818 2591021.37
29819 2590571.20
29820 2591558.37
29821 2593885.37
29822 2597968.20
29823 2604048.53
29824 2612046.70
29825 2621599.70
29826 2632782.87
29827 2645909.70
29828 2660854.87
29829 2677662.20
29830 2697299.87
29831 2719305.03
29832 2742752.37
29833 2767986.20
29834 2794508.37
29835 2821894.87
29836 2850106.87
29837 2878877.37
29838 2908261.37
29839 2938428.03
29840 2969264.37
29841 3000826.87
29842 3033310.70
29843 3066690.37
29844 3100654.37
29845 3134983.87
29846 3169886.20
29847 5874538.18
29848 2901060.43
29849 2856801.68
29850 2813099.02
29851 2770029.02
29852 2727377.93
29853 2685150.18
29854 2643538.52
29855 2602605.02
29856 2562307.18
29857 2522976.27
29858 2484711.52
29859 2447167.27
29860 2410218.52
29861 2374203.18
29862 2339281.18
29863 2305946.83
29864 2274786.98
29865 2246261.48
29866 2220341.48
29867 2195956.32
29868 2173123.48
29869 2152122.32
29870 2132407.32
29871 2113744.98
29872 2096412.57
29873 2080167.82
29874 2065314.65
29875 2052081.82
29876 2040384.73
29877 2030533.65
29878 2022002.82
29879 2014432.32
29880 2008846.15
29881 2006040.32
29882 2005344.48
29883 2006244.82
29884 2008620.32
29885 2012410.82
29886 2017707.48
29887 2024520.65
29888 2033187.98
29889 2044207.65
29890 2057041.98
29891 2070842.98
29892 2085555.98
29893 2101538.98
29894 2119070.65
29895 2137752.65
29896 2157137.82
29897 2177712.15
29898 2199420.98
29899 2222053.32
29900 2245728.98
29901 2270431.57
29902 2296202.48
29903 2322919.82
29904 2350933.15
29905 2380233.65
29906 2410410.98
29907 2441314.57
29908 2472762.65
29909 2504742.98
29910 2537796.82
29911 2572140.98
29912 2608721.65
29913 6607048.97
29914 5710585.38
29915 5724547.05
29916 5740373.22
29917 5757498.55
29918 5775561.22
29919 5795653.63
29920 5817979.38
29921 5841474.22
29922 5866145.72
29923 5892241.72
29924 5919162.55
29925 5947104.72
29926 5976226.72
29927 6006029.22
29928 11367878.62
29929 9875584.28
29930 9904936.12
29931 9935264.78
29932 9966159.62
29933 9997729.78
29934 10030316.12
29935 10063937.78
29936 10098106.45
29937 10132780.45
29938 10168026.95
29939 10204060.45
29940 10241076.78
29941 10278860.45
29942 10317060.62
29943 10355708.95
29944 10395283.03
29945 10436270.12
29946 10478561.78
29947 10521802.45
29948 10565665.62
29949 10609769.12
29950 10653979.62
29951 10698408.95
29952 10743869.45
29953 10790268.12
29954 10836776.62
29955 10883344.62
29956 10930067.62
29957 10977021.62
29958 11024120.62
29959 14907166.87
29960 3909887.92
29961 3860106.92
29962 3810325.92
29963 3760544.92
29964 3710763.92
29965 3660982.92
29966 3611201.92
29967 3561420.92
29968 3511639.92
29969 3461858.92
29970 3412077.92
29971 3362296.92
29972 3312515.92
29973 3262734.92
29974 3212953.92
29975 3163172.92
29976 3113391.92
29977 3063610.92
29978 3013829.92
29979 2964048.92
29980 2914267.92
29981 2864486.92
29982 2814705.92
29983 2764924.92
29984 2715143.92
29985 2665362.92
29986 2615581.92
29987 2565940.42
29988 2517159.92
29989 2469114.92
29990 2421097.92
29991 2373117.42
29992 2325220.92
29993 2277401.92
29994 2229614.92
29995 2181859.92
29996 2134175.42
29997 2086579.92
29998 2039036.92
29999 1991548.25
30000 1944134.08
30001 1896778.08
30002 1849462.08
30003 1802186.08
30004 1754950.42
30005 1707769.92
30006 1663482.42
30007 1622191.75
30008 1581159.58
30009 1540553.75
30010 1500457.42
30011 1461146.25
30012 1423065.42
30013 1386175.75
30014 1350260.08
30015 1315499.58
30016 1281717.92
30017 1248671.58
30018 1216554.92
30019 1185187.00
30020 1154416.25
30021 1124179.58
30022 1094476.08
30023 1065713.75
30024 1038081.25
30025 1011466.58
30026 986039.58
30027 961669.58
30028 938085.42
30029 915974.75
30030 895528.75
30031 876283.92
30032 858407.25
30033 844997.08
30034 836534.92
30035 830289.92
30036 825724.25
30037 822322.08
30038 819958.58
30039 818540.42
30040 818016.75
30041 818586.92
30042 820276.58
30043 823412.58
30044 828408.42
30045 835578.08
30046 844861.58
30047 855813.42
30048 868239.08
30049 882012.08
30050 896929.42
30051 913197.58
30052 931032.75
30053 950958.92
30054 972983.92
30055 997445.58
30056 1024108.25
30057 1051651.75
30058 1079877.42
30059 1108813.42
30060 1138450.25
30061 1168707.42
30062 1199633.58
30063 1231080.75
30064 1262931.08
30065 1295310.08
30066 1334366.92
30067 1380714.92
30068 1428850.08
30069 1478232.08
30070 1528013.08
30071 1577794.08
30072 1627575.08
30073 1677356.08
30074 1727137.08
30075 1776918.08
30076 1826699.08
30077 1876480.08
30078 1926261.08
30079 1976042.08
30080 2025823.08
30081 2075604.08
30082 2125385.08
30083 2175166.08
30084 2224947.08
30085 2274728.08
30086 2324509.08
30087 2374290.08
30088 2424071.08
30089 2473852.08
30090 2523633.08
30091 2573414.08
30092 2623195.08
30093 2672976.08
30094 2722757.08
30095 2772538.08
30096 6841406.25
30097 4052790.75
30098 4005253.25
30099 3957759.75
30100 3910345.58
30101 3863115.75
30102 3816110.08
30103 3769245.08
30104 3722496.17
30105 3676085.25
30106 3630362.08
30107 3585387.25
30108 3540863.08
30109 3496560.08
30110 3452433.08
30111 3408565.08
30112 3365110.58
30113 3322049.92
30114 3279525.25
30115 3238047.42
30116 3198112.42
30117 3160132.42
30118 3123814.58
30119 3088488.92
30120 3053811.75
30121 3019591.25
30122 2985832.25
30123 2952529.58
30124 2919862.75
30125 2888167.92
30126 2857357.58
30127 2827245.75
30128 2798200.58
30129 2770585.92
30130 2744281.08
30131 2719516.92
30132 2696369.92
30133 2674533.75
30134 2654146.83
30135 2635894.83
30136 2619863.25
30137 2605389.08
30138 2592201.58
30139 2580702.25
30140 2571157.25
30141 2563064.92
30142 2556709.75
30143 2552254.08
30144 2549130.92
30145 2548920.25
30146 2553529.58
30147 2561282.92
30148 2570222.25
30149 2580800.92
30150 2593334.25
30151 2607434.83
30152 4295622.00
30153 2418835.67
30154 2369124.67
30155 2319413.67
30156 2269702.67
30157 2220135.67
30158 2171086.17
30159 2122424.17
30160 2073790.17
30161 2025184.17
30162 1977004.25
30163 1929545.67
30164 1882616.50
30165 1836704.33
30166 1791653.67
30167 1746786.67
30168 1702159.67
30169 1657712.67
30170 1613383.67
30171 1569196.67
30172 1525169.50
30173 1481297.33
30174 1437730.83
30175 1394663.33
30176 1352059.33
30177 1310138.17
30178 1270611.33
30179 1234480.33
30180 1200077.67
30181 1166661.17
30182 1134889.33
30183 1104631.17
30184 1077463.00
30185 1053335.67
30186 1030236.83
30187 1008186.92
30188 987671.25
30189 969449.17
30190 953240.50
30191 938324.50
30192 926386.17
30193 917287.00
30194 909014.67
30195 901447.83
30196 895074.17
30197 890546.67
30198 888069.50
30199 887629.50
30200 888841.17
30201 891406.00
30202 895627.67
30203 901595.67
30204 909149.50
30205 918072.83
30206 928048.25
30207 939159.50
30208 952025.50
30209 966960.33
30210 983764.50
30211 1002019.33
30212 1021831.75
30213 1043305.08
30214 1066040.83
30215 1090005.17
30216 1115063.50
30217 1141218.17
30218 1168583.33
30219 1197027.17
30220 1226678.33
30221 1257259.17
30222 1289109.50
30223 1322539.67
30224 1356657.83
30225 1391399.00
30226 1426877.83
30227 1463035.50
30228 1500133.50
30229 1538069.17
30230 1576503.33
30231 1615280.33
30232 1654392.83
30233 1694088.50
30234 1734301.67
30235 1774759.50
30236 1815515.17
30237 1856788.00
30238 1898695.33
30239 1941253.83
30240 1984236.50
30241 2027446.58
30242 2070988.00
30243 2114749.33
30244 2158622.67
30245 2202644.00
30246 2246900.17
30247 2291399.50
30248 2336070.50
30249 2380862.83
30250 2425755.17
30251 2470770.17
30252 2515993.50
30253 2561546.33
30254 2607509.67
30255 2653817.67
30256 2700308.67
30257 2747170.67
30258 2794407.17
30259 2841828.67
30260 2889402.67
30261 2937036.17
30262 2984750.67
30263 3032558.83
30264 3080661.50
30265 3129233.75
30266 3178059.50
30267 3226979.33
30268 3276002.67
30269 3325075.67
30270 3374164.67
30271 3423269.67
30272 3472390.67
30273 3521549.50
30274 3570788.33
30275 3620104.33
30276 3669451.33
30277 3718854.83
30278 3768352.33
30279 3817893.33
30280 3867438.33
30281 3916987.33
30282 3966540.33
30283 4016097.33
30284 4065658.33
30285 4115223.33
30286 4164792.33
30287 4214365.33
30288 4263942.33
30289 4313523.33
30290 4363108.33
30291 4412697.33
30292 4462290.33
30293 4511887.33
30294 4561488.33
30295 4611093.33
30296 4660735.33
30297 4710429.33
30298 4760140.33
30299 4809851.33
30300 4859562.33
30301 12138309.55
30302 7962723.05
30303 7929666.05
30304 7897378.55
30305 7865845.38
30306 7834945.72
30307 7804708.55
30308 7775404.72
30309 7747108.55
30310 7719969.13
30311 7694219.55
30312 7669740.88
30313 7646481.55
30314 7624720.05
30315 7605226.05
30316 7587666.05
30317 7571227.88
30318 7555754.05
30319 7541049.05
30320 7527216.72
30321 7514470.05
30322 7502695.72
30323 7492114.22
30324 7483795.47
30325 7478013.72
30326 7473950.05
30327 7471051.38
30328 7469502.55
30329 7469466.38
30330 7471018.72
30331 7474747.72
30332 7481595.88
30333 7491172.55
30334 7502815.72
30335 7516701.38
30336 7532377.38
30337 7549947.72
30338 7569345.88
30339 7591357.72
30340 7616106.88
30341 13848202.58
30342 11636208.65
30343 11661009.57
30344 11687511.15
30345 11715319.98
30346 11743937.65
30347 11773522.48
30348 11804293.15
30349 11837258.82
30350 11872860.65
30351 11910020.15
30352 11948125.98
30353 11986889.48
30354 12026039.48
30355 12065725.15
30356 36194781.75
30357 29626534.55
30358 29630237.55
30359 31131576.45
30360 2772700.07
30361 2722852.07
30362 2673004.07
30363 2623156.07
30364 2573308.07
30365 2523460.07
30366 2473612.07
30367 2423764.07
30368 2373916.07
30369 2324068.07
30370 2274220.07
30371 2224372.07
30372 2174524.07
30373 2124936.73
30374 2076753.07
30375 2030290.73
30376 1984479.23
30377 1938910.73
30378 1893562.73
30379 1848327.73
30380 1803266.73
30381 1758368.73
30382 1713921.73
30383 1670002.23
30384 1626361.57
30385 1582963.73
30386 1539910.90
30387 1497541.40
30388 1456004.90
30389 1415212.73
30390 1374894.07
30391 1334970.90
30392 1295546.07
30393 1256885.40
30394 1219490.57
30395 1183434.23
30396 1148525.07
30397 1114701.40
30398 1082121.90
30399 1050910.23
30400 1021066.07
30401 992295.23
30402 964174.23
30403 936821.07
30404 910428.57
30405 884816.40
30406 859891.73
30407 835823.23
30408 812660.40
30409 790511.90
30410 769624.57
30411 752497.73
30412 739294.40
30413 727576.57
30414 717299.23
30415 708844.90
30416 702825.23
30417 699369.07
30418 697578.40
30419 697196.57
30420 698311.40
30421 700932.57
30422 705654.07
30423 712391.82
30424 720732.07
30425 730536.40
30426 741539.40
30427 753728.40
30428 767128.23
30429 781288.90
30430 796122.40
30431 812611.82
30432 832943.17
30433 857841.60
30434 887449.10
30435 925120.60
30436 971524.93
30437 1021372.93
30438 1071220.93
30439 1121068.93
30440 1170916.93
30441 1220764.93
30442 1270612.93
30443 1320460.93
30444 1370308.93
30445 1420156.93
30446 1470004.93
30447 1519852.93
30448 1569700.93
30449 8581570.22
30450 7767003.65
30451 7761845.32
30452 7758119.15
30453 9162704.05
30454 3361085.38
30455 3315697.05
30456 3270592.38
30457 3225911.72
30458 3181460.88
30459 3137133.22
30460 3092933.05
30461 3048836.72
30462 3004832.38
30463 2960930.55
30464 2917142.88
30465 2873546.38
30466 2830156.88
30467 2786936.63
30468 2743934.72
30469 2702868.88
30470 2663748.38
30471 2625010.88
30472 2586738.22
30473 2549315.72
30474 2512835.72
30475 2477252.05
30476 2442621.22
30477 2408706.05
30478 2375458.38
30479 2343097.22
30480 2312966.63
30481 2287188.05
30482 2265290.38
30483 2245163.72
30484 2226258.72
30485 2208300.92
30486 2191056.28
30487 2174660.28
30488 2159175.95
30489 2145103.28
30490 2132432.95
30491 2120706.78
30492 2110801.28
30493 2102701.45
30494 2096034.37
30495 2092381.45
30496 2091485.12
30497 2092560.12
30498 2095710.45
30499 2100639.78
30500 2107242.28
30501 2115183.45
30502 2124480.45
30503 2135477.62
30504 2148228.28
30505 2162586.78
30506 2178516.28
30507 2195655.78
30508 2214055.45
30509 2234205.28
30510 2256409.45
30511 2280373.45
30512 2305492.78
30513 2332033.45
30514 2360767.28
30515 2391303.28
30516 2423182.95
30517 2456310.28
30518 2490159.78
30519 2524652.78
30520 2559866.62
30521 2595677.45
30522 2631891.62
30523 2668734.62
30524 2706756.62
30525 2746247.12
30526 5676713.28
30527 3168145.67
30528 3130713.83
30529 3094010.00
30530 3058195.83
30531 3023796.00
30532 2990983.17
30533 2959404.83
30534 2928912.17
30535 2899633.50
30536 2871587.33
30537 2844777.83
30538 2819468.67
30539 2795663.17
30540 2773782.00
30541 2753512.17
30542 2734138.00
30543 2715681.17
30544 2698259.00
30545 2682314.83
30546 2668157.33
30547 2655838.17
30548 2645006.67
30549 2636164.67
30550 2629783.50
30551 2625536.50
30552 2623039.50
30553 2622034.33
30554 2622774.83
30555 2625431.92
30556 2629907.17
30557 2635982.17
30558 2643109.67
30559 2651057.17
30560 2659871.67
30561 2669729.42
30562 2681395.67
30563 2695096.17
30564 2710382.00
30565 2727042.33
30566 2745179.17
30567 2765031.67
30568 2786444.83
30569 2809206.67
30570 2833287.50
30571 2858566.67
30572 2884974.33
30573 2912339.00
30574 2940486.17
30575 2969846.67
30576 3000235.33
30577 3031491.83
30578 3063566.17
30579 3096457.17
30580 3130456.50
30581 5102704.08
30582 2187515.08
30583 2145321.42
30584 2103822.75
30585 2063427.75
30586 2023910.25
30587 1984701.25
30588 1947462.75
30589 1912954.25
30590 1879482.75
30591 1846659.25
30592 1814875.08
30593 1784283.92
30594 1754635.08
30595 1725880.92
30596 1698333.58
30597 1672064.92
30598 1647039.25
30599 1623191.08
30600 1600478.25
30601 1579138.25
30602 1559080.25
30603 1540198.75
30604 1522647.42
30605 1506917.58
30606 1493341.75
30607 1481537.25
30608 1471201.58
30609 1462421.75
30610 1455921.92
30611 1451678.08
30612 1448709.42
30613 1447142.25
30614 1448113.50
30615 1451984.58
30616 1457696.08
30617 1464776.08
30618 1474565.08
30619 1487364.58
30620 1503004.08
30621 1520626.42
30622 1539037.25
30623 1558424.25
30624 1579310.25
30625 1603247.08
30626 1631301.08
30627 1661864.58
30628 1693062.58
30629 1725393.58
30630 1759050.58
30631 1793313.08
30632 1828188.58
30633 1863676.58
30634 1899812.75
30635 1936673.08
30636 1973964.75
30637 2012758.75
30638 2053011.75
30639 2093444.75
30640 2134136.58
30641 2175122.75
30642 2216410.25
30643 2258081.42
30644 2300146.08
30645 2342521.25
30646 2385133.75
30647 2428306.25
30648 2472185.58
30649 2516422.58
30650 2560948.75
30651 2605778.42
30652 2651552.58
30653 2698172.58
30654 2744846.58
30655 2791568.58
30656 2838338.58
30657 2885211.75
30658 2932289.42
30659 2979561.42
30660 3026924.42
30661 17209416.77
30662 14917962.68
30663 14881532.18
30664 14845775.27
30665 14810805.85
30666 14776555.68
30667 15937667.68
30668 5435970.17
30669 5389510.83
30670 5343203.33
30671 5297041.17
30672 5251017.17
30673 5205210.67
30674 5159793.75
30675 5114846.50
30676 5070260.67
30677 5025955.00
30678 4981955.33
30679 4938198.33
30680 4894907.50
30681 4852202.17
30682 4809806.17
30683 4767639.50
30684 4725849.50
30685 4684524.17
30686 4643542.00
30687 4602838.00
30688 4562684.67
30689 4523407.33
30690 4485134.00
30691 4448237.17
30692 4413089.83
30693 4379114.17
30694 4345783.50
30695 4313147.50
30696 4281186.33
30697 4250173.33
30698 4220342.00
30699 4191506.83
30700 4163840.17
30701 4137668.50
30702 4112979.50
30703 4089754.67
30704 4068003.50
30705 4047714.00
30706 4028604.58
30707 4010650.50
30708 3993716.17
30709 3977564.50
30710 3962849.83
30711 3950167.17
30712 3939301.83
30713 3930348.83
30714 3923177.50
30715 3917428.17
30716 3913173.67
30717 3910306.33
30718 3908813.00
30719 3908869.83
30720 3910811.00
30721 3914989.33
30722 3921947.83
30723 3931524.25
30724 3943560.00
30725 3958109.00
30726 3974374.67
30727 3992388.17
30728 4012519.83
30729 4034490.00
30730 4057991.33
30731 4082925.33
30732 11439103.35
30733 9515527.77
30734 9467075.10
30735 9418638.43
30736 9370241.35
30737 9321932.77
30738 9273694.10
30739 9225495.35
30740 9177355.10
30741 9129324.43
30742 9081460.27
30743 9033980.10
30744 8987000.93
30745 8940278.77
30746 8893636.10
30747 8847049.43
30748 8800654.77
30749 8754518.10
30750 8708509.43
30751 8662568.77
30752 8616803.60
30753 8571299.60
30754 8525964.77
30755 8646849.60
30756 2157837.08
30757 2109765.58
30758 2061793.58
30759 2013865.58
30760 1965997.08
30761 1918190.08
30762 1870431.08
30763 1822720.08
30764 1775057.08
30765 1727496.08
30766 1681717.58
30767 1638381.25
30768 1595938.25
30769 1554204.92
30770 1513974.58
30771 1474986.25
30772 1436967.92
30773 1400170.08
30774 1364261.75
30775 1328990.08
30776 1294523.42
30777 1260986.25
30778 1228130.75
30779 1196474.58
30780 1166324.92
30781 1137053.08
30782 1108663.08
30783 1081232.58
30784 1055113.08
30785 1030781.58
30786 1008470.25
30787 988314.00
30788 970166.42
30789 953768.08
30790 938779.00
30791 925283.92
30792 914063.42
30793 905065.75
30794 897774.25
30795 891776.92
30796 886541.42
30797 882650.58
30798 881002.92
30799 882530.92
30800 887012.25
30801 893692.08
30802 902563.25
30803 912972.75
30804 924264.92
30805 936486.92
30806 949739.58
30807 964460.00
30808 981315.17
30809 1000743.08
30810 1022155.75
30811 1044855.58
30812 1069077.42
30813 1095158.08
30814 1124682.75
30815 1157066.58
30816 1190279.75
30817 1224257.75
30818 1259450.58
30819 1296218.00
30820 1334422.42
30821 1373567.58
30822 1413076.92
30823 1452857.42
30824 1493896.42
30825 1536374.08
30826 1579335.25
30827 1622753.75
30828 1666755.92
30829 1711391.08
30830 1756592.42
30831 1802084.75
30832 1847688.75
30833 1894027.25
30834 1941295.75
30835 1989017.75
30836 2036973.75
30837 2084957.75
30838 2132969.75
30839 2181009.75
30840 2229077.75
30841 2277191.25
30842 2325380.92
30843 2373661.08
30844 2422019.25
30845 2470421.42
30846 2518845.42
30847 2567289.42
30848 2615753.42
30849 2664237.42
30850 2712791.92
30851 2761467.42
30852 2810209.42
30853 2858963.42
30854 2907729.42
30855 2956507.42
30856 3005297.42
30857 3054099.42
30858 3102913.42
30859 3151739.42
30860 3200577.42
30861 3249427.42
30862 3298289.42
30863 3347214.92
30864 3396219.92
30865 3445250.92
30866 3494289.92
30867 3543336.92
30868 3592391.92
30869 3641454.92
30870 3690525.92
30871 3739604.92
30872 3788691.92
30873 3837786.92
30874 3886889.92
30875 3936000.92
30876 3985119.92
30877 4034246.92
30878 4083381.92
30879 4132524.92
30880 4181675.92
30881 4230834.92
30882 4280001.92
30883 4329176.92
30884 4378359.92
30885 4427550.92
30886 4476749.92
30887 4525956.92
30888 4575171.92
30889 4624394.92
30890 4673625.92
30891 4722864.92
30892 4772111.92
30893 4821407.92
30894 4870756.92
30895 4920115.92
30896 4969478.92
30897 5018845.92
30898 5068216.92
30899 5117591.92
30900 5166970.92
30901 5216353.92
30902 5265740.92
30903 5315131.92
30904 15286272.58
30905 11752639.25
30906 11737034.33
30907 11723570.92
30908 11711597.75
30909 11700380.08
30910 11689961.58
30911 13535908.60
30912 6178278.32
30913 6145460.48
30914 6113857.15
30915 6083352.15
30916 6053801.15
30917 6025163.48
30918 5997366.98
30919 5970580.82
30920 5945265.48
30921 5921093.65
30922 5899106.15
30923 5880163.98
30924 5862639.32
30925 5845789.32
30926 5829808.15
30927 5815721.82
30928 5804328.65
30929 5795298.15
30930 5788063.32
30931 5782613.98
30932 5779134.48
30933 5777089.65
30934 5775953.48
30935 5775876.90
30936 5777305.15
30937 5780023.98
30938 5783675.48
30939 5788878.15
30940 5796124.32
30941 5804947.57
30942 5815183.15
30943 5827278.32
30944 5842502.15
30945 5860244.82
30946 5878882.65
30947 5898621.32
30948 5919685.50
30949 5942675.18
30950 5967640.68
30951 5993587.02
30952 6020049.52
30953 6047174.52
30954 6075156.02
30955 6104280.52
30956 6134513.52
30957 6165504.18
30958 13493592.27
30959 8881368.37
30960 8834052.37
30961 8786772.37
30962 8739528.37
30963 8692380.37
30964 8645330.37
30965 8598337.37
30966 8551422.37
30967 8504570.37
30968 8457762.37
30969 8411040.70
30970 8364495.53
30971 8318153.53
30972 8271966.70
30973 8225909.87
30974 8179946.87
30975 8134039.87
30976 8088996.53
30977 8046545.20
30978 8465859.37
30979 1887356.20
30980 1846436.20
30981 1806459.70
30982 1767417.53
30983 1729571.37
30984 1692915.82
30985 1656995.77
30986 1621755.27
30987 1587190.60
30988 1553187.93
30989 1519622.93
30990 1486552.10
30991 1454337.27
30992 1423239.43
30993 1392944.27
30994 1363617.27
30995 1335554.60
30996 1308519.10
30997 1282571.93
30998 1257876.10
30999 1234124.93
31000 1211398.43
31001 1190248.93
31002 1170690.27
31003 1152968.77
31004 1137704.43
31005 1124924.77
31006 1114178.60
31007 1107634.77
31008 1105067.93
31009 1103665.43
31010 1103373.60
31011 1104335.77
31012 1106702.77
31013 1110738.93
31014 1116968.43
31015 1125534.10
31016 1136329.77
31017 1148860.77
31018 1162717.27
31019 1178132.02
31020 1195265.85
31021 1214619.60
31022 1236074.93
31023 1258788.60
31024 1282280.60
31025 1308408.03
31026 1339612.13
31027 1374165.30
31028 1409860.13
31029 1446412.80
31030 1483567.47
31031 1521349.13
31032 1559753.97
31033 1598697.13
31034 1639178.80
31035 1681854.63
31036 1725568.30
31037 1769535.63
31038 1813739.80
31039 1858211.47
31040 1902997.97
31041 1948028.47
31042 1993621.97
31043 2040792.72
31044 2089659.97
31045 2139123.97
31046 2188591.97
31047 2238063.97
31048 2287539.97
31049 2337019.97
31050 2386503.97
31051 2435991.97
31052 2485483.97
31053 2534979.97
31054 2584479.97
31055 2633983.97
31056 2683491.97
31057 2733003.97
31058 2782519.97
31059 2832039.97
31060 2881563.97
31061 14954376.98
31062 13040607.27
31063 13028234.85
31064 13018820.68
31065 13011645.27
31066 13006473.85
31067 13002636.85
31068 12999997.18
31069 12998771.85
31070 12999144.52
31071 13000974.68
31072 13003994.85
31073 13008091.35
31074 13013686.52
31075 13021151.52
31076 13030563.10
31077 13041466.35
31078 13053449.35
31079 13066505.18
31080 13081023.85
31081 13098014.18
31082 13117045.18
31083 13137283.85
31084 13158483.68
31085 13180404.35
31086 13203231.18
31087 13227226.35
31088 13252887.52
31089 13279855.52
31090 13307427.85
31091 13336114.18
31092 13366400.68
31093 19896836.33
31094 31754741.95
31095 18001373.68
31096 17969952.18
31097 17939555.85
31098 17910060.52
31099 17881119.18
31100 17853053.52
31101 17826214.18
31102 17800623.52
31103 17775876.85
31104 17752112.60
31105 17729586.68
31106 17707890.85
31107 17686845.52
31108 17666676.52
31109 17647964.85
31110 17631258.85
31111 17616208.52
31112 17602596.35
31113 17590572.35
31114 17579661.68
31115 17569698.02
31116 17560945.77
31117 17553713.35
31118 17547927.02
31119 17543519.02
31120 17540628.18
31121 17539120.85
31122 20838559.05
31123 17039073.82
31124 17035787.82
31125 17034430.48
31126 17034563.65
31127 17035735.98
31128 17037787.98
31129 17040836.48
31130 17044992.48
31131 17050018.65
31132 17056168.32
31133 17064606.32
31134 17075577.65
31135 17089248.32
31136 17105892.57
31137 17124891.15
31138 17145744.15
31139 17168674.65
31140 17193425.82
31141 17219435.98
31142 35290983.12
31143 22912156.47
31144 22903053.72
31145 22895287.88
31146 22889015.30
31147 24188684.30
31148 2958923.17
31149 2909379.17
31150 2860310.00
31151 2811525.83
31152 2762777.83
31153 2714077.33
31154 2665454.17
31155 2616908.00
31156 2568451.33
31157 2520119.67
31158 2471882.17
31159 2423692.17
31160 2375542.17
31161 2327432.17
31162 2279362.17
31163 2231332.17
31164 2183586.50
31165 2136513.67
31166 2089931.67
31167 2043690.67
31168 1997803.50
31169 1952095.83
31170 1906631.92
31171 1861497.50
31172 1816767.33
31173 1772420.50
31174 1728416.17
31175 1684754.83
31176 1641528.00
31177 1599064.67
31178 1557267.92
31179 1515929.00
31180 1475158.00
31181 1435084.67
31182 1396230.67
31183 1358897.17
31184 1322778.50
31185 1287642.50
31186 1253468.83
31187 1220638.17
31188 1189572.00
31189 1160144.00
31190 1131941.33
31191 1105233.00
31192 1080719.17
31193 1058125.00
31194 1037091.25
31195 1018008.33
31196 1001349.33
31197 986600.00
31198 972971.83
31199 960423.00
31200 949729.67
31201 940914.17
31202 933225.83
31203 926826.83
31204 921862.50
31205 918201.33
31206 916091.33
31207 915578.67
31208 916847.67
31209 920071.33
31210 924827.50
31211 930815.17
31212 937713.25
31213 945457.67
31214 954378.83
31215 964423.50
31216 975406.00
31217 987629.17
31218 1001103.33
31219 1016086.42
31220 1032626.83
31221 1050663.33
31222 1070724.92
31223 1092496.00
31224 1115865.00
31225 1141379.33
31226 1168293.00
31227 1196074.58
31228 1225116.33
31229 1256434.17
31230 1291563.33
31231 1329960.83
31232 1369857.33
31233 1410263.33
31234 1450836.17
31235 1491606.50
31236 1532571.17
31237 1573818.00
31238 1615473.17
31239 1657512.67
31240 1699854.83
31241 1742372.50
31242 1785002.17
31243 1827743.83
31244 1870597.50
31245 1913590.17
31246 1956792.92
31247 2000250.17
31248 2043975.50
31249 2088005.33
31250 2132258.00
31251 2176618.33
31252 2221119.17
31253 2265860.33
31254 2310914.50
31255 2356273.92
31256 2401875.17
31257 2447611.50
31258 2493586.33
31259 2540087.67
31260 2587214.08
31261 2635184.83
31262 2683900.83
31263 2732830.83
31264 2781780.83
31265 2830750.83
31266 2879740.83
31267 2928750.83
31268 2977780.83
31269 3026905.17
31270 3076290.67
31271 3125948.83
31272 15462854.02
31273 13173407.77
31274 13151083.43
31275 13129981.77
31276 13110016.10
31277 13091156.60
31278 13073468.43
31279 13056833.43
31280 13041730.77
31281 13028420.10
31282 13016373.93
31283 13005373.10
31284 12995395.10
31285 12986357.27
31286 12978300.43
31287 14144507.85
31288 2370633.33
31289 2325287.33
31290 2280244.83
31291 2235520.67
31292 2190962.50
31293 2146554.33
31294 2102348.67
31295 2058382.17
31296 2014647.67
31297 1971194.33
31298 1928344.17
31299 1886763.17
31300 1846379.50
31301 1806743.50
31302 1767833.67
31303 1729587.00
31304 1691960.00
31305 1654977.83
31306 1618767.50
31307 1583280.00
31308 1548334.17
31309 1514438.00
31310 1481523.00
31311 1449502.00
31312 1418427.33
31313 1388393.33
31314 1359867.83
31315 1332744.00
31316 1308080.83
31317 1287111.33
31318 1268989.83
31319 1252657.33
31320 1238081.50
31321 1225592.17
31322 1214968.83
31323 1205769.67
31324 1197692.83
31325 1191066.50
31326 1185995.50
31327 1181925.17
31328 1179140.50
31329 1178143.17
31330 1178867.33
31331 1181244.00
31332 1185346.33
31333 1190951.67
31334 1198417.67
31335 1207648.17
31336 1217977.83
31337 1229472.33
31338 1242872.67
31339 1257983.67
31340 1276270.83
31341 1298121.83
31342 1322135.83
31343 1349284.67
31344 1379209.00
31345 1410893.67
31346 1444284.33
31347 1479118.00
31348 1515479.33
31349 1553025.83
31350 1591261.17
31351 1630466.33
31352 1670530.50
31353 1711218.33
31354 1752422.67
31355 1794055.17
31356 1836218.67
31357 1878834.83
31358 1921701.00
31359 1964935.67
31360 2008725.50
31361 2052994.33
31362 2097525.00
31363 2142201.67
31364 2187016.33
31365 2232040.83
31366 2277262.33
31367 2322614.50
31368 2368338.67
31369 2414443.67
31370 2460659.67
31371 4931908.75
31372 2490855.58
31373 2443887.08
31374 2397120.08
31375 2350417.08
31376 2303819.58
31377 2257399.58
31378 2211119.58
31379 2164911.58
31380 2118777.08
31381 2072809.42
31382 2027314.08
31383 1982256.42
31384 1937601.42
31385 1893342.75
31386 1849248.58
31387 1805294.58
31388 1761538.58
31389 1718050.58
31390 1674791.92
31391 1631855.75
31392 1590517.75
31393 1552390.58
31394 1517181.42
31395 1483302.42
31396 1450207.92
31397 1418047.08
31398 1387162.42
31399 1357699.08
31400 1329824.58
31401 1304054.75
31402 1280047.75
31403 1257331.58
31404 1235776.42
31405 1215735.75
31406 1197220.08
31407 1179741.25
31408 1163914.42
31409 1150895.58
31410 1140482.08
31411 1132166.42
31412 1126295.00
31413 1123525.67
31414 1123693.42
31415 1125948.08
31416 1130122.92
31417 1136406.25
31418 1145131.75
31419 1156138.00
31420 1168753.42
31421 1182469.08
31422 1197370.58
31423 1213776.92
31424 1231548.58
31425 1250446.25
31426 1271193.58
31427 1294014.75
31428 1318170.42
31429 1343374.92
31430 1369506.25
31431 1397493.75
31432 1427508.25
31433 1458818.25
31434 1491324.58
31435 1524955.92
31436 1560860.58
31437 1598828.92
31438 1637487.08
31439 1677000.25
31440 1717568.75
31441 1758876.42
31442 1800503.08
31443 1842505.58
31444 1885021.58
31445 1927891.08
31446 1970940.08
31447 2014270.25
31448 2058302.25
31449 2103148.25
31450 5562181.42
31451 3467066.67
31452 3417352.67
31453 3367672.00
31454 3318059.83
31455 3268501.83
31456 3218984.17
31457 3169493.00
31458 3120125.00
31459 3070881.00
31460 3021649.00
31461 2972429.00
31462 2923221.00
31463 2874025.00
31464 2824841.00
31465 2775669.00
31466 2726509.00
31467 2677361.00
31468 2628225.00
31469 2579188.17
31470 2530383.33
31471 2481886.33
31472 2433632.83
31473 2385469.83
31474 2337338.83
31475 2289828.67
31476 2243167.17
31477 2196919.50
31478 2150972.33
31479 2105602.67
31480 2061168.83
31481 2017331.33
31482 1973657.33
31483 1930096.33
31484 1886691.83
31485 1843444.83
31486 1800313.83
31487 1757309.83
31488 1714528.67
31489 1672054.50
31490 1630059.17
31491 1588971.67
31492 1548974.17
31493 1509978.67
31494 1471895.25
31495 1434477.33
31496 1397678.50
31497 1361766.17
31498 1326808.17
31499 1292636.83
31500 1259071.17
31501 1226072.33
31502 1194072.50
31503 1163672.83
31504 1134670.50
31505 1106545.67
31506 1079199.33
31507 1052655.33
31508 1026878.83
31509 1001894.67
31510 978064.58
31511 955696.33
31512 934827.83
31513 915375.17
31514 897272.00
31515 880729.17
31516 866293.00
31517 853710.50
31518 842094.83
31519 831351.17
31520 821974.50
31521 814482.17
31522 809019.17
31523 807763.83
31524 812856.67
31525 822516.00
31526 834567.50
31527 848274.83
31528 863343.33
31529 879775.00
31530 897698.33
31531 917511.00
31532 939565.50
31533 963544.33
31534 988826.50
31535 1015038.17
31536 1042377.67
31537 1070958.83
31538 1100563.00
31539 1130924.83
31540 1162603.17
31541 1195943.83
31542 1230429.00
31543 1265670.50
31544 1301336.17
31545 1337543.50
31546 1374417.17
31547 1411888.67
31548 1449929.50
31549 1488611.33
31550 1528151.50
31551 1568684.83
31552 1610047.17
31553 1652024.00
31554 1694421.67
31555 1737288.83
31556 1780969.83
31557 1825480.33
31558 1870543.33
31559 1916024.50
31560 1961831.83
31561 2007850.33
31562 2054070.83
31563 2100510.00
31564 2147185.83
31565 2194378.25
31566 2242110.67
31567 2290047.00
31568 2338118.50
31569 2386375.50
31570 2434775.83
31571 2483294.67
31572 2531887.00
31573 2580507.33
31574 2629155.67
31575 2677832.00
31576 2726536.33
31577 2775300.67
31578 2824123.00
31579 2872969.33
31580 2921839.67
31581 2970734.00
31582 3019652.33
31583 3068594.67
31584 3117561.00
31585 3166604.17
31586 3215790.50
31587 3265145.83
31588 3314662.50
31589 3364253.83
31590 3413853.17
31591 3463460.50
31592 3513094.58
31593 3562775.67
31594 3612485.33
31595 3662199.33
31596 9984828.17
31597 7072065.00
31598 7050356.83
31599 7029935.33
31600 7010939.67
31601 6993206.67
31602 6976483.17
31603 6960897.33
31604 6946279.83
31605 6932724.50
31606 6920879.33
31607 6910850.33
31608 6902053.67
31609 6894332.50
31610 6887724.00
31611 6882460.00
31612 6878811.83
31613 6876803.00
31614 6876302.50
31615 6877464.67
31616 6880169.00
31617 6884193.00
31618 6890167.00
31619 6898215.17
31620 6907711.33
31621 6918284.83
31622 6930021.00
31623 6942888.33
31624 6957218.17
31625 6973079.00
31626 6989885.83
31627 7007859.33
31628 7027823.50
31629 7049946.17
31630 7073584.33
31631 7098332.50
31632 7124410.00
31633 7151908.33
31634 7180285.17
31635 7209424.00
31636 10178358.62
31637 3509313.62
31638 3462818.45
31639 3416693.95
31640 3370940.28
31641 3325486.28
31642 3280145.95
31643 3234969.12
31644 3189957.78
31645 3145034.45
31646 3100199.12
31647 3055451.78
31648 3010871.45
31649 2967190.78
31650 2925222.87
31651 2884569.62
31652 2844475.45
31653 2805457.78
31654 2768104.12
31655 2732167.95
31656 2697206.95
31657 2663232.12
31658 2630398.78
31659 2598214.78
31660 2566652.28
31661 2536016.62
31662 2506256.28
31663 2477271.78
31664 2449445.28
31665 2423055.62
31666 2397901.62
31667 2374103.62
31668 2351889.28
31669 2331411.28
31670 2313111.12
31671 2297494.78
31672 2284566.78
31673 2273812.95
31674 2265597.28
31675 2259817.37
31676 2255575.95
31677 2252779.53
31678 2251898.28
31679 2253438.95
31680 2257214.95
31681 2263027.03
31682 2272737.12
31683 2286667.95
31684 2302677.28
31685 2320241.12
31686 2340130.62
31687 2362649.62
31688 2386662.78
31689 2411239.95
31690 2436709.78
31691 2463573.45
31692 2491592.45
31693 2520442.28
31694 2549977.45
31695 2580289.95
31696 2611692.28
31697 2644190.28
31698 2677595.28
31699 2711777.62
31700 2746808.37
31701 2782766.12
31702 2819365.12
31703 7253050.57
31704 5027175.20
31705 4982399.53
31706 4938618.37
31707 4895432.70
31708 4852561.53
31709 4809908.87
31710 4767514.53
31711 4725635.37
31712 4684570.70
31713 4644136.87
31714 4604081.20
31715 4564393.20
31716 4525119.37
31717 4486343.53
31718 4448143.53
31719 4410380.53
31720 4372917.53
31721 4335841.70
31722 4299395.37
31723 4263873.03
31724 4229465.53
31725 4195940.95
31726 4163104.03
31727 4131248.53
31728 4100514.37
31729 4070806.20
31730 4041997.70
31731 4013915.87
31732 3986694.37
31733 3962034.53
31734 3940265.53
31735 3920530.28
31736 3903016.03
31737 3887051.03
31738 4748289.12
31739 2004472.00
31740 1967332.33
31741 1930852.00
31742 1895173.00
31743 1860083.67
31744 1825507.17
31745 1791610.17
31746 1758356.50
31747 1725844.00
31748 1694267.83
31749 1663508.17
31750 1633402.83
31751 1603777.50
31752 1574660.17
31753 1546388.17
31754 1519193.17
31755 1493024.50
31756 1468211.67
31757 1444755.83
31758 1422884.67
31759 1403198.17
31760 1385355.17
31761 1368843.50
31762 1353640.67
31763 1340107.83
31764 1328562.33
31765 1319874.83
31766 1314380.00
31767 1311033.83
31768 1309207.83
31769 1309200.83
31770 1311177.83
31771 1314860.67
31772 1319850.33
31773 1326362.50
31774 1334385.00
31775 1343499.00
31776 1353824.67
31777 1366136.00
31778 1380662.00
31779 1396880.17
31780 1414684.50
31781 1434721.33
31782 1459377.17
31783 1489336.67
31784 1521960.00
31785 1555482.75
31786 1590042.83
31787 1625659.17
31788 1662018.17
31789 1699080.67
31790 1736897.17
31791 1775613.00
31792 1814994.17
31793 1854736.50
31794 1895187.17
31795 1936341.67
31796 1977788.83
31797 2019441.67
31798 2061295.83
31799 2103339.33
31800 2145670.83
31801 2188397.83
31802 2231521.00
31803 2274968.83
31804 2318734.67
31805 2362891.67
31806 2407470.50
31807 2452516.17
31808 2498027.67
31809 2543868.17
31810 2590525.67
31811 2638043.00
31812 2685722.00
31813 2733433.00
31814 2781176.00
31815 2828951.00
31816 2876758.00
31817 2924693.00
31818 2972764.00
31819 3020873.00
31820 3069010.00
31821 3117175.00
31822 3165368.00
31823 3213609.17
31824 3262063.67
31825 3310850.00
31826 3359795.00
31827 3408752.00
31828 3457721.00
31829 3506702.00
31830 3555695.00
31831 3604700.00
31832 3653717.00
31833 3702797.50
31834 3752017.00
31835 15385966.83
31836 12756089.33
31837 12748020.42
31838 12741059.75
31839 12735142.25
31840 12730391.25
31841 12727096.42
31842 12725743.08
31843 12725910.75
31844 12727066.92
31845 12729493.42
31846 12733406.42
31847 12738782.75
31848 12745853.25
31849 12754831.25
31850 12765709.92
31851 12778227.58
31852 12792006.25
31853 12807450.92
31854 12824529.92
31855 12842548.58
31856 12862569.92
31857 12885205.25
31858 22039609.68
31859 16922521.92
31860 16934021.25
31861 16946841.25
31862 16961308.42
31863 19529836.92
31864 3880064.33
31865 3830830.33
31866 3781604.33
31867 3732386.33
31868 3683176.33
31869 3634446.83
31870 3586255.33
31871 3538139.33
31872 3490051.33
31873 3441991.33
31874 3393959.33
31875 3345955.33
31876 3298060.33
31877 3250493.33
31878 3203271.83
31879 3156305.50
31880 3109615.00
31881 3063116.83
31882 3016790.83
31883 2970749.17
31884 2925295.00
31885 2880303.00
31886 2835616.17
31887 2791397.67
31888 2747542.50
31889 2703980.83
31890 2660693.67
31891 2617617.17
31892 2574908.83
31893 2532877.00
31894 2491385.00
31895 2450326.33
31896 2409720.50
31897 2369445.83
31898 2329439.33
31899 2289622.83
31900 2250077.33
31901 2210929.67
31902 2172320.33
31903 2134664.00
31904 2098029.00
31905 2062792.67
31906 2030158.83
31907 1999743.00
31908 1970380.17
31909 1941942.67
31910 1914408.33
31911 1887609.67
31912 1861481.67
31913 1836056.25
31914 1811296.83
31915 1787737.67
31916 1766307.67
31917 1746630.83
31918 1728461.17
31919 1711853.67
31920 1696393.17
31921 1682292.33
31922 1669439.42
31923 1657656.17
31924 1646926.50
31925 1637235.33
31926 1628724.33
31927 1621297.33
31928 1615132.00
31929 1610314.17
31930 1607781.83
31931 1607482.33
31932 1608491.00
31933 1611123.33
31934 1621041.33
31935 1638263.67
31936 1657810.17
31937 1679766.67
31938 1703080.00
31939 1727135.25
31940 3167568.18
31941 2021835.02
31942 2015361.18
31943 2009929.10
31944 2005900.68
31945 2004130.68
31946 2005408.35
31947 2008633.52
31948 2012612.68
31949 2017724.68
31950 2024194.02
31951 2032233.35
31952 2042230.10
31953 2054262.18
31954 2067789.02
31955 2082651.18
31956 2099269.68
31957 2117248.85
31958 2136418.02
31959 2157430.02
31960 2180837.35
31961 2206320.18
31962 2233209.35
31963 2261761.18
31964 2291998.35
31965 2323416.02
31966 2355685.18
31967 2388516.52
31968 2422058.52
31969 2456337.90
31970 2491144.03
31971 2526344.53
31972 2561905.37
31973 2597929.37
31974 2634886.53
31975 2672833.70
31976 2711880.08
31977 2752309.22
31978 2793794.22
31979 2835947.22
31980 2878709.88
31981 2922209.88
31982 2966182.55
31983 3011169.72
31984 3057595.38
31985 3104587.72
31986 3151744.05
31987 3199079.88
31988 3246749.72
31989 13660297.55
31990 12230117.67
31991 12245170.33
31992 12263292.50
31993 12285775.17
31994 12311271.67
31995 12339413.00
31996 12370877.33
31997 12404258.42
31998 12438283.17
31999 12472717.50
32000 12507544.00
32001 12542797.00
32002 12578496.67
32003 12614698.50
32004 12651307.17
32005 12688298.00
32006 12725848.33
32007 12763874.50
32008 17366982.08
32009 14502523.40
32010 14523196.23
32011 14545543.23
32012 14569864.90
32013 14595216.40
32014 14621545.23
32015 14648985.73
32016 14677401.73
32017 14706852.90
32018 14737474.73
32019 14769004.57
32020 14801665.07
32021 14835505.07
32022 14869798.40
32023 14904616.23
32024 14940399.57
32025 14977254.57
32026 28102765.87
32027 17195075.98
32028 17172200.32
32029 17150613.98
32030 19232389.40
32031 6979480.52
32032 6934812.52
32033 6890906.52
32034 6847622.02
32035 6804527.02
32036 6762060.02
32037 6720252.18
32038 6678696.85
32039 6637534.35
32040 6596830.85
32041 6556509.35
32042 6516584.68
32043 6477099.68
32044 6438010.68
32045 6399557.85
32046 6361758.68
32047 6324576.68
32048 6288267.35
32049 6252923.52
32050 6218510.18
32051 6185156.85
32052 6153217.52
32053 6122740.18
32054 6093408.18
32055 6064769.68
32056 6036737.02
32057 6009931.85
32058 5984947.85
32059 5961914.68
32060 5940528.85
32061 5920714.52
32062 5902593.18
32063 5886792.18
32064 6992389.60
32065 3028614.37
32066 2983468.03
32067 2938397.70
32068 2893403.37
32069 2848485.03
32070 2803642.70
32071 2758876.37
32072 2714186.03
32073 2669578.20
32074 2625127.37
32075 2580829.03
32076 2536615.20
32077 2493944.95
32078 2452923.78
32079 2412215.87
32080 2371792.87
32081 2331760.12
32082 2292637.37
32083 2254700.03
32084 2217429.03
32085 2180458.70
32086 2143849.37
32087 2107621.03
32088 2071828.70
32089 2036753.03
32090 2002721.37
32091 1969764.37
32092 1937634.37
32093 1906167.53
32094 1875588.03
32095 1845945.03
32096 1817015.03
32097 1788670.70
32098 1761219.20
32099 1734906.03
32100 1709572.37
32101 1685305.37
32102 1661866.37
32103 1639937.70
32104 1619828.03
32105 1600679.03
32106 1583165.03
32107 1567905.20
32108 1554851.20
32109 1545191.20
32110 1538501.20
32111 1533469.37
32112 1530420.53
32113 1529560.70
32114 1530620.53
32115 1533216.20
32116 1537537.87
32117 1543770.70
32118 1551538.70
32119 1560434.37
32120 1570608.03
32121 1584498.70
32122 1602719.53
32123 1623647.53
32124 1646730.70
32125 1671379.37
32126 1697494.87
32127 1724688.87
32128 1752823.37
32129 1781991.70
32130 1811982.20
32131 1842827.37
32132 1874659.87
32133 1907299.53
32134 1940575.03
32135 1974881.20
32136 2010758.53
32137 2048184.20
32138 5162662.40
32139 3842934.45
32140 3833974.28
32141 3826754.12
32142 3820792.12
32143 3816375.37
32144 3814327.28
32145 3814609.45
32146 3817261.62
32147 3822064.78
32148 3828475.53
32149 3837025.95
32150 3847886.28
32151 3860420.95
32152 3874055.78
32153 3889505.12
32154 3906993.62
32155 3925758.62
32156 3945972.78
32157 3967580.62
32158 3990811.37
32159 4016260.28
32160 4043685.87
32161 4072413.95
32162 4101821.28
32163 4132132.62
32164 4163466.78
32165 4195485.78
32166 4228114.78
32167 4261414.45
32168 4295483.95
32169 4330367.95
32170 4365920.28
32171 4402164.95
32172 4439131.70
32173 4476772.87
32174 4515312.62
32175 4554850.95
32176 4595398.28
32177 4636721.45
32178 4678347.78
32179 4720110.12
32180 4762189.45
32181 4804697.45
32182 4847532.78
32183 4890592.78
32184 4933905.28
32185 4977439.28
32186 5021162.78
32187 5065172.78
32188 5109445.78
32189 5153880.78
32190 5198399.78
32191 5243002.78
32192 5287718.28
32193 5332589.28
32194 5377600.78
32195 5422786.28
32196 5468136.78
32197 5513843.78
32198 5559907.28
32199 5606066.78
32200 5652337.28
32201 5698699.28
32202 5745121.28
32203 5791625.78
32204 5838253.78
32205 5884980.78
32206 25488836.72
32207 24343808.05
32208 24383266.38
32209 24423246.22
32210 24463639.05
32211 24504785.72
32212 24546668.88
32213 24588862.55
32214 24631370.88
32215 24675067.88
32216 24719806.05
32217 24764651.05
32218 24809571.05
32219 24854559.05
32220 24899615.05
32221 24944739.05
32222 61904191.88
32223 45449418.32
32224 45434339.32
32225 45420222.32
32226 45406907.82
32227 45395221.82
32228 45385741.65
32229 45378578.98
32230 45373517.98
32231 45370399.15
32232 45368896.98
32233 45369477.65
32234 45372450.32
32235 45376855.15
32236 45382520.48
32237 45389443.65
32238 45397579.65
32239 45406812.98
32240 45416810.32
32241 45427518.82
32242 45439103.32
32243 45451747.65
32244 45465493.98
32245 45480646.15
32246 45497617.65
32247 45516117.15
32248 61651597.93
32249 24444865.62
32250 24402266.45
32251 24360194.78
32252 24318737.28
32253 24277600.28
32254 24236717.78
32255 24196259.45
32256 24156291.12
32257 24116705.12
32258 24077470.45
32259 24038772.53
32260 24001040.45
32261 23964800.78
32262 23929894.78
32263 23895747.62
32264 23862344.45
32265 23829665.12
32266 23797558.12
32267 23766072.62
32268 23735147.95
32269 23704784.12
32270 23675357.28
32271 23646895.95
32272 23619184.45
32273 23592352.78
32274 23566476.62
32275 23541709.28
32276 23518225.12
32277 23496668.28
32278 27607632.27
32279 12210776.58
32280 12161683.58
32281 12112594.58
32282 12063515.92
32283 12014513.08
32284 11965641.92
32285 11916840.92
32286 11868059.42
32287 11819366.25
32288 11770879.92
32289 11722617.25
32290 11674481.08
32291 11626397.42
32292 11578347.42
32293 11530460.83
32294 11482861.75
32295 11435434.08
32296 11388077.92
32297 11340793.92
32298 11293565.92
32299 11246385.92
32300 11199299.25
32301 11152379.92
32302 11105634.25
32303 11059026.75
32304 11194416.58
32305 5608676.58
32306 5559095.58
32307 5509514.58
32308 5459933.58
32309 5410352.58
32310 5360771.58
32311 5311190.58
32312 5261609.58
32313 5212028.58
32314 5162447.58
32315 5112886.58
32316 5063355.08
32317 5013835.08
32318 4964319.08
32319 4914807.08
32320 4865518.08
32321 4816456.08
32322 4767406.08
32323 4718368.08
32324 4669342.08
32325 4620328.08
32326 4571326.08
32327 4522336.08
32328 4473358.08
32329 4424392.08
32330 4375438.08
32331 4326496.08
32332 4277566.08
32333 4228648.08
32334 4179742.08
32335 4130848.08
32336 4081966.08
32337 4033096.08
32338 3984307.58
32339 3935602.58
32340 3886913.58
32341 3838240.58
32342 3789583.58
32343 3740942.58
32344 3692317.58
32345 3643708.58
32346 3595115.58
32347 3546538.58
32348 3497977.58
32349 3449432.58
32350 3400903.58
32351 3352390.58
32352 3303893.58
32353 3255412.58
32354 3206947.58
32355 3158498.58
32356 3110065.58
32357 3061648.58
32358 3013247.58
32359 2964862.58
32360 2916493.58
32361 2868205.58
32362 2820250.58
32363 2772715.58
32364 2725358.58
32365 2678037.58
32366 2630813.58
32367 2583792.08
32368 2536966.58
32369 2490317.08
32370 2443797.08
32371 2397329.08
32372 2350913.08
32373 2304549.08
32374 2258247.58
32375 2212086.58
32376 2166057.58
32377 2120084.58
32378 2074223.58
32379 2028530.58
32380 1982953.58
32381 1937440.58
32382 1892032.08
32383 1847297.08
32384 1803356.58
32385 1760236.58
32386 1717866.17
32387 1676099.75
32388 1635493.08
32389 1595966.50
32390 1557127.25
32391 1518747.25
32392 1480804.92
32393 1443285.58
32394 1406451.58
32395 1370446.25
32396 1334972.58
32397 1299932.58
32398 1265523.17
32399 1231714.08
32400 1198260.25
32401 1165390.83
32402 1133874.50
32403 1104627.42
32404 1077404.08
32405 1052056.42
32406 1029393.58
32407 1009334.42
32408 990742.92
32409 973087.08
32410 956899.42
32411 942585.58
32412 929864.25
32413 919319.08
32414 911286.58
32415 904803.75
32416 899556.42
32417 895754.92
32418 893291.75
32419 893675.17
32420 897058.92
32421 902296.67
32422 910035.33
32423 919700.08
32424 931376.92
32425 945480.25
32426 961037.42
32427 977783.25
32428 996115.58
32429 1016095.50
32430 1037332.08
32431 1060118.25
32432 1085089.58
32433 1111704.33
32434 1139501.75
32435 1168389.42
32436 1198305.08
32437 1229353.25
32438 1261182.42
32439 1293481.58
32440 1326185.25
32441 1359302.08
32442 1392846.75
32443 1426759.92
32444 1461003.75
32445 1495852.08
32446 1532680.42
32447 1571297.75
32448 1610364.75
32449 1649892.67
32450 1690111.08
32451 1730924.25
32452 1772291.58
32453 1814430.25
32454 1857226.25
32455 1900425.25
32456 1943919.92
32457 1987668.42
32458 2032662.75
32459 2078874.25
32460 2125200.25
32461 2171586.25
32462 2218038.25
32463 2264606.25
32464 2311345.75
32465 2358202.75
32466 2405111.75
32467 2452253.25
32468 2499623.42
32469 2547099.75
32470 2594740.92
32471 2642582.42
32472 2690557.42
32473 2738560.42
32474 2786641.92
32475 2834811.42
32476 2883016.42
32477 2931245.42
32478 2979498.42
32479 3027775.42
32480 3076076.42
32481 3124401.42
32482 3172750.42
32483 3221124.42
32484 3269537.92
32485 3318002.42
32486 3366501.42
32487 3415020.42
32488 3463943.92
32489 3513263.92
32490 3562587.92
32491 3611915.92
32492 3661247.92
32493 3710583.92
32494 3759923.92
32495 3809267.92
32496 3858615.92
32497 3907967.92
32498 3957323.92
32499 4006683.92
32500 4056047.92
32501 4105415.92
32502 4154787.92
32503 4204163.92
32504 4253543.92
32505 4302927.92
32506 4352315.92
32507 4401707.92
32508 4451103.92
32509 4500503.92
32510 4549907.92
32511 4599315.92
32512 4648727.92
32513 4698143.92
32514 4747643.42
32515 4797224.42
32516 4846805.42
32517 4896386.42
32518 4945967.42
32519 4995548.42
32520 5045129.42
32521 5094710.42
32522 5144291.42
32523 5193872.42
32524 7921351.92
32525 3447991.67
32526 3415892.17
32527 3384437.17
32528 3353994.67
32529 3324484.83
32530 3295751.00
32531 3268215.50
32532 3241695.17
32533 3216039.17
32534 3193102.67
32535 3172821.00
32536 3153869.67
32537 3136926.50
32538 3121862.83
32539 3108628.83
32540 3097326.17
32541 3087865.67
32542 3080645.83
32543 3075840.33
32544 3073257.33
32545 3072545.83
32546 3076918.17
32547 3086319.83
32548 3097134.33
32549 3109915.17
32550 3124680.83
32551 3140755.50
32552 3158046.83
32553 3176588.67
32554 3196151.50
32555 3216569.83
32556 3238077.33
32557 3260465.67
32558 3283659.67
32559 3308029.50
32560 3334075.58
32561 3361724.00
32562 3390480.33
32563 3420281.17
32564 3450873.50
32565 3481959.17
32566 3513604.50
32567 3546454.17
32568 3580592.00
32569 3615452.83
32570 3651421.50
32571 3689058.67
32572 3728001.67
32573 3767743.75
32574 3808053.83
32575 3848814.17
32576 3890392.83
32577 3932701.50
32578 3975401.33
32579 4018520.67
32580 4061982.00
32581 4105826.67
32582 4150139.33
32583 4194711.67
32584 4239372.00
32585 4284120.33
32586 4329017.83
32587 4374336.50
32588 4420083.17
32589 4466036.33
32590 4512144.83
32591 4558350.67
32592 4604670.00
32593 4651337.33
32594 4698315.67
32595 4745419.17
32596 4792657.17
32597 7625533.67
32598 2997908.58
32599 2956476.58
32600 2915962.25
32601 2877147.25
32602 2839822.92
32603 2803456.08
32604 2767776.25
32605 2732752.75
32606 2698791.42
32607 2667122.92
32608 2637775.08
32609 2609583.25
32610 2582468.25
32611 2556304.75
32612 2531026.08
32613 2506859.58
32614 2483486.58
32615 2461098.08
32616 2440358.08
32617 2421422.58
32618 2403821.58
32619 2387189.08
32620 2371655.08
32621 2357711.42
32622 2345749.92
32623 2335380.42
32624 2326268.75
32625 2318478.92
32626 2312122.58
32627 2306937.08
32628 2302452.25
32629 2298564.25
32630 2295314.75
32631 2292851.08
32632 2291798.25
32633 2292741.42
32634 2295324.42
32635 2299005.58
32636 2303860.08
32637 2309974.92
32638 2317482.08
32639 2327473.92
32640 2340128.75
32641 2354700.42
32642 2371499.92
32643 2390744.75
32644 2411996.58
32645 2434740.92
32646 2458470.58
32647 2482883.92
32648 2508605.67
32649 2535630.75
32650 2563533.42
32651 2592786.50
32652 2623523.75
32653 2655655.08
32654 2689073.75
32655 2723572.58
32656 2759057.67
32657 2795352.58
32658 2832363.42
32659 2870167.25
32660 2908597.75
32661 2947524.42
32662 2987252.08
32663 3027827.42
32664 3068917.92
32665 3110289.92
32666 3151843.92
32667 3193806.25
32668 3236773.08
32669 3280902.92
32670 3325700.75
32671 3371115.75
32672 19160504.08
32673 17515686.83
32674 17536996.17
32675 17559475.67
32676 17583257.00
32677 17608449.67
32678 17635105.17
32679 17663566.00
32680 17693761.00
32681 17725100.83
32682 17757261.00
32683 17790151.83
32684 17823977.33
32685 17858756.17
32686 17894110.83
32687 17929888.83
32688 17966110.33
32689 18003057.00
32690 31003149.73
32691 17015683.52
32692 16989341.18
32693 16965020.52
32694 16942596.35
32695 16921784.02
32696 16902123.85
32697 16883822.85
32698 18169534.88
32699 3802351.45
32700 3754774.28
32701 3707321.28
32702 3659920.28
32703 3612607.12
32704 3565437.28
32705 3518388.62
32706 3471409.62
32707 3424486.62
32708 3377619.62
32709 3330808.62
32710 3284213.78
32711 3238074.37
32712 3192555.62
32713 3147459.28
32714 3102489.95
32715 3057804.78
32716 3013650.28
32717 2969994.12
32718 2926585.78
32719 2883401.78
32720 2840600.12
32721 2798109.62
32722 2755824.12
32723 2713774.28
32724 2672482.78
32725 2632503.62
32726 2593338.78
32727 2554529.28
32728 2516159.28
32729 2478301.62
32730 2441089.62
32731 2404435.45
32732 2368092.12
32733 2331990.78
32734 2296528.45
32735 2261782.78
32736 2227554.95
32737 2193808.12
32738 2160587.62
32739 2128018.12
32740 2096300.45
32741 2065365.28
32742 2035035.95
32743 2005600.78
32744 1977378.12
32745 1950383.12
32746 1924134.12
32747 1898646.95
32748 1875109.28
32749 1853823.95
32750 1833770.95
32751 1814996.12
32752 1801220.28
32753 1795731.45
32754 1795227.45
32755 1796445.28
32756 1799052.12
32757 1804666.53
32758 1815325.95
32759 1828994.28
32760 1844928.62
32761 1863326.62
32762 1882887.62
32763 1903297.62
32764 3394862.82
32765 1992575.45
32766 1952400.28
32767 1912455.28
32768 1873392.28
32769 1835249.28
32770 1797908.78
32771 1761827.78
32772 1726732.78
32773 1692248.45
32774 1658825.78
32775 1626779.95
32776 1595852.28
32777 1565889.12
32778 1536965.70
32779 1509940.20
32780 1485414.45
32781 1463129.62
32782 1442470.95
32783 1423077.12
32784 1404997.12
32785 1388276.28
32786 1372894.45
32787 1358800.45
32788 1345845.95
32789 1334035.78
32790 1323381.45
32791 1314468.62
32792 1307515.95
32793 1301645.12
32794 1297047.28
32795 1294925.62
32796 1294913.62
32797 1296134.28
32798 1298886.78
32799 1303835.95
32800 1310999.62
32801 1320988.62
32802 1333786.70
32803 1348263.95
32804 1364020.95
32805 1381022.12
32806 1399584.12
32807 1419522.28
32808 1440645.62
32809 1462895.78
32810 1486378.62
32811 1511370.28
32812 1537505.12
32813 1564615.12
32814 1593076.62
32815 1622834.45
32816 1653813.78
32817 1686159.12
32818 1720110.45
32819 1755596.62
32820 1792323.95
32821 1830141.62
32822 1868768.45
32823 1908052.62
32824 1948678.28
32825 1990525.28
32826 2032804.12
32827 2075614.45
32828 2118886.62
32829 2162490.28
32830 2206478.45
32831 2250736.45
32832 2295162.12
32833 2339821.12
32834 2384746.95
32835 2429915.45
32836 2475270.70
32837 2520872.45
32838 2566695.95
32839 2612694.28
32840 2658943.12
32841 2705355.62
32842 2751840.62
32843 2798663.62
32844 2846052.62
32845 2893778.78
32846 2941600.45
32847 2989462.45
32848 3037364.45
32849 3085306.45
32850 3133288.45
32851 3181336.12
32852 3229602.78
32853 5854996.87
32854 2581661.25
32855 2532118.25
32856 2482579.25
32857 2433044.25
32858 2383513.25
32859 2333986.25
32860 2284463.25
32861 2234944.25
32862 2185459.25
32863 2136148.75
32864 2086984.75
32865 2037828.75
32866 1988680.75
32867 1939727.75
32868 1891043.75
32869 1842731.75
32870 1794725.75
32871 1748548.58
32872 1704347.42
32873 1660418.92
32874 1616706.75
32875 1573210.08
32876 1529880.08
32877 1486658.08
32878 1443607.58
32879 1400782.25
32880 1358155.25
32881 1315713.58
32882 1273428.58
32883 1231267.58
32884 1189511.42
32885 1148848.92
32886 1109501.25
32887 1071165.25
32888 1033563.42
32889 996497.75
32890 959929.75
32891 923979.75
32892 888700.58
32893 853932.42
32894 819566.92
32895 785606.42
32896 752888.75
32897 723809.75
32898 700303.42
32899 680474.08
32900 661884.75
32901 644149.58
32902 627015.75
32903 610561.58
32904 595665.25
32905 583156.58
32906 572522.75
32907 573093.08
32908 584997.58
32909 598205.42
32910 615601.25
32911 637497.75
32912 661083.92
32913 686026.25
32914 711887.25
32915 738476.58
32916 765698.75
32917 793790.92
32918 823122.58
32919 853619.25
32920 885484.92
32921 918953.75
32922 953280.75
32923 990123.25
32924 1029756.25
32925 1070040.75
32926 1110917.42
32927 1152672.58
32928 1195059.75
32929 1237693.92
32930 1280668.42
32931 1323977.92
32932 1367749.42
32933 1412251.08
32934 1457399.67
32935 1503044.58
32936 1549170.75
32937 1596240.42
32938 1644043.42
32939 1691886.42
32940 1739942.08
32941 1788445.08
32942 1837281.42
32943 1886206.42
32944 1935151.42
32945 1984116.42
32946 2033101.42
32947 2082106.42
32948 4449405.67
32949 2291974.42
32950 2242953.42
32951 2193944.42
32952 2144947.42
32953 2095962.42
32954 2046989.42
32955 1998028.42
32956 1949079.42
32957 1900281.42
32958 1851638.42
32959 1803015.42
32960 1754412.42
32961 1705829.42
32962 1660240.75
32963 1617890.58
32964 1576069.08
32965 1534701.08
32966 1493685.75
32967 1453188.92
32968 1413240.42
32969 1373706.08
32970 1334784.58
32971 1296616.42
32972 1258986.08
32973 1222062.75
32974 1186123.58
32975 1151037.25
32976 1116689.42
32977 1082880.75
32978 1049461.08
32979 1016738.08
32980 985550.08
32981 955929.08
32982 927179.25
32983 899351.75
32984 872341.08
32985 845927.25
32986 820417.75
32987 798226.58
32988 780142.75
32989 764207.92
32990 750209.42
32991 737719.58
32992 726126.33
32993 715514.58
32994 706181.75
32995 698349.42
32996 691655.42
32997 685717.08
32998 687728.75
32999 701802.50
33000 720927.25
33001 741263.75
33002 762679.42
33003 785533.42
33004 809998.25
33005 836252.08
33006 864993.75
33007 895623.25
33008 927092.75
33009 959183.75
33010 991868.08
33011 1025892.08
33012 1061837.25
33013 1099227.25
33014 1137726.42
33015 1177153.25
33016 1217200.42
33017 1257549.42
33018 1298422.17
33019 1340308.58
33020 1382910.25
33021 1425756.75
33022 1468763.42
33023 1511957.75
33024 1555385.92
33025 1599209.92
33026 1643358.92
33027 1687591.92
33028 1731908.92
33029 1776309.92
33030 1820834.08
33031 1865553.25
33032 1910437.75
33033 1955456.25
33034 2000633.75
33035 2047304.25
33036 2095403.25
33037 2143891.25
33038 2192762.25
33039 2241645.25
33040 2290540.25
33041 2339447.25
33042 2388437.25
33043 2437707.25
33044 2487216.25
33045 12310196.32
33046 11592115.07
33047 11617825.23
33048 11644997.73
33049 11672976.90
33050 11702418.82
33051 11733929.65
33052 11766797.73
33053 11800214.23
33054 11834572.65
33055 11870607.07
33056 11907855.57
33057 11945649.40
33058 11984055.57
33059 12023081.57
33060 12062545.90
33061 12102322.57
33062 12142404.73
33063 12182774.23
33064 12223479.40
33065 12264587.07
33066 12306068.23
33067 12348146.57
33068 25771754.22
33069 19225391.03
33070 19224925.37
33071 19225942.37
33072 19229371.87
33073 19234951.87
33074 19242563.03
33075 19251868.87
33076 19262763.37
33077 19275687.03
33078 19290038.03
33079 23310537.98
33080 20284502.45
33081 20297078.45
33082 20311066.45
33083 20326125.62
33084 20342629.12
33085 20360767.62
33086 20381146.28
33087 20403766.28
33088 20428022.28
33089 20453795.12
33090 20480634.45
33091 20508099.95
33092 20536496.45
33093 20565885.45
33094 20595813.45
33095 20626436.45
33096 20658921.53
33097 20692975.95
33098 20727404.45
33099 20762224.95
33100 20797670.78
33101 20833861.28
33102 20870730.78
33103 20908184.62
33104 69132482.27
33105 60659491.30
33106 12042807.30
33107 12001405.72
33108 11960693.72
33109 11920706.05
33110 11881323.88
33111 11842761.05
33112 11805362.22
33113 11768960.72
33114 11733183.55
33115 11698107.55
33116 11664266.88
33117 11631917.88
33118 11600784.22
33119 11570545.88
33120 11541253.05
33121 11513007.22
33122 11485766.05
33123 11460855.55
33124 11438889.38
33125 11418723.22
33126 11399811.22
33127 11382628.38
33128 11367175.38
33129 11353256.97
33130 11340935.22
33131 11330362.55
33132 11321456.72
33133 11313461.72
33134 11306342.55
33135 11300551.72
33136 11296178.88
33137 11293119.05
33138 11291879.55
33139 11292625.55
33140 11295057.05
33141 11299006.22
33142 11304338.05
33143 11311303.72
33144 11320601.55
33145 11331776.22
33146 11343808.55
33147 11356791.55
33148 11370916.55
33149 11386169.55
33150 11402634.22
33151 11420491.72
33152 11439670.05
33153 11459731.55
33154 11480671.55
33155 11502705.55
33156 11525563.88
33157 11549401.72
33158 11574405.22
33159 11600417.05
33160 11628044.55
33161 11657180.72
33162 11686985.22
33163 11717295.05
33164 35930147.92
33165 33317652.57
33166 9004938.23
33167 8957902.57
33168 8911215.07
33169 8865273.23
33170 8819949.57
33171 8775118.23
33172 8730831.07
33173 8686855.07
33174 8643372.90
33175 8900303.82
33176 4289893.65
33177 4243611.82
33178 4197790.82
33179 4152216.15
33180 4106945.82
33181 4062194.82
33182 4017768.15
33183 3973531.32
33184 3929590.15
33185 3885899.32
33186 3842350.82
33187 3798914.82
33188 3755629.82
33189 3712567.15
33190 3669955.48
33191 3628005.65
33192 3586497.32
33193 3545671.48
33194 3506371.32
33195 3468827.32
33196 3432762.82
33197 3398553.48
33198 3366110.48
33199 3334866.48
33200 3304454.32
33201 3274544.65
33202 3246667.82
33203 3221045.82
33204 3196328.98
33205 3174419.65
33206 3155637.32
33207 3139364.32
33208 3125297.98
33209 3112031.82
33210 3099612.48
33211 3088469.82
33212 3078741.48
33213 3836829.35
33214 1751252.37
33215 1713037.03
33216 1675574.20
33217 1638944.03
33218 1603118.20
33219 1568155.37
33220 1534065.20
33221 1500779.20
33222 1468899.37
33223 1439224.20
33224 1411099.37
33225 1383597.70
33226 1356704.87
33227 1331784.70
33228 1308705.37
33229 1286458.70
33230 1265723.37
33231 1247015.70
33232 1232863.53
33233 1222740.37
33234 1213797.87
33235 1205790.87
33236 1198834.53
33237 1193163.87
33238 1188473.37
33239 1184976.20
33240 1182935.87
33241 1182814.20
33242 1185389.87
33243 1189966.87
33244 1196284.37
33245 1205243.20
33246 1216718.37
33247 1229872.70
33248 1244483.37
33249 1260668.70
33250 1278140.87
33251 1296671.87
33252 1316018.53
33253 1336291.87
33254 1358078.70
33255 1381794.37
33256 1406996.20
33257 1433301.20
33258 1460896.53
33259 1489858.37
33260 1521277.03
33261 1555382.37
33262 1590702.20
33263 1626639.70
33264 1663237.87
33265 1700563.37
33266 1738603.03
33267 1777356.03
33268 1817055.87
33269 1857825.37
33270 1899549.37
33271 1941983.20
33272 1984862.37
33273 2028007.53
33274 2071354.03
33275 2114868.03
33276 2158554.53
33277 2202523.03
33278 2246814.20
33279 2291577.53
33280 2336771.70
33281 2382138.70
33282 2427721.70
33283 2473555.53
33284 2519582.87
33285 2565723.87
33286 2611977.37
33287 2658341.37
33288 2704785.37
33289 2751309.37
33290 2797950.37
33291 2844723.37
33292 2891800.87
33293 2939394.20
33294 2987350.03
33295 3035444.70
33296 3083663.37
33297 3132083.95
33298 3180802.20
33299 3229814.37
33300 9915699.03
33301 7047989.83
33302 7009157.50
33303 6971030.17
33304 6933456.17
33305 6896479.67
33306 6860147.33
33307 6824346.00
33308 6797206.25
33309 6778916.50
33310 6761575.50
33311 6745750.17
33312 6731445.67
33313 6718842.00
33314 6708330.17
33315 6699567.17
33316 6692300.67
33317 6686403.67
33318 6681964.00
33319 6678795.00
33320 6676960.17
33321 6676608.00
33322 6677421.17
33323 6679306.17
33324 6682144.17
33325 6686176.50
33326 6691745.00
33327 6699267.50
33328 6710443.17
33329 6726033.67
33330 6744743.67
33331 6765056.33
33332 20036141.33
33333 18119194.33
33334 18077267.08
33335 18036001.08
33336 17995221.58
33337 17954738.08
33338 19196319.12
33339 13903285.72
33340 13858601.72
33341 13814140.22
33342 13769958.22
33343 13725988.05
33344 14054047.80
33345 4222841.78
33346 4173888.78
33347 4125025.62
33348 4076333.45
33349 4027744.45
33350 3979216.95
33351 3930788.45
33352 3882431.28
33353 3834158.95
33354 3786019.78
33355 3737964.78
33356 3689945.78
33357 3641962.78
33358 3594041.28
33359 3546183.28
33360 3498365.28
33361 3450637.62
33362 3403058.45
33363 3355586.45
33364 3308261.45
33365 3261092.95
33366 3213986.95
33367 3166978.78
33368 3120145.62
33369 3073466.12
33370 3026865.12
33371 2980316.12
33372 2933840.12
33373 2887439.12
33374 2841150.62
33375 2795036.12
33376 2749337.12
33377 2704071.12
33378 2658948.12
33379 2614284.62
33380 2570456.62
33381 2527103.62
33382 2483867.62
33383 2441041.95
33384 2399173.95
33385 2358590.28
33386 2318847.12
33387 2279417.12
33388 2240320.78
33389 2201612.62
33390 2163631.78
33391 2126659.95
33392 2090399.28
33393 2054821.28
33394 2020159.78
33395 1986305.62
33396 1952980.95
33397 1920060.45
33398 1888431.28
33399 1858602.95
33400 1829890.78
33401 1802194.12
33402 1776169.95
33403 1751832.62
33404 1729074.12
33405 1707838.62
33406 1687933.95
33407 1669324.62
33408 1651833.78
33409 1635349.78
33410 1620037.75
33411 1606718.22
33412 1595588.38
33413 1586477.88
33414 1579711.22
33415 1575883.55
33416 1574734.13
33417 1576354.38
33418 1580801.72
33419 1587117.72
33420 1594837.55
33421 1603907.55
33422 1614736.13
33423 1627129.22
33424 1641891.88
33425 1660043.72
33426 1680489.05
33427 1702462.38
33428 3236215.13
33429 2140453.58
33430 2124569.50
33431 2109884.42
33432 2096704.25
33433 2086139.33
33434 2077745.17
33435 2070264.67
33436 2063781.17
33437 2058442.17
33438 2054334.00
33439 2051580.00
33440 2049894.83
33441 2049039.92
33442 2049393.17
33443 2052021.67
33444 2057196.50
33445 2064113.50
33446 2072828.67
33447 2083521.33
33448 2096990.67
33449 2113442.50
33450 2131557.33
33451 2150627.67
33452 2171479.83
33453 2194162.75
33454 2217903.17
33455 2243144.50
33456 2270933.67
33457 2300836.17
33458 2331593.00
33459 2363059.83
33460 2395246.17
33461 2428310.00
33462 2462362.50
33463 2497036.50
33464 2532789.00
33465 2570285.50
33466 2608794.00
33467 2647705.17
33468 2687071.67
33469 2727191.17
33470 2767948.33
33471 2808912.50
33472 2850233.67
33473 2892203.33
33474 2934666.00
33475 2977317.17
33476 3020213.17
33477 3063520.33
33478 3107295.83
33479 3151536.00
33480 3196171.50
33481 3241066.17
33482 3286223.17
33483 3331756.83
33484 3377682.50
33485 3423902.50
33486 3470372.92
33487 3517054.33
33488 3563844.67
33489 3610735.00
33490 3657723.33
33491 3704767.67
33492 3751888.50
33493 3799162.33
33494 3846564.67
33495 3894081.33
33496 3941922.83
33497 8688949.42
33498 5046114.08
33499 5002972.75
33500 4960085.92
33501 4917575.58
33502 4875367.75
33503 4833379.08
33504 4791721.25
33505 4750617.42
33506 4710120.58
33507 4670237.08
33508 4631356.42
33509 4593563.25
33510 4556366.00
33511 4520244.75
33512 4485582.92
33513 4452334.42
33514 4420332.33
33515 4388983.75
33516 4358219.25
33517 4328226.08
33518 4299259.42
33519 4271469.42
33520 4244689.42
33521 4218763.58
33522 4193669.08
33523 4169309.25
33524 4145794.42
33525 4123346.92
33526 4101842.58
33527 4081581.08
33528 4062778.08
33529 4044924.92
33530 4027746.92
33531 4011207.75
33532 3995681.75
33533 3981297.92
33534 3968235.58
33535 3956446.75
33536 3945645.08
33537 3936271.42
33538 3928825.33
33539 3923835.67
33540 3921282.58
33541 3920429.58
33542 3921101.08
33543 3923176.92
33544 3926217.42
33545 3930618.08
33546 3936331.92
33547 3942990.75
33548 3951508.08
33549 3963136.17
33550 3977721.25
33551 3994165.58
33552 4011928.58
33553 4030581.42
33554 4050246.92
33555 5781446.92
33556 2298330.92
33557 2256347.42
33558 2215172.92
33559 2174968.58
33560 2135369.92
33561 2096422.42
33562 2058471.75
33563 2021535.58
33564 1985405.58
33565 1950044.92
33566 1915669.92
33567 1883027.75
33568 1852498.08
33569 1823395.25
33570 1795273.25
33571 1768048.42
33572 1741723.25
33573 1716398.92
33574 1692915.42
33575 1671609.42
33576 1652548.92
33577 1635901.75
33578 1621399.92
33579 1609180.42
33580 1598748.92
33581 1589446.75
33582 1581310.58
33583 1574435.75
33584 1568589.58
33585 1563919.42
33586 1561604.58
33587 1561581.58
33588 1562698.08
33589 1564776.42
33590 1568029.25
33591 1572468.42
33592 1578154.58
33593 1585241.08
33594 1593516.92
33595 1602656.08
33596 1612600.08
33597 1623872.08
33598 1636678.08
33599 1651935.75
33600 1669970.08
33601 1689905.92
33602 1711263.58
33603 1733515.92
33604 1756710.08
33605 1780764.25
33606 1805575.58
33607 1831177.25
33608 1857653.42
33609 1885571.25
33610 1915502.75
33611 1948198.58
33612 1982840.42
33613 2017998.92
33614 2053616.42
33615 2090160.42
33616 2127787.42
33617 2166296.58
33618 2205774.25
33619 2245847.25
33620 2286177.58
33621 2326721.92
33622 2367561.25
33623 2408689.75
33624 2450114.75
33625 2492365.50
33626 2535589.42
33627 2579391.08
33628 2623540.75
33629 2667858.42
33630 2712414.42
33631 2757206.75
33632 2802210.08
33633 2847773.92
33634 2893775.75
33635 2939916.08
33636 2986196.42
33637 3032550.75
33638 3078969.08
33639 3125451.42
33640 3172020.67
33641 3218828.25
33642 3265922.25
33643 3313164.75
33644 3360474.75
33645 3407828.75
33646 3455226.75
33647 3502668.75
33648 7943169.15
33649 5755768.82
33650 5745398.07
33651 5736589.98
33652 5729430.32
33653 5723673.65
33654 5719320.15
33655 5716957.65
33656 5716345.82
33657 5717295.07
33658 5719761.23
33659 5723755.98
33660 5729691.98
33661 5737238.65
33662 5745974.65
33663 5755795.48
33664 5766827.65
33665 5779158.65
33666 5793622.32
33667 5810551.23
33668 5829428.82
33669 5849996.48
33670 5871604.98
33671 5893877.82
33672 5916905.15
33673 5941047.15
33674 5966455.15
33675 5992656.82
33676 6019718.98
33677 8796563.72
33678 3960367.73
33679 3923947.90
33680 3888382.90
33681 3854042.23
33682 3820902.57
33683 3788577.57
33684 3757026.40
33685 3726122.57
33686 3695889.40
33687 3666485.57
33688 3638213.23
33689 3611081.32
33690 3584914.23
33691 3559702.40
33692 3535981.07
33693 3513976.23
33694 3493326.82
33695 3473948.40
33696 3455889.73
33697 3439067.90
33698 3424767.90
33699 3413333.90
33700 3403678.40
33701 3396207.48
33702 3391203.82
33703 3388139.57
33704 3386421.23
33705 3385896.23
33706 3386677.07
33707 3389190.07
33708 3393739.15
33709 3399983.40
33710 3408101.07
33711 3418910.73
33712 3432515.90
33713 3448299.73
33714 3465456.73
33715 3483475.23
33716 3503087.90
33717 3524986.40
33718 3548454.23
33719 3572626.73
33720 3597827.23
33721 3624590.23
33722 3652468.57
33723 3681645.40
33724 3712044.23
33725 3743065.57
33726 3774744.57
33727 3807187.90
33728 3841338.48
33729 3877428.23
33730 3914458.40
33731 3952067.90
33732 3990181.23
33733 13328718.40
33734 10582370.75
33735 10542183.58
33736 10502386.58
33737 10463295.25
33738 10424869.92
33739 10387206.58
33740 10992491.58
33741 3825611.67
33742 3776831.67
33743 3728071.67
33744 3679331.67
33745 3630611.67
33746 3581911.67
33747 3533231.67
33748 3484571.67
33749 3435931.67
33750 3387311.67
33751 3338711.67
33752 3290131.67
33753 3241571.67
33754 3193031.67
33755 3144511.67
33756 3096069.83
33757 3047768.00
33758 2999552.00
33759 2951364.00
33760 2903288.33
33761 2855562.67
33762 2808164.83
33763 2760904.50
33764 2713731.50
33765 2666610.50
33766 2619541.50
33767 2572585.00
33768 2525743.00
33769 2479109.33
33770 2433140.00
33771 2387793.83
33772 2342673.83
33773 2297742.83
33774 2255359.17
33775 2215723.17
33776 2176728.17
33777 2138374.50
33778 2100491.33
33779 2063022.50
33780 2026047.00
33781 1989757.83
33782 1954332.33
33783 1919681.50
33784 1886946.50
33785 1856163.67
33786 1826102.67
33787 1796721.08
33788 1767993.17
33789 1739804.67
33790 1712100.83
33791 1685463.00
33792 1660031.67
33793 1635476.33
33794 1611850.17
33795 1589340.33
33796 1568058.67
33797 1548621.00
33798 1531349.00
33799 1515505.83
33800 1501030.83
33801 1488120.17
33802 1477465.67
33803 1469425.33
33804 1464006.83
33805 1461240.00
33806 1460236.83
33807 1460380.17
33808 1462256.67
33809 1466019.67
33810 1471230.33
33811 1477804.00
33812 1485852.50
33813 1495647.83
33814 1507699.50
33815 1522179.83
33816 1538432.83
33817 1556164.08
33818 1575777.17
33819 1597936.00
33820 1622216.50
33821 1647497.83
33822 1673421.33
33823 1699997.33
33824 1727156.50
33825 1755178.50
33826 1784054.33
33827 1813528.00
33828 1844350.67
33829 1876412.50
33830 1911661.67
33831 1950415.67
33832 1990089.00
33833 2030362.83
33834 2071055.67
33835 2112137.83
33836 2153556.67
33837 7291005.33
33838 5517154.08
33839 5467606.08
33840 5418058.08
33841 5368510.08
33842 5318962.08
33843 5269414.08
33844 5219866.08
33845 5170318.08
33846 5120770.08
33847 5071222.08
33848 5021674.08
33849 4972126.08
33850 4922578.08
33851 4873030.08
33852 4823482.08
33853 4773934.08
33854 4724386.08
33855 4674838.08
33856 4625290.08
33857 4575742.08
33858 4526194.08
33859 4476646.08
33860 4427098.08
33861 4377550.08
33862 4328002.08
33863 4278454.08
33864 4228906.08
33865 4179358.08
33866 4129810.08
33867 4080262.08
33868 4030714.08
33869 3981166.08
33870 3931618.08
33871 3882070.08
33872 3832522.08
33873 3782974.08
33874 3733426.08
33875 3683878.08
33876 3634337.08
33877 3584826.08
33878 3535355.08
33879 3485903.08
33880 3436455.08
33881 3387011.08
33882 3337571.08
33883 3288135.08
33884 3238703.08
33885 3189275.08
33886 3139851.08
33887 3090431.08
33888 3041015.08
33889 2991603.08
33890 2942195.08
33891 2892791.08
33892 2843391.08
33893 2793995.08
33894 2744630.08
33895 2695337.08
33896 2646091.08
33897 2596853.08
33898 2547623.08
33899 2498401.08
33900 2449263.92
33901 2400292.25
33902 2351413.25
33903 2302550.25
33904 2253723.75
33905 2204935.75
33906 2156200.75
33907 2108189.75
33908 2060964.75
33909 2014324.25
33910 1968277.25
33911 1922384.25
33912 1876571.25
33913 1830838.25
33914 1785217.08
33915 1739838.25
33916 1695025.92
33917 1651044.58
33918 1607804.75
33919 1565245.25
33920 1523457.75
33921 1482303.92
33922 1441585.58
33923 1401698.75
33924 1362955.58
33925 1324860.92
33926 1287965.25
33927 1252421.92
33928 1217382.92
33929 1183242.08
33930 1150517.42
33931 1118778.42
33932 1087563.75
33933 1056984.75
33934 1027545.42
33935 999587.92
33936 974472.08
33937 953956.58
33938 936529.75
33939 920626.42
33940 906364.25
33941 893484.25
33942 881682.42
33943 871382.58
33944 863114.75
33945 856923.25
33946 852586.75
33947 849752.42
33948 848603.25
33949 849374.08
33950 851922.00
33951 856250.92
33952 861993.25
33953 868532.92
33954 875898.75
33955 884069.42
33956 893170.42
33957 903565.75
33958 915363.58
33959 928868.92
33960 944161.92
33961 960831.08
33962 979481.75
33963 1001286.42
33964 1026075.42
33965 1052941.42
33966 1081892.75
33967 1112434.75
33968 1144607.75
33969 1179200.50
33970 1215148.92
33971 1251427.75
33972 1288222.42
33973 1325970.92
33974 1364535.08
33975 1403643.42
33976 1443572.58
33977 1484334.75
33978 1526052.42
33979 1568596.25
33980 1611505.75
33981 1654931.42
33982 1699037.08
33983 1743532.58
33984 1788291.42
33985 1833384.25
33986 1878958.67
33987 1925294.92
33988 1972178.08
33989 2019331.75
33990 2066655.75
33991 2114051.75
33992 2161532.75
33993 2209083.25
33994 2256694.25
33995 2304413.25
33996 2352215.25
33997 2400049.25
33998 2447915.25
33999 2495813.25
34000 2543743.25
34001 2591705.25
34002 2639699.25
34003 2687725.25
34004 2735783.25
34005 2783873.25
34006 2831995.25
34007 2880149.25
34008 2928335.25
34009 2976553.25
34010 3024803.25
34011 3073085.25
34012 3121399.25
34013 3169745.25
34014 3218123.25
34015 3266533.25
34016 3315013.25
34017 3363620.75
34018 3412313.75
34019 3461030.75
34020 3509771.75
34021 3558582.75
34022 3607601.25
34023 3656809.92
34024 3706089.08
34025 3755400.08
34026 3804715.08
34027 3854034.08
34028 3903357.08
34029 3952684.08
34030 4002015.08
34031 4051350.08
34032 4100689.08
34033 4150032.08
34034 4199379.08
34035 4248730.08
34036 4298085.08
34037 4347444.08
34038 4396807.08
34039 4446174.08
34040 4495545.08
34041 4544920.08
34042 4594299.08
34043 4643682.08
34044 4693069.08
34045 4742460.08
34046 4791855.08
34047 4841254.08
34048 4890657.08
34049 4940064.08
34050 4989475.08
34051 5038890.08
34052 5088309.08
34053 5137732.08
34054 5187159.08
34055 5236590.08
34056 5286025.08
34057 5335464.08
34058 5384907.08
34059 5434354.08
34060 5483805.08
34061 5533260.08
34062 5582729.58
34063 5632233.75
34064 5681770.92
34065 5731318.92
34066 5780866.92
34067 5830414.92
34068 5879962.92
34069 5929510.92
34070 5979058.92
34071 6028606.92
34072 6078154.92
34073 6127702.92
34074 6177250.92
34075 6226798.92
34076 6276346.92
34077 6325894.92
34078 6375442.92
34079 6424990.92
34080 6474538.92
34081 6524086.92
34082 6573634.92
34083 6623182.92
34084 6672730.92
34085 6722278.92
34086 6771826.92
34087 6821374.92
34088 6870922.92
34089 6920470.92
34090 6970018.92
34091 7019566.92
34092 7069114.92
34093 7118662.92
34094 7168210.92
34095 7217758.92
34096 7267306.92
34097 7316854.92
34098 7366402.92
34099 7415950.92
34100 7465498.92
34101 7515046.92
34102 13590374.92
34103 10128492.17
34104 10133386.67
34105 10139781.50
34106 10148013.50
34107 10159803.33
34108 10175021.67
34109 10191623.17
34110 10209131.67
34111 10227574.67
34112 10247041.67
34113 10267719.50
34114 10289713.50
34115 10313038.58
34116 10337589.17
34117 10363533.67
34118 10391375.00
34119 10420776.17
34120 10451213.67
34121 10482483.17
34122 10515135.17
34123 10549892.67
34124 10585847.17
34125 10622173.83
34126 10659480.00
34127 10697929.50
34128 10736988.67
34129 10776528.17
34130 10816702.33
34131 10857486.83
34132 10898731.50
34133 10940262.00
34134 13007540.67
34135 2353390.08
34136 2308410.42
34137 2263878.92
34138 2219668.42
34139 2175696.25
34140 2131960.58
34141 2088478.25
34142 2045329.75
34143 2002521.58
34144 1960600.25
34145 1919574.92
34146 1878815.58
34147 1838381.42
34148 1798492.92
34149 1759583.58
34150 1722163.25
34151 1688619.08
34152 1658530.58
34153 1629166.08
34154 1600375.08
34155 1572375.42
34156 1545400.25
34157 1519568.75
34158 1495181.58
34159 1472574.17
34160 1452061.58
34161 1435876.75
34162 1426340.42
34163 1420904.75
34164 1416706.08
34165 1414065.58
34166 1413467.42
34167 1414975.25
34168 1418011.92
34169 1421905.42
34170 1426976.92
34171 1435206.75
34172 1447719.42
34173 1463460.17
34174 1482495.83
34175 1504874.83
34176 1529561.75
34177 1555703.92
34178 1582814.92
34179 1610796.08
34180 1639760.75
34181 1670209.42
34182 1701897.92
34183 1734798.25
34184 1768928.08
34185 1803745.58
34186 3449437.42
34187 1959546.75
34188 1926414.42
34189 1894612.42
34190 1863974.25
34191 1834854.92
34192 1807540.08
34193 1781700.92
34194 1757346.25
34195 1734831.25
34196 1714248.58
34197 1695475.58
34198 1678155.25
34199 1662378.75
34200 1648847.42
34201 1637148.25
34202 1626960.92
34203 1618091.75
34204 1610137.75
34205 1603178.75
34206 1597297.08
34207 1592874.25
34208 1590110.92
34209 1588975.08
34210 1589349.08
34211 1590832.58
34212 1593364.75
34213 1597018.67
34214 1601813.75
34215 1608073.42
34216 1616290.08
34217 1626336.75
34218 1638228.42
34219 1652898.25
34220 1670788.25
34221 1690872.92
34222 1712018.08
34223 1734577.58
34224 1759038.25
34225 1785015.25
34226 1812172.75
34227 1840656.92
34228 1870411.58
34229 1901193.83
34230 1933077.25
34231 1966253.25
34232 2001586.92
34233 2039471.08
34234 2079952.58
34235 2122316.58
34236 2165573.75
34237 2209632.42
34238 2255126.92
34239 2301899.58
34240 2348929.92
34241 2396157.08
34242 2443481.08
34243 2490939.58
34244 2538668.58
34245 2586608.58
34246 2634617.58
34247 2682888.58
34248 2731456.08
34249 13642244.42
34250 11047880.17
34251 11014303.17
34252 10981406.83
34253 10949817.33
34254 10919809.67
34255 10891590.17
34256 10865418.17
34257 10840907.50
34258 10817453.83
34259 10795027.00
34260 10773697.33
34261 10753526.33
34262 10734299.50
34263 10716089.00
34264 10699391.50
34265 10684317.17
34266 10670990.50
34267 10659327.00
34268 10649012.17
34269 10639929.50
34270 10632036.33
34271 10625246.00
34272 10619619.17
34273 10615090.67
34274 10612005.17
34275 10611110.50
34276 10612085.50
34277 10614210.83
34278 10617372.00
34279 10622015.00
34280 12747204.78
34281 4914536.97
34282 4877227.63
34283 4840820.63
34284 4805612.63
34285 4771733.13
34286 4739366.63
34287 4708971.80
34288 4680240.47
34289 4652608.63
34290 4625722.13
34291 4599669.13
34292 4574667.63
34293 4551017.13
34294 4530438.00
34295 4514873.95
34296 4503251.03
34297 4493161.03
34298 4483904.53
34299 4477007.87
34300 4472497.70
34301 4468999.87
34302 4467375.70
34303 4468065.53
34304 4470313.20
34305 4473683.70
34306 6128355.27
34307 2491770.40
34308 2449641.48
34309 2407934.15
34310 2366553.82
34311 2325512.82
34312 2284686.32
34313 2244183.32
34314 2204380.57
34315 2165885.07
34316 2128626.32
34317 2092045.98
34318 2056019.65
34319 2020771.73
34320 1986314.57
34321 1952632.98
34322 1919718.48
34323 1887430.48
34324 1856026.65
34325 1825951.65
34326 1797225.48
34327 1769359.48
34328 1742242.73
34329 1715943.15
34330 1690265.98
34331 1665109.32
34332 1641338.32
34333 1620204.82
34334 1600935.15
34335 1582639.32
34336 1565572.32
34337 1549371.32
34338 1533724.82
34339 1520127.98
34340 1508843.15
34341 1498800.65
34342 1490652.82
34343 1484229.48
34344 1478934.65
34345 1475218.15
34346 1473377.90
34347 1473686.23
34348 1476003.82
34349 1480020.98
34350 1486348.82
34351 1495074.98
34352 1505434.65
34353 1517298.32
34354 1530577.15
34355 1544783.98
34356 1559914.98
34357 1576193.82
34358 1594037.98
34359 1613704.98
34360 1635212.32
34361 1658228.65
34362 1682589.23
34363 1708929.40
34364 1737059.82
34365 1766129.82
34366 1796034.98
34367 1827104.82
34368 1859305.48
34369 1892707.32
34370 1927298.32
34371 1962845.15
34372 1999458.65
34373 2037007.82
34374 2075147.15
34375 2113816.73
34376 2153004.65
34377 2192686.82
34378 7604115.83
34379 7126691.38
34380 7164986.72
34381 7204233.38
34382 7244084.55
34383 7284514.55
34384 7325760.72
34385 7367517.38
34386 7409475.88
34387 7451604.38
34388 7493951.38
34389 7536569.05
34390 7579457.38
34391 7622606.55
34392 7666041.22
34393 7709983.22
34394 7754769.38
34395 7800522.88
34396 7847052.72
34397 7894034.38
34398 7941223.88
34399 7988657.55
34400 8036360.38
34401 8084217.55
34402 8132161.55
34403 8180141.55
34404 8228163.55
34405 8276334.05
34406 26484891.13
34407 19818160.40
34408 19793853.73
34409 19771012.90
34410 19749774.40
34411 19729607.82
34412 19710635.07
34413 19693821.57
34414 19679255.40
34415 19666885.90
34416 19656431.40
34417 19647008.23
34418 19638531.07
34419 24979526.45
34420 11224696.38
34421 11181524.88
34422 11138899.22
34423 11096634.55
34424 11054593.05
34425 11012732.05
34426 10971015.05
34427 10929590.88
34428 10888653.55
34429 10848406.72
34430 10808696.55
34431 10769221.55
34432 11612278.92
34433 6606436.25
34434 6570366.25
34435 6537154.92
34436 6505915.75
34437 6475889.42
34438 6446865.58
34439 6418930.92
34440 6393565.92
34441 6371921.08
34442 6352547.92
34443 6334286.58
34444 6318092.58
34445 6304332.25
34446 6292230.85
34447 7760274.35
34448 3671807.98
34449 3628268.82
34450 3585216.48
34451 3542961.15
34452 3501612.65
34453 3460786.82
34454 3420346.65
34455 3380392.32
34456 3340910.65
34457 3301837.65
34458 3263151.98
34459 3224795.98
34460 3186671.32
34461 3148806.98
34462 3111758.32
34463 3075910.82
34464 3040871.15
34465 3006983.48
34466 2974450.82
34467 2943193.98
34468 2913158.15
34469 2884622.57
34470 2857920.98
34471 2832422.48
34472 2807756.32
34473 2784043.48
34474 2761802.98
34475 2741190.23
34476 2723986.98
34477 2710990.32
34478 2700172.65
34479 2690940.73
34480 2683225.48
34481 2676641.98
34482 2671790.90
34483 2669335.90
34484 2669200.98
34485 2670951.23
34486 2674266.07
34487 2680159.82
34488 2690263.48
34489 2704760.73
34490 2722117.98
34491 2741164.98
34492 2761497.48
34493 2782923.23
34494 2805566.48
34495 2829043.48
34496 2852956.65
34497 2878737.15
34498 2906547.40
34499 2935171.98
34500 2964596.15
34501 2994597.82
34502 3025497.15
34503 3057307.15
34504 3089533.65
34505 3122138.65
34506 3155182.32
34507 3188716.98
34508 6538906.15
34509 5611637.15
34510 5626174.07
34511 7697773.82
34512 3723330.50
34513 3691324.92
34514 3660500.58
34515 3630391.25
34516 3600877.42
34517 3572422.25
34518 3545059.42
34519 3518525.75
34520 3492993.25
34521 3468417.42
34522 3444720.92
34523 3421834.25
34524 3399803.92
34525 3378989.92
34526 3359659.67
34527 3342288.42
34528 3326988.42
34529 3313543.17
34530 3301990.42
34531 3293299.08
34532 4091209.33
34533 2048652.25
34534 2015348.33
34535 1982998.00
34536 1951669.83
34537 1922103.67
34538 1894615.50
34539 1868614.50
34540 1844258.50
34541 1822143.00
34542 1801942.67
34543 1783112.33
34544 1765725.50
34545 1749401.67
34546 1734075.50
34547 1719923.17
34548 1707001.00
34549 1695194.00
34550 1685492.67
34551 1679497.00
34552 1677680.67
34553 1679810.50
34554 1684891.83
34555 1691880.17
34556 1700625.00
34557 1711014.00
34558 1723018.50
34559 1737370.00
34560 1753670.00
34561 1770912.83
34562 1789223.83
34563 1808921.83
34564 1830279.17
34565 1853533.33
34566 1878632.17
34567 1905081.17
34568 1932486.67
34569 1960713.50
34570 1989615.83
34571 2019541.75
34572 2050963.00
34573 2083870.50
34574 2118030.17
34575 2153156.17
34576 2189283.67
34577 2226398.33
34578 2264329.00
34579 2302852.50
34580 2341707.50
34581 2381730.17
34582 2423514.83
34583 2466127.33
34584 2508904.83
34585 2551972.83
34586 2595480.50
34587 2639359.17
34588 2683632.83
34589 2728222.33
34590 2773147.33
34591 2818413.50
34592 2864045.33
34593 2910366.50
34594 2957227.50
34595 3004293.17
34596 3051444.17
34597 3098651.17
34598 3145914.17
34599 3193336.67
34600 3240925.33
34601 3288630.50
34602 3336447.50
34603 3384390.17
34604 3432520.83
34605 14192404.23
34606 12085090.98
34607 12083871.15
34608 12084676.90
34609 12087613.32
34610 12092199.82
34611 12098298.65
34612 12105728.32
34613 12114218.65
34614 12123881.48
34615 12134780.48
34616 12146915.15
34617 12160318.15
34618 12174794.48
34619 12190158.15
34620 12206349.32
34621 12223999.15
34622 14138020.22
34623 3102985.68
34624 3066576.68
34625 3031551.68
34626 2997616.02
34627 2964610.43
34628 2932462.18
34629 2900944.02
34630 2869966.35
34631 2839872.52
34632 2810963.02
34633 2783891.18
34634 2759276.52
34635 2736401.35
34636 2714695.85
34637 2694271.02
34638 2675281.77
34639 2657748.52
34640 2641516.60
34641 2626791.68
34642 2613635.02
34643 2603950.35
34644 2598540.68
34645 2595418.85
34646 2593612.10
34647 2592986.68
34648 2593391.68
34649 2594737.68
34650 2597441.02
34651 2601845.52
34652 2608064.02
34653 2616398.02
34654 2626359.02
34655 2637357.85
34656 2649946.77
34657 2664043.52
34658 2679232.35
34659 2695470.35
34660 2712520.85
34661 2730572.52
34662 2749870.52
34663 2770319.18
34664 2791914.18
34665 2814838.18
34666 2839191.85
34667 2865278.93
34668 2893527.68
34669 2923369.35
34670 9745989.73
34671 8237153.73
34672 8216310.23
34673 8196291.40
34674 8176836.07
34675 8158666.40
34676 8141947.73
34677 8126927.57
34678 8114239.90
34679 8103077.57
34680 8092849.07
34681 8083911.90
34682 8076533.57
34683 8070991.73
34684 8067254.57
34685 8064759.23
34686 8064085.90
34687 8066104.23
34688 8070232.57
34689 8075587.07
34690 8081876.73
34691 8089206.23
34692 8097501.73
34693 8106883.73
34694 8117780.23
34695 8130908.90
34696 8146515.07
34697 8163899.73
34698 8182762.73
34699 8203342.98
34700 8225553.73
34701 8248792.90
34702 8272796.57
34703 8297611.33
34704 8323644.43
34705 8351594.35
34706 8381314.27
34707 8411984.27
34708 8443155.77
34709 8475019.27
34710 13009878.50
34711 5361426.23
34712 5311775.23
34713 5262124.23
34714 5212473.23
34715 5162822.23
34716 5113171.23
34717 5063520.23
34718 5013869.23
34719 4964218.23
34720 4914567.23
34721 4864916.23
34722 4815265.23
34723 4765614.23
34724 4715963.23
34725 4666312.23
34726 4616661.23
34727 4567010.23
34728 4517359.23
34729 4467708.23
34730 4418057.23
34731 4368406.23
34732 4318755.23
34733 4269104.23
34734 4219453.23
34735 4169802.23
34736 4120151.23
34737 4070500.23
34738 4020849.23
34739 3971198.23
34740 3921547.23
34741 3871896.23
34742 3822245.23
34743 3772594.23
34744 3722943.23
34745 3673292.23
34746 3623641.23
34747 3574162.23
34748 3524910.73
34749 3475720.73
34750 3426542.73
34751 3377376.73
34752 3328222.73
34753 3279080.73
34754 3229950.73
34755 3180832.73
34756 3131726.73
34757 3082632.73
34758 3033550.73
34759 2984480.73
34760 2935422.73
34761 2886376.73
34762 2837342.73
34763 2788320.73
34764 2739310.73
34765 2690312.73
34766 2641326.73
34767 2592352.73
34768 2543534.23
34769 2495287.23
34770 2447483.07
34771 2399731.73
34772 2352042.57
34773 2304418.90
34774 2256890.73
34775 2209513.23
34776 2162475.23
34777 2115712.23
34778 2069032.23
34779 2022438.23
34780 1976185.23
34781 1930278.23
34782 1884547.73
34783 1838995.73
34784 1793704.57
34785 1748767.73
34786 1704599.57
34787 1661318.57
34788 1618446.23
34789 1575936.90
34790 1533937.90
34791 1492356.40
34792 1450962.40
34793 1409724.40
34794 1368642.40
34795 1328370.73
34796 1289383.40
34797 1251054.07
34798 1213003.90
34799 1177706.90
34800 1146314.90
34801 1116485.23
34802 1087346.40
34803 1059317.40
34804 1032660.23
34805 1007699.90
34806 984188.73
34807 961462.90
34808 939764.57
34809 919436.73
34810 900121.73
34811 883547.23
34812 871129.57
34813 861152.73
34814 852147.40
34815 843888.23
34816 836743.73
34817 832191.23
34818 830215.40
34819 829852.40
34820 831229.40
34821 834682.83
34822 840795.60
34823 849766.93
34824 860526.10
34825 872096.93
34826 884986.93
34827 899849.77
34828 916616.43
34829 934807.85
34830 954550.43
34831 975451.77
34832 997270.93
34833 1020611.68
34834 1045702.43
34835 1073227.27
34836 1102944.77
34837 1133961.10
34838 1165949.43
34839 1198748.77
34840 1233837.10
34841 1270888.77
34842 1308451.43
34843 1346761.10
34844 1385772.43
34845 1425150.27
34846 1464801.27
34847 1504792.43
34848 1545144.10
34849 1586063.10
34850 1627593.10
34851 1669463.77
34852 1711765.60
34853 1754668.77
34854 1797924.27
34855 1841363.77
34856 1885109.43
34857 1929179.10
34858 1973436.10
34859 2017885.10
34860 2062565.10
34861 2107541.10
34862 2152894.77
34863 2198634.43
34864 2244673.93
34865 2290841.93
34866 2337089.93
34867 2383417.93
34868 2429825.93
34869 2476492.43
34870 2523468.93
34871 2570631.93
34872 2618147.10
34873 2666509.27
34874 2715471.27
34875 2764451.27
34876 2813447.27
34877 2862459.27
34878 2911586.27
34879 2960891.77
34880 3010364.77
34881 3059935.77
34882 3109510.77
34883 3159089.77
34884 3208676.77
34885 3258298.77
34886 3307949.77
34887 3357600.77
34888 3407251.77
34889 3456902.77
34890 3506553.77
34891 3556204.77
34892 3605855.77
34893 3655506.77
34894 3705157.77
34895 3754808.77
34896 3804459.77
34897 3854110.77
34898 3903761.77
34899 3953412.77
34900 4003063.77
34901 4052714.77
34902 4102365.77
34903 4152016.77
34904 4201667.77
34905 4251318.77
34906 4300969.77
34907 4350620.77
34908 4400271.77
34909 4449922.77
34910 4499573.77
34911 4549224.77
34912 4598875.77
34913 4648526.77
34914 4698177.77
34915 4747828.77
34916 4797479.77
34917 4847130.77
34918 4896781.77
34919 4946432.77
34920 4996083.77
34921 14830271.13
34922 10314889.87
34923 10276726.87
34924 10239631.53
34925 10204189.62
34926 10170094.03
34927 10136773.37
34928 10104223.53
34929 10072860.28
34930 10042799.20
34931 10013536.70
34932 9984797.37
34933 9956861.20
34934 9930023.70
34935 9904377.37
34936 9879935.45
34937 9856942.45
34938 9835437.37
34939 9815068.03
34940 9797383.37
34941 9782316.03
34942 9768267.37
34943 11959483.70
34944 5793184.20
34945 5759710.53
34946 5727910.20
34947 5696875.37
34948 5666667.53
34949 5637989.70
34950 5611209.87
34951 5586186.37
34952 5562667.37
34953 5540081.87
34954 5518136.70
34955 5496889.87
34956 5476718.37
34957 5457915.03
34958 5440766.03
34959 5425455.53
34960 5412357.37
34961 5402635.87
34962 5395848.70
34963 5390450.20
34964 5385962.37
34965 5382256.20
34966 5379382.87
34967 5377608.03
34968 5377100.20
34969 5377830.70
34970 5380045.87
34971 5384528.03
34972 5391570.70
34973 5400663.87
34974 5411497.53
34975 7827454.95
34976 3474588.00
34977 3427157.00
34978 3379762.00
34979 3332432.50
34980 3285841.50
34981 3240047.83
34982 3194672.33
34983 3149763.50
34984 3105251.50
34985 3061293.00
34986 3017899.33
34987 2975027.67
34988 2932554.83
34989 2890447.67
34990 2848957.33
34991 2807942.33
34992 2767682.33
34993 2728662.83
34994 2690453.33
34995 2652865.00
34996 2616129.17
34997 2580031.67
34998 2544236.17
34999 2508750.50
35000 2473693.00
35001 2439536.50
35002 2407156.00
35003 2376713.50
35004 2347674.83
35005 2319663.17
35006 2292757.00
35007 2267386.17
35008 2243413.00
35009 2220373.50
35010 2198292.83
35011 2177615.00
35012 2158808.83
35013 2141527.67
35014 2125621.83
35015 2111133.17
35016 2097840.00
35017 2086795.17
35018 2078498.00
35019 2072158.00
35020 2068631.67
35021 2068984.50
35022 2072197.50
35023 2077346.83
35024 2085102.33
35025 2097065.50
35026 2112809.58
35027 2130812.50
35028 2150257.42
35029 3791310.83
35030 2191228.25
35031 2148867.25
35032 2107136.92
35033 2066504.58
35034 2026921.42
35035 1988004.25
35036 1949560.58
35037 1912450.92
35038 1876907.08
35039 1842116.25
35040 1808150.08
35041 1775163.08
35042 1743008.08
35043 1711607.75
35044 1680785.92
35045 1650495.42
35046 1620749.58
35047 1591675.42
35048 1563385.75
35049 1536055.25
35050 1509820.42
35051 1484529.58
35052 1460293.08
35053 1437309.58
35054 1415568.25
35055 1394743.58
35056 1375294.92
35057 1357601.92
35058 1341493.25
35059 1327190.33
35060 1314685.75
35061 1303880.92
35062 1294435.00
35063 1286378.08
35064 1279957.75
35065 1274742.58
35066 1270271.92
35067 1266840.42
35068 1264799.08
35069 1264569.58
35070 1266197.42
35071 1268999.58
35072 1274049.75
35073 1282200.92
35074 1292148.00
35075 1303783.58
35076 1317482.42
35077 1333077.58
35078 1351277.08
35079 1371480.75
35080 1392489.50
35081 1414155.92
35082 1436364.42
35083 1459276.92
35084 1483431.17
35085 1509251.92
35086 1536828.92
35087 1566074.25
35088 1596703.08
35089 1628475.42
35090 1661020.08
35091 1694147.50
35092 1728606.08
35093 1765215.08
35094 1803234.25
35095 1841731.08
35096 1880582.58
35097 1919678.75
35098 1959153.75
35099 1999172.58
35100 2039647.08
35101 2080704.25
35102 2122903.58
35103 2165978.92
35104 2209399.83
35105 2253179.42
35106 2297175.42
35107 2341267.42
35108 2385481.92
35109 2430000.42
35110 2474876.92
35111 2520133.08
35112 2565704.25
35113 2611398.25
35114 2657183.25
35115 2703032.25
35116 2748999.25
35117 2795082.25
35118 2841225.25
35119 2887428.25
35120 2933691.25
35121 2980091.25
35122 3026739.25
35123 3073641.75
35124 3120760.75
35125 3168006.75
35126 3215300.75
35127 3262642.75
35128 3310033.75
35129 3357479.42
35130 3404982.58
35131 3452723.58
35132 3500768.08
35133 3548962.58
35134 3597246.08
35135 3645620.08
35136 3694064.08
35137 3742532.08
35138 3791042.08
35139 3839592.08
35140 3888162.08
35141 3936752.08
35142 3985362.08
35143 4033992.08
35144 4082642.08
35145 4131312.08
35146 4180002.08
35147 4228712.08
35148 4277442.08
35149 4326192.08
35150 12410111.97
35151 10439047.97
35152 10447306.97
35153 10457303.80
35154 10469479.47
35155 10483639.63
35156 10498879.13
35157 10514949.30
35158 10532755.47
35159 10552710.63
35160 10574179.63
35161 10597146.63
35162 10621734.47
35163 10647631.13
35164 10674537.05
35165 10702512.97
35166 10731454.97
35167 10761495.05
35168 19949205.12
35169 11274953.57
35170 11234870.82
35171 11693509.72
35172 4051483.52
35173 4003880.68
35174 3956353.35
35175 3908897.02
35176 3861515.02
35177 3814201.02
35178 3767033.85
35179 3720164.02
35180 3673569.35
35181 3627107.35
35182 3580721.35
35183 3534435.35
35184 3488293.02
35185 3442400.52
35186 3396916.18
35187 3351759.27
35188 3306791.85
35189 3262012.68
35190 3217522.35
35191 3173503.85
35192 3129973.02
35193 3087104.35
35194 3044772.68
35195 3002724.35
35196 2961041.18
35197 2919894.68
35198 2879386.85
35199 2839493.18
35200 2800327.85
35201 2761869.02
35202 2724754.02
35203 2689207.35
35204 2654435.35
35205 2620439.85
35206 2587158.68
35207 2554430.85
35208 2522461.68
35209 2491457.18
35210 2461376.18
35211 2431865.18
35212 2402969.68
35213 2374922.18
35214 2348212.85
35215 2323452.27
35216 2300595.35
35217 2279048.35
35218 2258339.85
35219 2238374.35
35220 2219350.52
35221 2201609.18
35222 2185566.27
35223 2172068.85
35224 2160765.68
35225 2150943.68
35226 2142626.52
35227 2135689.85
35228 2129988.52
35229 2125253.02
35230 2122056.02
35231 2120427.85
35232 2120335.35
35233 2122254.85
35234 2125915.02
35235 2131071.85
35236 2137674.68
35237 2145546.85
35238 2154610.35
35239 2164794.18
35240 2176176.68
35241 2189223.35
35242 2204008.85
35243 2221004.68
35244 2240280.35
35245 2261213.35
35246 2283525.52
35247 2306754.68
35248 2330879.68
35249 2356209.85
35250 2382755.52
35251 2410428.52
35252 2439223.02
35253 2469080.85
35254 2499949.18
35255 2531875.85
35256 2564967.35
35257 2599079.35
35258 2633928.02
35259 2669426.35
35260 2705456.52
35261 2742149.02
35262 2779517.85
35263 2817414.52
35264 2856139.18
35265 6780856.83
35266 4402997.32
35267 4378010.98
35268 4354204.32
35269 4331765.32
35270 4310952.82
35271 4291374.98
35272 4273080.48
35273 4256212.32
35274 4240610.40
35275 4226581.15
35276 4214609.15
35277 4204720.82
35278 4196519.98
35279 4189488.65
35280 4183624.32
35281 4179038.15
35282 4175397.82
35283 4172839.32
35284 4171640.32
35285 4171642.65
35286 4172552.82
35287 4174392.15
35288 4177577.98
35289 4182451.82
35290 4188770.65
35291 4196502.82
35292 4206079.82
35293 4217383.32
35294 4230678.82
35295 4246153.32
35296 4263927.65
35297 4284379.82
35298 4307037.32
35299 4331394.98
35300 4357152.82
35301 4383947.65
35302 4411780.32
35303 4440650.15
35304 4470947.90
35305 4503306.98
35306 4537306.65
35307 4572511.65
35308 4608829.57
35309 4646087.98
35310 4684156.98
35311 4722781.32
35312 4761849.98
35313 4801570.48
35314 4842559.15
35315 4884741.98
35316 4927346.82
35317 4970218.98
35318 5013647.15
35319 5057852.82
35320 5102768.82
35321 7440483.32
35322 2903985.23
35323 2866888.23
35324 2830899.90
35325 2795674.73
35326 2761011.23
35327 2727933.07
35328 2696228.73
35329 2664859.23
35330 2633982.40
35331 2604174.65
35332 2576309.48
35333 2550215.73
35334 2527909.98
35335 2510174.57
35336 2494197.57
35337 2479067.23
35338 2465285.32
35339 2455126.57
35340 2448608.40
35341 2443568.07
35342 2439522.23
35343 2436482.23
35344 2434651.57
35345 2434497.23
35346 2436461.57
35347 2440726.07
35348 2446673.40
35349 2453745.90
35350 2461994.23
35351 2471293.23
35352 2481986.23
35353 2494296.40
35354 2508066.40
35355 2523637.90
35356 2541274.40
35357 2560931.57
35358 2582233.73
35359 2604524.07
35360 2627651.07
35361 2651873.40
35362 2677250.07
35363 2703622.40
35364 2730797.73
35365 2758532.73
35366 2787431.23
35367 2817531.57
35368 2848299.90
35369 6847958.00
35370 5200405.85
35371 5204518.85
35372 5211077.18
35373 5218870.18
35374 5227613.10
35375 5237623.35
35376 5249356.52
35377 5263165.85
35378 5278910.52
35379 5296274.02
35380 5315046.35
35381 5335068.18
35382 5358343.18
35383 5386014.18
35384 5416278.35
35385 5448262.35
35386 5481440.35
35387 5515200.35
35388 5549452.18
35389 5584194.18
35390 5619315.85
35391 5654711.18
35392 5690579.35
35393 5727107.85
35394 5764127.02
35395 5801582.68
35396 5839423.35
35397 5877724.35
35398 5916689.85
35399 5956115.68
35400 5995907.18
35401 6036316.35
35402 6077462.35
35403 6119193.18
35404 6161228.52
35405 6203393.68
35406 6245750.52
35407 6288359.52
35408 6331155.18
35409 6374074.85
35410 6417135.35
35411 8741301.18
35412 2521831.75
35413 2477185.75
35414 2432685.58
35415 2388388.92
35416 2344342.75
35417 2300572.58
35418 2257219.58
35419 2214222.58
35420 2171454.92
35421 2128937.42
35422 2086633.42
35423 2044773.17
35424 2003592.92
35425 1963030.92
35426 1923058.58
35427 1883604.42
35428 1844477.58
35429 1805815.08
35430 1767653.92
35431 1730168.42
35432 1693469.58
35433 1657452.25
35434 1622272.92
35435 1587803.92
35436 1553981.08
35437 1521064.58
35438 1489192.42
35439 1458273.58
35440 1428376.58
35441 1399488.58
35442 1371446.58
35443 1344497.58
35444 1318742.08
35445 1294966.58
35446 1274870.75
35447 1257644.08
35448 1241458.58
35449 1226379.42
35450 1213001.92
35451 1201228.92
35452 1190728.58
35453 1181726.25
35454 1174206.75
35455 1168035.92
35456 1162986.92
35457 1158776.92
35458 1155578.58
35459 1153930.00
35460 1155164.25
35461 1159542.42
35462 1166172.25
35463 1174357.58
35464 1184253.25
35465 1195877.25
35466 1208846.92
35467 1223457.08
35468 1239807.58
35469 1258492.50
35470 1279147.08
35471 1301713.08
35472 1326134.42
35473 1351394.92
35474 1377487.08
35475 1404613.75
35476 1432626.92
35477 1461156.58
35478 1490463.92
35479 1521058.75
35480 1552813.75
35481 1585730.08
35482 1620077.08
35483 1655434.75
35484 1691384.25
35485 1727839.42
35486 1764718.92
35487 1802017.08
35488 1839759.42
35489 1877982.42
35490 1916654.42
35491 1956068.58
35492 1996614.08
35493 2037863.08
35494 2079372.58
35495 2121285.58
35496 2163554.92
35497 2206089.42
35498 2249534.25
35499 2294334.42
35500 2340338.08
35501 2387085.42
35502 2434403.08
35503 2482337.08
35504 2530529.75
35505 2578808.75
35506 9956435.03
35507 7529192.20
35508 7488147.20
35509 7448267.20
35510 7409282.20
35511 7371133.37
35512 7333644.70
35513 7296435.53
35514 7259644.03
35515 7223476.03
35516 7187916.87
35517 7152788.20
35518 7117984.03
35519 7083487.37
35520 7049449.20
35521 7016103.37
35522 6983430.03
35523 6951415.87
35524 6920584.53
35525 6891616.53
35526 6864260.03
35527 6838083.03
35528 6813398.87
35529 6790078.20
35530 6767489.03
35531 6745524.37
35532 6724209.70
35533 6704167.20
35534 6685922.70
35535 6669215.37
35536 6653917.03
35537 6640594.53
35538 6629693.87
35539 6620627.20
35540 6612923.53
35541 6607542.53
35542 6605148.53
35543 6604812.12
35544 6605843.20
35545 6608050.03
35546 6612042.87
35547 6618437.20
35548 6626366.53
35549 6635914.20
35550 6647603.20
35551 6660580.87
35552 6674400.37
35553 6689370.03
35554 8854472.87
35555 3166067.67
35556 3126955.17
35557 3088544.17
35558 3050806.00
35559 3013475.83
35560 2976461.33
35561 2940059.00
35562 2904680.50
35563 2870120.67
35564 2835968.50
35565 2802447.67
35566 2769943.17
35567 2738411.50
35568 2707583.83
35569 2677319.67
35570 2647517.17
35571 2618196.33
35572 2589685.83
35573 2562112.50
35574 2535391.50
35575 2509624.33
35576 2484621.17
35577 2460128.17
35578 2436299.00
35579 2413859.83
35580 2392888.33
35581 2372834.17
35582 2353775.17
35583 2335919.50
35584 2319476.33
35585 2304528.00
35586 2291168.42
35587 2279144.00
35588 2268008.33
35589 2257992.50
35590 2249190.83
35591 2241964.17
35592 2236615.00
35593 2232961.00
35594 2231447.83
35595 2231944.75
35596 2233786.00
35597 2236592.67
35598 2240441.50
35599 2246153.58
35600 2253787.50
35601 2262865.50
35602 2273636.17
35603 2286023.33
35604 2299788.33
35605 2315105.17
35606 2331683.83
35607 2349456.67
35608 2368813.83
35609 2389823.67
35610 2412446.00
35611 2436611.33
35612 2462393.50
35613 2489854.17
35614 2518852.33
35615 2548790.50
35616 2579191.67
35617 2610181.50
35618 2642153.33
35619 2675179.67
35620 2708853.33
35621 2743520.83
35622 2779589.83
35623 2816550.33
35624 2853987.50
35625 2892104.83
35626 2931233.17
35627 2971229.83
35628 3011743.17
35629 3052653.17
35630 3093864.67
35631 3135329.83
35632 3177303.50
35633 3219784.50
35634 3262627.00
35635 6483277.67
35636 3339970.00
35637 3291766.00
35638 3243730.00
35639 3195814.00
35640 3147938.00
35641 3100102.00
35642 3052400.00
35643 3004855.50
35644 2957387.00
35645 2910055.00
35646 2862988.83
35647 2816262.17
35648 2769778.17
35649 2723412.67
35650 2677139.67
35651 2630981.67
35652 2585003.67
35653 2539217.50
35654 2493610.67
35655 2448181.50
35656 2402919.50
35657 2357845.50
35658 2313033.00
35659 2268467.00
35660 2224055.83
35661 2180613.67
35662 2138188.50
35663 2096313.33
35664 2055140.33
35665 2014535.67
35666 1974378.83
35667 1934467.33
35668 1894852.83
35669 1856232.50
35670 1818620.50
35671 1781852.67
35672 1746394.67
35673 1712845.67
35674 1680875.75
35675 1649549.42
35676 1618845.83
35677 1588787.83
35678 1559471.17
35679 1531275.50
35680 1504463.17
35681 1478877.83
35682 1454182.17
35683 1430170.50
35684 1407033.33
35685 1385222.00
35686 1364655.50
35687 1345007.42
35688 1326545.58
35689 1309857.83
35690 1295499.33
35691 1283504.67
35692 1273894.17
35693 1266428.33
35694 1260691.00
35695 1257392.00
35696 1255965.83
35697 1255261.58
35698 1255534.33
35699 1257340.25
35700 1260981.83
35701 1266104.08
35702 1272382.83
35703 1280777.00
35704 1291446.25
35705 1304963.00
35706 1321226.33
35707 1339042.58
35708 1358191.00
35709 1377989.33
35710 1398431.00
35711 1419701.50
35712 1441831.50
35713 1464676.50
35714 1488155.92
35715 1512232.67
35716 1537136.50
35717 1563612.00
35718 1591359.00
35719 1619659.17
35720 1648738.17
35721 1678707.67
35722 1709422.83
35723 1741231.00
35724 1774512.42
35725 1809215.50
35726 1844920.00
35727 1881334.50
35728 1918387.33
35729 1955819.25
35730 1994046.08
35731 2033036.00
35732 2072303.17
35733 2112281.67
35734 2153294.50
35735 2194995.33
35736 2236982.83
35737 2279135.00
35738 2321464.67
35739 2364013.17
35740 2407653.17
35741 2453143.83
35742 2499549.17
35743 2546014.50
35744 2592539.83
35745 9766950.67
35746 8462355.92
35747 8458576.58
35748 8457238.92
35749 8458179.92
35750 8460367.58
35751 8463640.92
35752 8469284.25
35753 8477251.08
35754 10935030.98
35755 4003754.47
35756 3956254.30
35757 3908911.63
35758 3863133.63
35759 3819003.47
35760 3775476.97
35761 3733556.63
35762 3693609.63
35763 3654766.80
35764 3617244.30
35765 3581425.63
35766 3546619.63
35767 3512274.97
35768 3478508.13
35769 3445445.47
35770 3412940.30
35771 3381268.47
35772 3350705.63
35773 3321514.30
35774 3294053.47
35775 3267989.63
35776 3243499.47
35777 3221309.80
35778 3200688.47
35779 3180850.30
35780 3161958.63
35781 3144422.05
35782 3128250.97
35783 3113154.30
35784 3100434.47
35785 3090408.13
35786 3081546.63
35787 3073441.97
35788 3066577.97
35789 3061477.47
35790 3058468.22
35791 3057724.97
35792 3058739.80
35793 3060781.13
35794 3063634.80
35795 3067323.63
35796 3072133.63
35797 3078139.30
35798 3086295.47
35799 3096902.97
35800 3109219.80
35801 3123084.63
35802 3138035.80
35803 3153778.13
35804 3170461.63
35805 3188558.30
35806 3208096.30
35807 3228608.47
35808 3250249.80
35809 3273277.30
35810 7215491.10
35811 4983479.30
35812 4999988.97
35813 5019405.47
35814 5042959.80
35815 5068756.88
35816 5095314.47
35817 5122893.13
35818 5151694.30
35819 5181670.97
35820 5212690.30
35821 5244858.80
35822 5278273.30
35823 5312619.80
35824 5347525.97
35825 5382894.63
35826 5419251.30
35827 5456685.80
35828 5494832.80
35829 5534143.63
35830 5574640.05
35831 5615732.13
35832 5657130.13
35833 5698801.13
35834 5740806.30
35835 5783177.13
35836 5826096.13
35837 5869463.80
35838 5913022.38
35839 5956750.47
35840 6000614.47
35841 6044590.80
35842 6088688.80
35843 6132958.30
35844 6177477.13
35845 6222298.47
35846 6267346.80
35847 6312524.30
35848 6357842.80
35849 6403359.63
35850 6449165.80
35851 6495211.80
35852 6541369.30
35853 6587606.30
35854 6633911.97
35855 6680327.97
35856 6726891.80
35857 6773622.80
35858 6820564.47
35859 6867889.80
35860 6915656.47
35861 6963662.47
35862 7011769.47
35863 7059933.97
35864 7108132.97
35865 7156355.97
35866 7204664.97
35867 7253088.47
35868 7301562.47
35869 7350080.47
35870 7398782.63
35871 7447756.30
35872 14462936.92
35873 7242934.70
35874 7197016.20
35875 7151476.20
35876 7106136.03
35877 7060987.12
35878 7016062.20
35879 6971482.87
35880 6927224.03
35881 6883301.53
35882 6840090.87
35883 6797587.70
35884 6755498.53
35885 6713715.53
35886 6672119.70
35887 6630718.62
35888 6589666.03
35889 6549074.87
35890 6508851.37
35891 6468906.87
35892 6429180.87
35893 6389654.37
35894 6351266.03
35895 6314683.53
35896 6279256.20
35897 6244476.78
35898 6210258.20
35899 6176646.70
35900 6143747.70
35901 6111584.03
35902 6080228.37
35903 6050078.03
35904 6021879.70
35905 5995492.20
35906 5970156.87
35907 5946349.62
35908 5925205.37
35909 5906451.03
35910 5889146.70
35911 5873799.37
35912 5860547.37
35913 5849386.03
35914 5840787.70
35915 5834090.53
35916 5829065.03
35917 5825679.20
35918 5823606.98
35919 5823102.77
35920 7760570.85
35921 3538984.75
35922 3494371.92
35923 3449944.25
35924 3405692.75
35925 3361751.58
35926 3318228.75
35927 3275117.58
35928 3232371.25
35929 3189958.42
35930 3147984.92
35931 3106688.42
35932 3066026.25
35933 3025835.08
35934 2986045.25
35935 2946632.42
35936 2907608.42
35937 2868882.42
35938 2830784.42
35939 2793966.75
35940 2758679.92
35941 2724954.25
35942 2692452.75
35943 2661008.75
35944 2630711.08
35945 2601331.08
35946 2572953.58
35947 2545876.25
35948 2519757.25
35949 2494461.25
35950 2470143.75
35951 2446564.25
35952 2423758.25
35953 2402114.42
35954 2381878.42
35955 2363083.17
35956 2345644.92
35957 2329389.75
35958 2314143.25
35959 2300165.75
35960 2287715.25
35961 2276650.25
35962 2266740.42
35963 2257704.58
35964 2250168.83
35965 2244604.58
35966 2240856.75
35967 2238947.58
35968 2238373.25
35969 2239122.08
35970 2243552.42
35971 2251534.25
35972 2261352.42
35973 2273607.50
35974 2288185.00
35975 2305219.75
35976 2325100.42
35977 2346974.75
35978 2370323.92
35979 4195935.45
35980 2390688.78
35981 2341352.78
35982 2292028.78
35983 2242729.28
35984 2193478.28
35985 2144285.62
35986 2095139.95
35987 2046022.95
35988 1997457.95
35989 1949594.62
35990 1902125.62
35991 1854972.95
35992 1807957.95
35993 1761036.95
35994 1714271.62
35995 1667873.28
35996 1621910.62
35997 1576252.78
35998 1530925.12
35999 1485928.12
36000 1441641.37
36001 1398914.37
36002 1357727.95
36003 1317341.95
36004 1277572.95
36005 1238309.45
36006 1199433.28
36007 1161463.28
36008 1124692.78
36009 1088784.78
36010 1053562.37
36011 1019184.12
36012 987185.95
36013 958717.03
36014 932904.78
36015 908516.28
36016 884995.45
36017 862492.37
36018 840925.62
36019 820799.28
36020 804475.70
36021 792139.78
36022 782352.53
36023 774471.95
36024 767778.28
36025 762305.45
36026 758109.95
36027 755259.78
36028 753754.62
36029 753429.62
36030 754199.62
36031 756079.62
36032 760415.12
36033 767669.95
36034 777098.78
36035 789003.28
36036 803331.45
36037 819481.12
36038 837265.78
36039 857439.45
36040 880030.62
36041 905033.62
36042 932614.45
36043 961707.62
36044 991713.45
36045 1023125.62
36046 1056489.00
36047 1091414.05
36048 1127280.55
36049 1163878.38
36050 1201253.22
36051 1240373.55
36052 1281920.38
36053 1324988.38
36054 1368547.38
36055 1412466.05
36056 1456668.22
36057 1501055.38
36058 1545850.88
36059 1591264.72
36060 1637107.22
36061 1683164.22
36062 1729396.22
36063 1775842.88
36064 1822548.22
36065 1869437.05
36066 1916425.72
36067 1963485.72
36068 2010601.72
36069 2057800.13
36070 2105092.55
36071 2152450.55
36072 2200099.22
36073 2248270.55
36074 2296734.88
36075 2345264.05
36076 2393835.05
36077 2442430.05
36078 2491049.05
36079 2539725.55
36080 2588491.05
36081 2637361.05
36082 2686365.22
36083 2735463.88
36084 2784591.88
36085 2833735.88
36086 2882895.88
36087 2932071.88
36088 2981279.88
36089 3030525.38
36090 3079840.88
36091 3129216.88
36092 3178600.88
36093 3227992.88
36094 3277432.38
36095 3326917.38
36096 3376406.38
36097 3425899.38
36098 3475396.38
36099 3524897.38
36100 3574402.38
36101 3623911.38
36102 3673424.38
36103 3722941.38
36104 3772462.38
36105 3821987.38
36106 3871516.38
36107 3921049.38
36108 3970586.38
36109 4020127.38
36110 4069672.38
36111 4119221.38
36112 4168774.38
36113 9739044.15
36114 6835065.55
36115 6815848.55
36116 6797605.05
36117 6783746.88
36118 6777411.55
36119 6776110.55
36120 6777778.78
36121 6782530.52
36122 6789698.10
36123 6798572.10
36124 6808662.77
36125 6820159.77
36126 6833508.43
36127 6848478.43
36128 8413430.38
36129 3452285.20
36130 3426462.45
36131 3401372.12
36132 3377006.95
36133 3354290.53
36134 3333668.45
36135 3314526.78
36136 3296921.70
36137 3280576.78
36138 3266475.78
36139 3254802.12
36140 3244314.12
36141 3234844.62
36142 3226500.28
36143 3219628.12
36144 3214150.12
36145 3210074.62
36146 3207546.62
36147 3206329.12
36148 3206209.45
36149 3207398.12
36150 3210000.45
36151 3214537.62
36152 3221061.45
36153 3229223.78
36154 3238843.78
36155 3249604.28
36156 3261606.62
36157 3274754.12
36158 3289094.62
36159 3304847.12
36160 3322493.45
36161 3342073.28
36162 3363535.62
36163 3386733.95
36164 3410975.12
36165 3436625.28
36166 3463541.28
36167 3490976.28
36168 3518824.78
36169 3548024.12
36170 3579374.12
36171 3612328.53
36172 3646084.95
36173 3681725.95
36174 3719622.62
36175 3758363.62
36176 3797796.78
36177 3837883.62
36178 3878297.78
36179 3919195.45
36180 3960634.62
36181 4002550.78
36182 4045034.45
36183 4088017.28
36184 4131493.45
36185 4175521.95
36186 4220103.28
36187 4265352.62
36188 4311151.95
36189 14021125.12
36190 13680662.62
36191 43135334.28
36192 32684301.67
36193 32656586.67
36194 32629777.50
36195 32604505.17
36196 32581005.00
36197 32558920.00
36198 32538056.17
36199 32518251.83
36200 32499408.50
36201 32481731.00
36202 32465552.17
36203 32451203.83
36204 32438760.67
36205 37870608.58
36206 26335957.92
36207 26316897.92
36208 26300139.67
36209 26285636.75
36210 26272748.42
36211 26261049.75
36212 26250428.58
36213 26240876.42
36214 26232411.08
36215 26225129.75
36216 26218974.08
36217 26213710.75
36218 26209431.42
36219 26206454.58
36220 26205127.17
36221 26205443.75
36222 35860922.48
36223 21652972.07
36224 21626782.73
36225 21602780.57
36226 21580896.23
36227 21561195.40
36228 22997822.68
36229 4833816.23
36230 4784140.23
36231 4734464.23
36232 4684788.23
36233 4635112.23
36234 4585436.23
36235 4535760.23
36236 4486084.23
36237 4436408.23
36238 4386732.23
36239 4337056.23
36240 4287432.57
36241 4237939.23
36242 4188550.57
36243 4139192.57
36244 4089842.57
36245 4040500.57
36246 3991166.57
36247 3941840.57
36248 3892522.57
36249 3843212.57
36250 3793910.57
36251 3744616.57
36252 3695330.57
36253 3646052.57
36254 3596782.57
36255 3547520.57
36256 3498281.57
36257 3449083.57
36258 3399913.57
36259 3350755.57
36260 3301609.57
36261 3252475.57
36262 3203353.57
36263 3154243.57
36264 3105145.57
36265 3056059.57
36266 3007004.07
36267 2958098.23
36268 2909431.90
36269 2860891.90
36270 2812375.90
36271 2763883.90
36272 2715415.90
36273 2666990.73
36274 2618634.57
36275 2570337.07
36276 2522149.40
36277 2474200.90
36278 2426521.57
36279 2379229.07
36280 2332318.73
36281 2285692.40
36282 2239267.40
36283 2192942.90
36284 2146774.40
36285 2100764.23
36286 2055210.57
36287 2010527.73
36288 1966520.40
36289 1922801.73
36290 1879292.40
36291 1836043.73
36292 1793075.23
36293 1750412.23
36294 1708341.23
36295 1667144.07
36296 1626686.40
36297 1586934.23
36298 1547777.40
36299 1508944.23
36300 1470478.23
36301 1432536.23
36302 1395577.07
36303 1359492.07
36304 1323851.40
36305 1289006.07
36306 1254944.57
36307 1221469.57
36308 1189303.23
36309 1158677.90
36310 1130367.07
36311 1104297.23
36312 1079176.07
36313 1054923.73
36314 1031863.73
36315 1010058.57
36316 989093.40
36317 968885.07
36318 949494.57
36319 931204.73
36320 914413.73
36321 899395.73
36322 886018.07
36323 874199.40
36324 863915.23
36325 855150.73
36326 847819.73
36327 841869.73
36328 837446.90
36329 834656.90
36330 834136.40
36331 836951.17
36332 844158.52
36333 855569.60
36334 869656.93
36335 885680.52
36336 903397.43
36337 922222.93
36338 942171.43
36339 963368.35
36340 986075.93
36341 1010754.93
36342 1037656.77
36343 1066655.77
36344 1097639.85
36345 1130322.93
36346 1163915.43
36347 1198136.43
36348 1233509.77
36349 1270356.43
36350 1308337.10
36351 1346965.43
36352 1385934.27
36353 1425194.60
36354 1465034.60
36355 1505992.77
36356 1548142.93
36357 1591091.10
36358 1634545.43
36359 1678278.27
36360 1722219.27
36361 1766445.77
36362 1810880.27
36363 1855432.27
36364 1900171.10
36365 1945338.27
36366 1991014.35
36367 2037026.27
36368 2083257.60
36369 2129654.27
36370 2176200.10
36371 2222855.93
36372 2269631.10
36373 2316567.60
36374 2363665.10
36375 2410876.77
36376 2458157.60
36377 2505509.77
36378 2553236.10
36379 2601530.43
36380 2650078.10
36381 2698677.77
36382 2747316.77
36383 2795983.77
36384 2844679.27
36385 2893554.27
36386 2942661.93
36387 2991924.60
36388 3041306.77
36389 3090748.77
36390 3140293.18
36391 3189940.77
36392 3239616.77
36393 3289292.77
36394 3338968.77
36395 3388644.77
36396 3438320.77
36397 3487996.77
36398 3537672.77
36399 3587348.77
36400 3637024.77
36401 3686700.77
36402 8608895.75
36403 5959443.98
36404 5940151.32
36405 5922595.82
36406 5907158.82
36407 5893465.65
36408 5881514.48
36409 5872157.48
36410 5865424.98
36411 5861282.07
36412 5859058.98
36413 5858781.82
36414 7554333.48
36415 2632894.75
36416 2597297.92
36417 2563403.58
36418 2531209.25
36419 2499498.58
36420 2468557.25
36421 2438602.42
36422 2409574.08
36423 2381493.25
36424 2354791.75
36425 2329952.25
36426 2306905.75
36427 2285121.92
36428 2264484.75
36429 2245021.33
36430 2227499.08
36431 2212452.75
36432 2200682.08
36433 2197779.08
36434 2202201.58
36435 2208228.25
36436 2217449.92
36437 2229301.42
36438 2242148.42
36439 2256357.75
36440 2272468.58
36441 2290385.92
36442 2309432.75
36443 2330071.75
36444 2352378.42
36445 2375793.25
36446 2400725.25
36447 2427616.58
36448 2456191.75
36449 2485662.25
36450 2515556.08
36451 2545979.92
36452 2577061.75
36453 2608653.75
36454 2641351.58
36455 2675843.92
36456 2711723.42
36457 2748360.92
36458 2786097.08
36459 2825360.25
36460 2865457.08
36461 2905990.67
36462 2947056.75
36463 2988588.75
36464 9507124.25
36465 7505584.25
36466 7512320.75
36467 7522872.08
36468 7536663.25
36469 7552510.25
36470 7569748.25
36471 7588546.42
36472 7608987.75
36473 7630829.25
36474 7653838.25
36475 7677957.75
36476 7703386.25
36477 7730090.92
36478 7757620.08
36479 7786592.08
36480 7817188.75
36481 7848714.75
36482 7880977.25
36483 7913917.08
36484 7947642.42
36485 7982428.25
36486 8018409.92
36487 8055781.92
36488 8094547.92
36489 8134187.08
36490 8174534.58
36491 8215752.58
36492 8257622.25
36493 8299826.92
36494 8342421.42
36495 8385769.08
36496 8429811.92
36497 8474142.08
36498 8518593.08
36499 8563131.75
36500 26839153.77
36501 23481594.77
36502 23492103.18
36503 23505097.35
36504 23521291.02
36505 23539905.85
36506 23559663.35
36507 23580195.85
36508 23601643.68
36509 44575172.93
36510 32311369.18
36511 32319236.85
36512 32328338.02
36513 32340357.02
36514 32356413.18
36515 32374761.85
36516 32394149.02
36517 32414340.02
36518 32435744.02
36519 32458635.68
36520 32482991.18
36521 32508635.18
36522 32535403.85
36523 32563394.68
36524 32594006.18
36525 66976196.18
36526 44724106.48
36527 47358428.53
36528 8945150.37
36529 8900639.03
36530 8856341.70
36531 8812483.53
36532 8769471.70
36533 8727093.03
36534 8685017.20
36535 8643216.03
36536 8601715.53
36537 8562086.20
36538 8526858.03
36539 8495177.37
36540 8465331.70
36541 8436882.37
36542 8409326.20
36543 8382761.53
36544 8357567.37
36545 8334438.87
36546 8312979.70
36547 9605816.87
36548 3573480.38
36549 3527078.22
36550 3480781.05
36551 3434561.55
36552 3388456.55
36553 3342461.05
36554 3296530.05
36555 3250711.05
36556 3205093.05
36557 3159727.38
36558 3114540.72
36559 3069453.22
36560 3024550.88
36561 2980152.55
36562 2936593.55
36563 2893617.55
36564 2850823.55
36565 2808275.88
36566 2767036.22
36567 2727935.05
36568 2690406.05
36569 2654444.72
36570 2619818.05
36571 2585805.05
36572 2552378.22
36573 2519920.88
36574 2488525.38
36575 2458105.47
36576 2428941.80
36577 2401192.22
36578 2374950.22
36579 2351373.88
36580 2330963.72
36581 2312409.05
36582 2294866.22
36583 2278235.88
36584 2262922.38
36585 2248979.55
36586 2236383.88
36587 2225268.47
36588 2215458.38
36589 2207061.05
36590 2200687.47
36591 2196687.72
36592 2194255.88
36593 2192725.72
36594 2192365.72
36595 2193412.88
36596 2195592.22
36597 2198587.22
36598 2202287.55
36599 2207043.05
36600 2213329.72
36601 2221034.72
36602 2230126.55
36603 2240937.88
36604 2253903.55
36605 2269069.22
36606 2285703.97
36607 2303355.72
36608 2322179.38
36609 2342435.72
36610 2364014.72
36611 2387499.72
36612 6541769.68
36613 5083535.80
36614 5097227.80
36615 5112215.13
36616 5128294.30
36617 5145389.47
36618 5163605.47
36619 5183803.30
36620 5208308.38
36621 5238231.13
36622 5271812.13
36623 5307709.97
36624 5344997.30
36625 5382952.63
36626 5421613.97
36627 5460974.97
36628 5501063.63
36629 5541844.13
36630 8631127.80
36631 4436673.23
36632 4405982.07
36633 4375925.48
36634 4346732.57
36635 4318351.73
36636 4290866.07
36637 4264304.40
36638 4238673.23
36639 4214375.57
36640 4191689.07
36641 4170536.07
36642 4150524.73
36643 4131879.40
36644 4114533.82
36645 4098136.23
36646 4083016.07
36647 4069203.90
36648 4056553.73
36649 4045268.90
36650 4035414.73
36651 4026811.73
36652 4019400.48
36653 4013428.32
36654 4009162.57
36655 4006558.23
36656 4005824.07
36657 4006762.23
36658 4009153.27
36659 4013058.55
36660 4018769.47
36661 4026355.13
36662 4035816.80
36663 4047686.30
36664 4061334.13
36665 4075946.22
36666 4092063.13
36667 4109925.30
36668 5633669.13
36669 2216930.32
36670 2168436.15
36671 2120073.15
36672 2071742.15
36673 2023443.15
36674 1975176.15
36675 1926988.98
36676 1878979.32
36677 1831150.32
36678 1783406.32
36679 1735698.32
36680 1688053.32
36681 1641264.65
36682 1596193.15
36683 1552242.32
36684 1508861.98
36685 1466124.98
36686 1423844.32
36687 1381970.15
36688 1341220.48
36689 1302331.15
36690 1264980.57
36691 1229181.23
36692 1195300.98
36693 1162811.90
36694 1131257.65
36695 1100739.98
36696 1071416.32
36697 1043340.48
36698 1016584.32
36699 991091.32
36700 967508.48
36701 945720.98
36702 924857.15
36703 904979.32
36704 886059.15
36705 868112.48
36706 851637.65
36707 837576.32
36708 826553.57
36709 818127.32
36710 811681.98
36711 806921.65
36712 803497.82
36713 801463.48
36714 801065.65
36715 801971.48
36716 804059.15
36717 807435.65
36718 812057.07
36719 817978.15
36720 825149.65
36721 837508.48
36722 855965.82
36723 876699.98
36724 898631.15
36725 921621.40
36726 945626.82
36727 970763.48
36728 997214.48
36729 1025255.48
36730 1054766.98
36731 1085146.32
36732 1116349.82
36733 1148316.98
36734 1181112.65
36735 1214739.32
36736 1248898.48
36737 1283833.32
36738 1320032.15
36739 1357263.65
36740 1395508.07
36741 1434934.15
36742 1475005.98
36743 1515354.82
36744 1556104.82
36745 1597435.98
36746 1639218.98
36747 1681360.32
36748 1724384.65
36749 1768749.48
36750 1813861.32
36751 1860285.98
36752 1907995.98
36753 1955812.65
36754 2003731.82
36755 2051716.32
36756 2099739.32
36757 2147798.32
36758 2195893.32
36759 2244024.32
36760 2292461.32
36761 2341244.32
36762 2390199.32
36763 2439376.82
36764 2488668.82
36765 2537972.82
36766 2587288.82
36767 2636616.82
36768 2685956.82
36769 2735308.82
36770 2784672.82
36771 2834048.82
36772 2883436.82
36773 2932836.82
36774 2982248.82
36775 3031672.82
36776 3081120.82
36777 10011572.80
36778 7231297.97
36779 7193310.80
36780 7155819.13
36781 7118911.30
36782 7082611.05
36783 7046790.47
36784 7011538.30
36785 6976767.63
36786 6943012.97
36787 6911472.30
36788 6881599.63
36789 6852290.97
36790 6823458.13
36791 6795239.30
36792 6768072.88
36793 6742364.88
36794 6717837.97
36795 6694051.55
36796 6671233.47
36797 6649731.63
36798 6629442.80
36799 6610187.88
36800 6591862.22
36801 6574773.30
36802 6559020.30
36803 6544185.80
36804 6530505.80
36805 6518123.55
36806 6507109.63
36807 6497556.30
36808 6489621.30
36809 6483594.63
36810 6479089.80
36811 6475777.63
36812 6473806.63
36813 6473130.80
36814 6474144.97
36815 6478029.13
36816 6484382.13
36817 6492128.47
36818 6501101.88
36819 6511319.13
36820 6523290.97
36821 6539230.72
36822 6558551.47
36823 6581615.80
36824 6608881.47
36825 6637509.30
36826 6666804.63
36827 6696810.63
36828 6727512.30
36829 6758759.30
36830 6790880.05
36831 6824012.30
36832 6857908.30
36833 11337961.97
36834 4850884.75
36835 4805401.42
36836 4760091.92
36837 4715071.42
36838 4670249.92
36839 4625772.75
36840 4581659.25
36841 4537681.75
36842 4493847.75
36843 4450260.42
36844 4407036.75
36845 4364124.75
36846 4321460.58
36847 4279084.75
36848 4237054.42
36849 4195402.42
36850 4154201.58
36851 4113474.92
36852 4073094.75
36853 4032992.42
36854 3993380.08
36855 3954362.75
36856 3915943.75
36857 3878255.58
36858 3841260.75
36859 3804868.75
36860 3768978.25
36861 3734233.08
36862 3701017.67
36863 3668801.58
36864 3637511.58
36865 3607331.25
36866 3578290.75
36867 3550465.92
36868 3524405.92
36869 3500266.67
36870 3478216.25
36871 3458422.50
36872 3440216.92
36873 3423574.25
36874 3408862.42
36875 3395762.08
36876 3384338.92
36877 3374897.25
36878 3367095.58
36879 3360400.08
36880 3354961.08
36881 3351122.83
36882 3348871.58
36883 3348018.25
36884 3348504.08
36885 3350849.42
36886 3354858.92
36887 3360152.75
36888 3367021.08
36889 3375995.25
36890 3387168.75
36891 3400273.92
36892 3414962.92
36893 3431013.08
36894 3448298.58
36895 3466470.25
36896 3485355.42
36897 3504804.25
36898 3524800.58
36899 3545407.58
36900 3566692.75
36901 3589132.25
36902 3612992.92
36903 3638165.58
36904 3664395.92
36905 3691516.92
36906 3720631.08
36907 3752502.42
36908 3786149.92
36909 3820691.75
36910 3856487.75
36911 3893431.25
36912 3930835.75
36913 3968555.75
36914 4006649.75
36915 4045162.75
36916 4084030.42
36917 4123862.42
36918 4164863.58
36919 4206448.92
36920 4248346.92
36921 7535599.42
36922 3601622.83
36923 3565001.83
36924 3529157.67
36925 3494054.00
36926 3460116.33
36927 3427224.67
36928 3395513.83
36929 3365569.17
36930 3337047.50
36931 3309748.17
36932 3284251.00
36933 3260585.17
36934 3238953.00
36935 3219239.50
36936 3200968.83
36937 3184150.33
36938 3168626.17
36939 3154044.33
36940 3140373.00
36941 3127892.33
36942 3116912.50
36943 3107371.33
36944 3099461.83
36945 3094679.33
36946 3092817.67
36947 3092279.33
36948 3092831.00
36949 3094909.17
36950 3099221.33
36951 3106028.83
36952 3114979.17
36953 3125746.50
36954 3138877.50
36955 3155008.83
36956 3173742.17
36957 3194282.83
36958 3216245.17
36959 3239693.67
36960 3265983.67
36961 3295032.17
36962 3325291.50
36963 3357141.33
36964 3390278.67
36965 3423850.50
36966 3457846.50
36967 3492425.50
36968 3527571.83
36969 3563241.17
36970 3599527.00
36971 3636522.83
36972 3674196.17
36973 3712368.17
36974 3751032.17
36975 3790293.00
36976 3830402.33
36977 3871181.50
36978 3912357.08
36979 3953993.33
36980 3995919.67
36981 4037995.00
36982 4080240.83
36983 4122773.67
36984 4165749.17
36985 4209320.33
36986 4253760.33
36987 4298940.50
36988 4344380.50
36989 4389900.50
36990 4435698.00
36991 4481791.00
36992 4527994.00
36993 4574283.00
36994 16558418.25
36995 15055858.83
36996 15073381.83
36997 15094052.50
36998 15117518.33
36999 17992094.03
37000 3597372.15
37001 3547609.15
37002 3497846.15
37003 3448083.15
37004 3398320.15
37005 3348557.15
37006 3298794.15
37007 3249031.15
37008 3199268.15
37009 3149505.15
37010 3099742.15
37011 3050607.65
37012 3002161.65
37013 2953793.65
37014 2905461.65
37015 2857165.65
37016 2808905.65
37017 2760681.65
37018 2712493.65
37019 2664341.65
37020 2616225.65
37021 2568145.65
37022 2520101.65
37023 2472139.98
37024 2424801.32
37025 2378063.82
37026 2331455.65
37027 2285025.82
37028 2238848.98
37029 2192993.15
37030 2147345.98
37031 2101828.98
37032 2056634.98
37033 2011857.15
37034 1967416.82
37035 1923444.48
37036 1880045.65
37037 1837007.98
37038 1794162.32
37039 1752041.82
37040 1710801.82
37041 1670098.82
37042 1629792.65
37043 1589732.65
37044 1550136.65
37045 1511262.32
37046 1472894.98
37047 1434850.15
37048 1397325.82
37049 1360257.32
37050 1323833.82
37051 1288501.98
37052 1254529.57
37053 1222241.48
37054 1191649.32
37055 1162347.65
37056 1133809.98
37057 1105834.48
37058 1079049.48
37059 1053638.82
37060 1029484.82
37061 1007069.82
37062 986796.15
37063 968462.98
37064 952091.32
37065 937504.98
37066 924889.82
37067 914354.82
37068 906010.82
37069 900357.48
37070 896601.75
37071 894790.85
37072 895454.02
37073 898260.85
37074 902587.68
37075 908019.68
37076 914468.85
37077 922617.68
37078 933264.02
37079 945943.52
37080 959956.02
37081 975144.77
37082 991542.35
37083 1009032.68
37084 1027732.68
37085 1047869.02
37086 1069109.68
37087 1091116.02
37088 1114168.52
37089 1138936.68
37090 1165454.68
37091 1193191.35
37092 1221822.85
37093 1251461.68
37094 1282299.68
37095 1314307.52
37096 1347172.18
37097 1380723.85
37098 1415143.18
37099 1450472.18
37100 1486543.85
37101 1523401.60
37102 1560970.18
37103 1598928.35
37104 1637236.52
37105 1675982.02
37106 1715211.52
37107 1755266.35
37108 1796276.68
37109 1837908.18
37110 1879914.35
37111 1922265.52
37112 1965006.52
37113 2008895.02
37114 2053859.02
37115 2099124.02
37116 2144716.68
37117 2190699.85
37118 2238704.85
37119 2288467.85
37120 2338230.85
37121 2387993.85
37122 2437756.85
37123 2487519.85
37124 2537282.85
37125 2587045.85
37126 2636808.85
37127 2686571.85
37128 2736334.85
37129 13613235.08
37130 11927555.57
37131 11926346.48
37132 11927796.07
37133 11931267.23
37134 11936805.40
37135 11945320.07
37136 11958211.90
37137 11974446.07
37138 11992432.90
37139 12012510.73
37140 12034162.07
37141 12056601.57
37142 19402960.60
37143 12603311.98
37144 12572272.98
37145 12542717.82
37146 12514968.15
37147 12489196.48
37148 12464889.82
37149 12441411.32
37150 12418940.82
37151 12397503.65
37152 12377169.82
37153 12358146.65
37154 12340408.32
37155 12323968.32
37156 12308797.32
37157 15115008.07
37158 10731085.23
37159 10699977.07
37160 10670526.73
37161 10642986.07
37162 10616923.73
37163 10591990.23
37164 10567684.90
37165 12918069.98
37166 5048181.67
37167 5021675.83
37168 4995818.83
37169 4970538.50
37170 4946033.17
37171 4922636.00
37172 4900400.33
37173 4879062.00
37174 4858654.67
37175 4839483.67
37176 4821681.83
37177 4805388.33
37178 4791535.33
37179 4780785.83
37180 4772663.83
37181 4767591.00
37182 4767368.50
37183 4772531.83
37184 4781190.33
37185 4791671.75
37186 4804297.67
37187 4819065.17
37188 4835280.17
37189 4852538.67
37190 4871136.50
37191 4891495.83
37192 4913468.17
37193 4936937.67
37194 4961948.83
37195 4988275.83
37196 5015690.17
37197 5044904.17
37198 5075724.67
37199 5107226.67
37200 5139276.83
37201 5171799.50
37202 5204714.83
37203 5238362.17
37204 5273148.50
37205 5309309.00
37206 5346597.33
37207 5384557.00
37208 5423081.17
37209 5462254.33
37210 5502160.50
37211 5542709.50
37212 5583949.17
37213 5625783.50
37214 5667960.00
37215 5710458.83
37216 5753281.33
37217 5796416.33
37218 5839938.67
37219 12774586.70
37220 8220495.78
37221 8207919.70
37222 8196887.87
37223 8187784.37
37224 8180211.20
37225 8173995.70
37226 9399817.37
37227 2779010.33
37228 2732272.33
37229 2685619.00
37230 2639104.17
37231 2592864.00
37232 2547041.83
37233 2501587.33
37234 2456490.33
37235 2411883.83
37236 2367763.17
37237 2323966.33
37238 2280404.67
37239 2237065.17
37240 2193903.00
37241 2151135.67
37242 2109166.67
37243 2067883.83
37244 2027096.83
37245 1986949.83
37246 1947410.83
37247 1908346.50
37248 1869770.50
37249 1831837.33
37250 1794404.83
37251 1757395.67
37252 1720889.00
37253 1684790.17
37254 1649026.17
37255 1613621.00
37256 1578999.00
37257 1545329.83
37258 1512496.83
37259 1480612.00
37260 1450122.50
37261 1421273.17
37262 1393717.83
37263 1367333.33
37264 1342015.67
37265 1317629.25
37266 1294281.50
37267 1271758.00
37268 1249964.17
37269 1229184.17
37270 1209325.50
37271 1190076.67
37272 1171742.67
37273 1154618.83
37274 1138874.00
37275 1125157.00
37276 1113367.17
37277 1103225.33
37278 1095419.42
37279 1090750.25
37280 1089395.00
37281 1090523.50
37282 1093424.67
37283 1097990.17
37284 1104004.33
37285 1111599.50
37286 1120625.33
37287 1130531.83
37288 1141282.17
37289 1153481.33
37290 1167168.17
37291 1182005.17
37292 1198826.50
37293 1217619.50
37294 1237615.50
37295 1259033.00
37296 1281951.33
37297 1306042.50
37298 1331289.50
37299 1357601.17
37300 1384712.17
37301 1413089.67
37302 1442841.17
37303 1473291.67
37304 1504147.17
37305 1535544.50
37306 1567932.67
37307 1601508.50
37308 1635862.00
37309 1670926.00
37310 1707302.42
37311 1745880.50
37312 1786786.67
37313 1828879.33
37314 1871293.33
37315 1914189.83
37316 8032168.70
37317 6731929.78
37318 6708239.28
37319 6687091.45
37320 6668632.78
37321 6651746.62
37322 6636132.45
37323 6622442.78
37324 6611022.95
37325 6601408.12
37326 6593335.45
37327 6587009.70
37328 6582800.12
37329 6580565.28
37330 6580363.78
37331 6582164.95
37332 6585473.62
37333 6590269.45
37334 6596691.45
37335 6606228.95
37336 11373315.47
37337 8532983.05
37338 8530092.72
37339 8530149.55
37340 8532576.72
37341 8537167.55
37342 8543777.38
37343 8551875.22
37344 8562264.72
37345 8574783.88
37346 8588506.38
37347 8603492.72
37348 8620322.55
37349 8638807.38
37350 8658479.30
37351 8679562.55
37352 12309370.80
37353 4810107.83
37354 4770329.92
37355 4731150.50
37356 4693948.25
37357 4658691.83
37358 4624313.92
37359 4591115.42
37360 4558719.42
37361 4527039.75
37362 4496105.08
37363 4466103.08
37364 4437061.58
37365 4408714.58
37366 4381265.25
37367 4354881.08
37368 4329633.08
37369 4305568.58
37370 4282550.75
37371 4260571.42
37372 4239883.25
37373 4220352.92
37374 4202033.50
37375 4185001.00
37376 4169155.50
37377 4154832.67
37378 4141989.67
37379 4130353.83
37380 4119859.00
37381 4110931.00
37382 4104009.33
37383 4098720.00
37384 4094645.17
37385 4091785.33
37386 4090230.00
37387 4089966.17
37388 4090851.17
37389 4092755.00
37390 4095558.33
37391 4099257.67
37392 4104150.83
37393 4110295.17
37394 4117767.83
37395 4126514.17
37396 4136210.00
37397 5264955.15
37398 1959988.82
37399 1923330.32
37400 1887250.65
37401 1851582.98
37402 1816524.65
37403 1786585.82
37404 1763179.65
37405 1742630.48
37406 1723866.65
37407 1706815.65
37408 1691940.15
37409 1679421.32
37410 1669626.82
37411 1662590.48
37412 1657671.48
37413 1654280.15
37414 1651925.32
37415 1650923.15
37416 1652677.15
37417 1657096.48
37418 1662944.32
37419 1670037.48
37420 1678603.65
37421 1689051.98
37422 1701246.15
37423 1714805.15
37424 1729420.48
37425 1745139.48
37426 1761983.32
37427 1780079.48
37428 1799727.32
37429 1820697.82
37430 1842884.40
37431 1866142.98
37432 1890448.65
37433 1915829.82
37434 1942031.32
37435 1968975.32
37436 1996966.70
37437 2026640.08
37438 2058032.75
37439 2090568.58
37440 2124165.08
37441 2158732.75
37442 2194121.67
37443 2230377.58
37444 2267776.92
37445 2306704.75
37446 2346667.33
37447 5173780.75
37448 3433187.88
37449 3424243.72
37450 3417103.05
37451 3412066.38
37452 3408911.05
37453 3407119.88
37454 3407115.38
37455 3409965.55
37456 3415505.22
37457 3422951.22
37458 3431630.22
37459 3441136.55
37460 3451524.22
37461 3463001.55
37462 3475392.22
37463 3488545.38
37464 3502668.05
37465 3518507.05
37466 3536295.55
37467 3555396.72
37468 3575848.88
37469 3597450.05
37470 3619904.88
37471 3643383.68
37472 3667928.82
37473 3693364.15
37474 3719685.15
37475 3747152.32
37476 3775601.32
37477 3805018.48
37478 3835769.07
37479 3867900.48
37480 3901050.32
37481 3935122.15
37482 3970190.82
37483 4005890.82
37484 4041921.15
37485 4078486.15
37486 4115809.48
37487 4154142.40
37488 4193682.65
37489 4234077.48
37490 4274838.65
37491 4315822.82
37492 4357465.82
37493 4399970.48
37494 4443016.82
37495 4486510.98
37496 4530626.48
37497 4575223.48
37498 4620208.98
37499 4665678.48
37500 4711598.98
37501 4757846.82
37502 4804209.65
37503 4850738.65
37504 8870550.40
37505 4201089.50
37506 4155407.83
37507 4110095.92
37508 4064936.00
37509 4019887.17
37510 3975099.33
37511 3930666.25
37512 3886499.33
37513 3842652.50
37514 3799105.00
37515 3755718.00
37516 3712610.67
37517 3669890.50
37518 3627453.50
37519 3585293.00
37520 3543544.67
37521 3502201.83
37522 3461259.17
37523 3420677.83
37524 3380372.00
37525 3340550.67
37526 3301459.37
37527 3262999.23
37528 3225014.23
37529 3187438.73
37530 3150302.23
37531 3113733.23
37532 3077831.90
37533 3042587.57
37534 3007972.90
37535 2974233.23
37536 2941333.57
37537 2909105.90
37538 2877616.40
37539 2847187.57
37540 2817814.40
37541 2789196.73
37542 2761656.90
37543 2735783.73
37544 2711243.40
37545 2687648.15
37546 2665268.07
37547 2643821.90
37548 2623545.73
37549 2604917.57
37550 2587649.40
37551 2572077.82
37552 2558665.73
37553 2547083.23
37554 2537399.57
37555 2529744.15
37556 2523809.90
37557 2519410.07
37558 2516415.90
37559 2514929.82
37560 2515018.40
37561 2517015.90
37562 2521189.90
37563 2527307.23
37564 2535214.73
37565 2544656.07
37566 2555686.90
37567 2568051.23
37568 2581143.40
37569 2594925.23
37570 2609528.73
37571 2625613.57
37572 2643720.82
37573 2663701.40
37574 2685123.07
37575 2707676.57
37576 2731660.90
37577 2757202.90
37578 2784168.57
37579 2812533.90
37580 2842058.23
37581 2872724.07
37582 2905301.57
37583 2940254.65
37584 2976591.57
37585 3013329.40
37586 3050330.07
37587 3087644.90
37588 3125345.73
37589 3163526.40
37590 6543579.82
37591 4103620.92
37592 4075901.08
37593 4052402.33
37594 4029882.75
37595 4008487.08
37596 3988070.58
37597 3968961.58
37598 3951097.58
37599 3934827.42
37600 3920339.08
37601 3907520.75
37602 3896639.67
37603 3887383.08
37604 3879353.08
37605 3872472.92
37606 3866946.92
37607 3862695.25
37608 3860375.08
37609 3859888.58
37610 3860263.08
37611 3861698.58
37612 3864821.92
37613 3871052.58
37614 3881669.92
37615 3895117.42
37616 3909667.08
37617 3925351.50
37618 3942267.25
37619 3960214.58
37620 3978922.08
37621 3998584.58
37622 4019360.25
37623 4041578.58
37624 4065340.42
37625 7539467.42
37626 5104839.67
37627 5109432.17
37628 5116564.17
37629 5126489.50
37630 5138575.33
37631 5151913.17
37632 5166801.50
37633 5183930.00
37634 5203581.17
37635 5225007.83
37636 5247230.00
37637 5270355.67
37638 5294527.67
37639 5319856.50
37640 5346813.17
37641 5375238.17
37642 5404782.50
37643 5435710.50
37644 5467996.00
37645 5501159.50
37646 5535546.67
37647 5571100.83
37648 5607208.33
37649 5644231.00
37650 5682242.33
37651 5720865.33
37652 5759847.33
37653 5799131.67
37654 5838754.33
37655 5878650.33
37656 5918874.33
37657 5959479.00
37658 6000574.50
37659 13815235.73
37660 9295096.07
37661 9264131.40
37662 9234454.23
37663 9205633.07
37664 9177540.57
37665 9150384.07
37666 9124696.40
37667 9100637.23
37668 9078047.40
37669 9056723.73
37670 9036629.07
37671 9017995.40
37672 9000667.23
37673 8984257.40
37674 8968654.57
37675 8954072.40
37676 8940471.07
37677 8928026.90
37678 8918282.07
37679 8911217.90
37680 8905539.73
37681 8901031.07
37682 8897660.23
37683 8895704.90
37684 8895907.07
37685 8898403.40
37686 12384446.05
37687 6334584.13
37688 6288902.63
37689 6243641.13
37690 6198549.63
37691 6153537.63
37692 6108817.63
37693 6064613.63
37694 6020744.13
37695 5977062.80
37696 5933618.97
37697 5890592.75
37698 5848427.53
37699 5806895.53
37700 5765650.87
37701 5724959.70
37702 5684932.20
37703 5645440.70
37704 5606270.70
37705 5567482.70
37706 5529507.70
37707 5492312.03
37708 5456377.20
37709 5422188.03
37710 5389097.03
37711 5356785.70
37712 5325222.87
37713 5294509.20
37714 5264707.03
37715 5235777.37
37716 5207656.70
37717 5180536.20
37718 5154796.03
37719 5131735.53
37720 5111271.53
37721 5091835.87
37722 5073336.87
37723 5789203.12
37724 2545735.25
37725 2497724.58
37726 2450029.58
37727 2402579.58
37728 2355173.58
37729 2307811.58
37730 2260493.58
37731 2213219.58
37732 2165989.58
37733 2118806.92
37734 2071690.58
37735 2024653.92
37736 1977713.08
37737 1930970.75
37738 1885554.42
37739 1841515.58
37740 1797897.42
37741 1754749.75
37742 1711977.25
37743 1669499.75
37744 1627448.25
37745 1585801.25
37746 1544395.75
37747 1503191.25
37748 1462157.25
37749 1421543.92
37750 1381681.58
37751 1342429.08
37752 1303621.42
37753 1265193.75
37754 1227093.08
37755 1189612.92
37756 1155776.08
37757 1125765.92
37758 1097398.08
37759 1070534.58
37760 1045187.92
37761 1021710.25
37762 1000352.75
37763 980700.25
37764 962097.92
37765 944676.92
37766 928930.92
37767 915208.92
37768 903141.75
37769 892349.92
37770 882491.92
37771 873739.25
37772 868645.75
37773 867272.08
37774 867701.92
37775 870321.75
37776 874557.75
37777 879735.42
37778 885893.08
37779 893543.75
37780 903117.75
37781 914218.75
37782 926852.75
37783 940996.75
37784 956220.08
37785 972610.92
37786 990739.42
37787 1010505.92
37788 1031347.58
37789 1054188.08
37790 1079839.58
37791 1107952.75
37792 1137466.58
37793 1167974.42
37794 1199800.08
37795 1232579.25
37796 1265917.92
37797 1299697.42
37798 1334131.25
37799 1369499.58
37800 1405740.92
37801 1442588.08
37802 1480293.42
37803 1519605.75
37804 1560421.75
37805 1601845.25
37806 1643454.25
37807 1685966.42
37808 1729348.08
37809 1772837.75
37810 1816435.42
37811 1860141.08
37812 1903985.75
37813 1948068.92
37814 1992694.25
37815 2037821.75
37816 2083252.08
37817 2129043.83
37818 2175280.25
37819 2221930.92
37820 2268763.58
37821 2315739.25
37822 2362899.08
37823 2410160.42
37824 2457509.25
37825 2505122.42
37826 2553180.58
37827 2601512.92
37828 2649883.25
37829 2698277.58
37830 2746695.92
37831 2795138.25
37832 2843604.58
37833 2892094.92
37834 2940609.25
37835 2989147.58
37836 3037777.92
37837 3086574.08
37838 3135523.42
37839 3184605.75
37840 3233807.75
37841 3283122.25
37842 3332504.75
37843 3381900.75
37844 3431304.75
37845 3480716.75
37846 3530136.75
37847 3579564.75
37848 3629000.75
37849 3678444.75
37850 3727896.75
37851 3777356.75
37852 3826824.75
37853 3876300.75
37854 3925784.75
37855 3975276.75
37856 4024776.75
37857 4074284.75
37858 4123800.75
37859 4173324.75
37860 4222856.75
37861 4272396.75
37862 4321944.75
37863 4371500.75
37864 4421091.75
37865 22500262.22
37866 21396990.47
37867 21423784.63
37868 21452229.97
37869 21481880.97
37870 21512821.38
37871 21545701.63
37872 27591700.78
37873 24551957.00
37874 24579294.00
37875 24607711.83
37876 24637189.33
37877 24667415.17
37878 24698567.83
37879 24730762.00
37880 24763900.83
37881 24798339.00
37882 24833804.17
37883 24869977.67
37884 38492414.67
37885 21911058.32
37886 21888208.48
37887 21866180.15
37888 21845830.48
37889 21827879.82
37890 21811613.15
37891 21796541.65
37892 21783046.82
37893 21771258.32
37894 21760564.65
37895 21751223.65
37896 21743886.98
37897 21739240.65
37898 21737223.98
37899 21736600.32
37900 21737055.98
37901 21739785.65
37902 27477099.08
37903 22586646.85
37904 22595205.35
37905 22605345.68
37906 22616918.18
37907 22629848.18
37908 22644635.02
37909 22661230.18
37910 22679578.52
37911 35278946.27
37912 25017395.62
37913 25012734.28
37914 25009266.28
37915 25007469.45
37916 25008178.28
37917 25011250.28
37918 25015737.78
37919 25021319.28
37920 25028336.70
37921 25036963.12
37922 25046992.45
37923 25058282.62
37924 25070790.28
37925 25084870.78
37926 25100448.28
37927 25117239.45
37928 25135244.62
37929 25154883.78
37930 33653622.20
37931 28601320.02
37932 28609622.68
37933 28620615.18
37934 28633404.35
37935 28647390.52
37936 28663081.02
37937 28680288.02
37938 28698655.02
37939 28718568.85
37940 42410981.87
37941 17948271.83
37942 17910087.00
37943 17872560.33
37944 17835471.00
37945 17798687.67
37946 17762501.67
37947 17727145.33
37948 17692347.00
37949 17658259.17
37950 17625768.67
37951 17594738.83
37952 17564486.17
37953 17534884.00
37954 17506120.33
37955 17478329.00
37956 17451407.67
37957 18205405.62
37958 3172194.68
37959 3122445.68
37960 3072696.68
37961 3022947.68
37962 2973198.68
37963 2923449.68
37964 2873700.68
37965 2823951.68
37966 2774202.68
37967 2724453.68
37968 2674704.68
37969 2624955.68
37970 2575383.68
37971 2526262.68
37972 2477423.68
37973 2428600.68
37974 2379793.68
37975 2331002.68
37976 2282227.68
37977 2233468.68
37978 2184883.25
37979 2136723.65
37980 2089282.98
37981 2043161.82
37982 1997984.65
37983 1953005.15
37984 1908300.65
37985 1863890.98
37986 1819952.82
37987 1776562.82
37988 1733929.82
37989 1692014.48
37990 1650372.98
37991 1608961.15
37992 1567896.15
37993 1527271.07
37994 1487100.15
37995 1447382.98
37996 1408442.98
37997 1370806.15
37998 1336442.65
37999 1304837.98
38000 1273934.40
38001 1244217.48
38002 1216152.65
38003 1189849.15
38004 1164698.32
38005 1140217.65
38006 1117136.40
38007 1095833.82
38008 1075615.98
38009 1056355.98
38010 1038396.98
38011 1021623.98
38012 1005804.82
38013 991281.98
38014 978660.32
38015 967942.15
38016 958783.32
38017 951118.82
38018 944820.32
38019 939833.23
38020 936091.48
38021 933455.82
38022 932009.98
38023 932570.32
38024 935657.73
38025 940628.73
38026 947029.82
38027 954684.98
38028 963612.48
38029 974021.15
38030 985696.82
38031 998476.82
38032 1012508.15
38033 1028445.65
38034 1046717.15
38035 1066804.82
38036 1088044.48
38037 1110148.73
38038 1133891.65
38039 1160032.15
38040 1188048.82
38041 1216944.98
38042 1246510.82
38043 1276989.48
38044 1308269.65
38045 1340423.65
38046 1373542.82
38047 1407685.48
38048 1442614.98
38049 1478440.82
38050 1515130.48
38051 1552181.48
38052 1589617.15
38053 1627684.65
38054 1666518.48
38055 1706042.48
38056 1746109.98
38057 1786530.65
38058 1827504.15
38059 1869097.98
38060 1911116.65
38061 1953430.32
38062 1995980.32
38063 2038715.32
38064 2081590.32
38065 2126894.32
38066 2175243.32
38067 2224286.32
38068 2273345.32
38069 2322420.32
38070 2371511.32
38071 2420618.32
38072 2469741.32
38073 2518929.82
38074 2568181.82
38075 2617445.82
38076 2666721.82
38077 2716009.82
38078 2765309.82
38079 2814621.82
38080 2863945.82
38081 2913281.82
38082 2962629.82
38083 3012181.32
38084 3061930.32
38085 3111679.32
38086 3161428.32
38087 3211177.32
38088 3260926.32
38089 3310675.32
38090 3360424.32
38091 3410173.32
38092 3459922.32
38093 3509671.32
38094 3559420.32
38095 14077280.22
38096 10716079.82
38097 10673407.98
38098 10631055.32
38099 10589263.82
38100 10547962.65
38101 10507007.90
38102 10466414.98
38103 10426322.15
38104 10386725.15
38105 10347744.15
38106 10309589.98
38107 10272539.90
38108 10236966.15
38109 10202359.15
38110 10168299.98
38111 10135110.23
38112 10102852.82
38113 10071491.65
38114 10041342.15
38115 10012690.48
38116 9985417.98
38117 9959413.98
38118 9934764.48
38119 9911771.32
38120 9890393.48
38121 9870145.32
38122 9851030.32
38123 9833634.15
38124 9817808.65
38125 9802972.32
38126 9788974.82
38127 9775796.73
38128 9763850.65
38129 9753497.65
38130 9744512.98
38131 13167856.30
38132 8658783.77
38133 8652322.27
38134 8647060.77
38135 8643008.93
38136 8640502.10
38137 8639643.60
38138 8640365.27
38139 8642646.93
38140 8647182.93
38141 8653987.43
38142 8662478.93
38143 8672229.27
38144 8682790.27
38145 8694458.43
38146 8707448.77
38147 8721526.60
38148 8736390.77
38149 8752084.27
38150 8768847.43
38151 8786797.93
38152 8806311.93
38153 8827946.10
38154 8851369.43
38155 8875802.10
38156 8901124.60
38157 8927501.27
38158 8954697.10
38159 8982667.60
38160 9011844.60
38161 9042177.43
38162 9073920.60
38163 9106963.10
38164 9140816.93
38165 9175349.27
38166 9210779.35
38167 27582053.85
38168 26886669.35
38169 14062810.97
38170 14020670.63
38171 13978769.80
38172 13937129.47
38173 13895709.13
38174 13854646.47
38175 13814437.13
38176 13775213.63
38177 13736516.13
38178 13698134.63
38179 13660295.63
38180 13623213.63
38181 13586837.63
38182 14645056.88
38183 8040296.70
38184 7997368.87
38185 7954827.37
38186 7912652.53
38187 7870631.53
38188 7828757.20
38189 7787201.70
38190 7746240.53
38191 7705969.37
38192 7666295.70
38193 7627158.20
38194 7588569.12
38195 7550532.03
38196 7513020.53
38197 7477401.37
38198 7445170.70
38199 7415416.87
38200 7387027.53
38201 7359651.70
38202 7332874.53
38203 7307172.53
38204 7283179.20
38205 7261067.87
38206 7240791.95
38207 7222098.87
38208 7204826.70
38209 7189321.70
38210 7175936.37
38211 7164448.70
38212 7154763.95
38213 7146989.03
38214 7140883.37
38215 7135954.70
38216 7132172.87
38217 7129861.53
38218 7128926.53
38219 7129290.53
38220 7131489.12
38221 7135625.20
38222 7141087.53
38223 7147552.70
38224 7155404.03
38225 7164665.87
38226 7174923.53
38227 11550676.90
38228 7944785.15
38229 7951364.32
38230 7959196.90
38231 7968368.98
38232 7978894.48
38233 7990702.15
38234 8003660.65
38235 8017834.65
38236 8033934.40
38237 8052409.15
38238 8072892.57
38239 8094586.15
38240 8117103.48
38241 8140518.32
38242 8164914.98
38243 12659209.48
38244 7027146.70
38245 6996754.70
38246 6967640.87
38247 7281964.03
38248 2187413.58
38249 2141194.92
38250 2095554.00
38251 2050683.08
38252 2006234.08
38253 1962168.58
38254 1918715.25
38255 1876065.08
38256 1834414.25
38257 1793984.92
38258 1755358.92
38259 1718043.75
38260 1681242.92
38261 1645039.17
38262 1609659.58
38263 1575044.58
38264 1540942.42
38265 1507394.25
38266 1474761.42
38267 1443569.75
38268 1413947.58
38269 1386245.92
38270 1360943.92
38271 1337763.58
38272 1316575.75
38273 1297257.25
38274 1279642.58
38275 1263895.75
38276 1249461.08
38277 1235732.58
38278 1222828.92
38279 1211334.08
38280 1201266.25
38281 1193281.50
38282 1188616.58
38283 1186213.58
38284 1185087.08
38285 1185369.33
38286 1187186.75
38287 1191872.75
38288 1199095.58
38289 1207674.25
38290 1217821.92
38291 1230624.92
38292 1246166.42
38293 1263162.92
38294 1283740.58
38295 1309741.58
38296 1338400.25
38297 1367725.58
38298 1398036.25
38299 1429601.58
38300 1462682.42
38301 1496904.25
38302 1532032.25
38303 1568556.75
38304 1606059.75
38305 1643852.25
38306 1682052.75
38307 1721082.42
38308 1761072.25
38309 1801790.42
38310 1843033.42
38311 1884732.42
38312 1926775.42
38313 1969255.42
38314 2012163.92
38315 2055619.75
38316 2100054.08
38317 2145037.08
38318 2190122.58
38319 2235308.58
38320 2280562.58
38321 2325884.58
38322 2371318.58
38323 2417012.08
38324 2462917.08
38325 2508882.08
38326 2554907.08
38327 2600992.08
38328 2647224.08
38329 2693725.92
38330 2740529.75
38331 2787506.75
38332 9625134.13
38333 8298330.55
38334 8306244.38
38335 8315988.72
38336 8327176.88
38337 8340225.30
38338 8355335.72
38339 8371749.88
38340 8388832.38
38341 8406634.38
38342 8425468.72
38343 8445442.05
38344 8467028.72
38345 8490043.38
38346 8513954.55
38347 8539147.55
38348 8565744.55
38349 8593429.55
38350 8621926.72
38351 8651260.88
38352 8681625.55
38353 8713010.05
38354 15893876.68
38355 9932206.38
38356 9911740.38
38357 9893392.22
38358 9877526.38
38359 9863990.88
38360 9852207.38
38361 9843045.05
38362 9836728.88
38363 9832978.38
38364 9831934.97
38365 9833048.72
38366 9836121.05
38367 9841359.22
38368 9848433.72
38369 9856953.22
38370 13140805.38
38371 10917746.80
38372 10927328.97
38373 10938538.13
38374 10951073.80
38375 17203750.70
38376 11469684.55
38377 13093920.58
38378 4497276.83
38379 4466767.50
38380 4436853.67
38381 4407488.33
38382 4378635.00
38383 4350371.00
38384 4323488.33
38385 4298499.17
38386 4274892.67
38387 4252423.00
38388 4231299.83
38389 4211389.83
38390 4192379.67
38391 4174253.00
38392 4156893.17
38393 4141472.33
38394 4128334.67
38395 4116942.33
38396 4107465.33
38397 4100132.00
38398 4095559.25
38399 4093860.00
38400 4095203.50
38401 4099591.50
38402 4106380.17
38403 4115152.33
38404 4125823.17
38405 4138365.50
38406 4152735.67
38407 4169110.67
38408 4187165.83
38409 4206227.00
38410 4226310.17
38411 4247543.33
38412 4270264.67
38413 4295148.83
38414 4321809.83
38415 4349387.00
38416 4377961.17
38417 4407745.67
38418 4438915.67
38419 4471578.17
38420 4505308.67
38421 4540054.92
38422 4575790.00
38423 4612099.50
38424 4648912.00
38425 4686366.00
38426 4724617.67
38427 4763923.83
38428 4804174.83
38429 4844870.17
38430 4886373.17
38431 4929351.67
38432 4973749.25
38433 5018879.83
38434 5064271.83
38435 5109882.50
38436 5155622.50
38437 5201438.50
38438 13755352.77
38439 9055287.77
38440 9016349.60
38441 8977992.60
38442 8940066.60
38443 8902574.93
38444 8866082.43
38445 8832872.60
38446 8803059.93
38447 8774603.77
38448 9565055.13
38449 4815517.98
38450 4770631.98
38451 4725921.98
38452 4681477.48
38453 4637317.32
38454 4593384.65
38455 4549635.65
38456 4506085.40
38457 4462963.48
38458 4420360.32
38459 4378085.32
38460 4336230.82
38461 4294820.15
38462 4253698.98
38463 4212995.48
38464 4173257.98
38465 4134838.48
38466 4097322.48
38467 4060255.15
38468 4023844.32
38469 3988347.82
38470 3953506.32
38471 3919177.65
38472 3885461.82
38473 3852654.98
38474 3820785.65
38475 3789613.98
38476 3759049.65
38477 3729162.32
38478 3700492.98
38479 3673663.82
38480 3648471.15
38481 3624483.98
38482 3601528.98
38483 3579660.32
38484 3559527.15
38485 3541073.98
38486 3524000.82
38487 3508741.65
38488 3495404.15
38489 3485141.82
38490 3477697.65
38491 3471830.82
38492 3467471.15
38493 3464395.65
38494 3462661.82
38495 3462965.32
38496 3465960.98
38497 3470974.48
38498 3477459.48
38499 3485267.98
38500 3494196.98
38501 3504321.98
38502 3516166.32
38503 6036753.65
38504 3330586.42
38505 3304348.08
38506 3278864.58
38507 3254371.08
38508 3231224.75
38509 3209386.25
38510 3188662.92
38511 3169924.83
38512 3153981.08
38513 3140242.33
38514 3127724.08
38515 3116079.42
38516 3105410.75
38517 3096118.33
38518 3089032.83
38519 3084077.75
38520 3080236.42
38521 3077501.25
38522 3076469.08
38523 3077007.75
38524 3078753.25
38525 3082100.25
38526 3086960.58
38527 3093084.08
38528 3100811.58
38529 3110346.08
38530 3121850.75
38531 3135263.75
38532 3150680.75
38533 3167846.75
38534 3186404.58
38535 3206558.75
38536 3228126.75
38537 3250874.42
38538 3274981.58
38539 3300165.75
38540 3325990.25
38541 3352723.42
38542 3380533.25
38543 3409193.08
38544 3438631.58
38545 3468917.92
38546 3500010.25
38547 3531885.08
38548 3564633.42
38549 3598340.92
38550 7236204.10
38551 4191334.77
38552 4142200.77
38553 4093569.77
38554 4044966.77
38555 3996391.77
38556 3947844.77
38557 3899325.77
38558 3850834.77
38559 3802371.77
38560 3753947.77
38561 3705594.27
38562 3657300.27
38563 3609034.27
38564 3560796.27
38565 3512586.27
38566 3464404.27
38567 3416258.27
38568 3368168.77
38569 3320129.77
38570 3272122.77
38571 3224147.77
38572 3176204.77
38573 3128293.77
38574 3080495.93
38575 3033167.77
38576 2986290.10
38577 2939553.77
38578 2892933.77
38579 2846583.27
38580 2800486.77
38581 2754475.27
38582 2708647.27
38583 2663084.27
38584 2617696.77
38585 2572544.43
38586 2527765.60
38587 2483246.10
38588 2438851.10
38589 2394556.10
38590 2350407.10
38591 2306450.60
38592 2262771.27
38593 2219503.77
38594 2176581.93
38595 2133922.77
38596 2091471.77
38597 2049342.27
38598 2007649.27
38599 1966319.10
38600 1925394.77
38601 1885029.93
38602 1845096.60
38603 1805462.43
38604 1766321.27
38605 1727675.93
38606 1689659.60
38607 1652277.27
38608 1615330.60
38609 1578843.85
38610 1542917.10
38611 1507880.18
38612 1473859.60
38613 1440531.60
38614 1407744.93
38615 1375740.43
38616 1344785.77
38617 1314826.27
38618 1285651.27
38619 1257210.43
38620 1230051.35
38621 1205042.43
38622 1181863.43
38623 1159803.43
38624 1138821.27
38625 1118932.43
38626 1100142.77
38627 1082623.77
38628 1066799.60
38629 1052697.60
38630 1039834.77
38631 1027858.10
38632 1017090.77
38633 1008122.60
38634 1000820.77
38635 994947.10
38636 990286.60
38637 986658.93
38638 984061.60
38639 983039.02
38640 984335.93
38641 987717.93
38642 993869.93
38643 1003136.43
38644 1014174.10
38645 1026120.10
38646 1040071.10
38647 1056861.27
38648 1075398.77
38649 1095397.60
38650 1117137.27
38651 1140307.27
38652 1164641.27
38653 1190146.17
38654 1216917.07
38655 1245028.73
38656 1275301.57
38657 1307807.73
38658 1341367.07
38659 1375608.57
38660 1410635.57
38661 1446512.23
38662 1483128.40
38663 1520351.90
38664 1558130.07
38665 1596365.57
38666 1635106.90
38667 1674499.40
38668 1714655.23
38669 1755536.57
38670 1796923.57
38671 1838612.23
38672 1880998.57
38673 1924299.40
38674 1968506.07
38675 2013537.57
38676 2058899.07
38677 2104638.07
38678 2150774.40
38679 2197101.90
38680 2243582.07
38681 2290150.07
38682 2336786.07
38683 2383486.07
38684 2430250.07
38685 2477078.07
38686 2524138.07
38687 2571432.07
38688 2618792.07
38689 2666294.23
38690 2714075.90
38691 2762085.40
38692 2810198.40
38693 2858470.57
38694 2907050.73
38695 2955859.23
38696 3004710.23
38697 3053577.23
38698 3102460.23
38699 3151359.23
38700 3200274.23
38701 3249205.23
38702 3298152.23
38703 3347115.23
38704 3396094.23
38705 3445089.23
38706 3494100.23
38707 3543127.23
38708 3592170.23
38709 3641229.23
38710 3690304.23
38711 3739395.23
38712 3788501.23
38713 3837673.23
38714 3886918.73
38715 3936206.73
38716 3985526.73
38717 4034854.73
38718 4084190.73
38719 4133534.73
38720 4182886.73
38721 4232271.73
38722 4281712.73
38723 4331182.73
38724 4380656.73
38725 4430134.73
38726 4479616.73
38727 4529102.73
38728 4578592.73
38729 4628086.73
38730 4677584.73
38731 4727086.73
38732 4776592.73
38733 4826102.73
38734 4875616.73
38735 4925134.73
38736 4974656.73
38737 5024182.73
38738 5073728.73
38739 5123322.23
38740 31580809.02
38741 29522014.68
38742 29535485.35
38743 29549794.85
38744 29565581.43
38745 29582961.77
38746 29601435.52
38747 29620723.02
38748 29640812.35
38749 29661987.35
38750 29684537.02
38751 29708560.02
38752 29734414.18
38753 29762160.02
38754 29791111.68
38755 29820819.68
38756 29851132.85
38757 29882024.93
38758 29914036.68
38759 29947435.18
38760 29981798.18
38761 30016667.52
38762 42175265.35
38763 17902195.57
38764 17870736.23
38765 17840271.73
38766 17810303.57
38767 17781732.40
38768 17754868.23
38769 17729167.23
38770 17704630.90
38771 17681661.73
38772 17660315.07
38773 17639952.40
38774 17620176.23
38775 17601284.73
38776 17583675.57
38777 17567893.90
38778 17554150.40
38779 17542118.73
38780 17532030.73
38781 17523921.73
38782 17517327.90
38783 17511786.07
38784 17507685.57
38785 17505912.73
38786 17506228.07
38787 17507642.07
38788 17509934.90
38789 17513376.90
38790 17518453.40
38791 17525235.40
38792 17533497.57
38793 21845620.90
38794 6184148.98
38795 6142783.73
38796 6101754.90
38797 6061053.90
38798 6020757.73
38799 5980855.07
38800 5941388.07
38801 5902270.57
38802 5863522.57
38803 5825354.57
38804 5787827.40
38805 5750899.07
38806 5714768.23
38807 5679502.23
38808 5644962.57
38809 5611380.15
38810 5578824.90
38811 5547177.90
38812 5516447.90
38813 5486763.07
38814 5458163.40
38815 5430460.90
38816 5403720.40
38817 5378140.73
38818 5355195.82
38819 5334975.73
38820 5315950.98
38821 5297871.48
38822 5280697.73
38823 5264268.90
38824 5248867.57
38825 5235124.90
38826 5222740.90
38827 5211335.73
38828 5201648.90
38829 5193699.32
38830 5186717.07
38831 5180558.90
38832 5175295.23
38833 5171051.07
38834 5167919.40
38835 5166148.73
38836 5165987.07
38837 5167195.57
38838 5170959.07
38839 5178087.23
38840 5187192.07
38841 7270406.98
38842 4655947.33
38843 4628529.67
38844 4603165.17
38845 4579048.83
38846 4555887.17
38847 4533581.00
38848 4511949.50
38849 4490994.33
38850 4471122.67
38851 4453114.17
38852 4436668.42
38853 4421670.17
38854 4408561.00
38855 4396783.33
38856 4385837.17
38857 4376087.42
38858 4367651.33
38859 4360082.33
38860 4353347.67
38861 4347925.50
38862 4344235.83
38863 4342382.50
38864 4341997.33
38865 4342841.17
38866 4344858.33
38867 4348110.33
38868 4353388.83
38869 4361079.83
38870 4370811.33
38871 4382484.33
38872 4396000.58
38873 4412187.00
38874 4430620.83
38875 4449865.50
38876 4470218.67
38877 4491719.00
38878 4514216.50
38879 4538044.33
38880 4563364.33
38881 10157747.83
38882 7367685.67
38883 7318552.67
38884 7269423.67
38885 7220298.67
38886 7171177.67
38887 7122060.67
38888 7072947.67
38889 7023838.67
38890 6974733.67
38891 6925632.67
38892 6876535.67
38893 6827442.67
38894 6778353.67
38895 6729268.67
38896 6680187.67
38897 6631110.67
38898 6582037.67
38899 6532968.67
38900 6483903.67
38901 6434842.67
38902 6385785.67
38903 6336732.67
38904 6287683.67
38905 6238638.67
38906 6189597.67
38907 6140560.67
38908 6091527.67
38909 6042498.67
38910 5993473.67
38911 5944452.67
38912 5895435.67
38913 5846426.17
38914 5797457.00
38915 5748596.33
38916 5699853.83
38917 5651161.83
38918 5602481.83
38919 5553813.83
38920 5505157.83
38921 5456513.83
38922 5407881.83
38923 5359304.83
38924 5310852.33
38925 5262483.33
38926 5214130.33
38927 5165793.33
38928 5117472.33
38929 5069167.33
38930 5020878.33
38931 4972605.33
38932 4924348.33
38933 4876107.33
38934 4827895.33
38935 4779717.83
38936 4731566.33
38937 4683442.33
38938 4635346.83
38939 4587276.83
38940 4539230.83
38941 4491208.83
38942 4443302.17
38943 4395727.33
38944 4348461.00
38945 4301344.83
38946 4254457.17
38947 4208081.33
38948 4162182.17
38949 4116444.17
38950 4070817.17
38951 4025410.83
38952 3980324.83
38953 3935596.67
38954 3891126.17
38955 3846787.67
38956 3802663.67
38957 3758778.17
38958 3715075.67
38959 3671544.17
38960 3628388.17
38961 3586010.17
38962 3544252.17
38963 3502792.83
38964 3461667.83
38965 3420889.33
38966 3380558.33
38967 3340752.08
38968 3301354.00
38969 3262314.50
38970 3223753.67
38971 3185992.92
38972 3149433.00
38973 3115154.17
38974 3084161.00
38975 3055285.50
38976 3030062.00
38977 3011293.33
38978 2996422.67
38979 2983314.17
38980 2972585.33
38981 3863983.42
38982 2025421.00
38983 1985000.50
38984 1945250.17
38985 1905895.83
38986 1866756.83
38987 1827849.83
38988 1789176.83
38989 1751412.50
38990 1714764.17
38991 1679704.00
38992 1646373.17
38993 1614111.83
38994 1583086.00
38995 1552928.00
38996 1523334.08
38997 1494532.00
38998 1466780.00
38999 1440071.17
39000 1414504.75
39001 1390543.00
39002 1368873.67
39003 1349205.00
39004 1330851.92
39005 1313614.25
39006 1297341.00
39007 1281969.17
39008 1267445.17
39009 1253861.67
39010 1242146.17
39011 1232390.33
39012 1224312.67
39013 1218458.00
39014 1214839.33
39015 1213446.17
39016 1213751.00
39017 1215775.58
39018 1219641.50
39019 1224779.17
39020 1231385.83
39021 1239665.33
39022 1249373.67
39023 1260799.17
39024 1273980.33
39025 1288241.33
39026 1303303.50
39027 1319472.33
39028 1337014.67
39029 1355835.83
39030 1376722.67
39031 1400083.00
39032 1425302.00
39033 1452000.50
39034 1479610.33
39035 1507863.00
39036 1537137.00
39037 1568227.08
39038 1600833.17
39039 1634136.00
39040 1667925.33
39041 1702249.67
39042 1737328.00
39043 1773081.50
39044 1809491.83
39045 1846564.50
39046 1884278.67
39047 1922773.50
39048 1962064.00
39049 2001996.50
39050 2042343.33
39051 2082998.67
39052 2124069.83
39053 2166076.00
39054 2208866.33
39055 2251957.67
39056 2295397.50
39057 2339200.17
39058 2383378.33
39059 2427767.67
39060 2472325.67
39061 2517295.67
39062 2562630.50
39063 2608275.67
39064 2654414.67
39065 2700935.83
39066 2747754.17
39067 2794832.33
39068 2842071.83
39069 2889398.83
39070 2936791.50
39071 2984303.17
39072 3031925.17
39073 3079600.17
39074 3127307.17
39075 3175073.67
39076 3222935.67
39077 3270881.33
39078 3318872.00
39079 3366888.00
39080 3414928.00
39081 3462992.00
39082 3511080.00
39083 3559210.17
39084 3607398.83
39085 3655625.83
39086 3703872.83
39087 3752139.83
39088 3800426.83
39089 3848733.83
39090 3897060.83
39091 3945407.83
39092 3993792.83
39093 4042312.83
39094 4090947.83
39095 4139606.83
39096 4188329.33
39097 4237105.33
39098 4285893.33
39099 4334693.33
39100 4383505.33
39101 4432329.33
39102 4481165.33
39103 4530013.33
39104 4578873.33
39105 4627745.33
39106 4676629.33
39107 4725525.33
39108 4774433.33
39109 4823353.33
39110 4872285.33
39111 4921273.83
39112 4970341.33
39113 5019441.33
39114 5068549.33
39115 5117677.33
39116 5166824.83
39117 5215977.83
39118 5265134.83
39119 5314295.83
39120 5363460.83
39121 5412629.83
39122 5461802.83
39123 5510979.83
39124 5560160.83
39125 5609345.83
39126 5658534.83
39127 5707727.83
39128 5756924.83
39129 5806125.83
39130 5855330.83
39131 5904539.83
39132 5953752.83
39133 6002969.83
39134 6052190.83
39135 6101415.83
39136 6150644.83
39137 6199877.83
39138 6249114.83
39139 6298355.83
39140 6347600.83
39141 6396849.83
39142 6446102.83
39143 6495359.83
39144 6544620.83
39145 6593885.83
39146 6643154.83
39147 9632567.83
39148 3474233.00
39149 3433363.67
39150 3393661.83
39151 3355568.00
39152 3318557.17
39153 3282305.33
39154 3246809.17
39155 3213116.00
39156 3182121.67
39157 3153107.67
39158 3125507.83
39159 3099743.67
39160 3075711.83
39161 3053024.67
39162 3031878.83
39163 3012313.50
39164 2994186.00
39165 2977135.33
39166 2960981.67
39167 2945790.00
39168 2932248.67
39169 2920503.67
39170 2909890.33
39171 2900482.50
39172 2892383.67
39173 2885449.33
39174 2879631.83
39175 2875492.17
39176 2873191.33
39177 2872289.83
39178 2873783.50
39179 2878546.17
39180 2885378.50
39181 2893219.33
39182 2902544.33
39183 2913458.67
39184 2925366.00
39185 2938348.50
39186 2952359.00
39187 2967901.67
39188 2985538.33
39189 3005184.92
39190 3026677.50
39191 3049334.33
39192 3072801.00
39193 3097396.67
39194 3123292.92
39195 3150344.83
39196 3178365.67
39197 3207256.17
39198 3236983.83
39199 3267591.83
39200 3298886.17
39201 3330622.17
39202 3362861.33
39203 3395616.17
39204 3428787.50
39205 3462401.83
39206 3496614.00
39207 3531644.67
39208 3567441.83
39209 3603804.50
39210 3640628.17
39211 3677746.50
39212 3715406.83
39213 3753880.33
39214 3792943.33
39215 3832358.50
39216 3872077.33
39217 3912490.67
39218 3954028.17
39219 17466655.02
39220 16775669.93
39221 23553074.57
39222 10164367.80
39223 10127195.80
39224 10090470.30
39225 10054711.97
39226 10020073.63
39227 9986120.30
39228 9953468.63
39229 9922282.63
39230 10551923.55
39231 3032352.33
39232 2984752.33
39233 2937267.67
39234 2889920.50
39235 2842647.50
39236 2795406.50
39237 2748197.50
39238 2701020.50
39239 2654013.50
39240 2607677.17
39241 2562014.83
39242 2516622.33
39243 2471557.67
39244 2426917.00
39245 2382581.00
39246 2338393.00
39247 2294651.50
39248 2251795.83
39249 2209613.67
39250 2168144.67
39251 2127794.83
39252 2088335.00
39253 2049847.83
39254 2012370.17
39255 1975526.50
39256 1939782.17
39257 1905786.83
39258 1873197.33
39259 1841671.00
39260 1811496.00
39261 1782503.17
39262 1754649.00
39263 1727887.17
39264 1701855.67
39265 1676812.00
39266 1652773.33
39267 1629611.67
39268 1607495.17
39269 1586622.83
39270 1567084.83
39271 1549000.00
39272 1532611.33
39273 1517953.67
39274 1504569.50
39275 1492185.42
39276 1481420.83
39277 1472642.67
39278 1465567.75
39279 1459856.17
39280 1455599.83
39281 1452805.17
39282 1451412.50
39283 1451464.50
39284 1452734.83
39285 1455029.50
39286 1458424.67
39287 1463632.50
39288 1471011.50
39289 1480295.83
39290 1491480.00
39291 1504422.33
39292 1518728.50
39293 1534362.50
39294 1551427.33
39295 1569969.83
39296 1590020.33
39297 1611731.67
39298 1634809.83
39299 1658865.67
39300 1684110.50
39301 1710453.67
39302 1737693.83
39303 1766054.33
39304 1795557.83
39305 1826092.08
39306 1857454.00
39307 1889374.67
39308 1922037.33
39309 1955808.17
39310 1990740.33
39311 2026739.33
39312 2063681.83
39313 2101734.33
39314 2140648.50
39315 2179866.33
39316 2219442.00
39317 2259438.50
39318 2299899.17
39319 2340783.50
39320 2382347.17
39321 2424594.17
39322 2467153.17
39323 2510229.17
39324 2554281.50
39325 2599056.17
39326 2644145.83
39327 2689470.67
39328 2735578.17
39329 2782479.17
39330 2829550.67
39331 2876735.17
39332 2923987.67
39333 2971292.67
39334 3018645.67
39335 3066046.67
39336 6390527.72
39337 3576698.72
39338 3538514.38
39339 3500961.05
39340 3463963.05
39341 3427552.55
39342 3391678.88
39343 3356149.22
39344 3321038.55
39345 3286857.05
39346 3253664.38
39347 3221331.55
39348 3190130.05
39349 3159989.05
39350 3130749.55
39351 3102397.22
39352 3075074.05
39353 3049388.55
39354 3025544.55
39355 3003847.55
39356 2984065.47
39357 2965280.38
39358 2948849.05
39359 2936466.88
39360 2926941.88
39361 2918621.05
39362 2911293.22
39363 2905311.22
39364 2901203.80
39365 2898764.88
39366 2897762.55
39367 2898141.88
39368 2899857.63
39369 2903539.22
39370 2909476.38
39371 2917641.30
39372 2927668.88
39373 2939255.22
39374 2952899.72
39375 2968343.38
39376 2987679.17
39377 3013347.95
39378 3043096.78
39379 3074291.78
39380 3106689.28
39381 3140623.95
39382 3175784.12
39383 3211774.28
39384 3248731.45
39385 3286504.28
39386 3324766.62
39387 3363406.45
39388 3402282.28
39389 3441939.12
39390 3483010.62
39391 8545901.40
39392 5533920.20
39393 5490405.70
39394 5447350.70
39395 5404665.20
39396 5362186.20
39397 5319839.20
39398 5277780.53
39399 5236233.37
39400 5195317.87
39401 5155182.53
39402 5116000.87
39403 5077559.03
39404 5039468.03
39405 5001604.03
39406 4964725.53
39407 4929296.20
39408 4894651.20
39409 4860490.87
39410 4826903.03
39411 4794102.45
39412 4762337.53
39413 4731586.37
39414 4702096.53
39415 4673986.70
39416 4647173.87
39417 4621613.37
39418 4597683.78
39419 4576208.43
39420 4557043.58
39421 4539458.83
39422 4522931.33
39423 4507319.83
39424 4492987.17
39425 4480539.75
39426 4470092.00
39427 4461715.75
39428 4455632.33
39429 4451376.83
39430 4448703.67
39431 6119632.28
39432 3182224.95
39433 3133979.45
39434 3086000.45
39435 3038177.45
39436 2990528.28
39437 2943103.78
39438 2895833.62
39439 2848726.62
39440 2801803.45
39441 2755151.12
39442 2708786.78
39443 2662596.28
39444 2616543.78
39445 2570835.28
39446 2525431.28
39447 2480119.28
39448 2435039.78
39449 2390200.78
39450 2345469.78
39451 2301641.12
39452 2259281.62
39453 2217960.28
39454 2177211.12
39455 2136790.62
39456 2097740.12
39457 2060151.45
39458 2022985.95
39459 1986352.45
39460 1950307.78
39461 1915218.62
39462 1881186.95
39463 1847731.12
39464 1814774.62
39465 1782491.28
39466 1750922.28
39467 1719864.95
39468 1689344.28
39469 1659590.95
39470 1630678.12
39471 1602541.78
39472 1575189.03
39473 1548668.62
39474 1523011.28
39475 1498437.62
39476 1474899.78
39477 1452221.78
39478 1430324.78
39479 1409288.95
39480 1389098.95
39481 1369443.45
39482 1350482.78
39483 1332459.62
39484 1315459.95
39485 1299584.95
39486 1285312.95
39487 1272767.95
39488 1261733.12
39489 1252069.28
39490 1244164.87
39491 1238378.78
39492 1234311.20
39493 1231574.28
39494 1229870.95
39495 1229688.78
39496 1231673.62
39497 1235375.78
39498 1240241.28
39499 1246551.12
39500 1254520.12
39501 1263972.45
39502 1274700.45
39503 1286953.45
39504 1301157.62
39505 1317264.45
39506 1334631.28
39507 1352797.78
39508 1371894.62
39509 1392091.53
39510 1413350.62
39511 1435487.95
39512 1459263.62
39513 1484794.12
39514 1511469.28
39515 1539038.28
39516 1567260.28
39517 1596303.78
39518 1626993.45
39519 1659490.03
39520 1692889.83
39521 1726939.55
39522 1761945.22
39523 1797758.05
39524 1833998.88
39525 1870672.05
39526 1907805.38
39527 1945531.55
39528 1984068.22
39529 2023181.88
39530 2062537.22
39531 2102519.38
39532 2143168.38
39533 2184161.38
39534 2225669.97
39535 2268028.38
39536 2311158.72
39537 2354763.05
39538 2398782.22
39539 2443205.05
39540 2487931.05
39541 2532876.38
39542 2578215.72
39543 2623999.88
39544 2670184.38
39545 2716657.38
39546 2763228.05
39547 2809858.72
39548 2856549.38
39549 2903336.88
39550 2950256.38
39551 2997269.05
39552 3044343.38
39553 3091499.88
39554 3138865.88
39555 3186442.55
39556 3234088.88
39557 3281796.22
39558 3329583.55
39559 3377427.88
39560 3425308.22
39561 3473256.55
39562 3521270.88
39563 9585609.08
39564 3921726.62
39565 3904241.95
39566 3887808.95
39567 3872491.62
39568 3858599.78
39569 3846035.62
39570 3834772.12
39571 3825025.78
39572 3817003.12
39573 3810428.62
39574 3805063.95
39575 3801505.62
39576 3799748.95
39577 3799737.60
39578 3802769.50
39579 3809667.00
39580 3819214.75
39581 3830682.92
39582 3844617.08
39583 3860182.08
39584 3876787.75
39585 3895103.25
39586 3914940.58
39587 3935932.25
39588 3958306.42
39589 3981817.25
39590 4005982.58
39591 4030774.75
39592 4056684.42
39593 4083866.58
39594 4112237.92
39595 4141665.92
39596 4171928.25
39597 4203186.25
39598 4235714.50
39599 4269714.58
39600 4305164.42
39601 4342040.08
39602 4380233.08
39603 4419233.58
39604 4458694.75
39605 4498608.08
39606 4539162.58
39607 4580593.42
39608 4622982.83
39609 4666117.92
39610 4709672.58
39611 4753663.08
39612 4797952.75
39613 4842504.08
39614 4887428.75
39615 4932557.75
39616 4977762.75
39617 5023122.92
39618 5068680.58
39619 5114388.08
39620 5160199.08
39621 5206078.08
39622 5252025.08
39623 5298040.08
39624 5344123.08
39625 5390274.08
39626 5436493.08
39627 5482780.08
39628 5529135.08
39629 5575600.08
39630 5622286.58
39631 5669219.58
39632 5716372.75
39633 5763859.92
39634 5811683.92
39635 5859651.92
39636 5907663.92
39637 17204088.58
39638 11452462.33
39639 11403200.33
39640 11353942.33
39641 11304688.33
39642 11255438.33
39643 11206192.33
39644 11156950.33
39645 11107712.33
39646 11058478.33
39647 11009248.33
39648 10960022.33
39649 10910800.33
39650 10861589.17
39651 10812445.50
39652 10763413.50
39653 10714438.50
39654 10665471.50
39655 10616512.50
39656 10567561.50
39657 10518645.00
39658 10469979.00
39659 10421731.00
39660 10373691.00
39661 10325671.00
39662 10277671.00
39663 10229842.50
39664 10182189.50
39665 10134564.50
39666 10086967.50
39667 10039398.50
39668 9991857.50
39669 9944400.83
39670 9897181.17
39671 9850244.17
39672 9803445.17
39673 9756690.17
39674 9709979.17
39675 9663339.67
39676 9616859.33
39677 9570575.50
39678 9524407.50
39679 9478296.50
39680 9432241.50
39681 9386242.50
39682 9340336.00
39683 9294668.00
39684 9249370.50
39685 9204328.50
39686 9159406.00
39687 9114582.00
39688 9069834.00
39689 9025165.00
39690 8980618.00
39691 8936234.50
39692 8891979.00
39693 8847813.00
39694 8803735.00
39695 8759756.50
39696 8715906.00
39697 8672244.58
39698 8629125.50
39699 8586629.00
39700 8544500.50
39701 8502638.17
39702 8461281.33
39703 8420399.00
39704 8380336.00
39705 8341801.83
39706 8851573.08
39707 2796217.92
39708 2749070.92
39709 2701958.25
39710 2654894.92
39711 2607892.25
39712 2560958.75
39713 2514150.58
39714 2467555.92
39715 2421216.08
39716 2375139.58
39717 2329300.92
39718 2283635.92
39719 2238226.25
39720 2193190.08
39721 2148391.58
39722 2103895.58
39723 2059840.08
39724 2016101.58
39725 1972659.92
39726 1929637.25
39727 1886929.25
39728 1844359.75
39729 1802179.58
39730 1760474.75
39731 1719144.58
39732 1678383.42
39733 1638545.83
39734 1600252.08
39735 1563469.42
39736 1527385.42
39737 1491849.58
39738 1456918.92
39739 1422742.08
39740 1389595.92
39741 1357151.25
39742 1328316.25
39743 1303206.92
39744 1278709.08
39745 1254991.75
39746 1232495.92
39747 1211421.58
39748 1191405.08
39749 1172261.25
39750 1154185.92
39751 1137894.42
39752 1123930.00
39753 1112056.42
39754 1101880.42
39755 1093253.42
39756 1086120.42
39757 1080110.58
39758 1075533.08
39759 1073681.58
39760 1074472.67
39761 1077140.08
39762 1081548.75
39763 1087410.42
39764 1094710.42
39765 1103616.58
39766 1114075.42
39767 1125740.42
39768 1139126.25
39769 1154940.08
39770 1173140.75
39771 1193962.42
39772 1216843.42
39773 1240860.08
39774 1267244.58
39775 1297307.58
39776 1329465.25
39777 1362268.08
39778 1395984.08
39779 1430658.42
39780 1466197.58
39781 1502311.75
39782 1538802.08
39783 1575803.08
39784 1613332.58
39785 1651418.08
39786 1690177.08
39787 1729534.08
39788 1769272.92
39789 1809271.42
39790 1849579.25
39791 1890480.42
39792 1932507.25
39793 1975744.58
39794 2019603.58
39795 2063688.75
39796 2107958.08
39797 2152417.75
39798 2197056.08
39799 2241841.08
39800 2287061.08
39801 2332699.58
39802 2379301.75
39803 2426896.08
39804 2474591.25
39805 2522432.25
39806 2570411.42
39807 2618421.75
39808 2666465.92
39809 2714535.92
39810 2762625.92
39811 2810735.92
39812 2858865.92
39813 2907015.92
39814 2955185.92
39815 3003394.58
39816 3051690.75
39817 3100084.75
39818 3148525.75
39819 3196982.75
39820 3245455.75
39821 3293944.75
39822 3342449.75
39823 3390970.75
39824 3439507.75
39825 3488060.75
39826 3536629.75
39827 3585301.25
39828 6694139.17
39829 4868631.17
39830 4874087.08
39831 4882325.67
39832 4893468.08
39833 4906239.67
39834 4919954.50
39835 4934671.50
39836 4950648.67
39837 4967949.50
39838 4986431.83
39839 5005813.50
39840 5026323.50
39841 5049186.00
39842 5074220.67
39843 5100308.83
39844 5127232.17
39845 5154749.50
39846 5182935.50
39847 5211847.67
39848 5242071.00
39849 5273896.17
39850 5306761.00
39851 5340515.33
39852 5374915.50
39853 5410002.50
39854 5446079.17
39855 5482849.83
39856 5520363.83
39857 5559029.50
39858 5598677.67
39859 5638990.83
39860 5679813.00
39861 5720950.50
39862 5762324.00
39863 5803931.50
39864 5845725.50
39865 5887659.50
39866 8570931.37
39867 2809826.20
39868 2761384.20
39869 2712978.20
39870 2664608.20
39871 2616274.20
39872 2567976.20
39873 2519714.20
39874 2471574.20
39875 2423707.03
39876 2376152.53
39877 2329011.12
39878 2282280.87
39879 2235726.53
39880 2189538.12
39881 2144091.70
39882 2099610.37
39883 2055865.87
39884 2012516.20
39885 1969691.70
39886 1927331.37
39887 1885593.20
39888 1844829.03
39889 1804767.70
39890 1765252.70
39891 1726484.70
39892 1688698.37
39893 1652252.03
39894 1616816.87
39895 1581963.70
39896 1547621.53
39897 1513722.87
39898 1480454.37
39899 1448566.03
39900 1418888.20
39901 1390755.20
39902 1363271.20
39903 1336468.70
39904 1310269.03
39905 1284652.20
39906 1260018.37
39907 1237573.03
39908 1217347.45
39909 1198593.20
39910 1181581.03
39911 1165903.53
39912 1151733.03
39913 1139733.28
39914 1129606.03
39915 1121036.70
39916 1113904.70
39917 1108058.87
39918 1103391.45
39919 1099791.87
39920 1097076.03
39921 1095167.53
39922 1094192.53
39923 1094558.28
39924 1096284.37
39925 1099515.53
39926 1104585.53
39927 1111528.20
39928 1120070.87
39929 1130135.20
39930 1142528.37
39931 1156708.20
39932 1171813.20
39933 1188086.37
39934 1205862.12
39935 1226101.95
39936 1249174.87
39937 1274066.78
39938 1299917.87
39939 1326690.53
39940 1354686.37
39941 1384563.58
39942 1416307.30
39943 1448955.13
39944 1482088.97
39945 1516473.97
39946 1552176.63
39947 1588467.47
39948 1625351.97
39949 1662784.30
39950 1700734.30
39951 1739281.30
39952 1778365.97
39953 1818033.47
39954 1858219.80
39955 1898698.30
39956 1939441.30
39957 1980421.80
39958 2021578.30
39959 2062889.30
39960 2104427.80
39961 2146303.63
39962 2188509.47
39963 2230992.13
39964 2273673.80
39965 2316508.80
39966 2359507.80
39967 2403597.88
39968 2449655.97
39969 2496691.97
39970 2543767.97
39971 2590887.97
39972 2638111.47
39973 2685488.97
39974 2732992.30
39975 2780596.63
39976 2828266.63
39977 2875968.63
39978 2923702.63
39979 2971468.63
39980 3019266.63
39981 3067096.63
39982 3114967.13
39983 3163001.30
39984 3211266.63
39985 3259685.80
39986 3308178.80
39987 3356695.80
39988 3405236.80
39989 3453801.80
39990 3502390.80
39991 3551003.80
39992 3599640.80
39993 3648301.80
39994 3696986.80
39995 3745695.80
39996 3794428.80
39997 3843186.80
39998 3892064.80
39999 18847312.53
40000 15425114.07
40001 15387222.40
40002 15353147.73
40003 15321557.07
40004 15290559.73
40005 15266437.90
40006 15249139.57
40007 15232864.40
40008 15217839.57
40009 15203880.57
40010 15191106.90
40011 15179839.10
40012 16678483.58
40013 3004858.95
40014 2963263.28
40015 2922148.45
40016 2881574.45
40017 2841926.62
40018 2803018.95
40019 2764504.78
40020 2726456.95
40021 2689035.45
40022 2652448.95
40023 2616649.45
40024 2581492.28
40025 2546968.78
40026 2512997.78
40027 2479509.95
40028 2446639.78
40029 2414691.95
40030 2383578.95
40031 2353194.28
40032 2323492.28
40033 2294359.78
40034 2266898.95
40035 2242219.95
40036 2219540.12
40037 2198208.45
40038 2178131.12
40039 2158971.95
40040 2140797.95
40041 2123907.70
40042 2108643.45
40043 2095138.12
40044 2083206.78
40045 2072915.28
40046 2064666.95
40047 2057960.28
40048 2053787.12
40049 2052367.95
40050 2052227.95
40051 2053132.12
40052 2056707.87
40053 2065458.28
40054 2078183.45
40055 2092440.78
40056 2107762.20
40057 2124351.45
40058 2142265.12
40059 2161758.28
40060 2182706.95
40061 2204841.28
40062 2228660.78
40063 2255064.28
40064 2283676.78
40065 2313312.95
40066 2343789.28
40067 2375282.95
40068 2408056.78
40069 2442161.95
40070 2477186.28
40071 2513002.45
40072 2549584.12
40073 2586738.28
40074 2624439.62
40075 2663069.78
40076 2702653.62
40077 2742657.45
40078 2784490.62
40079 2828125.28
40080 2871972.95
40081 2916008.45
40082 2960272.95
40083 3004808.62
40084 3049567.78
40085 3094553.28
40086 3139833.12
40087 12640030.00
40088 12035957.83
40089 12067030.50
40090 12098798.00
40091 12131416.67
40092 12164792.50
40093 25318019.57
40094 15588096.40
40095 15552893.57
40096 15518152.40
40097 15484198.65
40098 15451307.23
40099 15419789.23
40100 15389725.90
40101 15360527.40
40102 15331903.07
40103 15304155.90
40104 15277550.40
40105 15252248.65
40106 15228623.57
40107 15206656.90
40108 15186092.73
40109 15166812.73
40110 15148534.23
40111 15131188.48
40112 15115140.07
40113 15100672.90
40114 15087813.90
40115 15076917.57
40116 15067613.90
40117 15059221.57
40118 15052092.73
40119 15046362.57
40120 21403104.48
40121 13637452.33
40122 13591385.83
40123 13545831.83
40124 13500405.83
40125 13455055.83
40126 13409885.50
40127 13364973.17
40128 13320223.17
40129 13276248.50
40130 13233499.17
40131 13191384.00
40132 13149682.83
40133 13108349.50
40134 13067189.50
40135 13026199.67
40136 12985400.00
40137 12945140.17
40138 12905561.33
40139 12866899.00
40140 12829208.00
40141 12792382.00
40142 12756856.50
40143 12722375.00
40144 12688401.17
40145 12654868.33
40146 12621722.50
40147 12588993.17
40148 12556916.83
40149 12525475.00
40150 12495024.50
40151 12466087.33
40152 12438217.67
40153 15802131.48
40154 4860801.82
40155 4833032.98
40156 4808050.98
40157 4784111.15
40158 4760852.15
40159 4738447.32
40160 4717713.32
40161 4699360.07
40162 4683188.15
40163 4668847.82
40164 4655915.48
40165 4644082.82
40166 4633738.15
40167 4625349.32
40168 4619004.65
40169 4614300.82
40170 4612320.32
40171 4613786.48
40172 4616918.98
40173 4621204.65
40174 4627703.48
40175 4636390.65
40176 4648385.82
40177 4663530.15
40178 4679784.15
40179 4696884.98
40180 4715048.98
40181 4734620.48
40182 4755310.98
40183 4776898.65
40184 4799558.82
40185 4823485.65
40186 4848680.15
40187 4876253.15
40188 4905905.32
40189 7093868.40
40190 3173597.87
40191 3132699.03
40192 3092204.28
40193 3052232.03
40194 3012908.53
40195 2974352.70
40196 2936607.20
40197 2899728.87
40198 2863843.03
40199 2828827.70
40200 2794549.62
40201 2760910.03
40202 2728033.53
40203 2696720.03
40204 2667321.87
40205 2639122.20
40206 2611762.70
40207 2585424.70
40208 2560347.20
40209 2536582.53
40210 2513972.53
40211 2492605.03
40212 2472536.87
40213 2454072.62
40214 2437073.53
40215 2420861.03
40216 2405418.70
40217 2391842.70
40218 2380230.20
40219 2369788.87
40220 2360849.45
40221 2353897.87
40222 2348747.53
40223 2345313.20
40224 2343801.37
40225 2343537.37
40226 2344090.53
40227 2345910.87
40228 2349432.70
40229 2354498.37
40230 2360594.03
40231 2367639.53
40232 2375721.53
40233 2385480.03
40234 2397285.70
40235 2411059.53
40236 2426810.03
40237 2443725.03
40238 2462223.37
40239 2482973.70
40240 2505072.20
40241 2528034.70
40242 2552622.95
40243 2579224.03
40244 2607268.53
40245 2636227.62
40246 2666099.20
40247 2697465.03
40248 2729956.53
40249 2763049.87
40250 2797070.53
40251 2832155.20
40252 2868100.03
40253 2904714.45
40254 2941916.20
40255 2979473.20
40256 3017261.37
40257 3055284.53
40258 3093536.53
40259 3132086.87
40260 3171232.37
40261 5331769.12
40262 2720959.08
40263 2697623.08
40264 2676844.67
40265 2658359.42
40266 2641364.25
40267 2625486.42
40268 2611834.58
40269 2600503.92
40270 2590621.75
40271 2582481.08
40272 2576489.42
40273 2572436.08
40274 2569812.08
40275 2568496.08
40276 2569016.42
40277 2571787.08
40278 2576482.75
40279 2583018.92
40280 2591417.42
40281 2601722.08
40282 2614922.42
40283 2630865.25
40284 2648886.42
40285 2668759.58
40286 2689877.75
40287 2712708.92
40288 2737479.92
40289 2764134.25
40290 2792855.83
40291 2823729.08
40292 2856554.25
40293 2890702.25
40294 2925898.08
40295 2962067.25
40296 2998964.25
40297 3036503.92
40298 3074774.33
40299 3113832.08
40300 3153480.08
40301 3193572.75
40302 3234085.08
40303 3275099.58
40304 3316646.58
40305 3358607.92
40306 3400923.25
40307 3443438.08
40308 3486238.92
40309 3529999.92
40310 3574578.92
40311 7701928.25
40312 4249795.75
40313 4200107.75
40314 4150419.75
40315 4100731.75
40316 4051043.75
40317 4001355.75
40318 3951667.75
40319 3901979.75
40320 3852291.75
40321 3802603.75
40322 3752915.75
40323 3703227.75
40324 3653539.75
40325 3603851.75
40326 3554163.75
40327 3504475.75
40328 3454787.75
40329 3405099.75
40330 3355411.75
40331 3305723.75
40332 3256035.75
40333 3206347.75
40334 3156659.75
40335 3106971.75
40336 3057283.75
40337 3007595.75
40338 2957907.75
40339 2908227.75
40340 2858586.58
40341 2808999.92
40342 2759438.92
40343 2709965.92
40344 2660794.75
40345 2612030.58
40346 2563586.08
40347 2515492.75
40348 2467851.92
40349 2420460.92
40350 2373169.42
40351 2326127.42
40352 2279332.92
40353 2232664.42
40354 2186223.92
40355 2140072.42
40356 2094172.92
40357 2048476.42
40358 2002903.42
40359 1957618.25
40360 1912674.58
40361 1868065.58
40362 1824115.25
40363 1780715.92
40364 1737669.75
40365 1695110.08
40366 1653994.42
40367 1615461.75
40368 1578696.08
40369 1542614.75
40370 1507064.58
40371 1471987.17
40372 1437487.75
40373 1403494.25
40374 1369873.75
40375 1336706.08
40376 1303947.42
40377 1271478.42
40378 1239398.42
40379 1207921.92
40380 1177451.67
40381 1149061.42
40382 1122491.75
40383 1096839.08
40384 1072395.08
40385 1049007.25
40386 1026590.42
40387 1005369.58
40388 985139.08
40389 967059.58
40390 951899.75
40391 938912.08
40392 928507.75
40393 920624.08
40394 914390.25
40395 909836.42
40396 906966.42
40397 905810.08
40398 906364.25
40399 908514.25
40400 912470.08
40401 918830.25
40402 927483.25
40403 937428.92
40404 948426.08
40405 960658.25
40406 974036.92
40407 988751.42
40408 1005088.25
40409 1022710.25
40410 1041224.92
40411 1060794.25
40412 1081486.58
40413 1103396.25
40414 1126678.25
40415 1151233.92
40416 1177037.67
40417 1205606.08
40418 1238378.58
40419 1273470.75
40420 1309175.50
40421 1345397.25
40422 1382005.75
40423 1418950.75
40424 1456757.25
40425 1495630.08
40426 1535018.08
40427 1574656.92
40428 1614522.08
40429 1655153.42
40430 1696764.58
40431 1738844.67
40432 1781243.08
40433 1824136.08
40434 1867703.08
40435 1911795.75
40436 1956126.75
40437 2000630.75
40438 2045283.75
40439 2090139.75
40440 2135327.25
40441 2180800.92
40442 2226453.58
40443 2272250.08
40444 2318441.42
40445 2365361.42
40446 2412705.75
40447 2460098.08
40448 2507538.42
40449 2555026.75
40450 2602577.25
40451 2650195.25
40452 2698001.58
40453 2746035.25
40454 2794162.75
40455 2842338.75
40456 2890581.75
40457 2938928.25
40458 2987362.75
40459 3035837.75
40460 3084336.75
40461 3132864.25
40462 3181498.75
40463 3230231.75
40464 3278980.75
40465 3327745.75
40466 3376742.75
40467 3426189.25
40468 3475869.25
40469 3525557.25
40470 3575245.25
40471 3624933.25
40472 3674621.25
40473 3724309.25
40474 3773997.25
40475 3823685.25
40476 3873373.25
40477 3923061.25
40478 3972749.25
40479 4022437.25
40480 4072125.25
40481 4121813.25
40482 4171501.25
40483 4221189.25
40484 4270877.25
40485 4320565.25
40486 4370253.25
40487 4419941.25
40488 4469629.25
40489 4519317.25
40490 4569005.25
40491 4618693.25
40492 4668381.25
40493 4718069.25
40494 4767757.25
40495 13168213.95
40496 8478022.37
40497 8431452.37
40498 8385003.20
40499 8338827.37
40500 8293161.45
40501 8248152.70
40502 8203686.53
40503 8159566.70
40504 8115648.37
40505 8071936.53
40506 8028438.70
40507 7985089.37
40508 7942106.53
40509 7899638.37
40510 7857484.37
40511 7815536.20
40512 7773927.70
40513 7733294.95
40514 7693992.87
40515 7655456.87
40516 7617395.70
40517 7579918.03
40518 7542969.03
40519 7506538.20
40520 7470763.37
40521 7437043.37
40522 7405367.53
40523 7374531.87
40524 7344779.70
40525 7316212.53
40526 7290176.70
40527 7266609.87
40528 7244023.70
40529 7222978.45
40530 7203699.03
40531 7185988.20
40532 7171170.28
40533 8832201.15
40534 4408323.82
40535 4371753.48
40536 4337078.65
40537 4305090.48
40538 4275151.32
40539 4246580.98
40540 4219139.98
40541 4192755.15
40542 4167368.82
40543 4142874.48
40544 4119660.32
40545 4097850.15
40546 4077121.48
40547 4057517.98
40548 4039950.65
40549 4025140.15
40550 4012737.15
40551 4001882.15
40552 3992954.15
40553 3988126.32
40554 3987556.92
40555 3990215.85
40556 3996244.85
40557 4005095.85
40558 4016152.02
40559 4029350.68
40560 4044599.18
40561 4061640.18
40562 4080143.02
40563 4099940.85
40564 6708723.42
40565 3575775.85
40566 3555760.52
40567 3537959.52
40568 3522301.02
40569 3507918.68
40570 3494900.02
40571 3482813.18
40572 3471917.68
40573 3463480.35
40574 3457586.93
40575 3453892.18
40576 3452351.35
40577 3451912.85
40578 3452349.85
40579 3454379.02
40580 3458265.18
40581 3463350.18
40582 3469251.35
40583 3476187.18
40584 3484476.35
40585 3494143.35
40586 3504896.52
40587 3516881.18
40588 3530516.85
40589 3545894.85
40590 3562680.35
40591 3580383.02
40592 3598849.68
40593 3618516.85
40594 3640002.52
40595 3663211.85
40596 3687568.35
40597 3712616.52
40598 3738856.02
40599 3767222.85
40600 3797398.18
40601 3828584.52
40602 3860837.35
40603 3894078.52
40604 3928095.18
40605 3962933.52
40606 3998429.85
40607 4034361.35
40608 4070725.52
40609 4107593.02
40610 4146160.85
40611 4186529.35
40612 4227407.85
40613 4268665.35
40614 4310500.35
40615 4352875.85
40616 4395482.35
40617 4438389.02
40618 4482106.85
40619 4526761.02
40620 4572020.68
40621 4617675.85
40622 4663655.85
40623 4709911.52
40624 4756359.68
40625 10463200.18
40626 5966289.75
40627 5918795.75
40628 5871423.08
40629 5824208.08
40630 5777109.75
40631 5730163.75
40632 5683502.25
40633 5637073.25
40634 5590845.08
40635 5544932.92
40636 5499221.92
40637 5453602.92
40638 5408201.42
40639 5363151.42
40640 5318388.25
40641 5274077.92
40642 5230637.25
40643 5188214.75
40644 5146724.08
40645 5105932.92
40646 5065510.42
40647 5025356.92
40648 4985641.08
40649 4946424.75
40650 4907915.08
40651 4870239.42
40652 4833095.92
40653 4796698.42
40654 4761540.58
40655 4727759.58
40656 4695323.67
40657 4665070.08
40658 4637430.42
40659 5176217.42
40660 1897954.08
40661 1857167.25
40662 1817113.42
40663 1778039.42
40664 1739641.08
40665 1701731.42
40666 1664231.42
40667 1627562.50
40668 1591873.58
40669 1556928.92
40670 1523101.25
40671 1490272.58
40672 1458011.08
40673 1426400.25
40674 1395659.25
40675 1365971.58
40676 1337431.58
40677 1310595.75
40678 1285460.25
40679 1261609.25
40680 1238694.58
40681 1223426.42
40682 1217852.42
40683 1215556.25
40684 1214758.42
40685 1216256.42
40686 1219984.08
40687 1224645.92
40688 1230446.08
40689 1237822.92
40690 1246633.58
40691 1256690.58
40692 1267861.25
40693 1280076.42
40694 1293958.75
40695 1309328.25
40696 1325475.75
40697 1342382.42
40698 1360158.92
40699 1378945.92
40700 1398865.92
40701 1419840.58
40702 1441542.75
40703 1463859.25
40704 1487018.42
40705 1511091.92
40706 1536102.08
40707 1562260.25
40708 1589814.92
40709 1618790.75
40710 1648952.42
40711 1679957.92
40712 1711822.25
40713 1744733.42
40714 1778583.92
40715 1813233.92
40716 1848630.42
40717 1884889.08
40718 1921792.92
40719 1958992.92
40720 1998638.92
40721 2040833.42
40722 2083384.92
40723 2126120.42
40724 2169095.58
40725 2212393.25
40726 2255913.75
40727 2299550.75
40728 2343428.25
40729 2387554.75
40730 2431859.25
40731 2476630.75
40732 2522177.08
40733 2568257.42
40734 2614614.92
40735 2661596.92
40736 2709062.92
40737 2756572.92
40738 2804126.92
40739 2851724.92
40740 6057274.90
40741 4177313.23
40742 4163033.40
40743 4150606.23
40744 4139409.40
40745 4129806.90
40746 4121907.90
40747 4115716.07
40748 4110902.07
40749 4106967.57
40750 4103932.07
40751 4101945.90
40752 4101308.73
40753 4101815.40
40754 4103396.07
40755 4106884.07
40756 4112986.40
40757 4121015.57
40758 4130646.73
40759 4142054.73
40760 4155411.48
40761 4170523.73
40762 4186662.40
40763 5402220.40
40764 2117887.08
40765 2076922.08
40766 2037113.08
40767 1997958.08
40768 1959022.08
40769 1920499.58
40770 1882823.58
40771 1846859.42
40772 1812975.42
40773 1780751.58
40774 1751289.42
40775 1724258.42
40776 1698051.92
40777 1672788.83
40778 1648608.75
40779 1625540.58
40780 1603864.75
40781 1583968.08
40782 1566805.08
40783 1552671.42
40784 1540611.75
40785 1530028.92
40786 1520895.58
40787 1513151.42
40788 1506938.92
40789 1502484.08
40790 1499718.75
40791 1499531.08
40792 1502065.92
40793 1506504.92
40794 1512576.58
40795 1520293.58
40796 1530157.92
40797 1541738.25
40798 1554664.25
40799 1569759.58
40800 1586761.58
40801 1605350.75
40802 1626337.92
40803 1649477.67
40804 1673926.42
40805 1699553.25
40806 1726114.75
40807 1753513.75
40808 1782775.75
40809 1815046.42
40810 1849388.92
40811 1884695.58
40812 1920827.75
40813 1957762.58
40814 1995590.25
40815 2034669.08
40816 4999429.98
40817 3296853.73
40818 3271913.90
40819 3249697.73
40820 3229667.90
40821 3210506.57
40822 3192460.73
40823 3175960.07
40824 3160931.90
40825 3147536.40
40826 3136057.73
40827 3126135.90
40828 3117399.40
40829 3109870.90
40830 3103796.73
40831 3098993.23
40832 3095422.57
40833 3093825.07
40834 3094262.40
40835 3097096.40
40836 3103289.57
40837 3111890.15
40838 3122217.73
40839 3134570.40
40840 3148324.23
40841 3163030.90
40842 3178875.40
40843 3195901.73
40844 3214516.65
40845 3235213.07
40846 3257592.23
40847 3281140.48
40848 3305585.57
40849 3331132.40
40850 3358266.15
40851 3387568.98
40852 3418979.73
40853 3451460.57
40854 3484438.40
40855 3517891.73
40856 3551810.57
40857 3586256.40
40858 3621425.23
40859 3657245.40
40860 3693777.15
40861 3731218.07
40862 3769421.23
40863 3808127.73
40864 3847190.73
40865 3886841.40
40866 3927131.07
40867 3967754.07
40868 4009179.40
40869 4051573.57
40870 4094382.57
40871 4137575.07
40872 4181111.73
40873 14889027.15
40874 13382546.73
40875 13386838.40
40876 13393633.90
40877 13402805.23
40878 13413605.40
40879 13426085.23
40880 13441814.23
40881 17737907.70
40882 5542443.72
40883 5499348.47
40884 5456664.22
40885 5414489.22
40886 5373052.38
40887 5332610.22
40888 5293261.38
40889 5255255.47
40890 5218493.55
40891 5182847.72
40892 5147995.38
40893 5114001.72
40894 5081049.22
40895 5048712.55
40896 5017249.72
40897 4987097.22
40898 4957947.55
40899 4929483.05
40900 4901765.72
40901 4874693.88
40902 4848260.38
40903 4822682.47
40904 4797980.55
40905 4774107.22
40906 4751143.22
40907 4729312.88
40908 4708650.55
40909 4689085.88
40910 4670985.38
40911 4654250.38
40912 4638282.22
40913 4623015.88
40914 4608525.05
40915 4594841.72
40916 4582149.38
40917 4570647.72
40918 4560264.22
40919 4550979.38
40920 4543260.22
40921 4537725.38
40922 4534388.88
40923 4533090.05
40924 4533439.38
40925 4535307.88
40926 4539710.72
40927 4546570.80
40928 4555295.88
40929 4565895.88
40930 4579087.55
40931 4595039.05
40932 4612682.30
40933 4631620.72
40934 4651898.38
40935 4673648.72
40936 4696792.05
40937 4720878.63
40938 4745836.22
40939 8909498.13
40940 6661148.98
40941 6643735.15
40942 6627356.15
40943 6612056.65
40944 6597932.82
40945 6584775.82
40946 6572678.23
40947 6562048.32
40948 6553026.15
40949 6545312.82
40950 6538471.82
40951 6532545.65
40952 6528591.23
40953 6528287.23
40954 6531650.15
40955 6537536.32
40956 6545290.32
40957 6554729.15
40958 6566041.07
40959 6578977.32
40960 6593056.82
40961 6608388.48
40962 6624956.32
40963 6642550.98
40964 6661335.82
40965 6681670.98
40966 6703315.57
40967 11376983.78
40968 6056122.03
40969 6009983.03
40970 5964144.70
40971 5918610.20
40972 5873203.37
40973 5828011.37
40974 5783004.70
40975 5738911.37
40976 5697085.53
40977 5657689.53
40978 5619439.70
40979 5581482.87
40980 5543840.53
40981 5506770.53
40982 5470366.37
40983 5434570.37
40984 5400339.95
40985 5367977.37
40986 5336458.20
40987 5305394.53
40988 5275165.53
40989 5245895.87
40990 5220098.87
40991 5198970.70
40992 5180218.53
40993 5163978.45
40994 5150438.70
40995 5138242.03
40996 5127031.53
40997 5117268.40
40998 6090543.58
40999 2377540.98
41000 2332374.65
41001 2287621.82
41002 2243783.90
41003 2200843.32
41004 2158528.82
41005 2116621.48
41006 2074954.32
41007 2033634.23
41008 1992914.82
41009 1952834.48
41010 1913346.15
41011 1874401.98
41012 1835808.32
41013 1797523.48
41014 1759620.82
41015 1722274.65
41016 1685974.82
41017 1650562.15
41018 1615610.32
41019 1582460.65
41020 1551329.48
41021 1521785.65
41022 1493832.32
41023 1466677.48
41024 1440165.48
41025 1414206.48
41026 1388910.65
41027 1364754.98
41028 1342113.82
41029 1320842.98
41030 1300797.82
41031 1282137.65
41032 1264669.32
41033 1248420.15
41034 1233408.65
41035 1219269.82
41036 1206065.65
41037 1193934.15
41038 1182781.48
41039 1172725.15
41040 1163757.32
41041 1156005.98
41042 1149820.32
41043 1144959.98
41044 1141333.32
41045 1139118.32
41046 1138188.98
41047 1138557.32
41048 1140091.32
41049 1142889.48
41050 1147442.65
41051 1153514.15
41052 1161538.90
41053 1172301.98
41054 1185377.15
41055 1200299.48
41056 1217588.48
41057 1237615.65
41058 1259509.32
41059 1282845.65
41060 1307906.65
41061 1334674.65
41062 1362956.57
41063 1392325.82
41064 1422761.48
41065 1454865.65
41066 1488932.48
41067 1524582.32
41068 1561352.65
41069 1598986.32
41070 1637361.40
41071 1676472.48
41072 1716125.48
41073 1756913.82
41074 1798756.32
41075 1840776.82
41076 1882950.32
41077 1925366.82
41078 1968073.82
41079 2010972.82
41080 2054003.82
41081 2097254.65
41082 2140840.98
41083 2184652.48
41084 2228875.48
41085 2273547.98
41086 2318578.98
41087 2364134.48
41088 2410016.15
41089 2456029.82
41090 2502130.82
41091 2548275.82
41092 2594464.82
41093 2640697.82
41094 2686974.82
41095 2733295.82
41096 2779660.82
41097 2826200.32
41098 2872933.82
41099 2919730.82
41100 2966571.82
41101 3013579.32
41102 3060751.32
41103 3108210.32
41104 3155983.82
41105 3203820.82
41106 3251689.82
41107 3299590.82
41108 3347549.32
41109 3395563.32
41110 3443605.32
41111 3491675.32
41112 3539794.32
41113 3588070.82
41114 3636479.82
41115 3684908.82
41116 3733357.82
41117 3781826.82
41118 3830371.98
41119 3879047.65
41120 3927795.65
41121 3976559.65
41122 4025339.65
41123 4074135.65
41124 4122947.65
41125 4171797.15
41126 4220746.15
41127 4269771.15
41128 19377186.88
41129 18424220.40
41130 18453681.23
41131 18484670.73
41132 18517453.23
41133 18552129.40
41134 18587820.07
41135 18624104.57
41136 18660984.40
41137 18698436.90
41138 27220265.80
41139 20721854.85
41140 20727124.35
41141 20734303.35
41142 20742779.68
41143 20753119.68
41144 22922063.35
41145 3444964.42
41146 3396593.42
41147 3348250.42
41148 3299935.42
41149 3251648.42
41150 3203389.42
41151 3155162.75
41152 3107013.92
41153 3059636.75
41154 3013017.58
41155 2966505.75
41156 2920124.08
41157 2873944.08
41158 2828072.42
41159 2782659.75
41160 2737797.75
41161 2693360.75
41162 2649189.25
41163 2605228.08
41164 2561477.75
41165 2518025.25
41166 2475026.58
41167 2432544.25
41168 2390623.92
41169 2349254.08
41170 2308303.83
41171 2267686.42
41172 2227464.58
41173 2187792.08
41174 2148616.58
41175 2109982.33
41176 2072120.92
41177 2034873.42
41178 1998213.42
41179 1962891.92
41180 1928724.25
41181 1895014.92
41182 1862061.58
41183 1830125.92
41184 1799342.08
41185 1770568.92
41186 1743807.08
41187 1718306.92
41188 1693844.08
41189 1670373.75
41190 1648156.58
41191 1627652.25
41192 1608776.25
41193 1590966.58
41194 1574392.25
41195 1559067.25
41196 1544823.42
41197 1532072.92
41198 1521499.42
41199 1513048.75
41200 1506023.42
41201 1500068.92
41202 1495312.25
41203 1492020.42
41204 1490236.75
41205 1490003.92
41206 1491264.42
41207 1493952.08
41208 1498392.92
41209 1504809.92
41210 1513322.25
41211 1523892.08
41212 1535778.92
41213 1548452.92
41214 1562037.67
41215 1576779.08
41216 1593358.50
41217 1612214.08
41218 1633076.58
41219 1656007.42
41220 1680438.58
41221 1705926.08
41222 1732842.75
41223 1761054.08
41224 1790345.08
41225 1820654.58
41226 1851760.25
41227 1883646.08
41228 1916279.92
41229 1949430.75
41230 1983077.08
41231 2017164.25
41232 2051883.25
41233 2087491.08
41234 2124847.00
41235 2164757.25
41236 2206092.75
41237 2247792.58
41238 2289838.25
41239 2332197.08
41240 2374814.42
41241 2417922.42
41242 2461807.58
41243 2506334.92
41244 2551495.25
41245 2597183.75
41246 2643067.08
41247 2689068.08
41248 2735243.25
41249 6592906.70
41250 3934012.37
41251 3886517.37
41252 3839178.03
41253 3791922.03
41254 3744751.03
41255 3697852.20
41256 3651224.87
41257 3604682.53
41258 3558196.20
41259 3511765.87
41260 3465406.53
41261 3419181.37
41262 3373256.37
41263 3327675.03
41264 3282316.53
41265 3237414.70
41266 3192949.20
41267 3148709.03
41268 3104790.03
41269 3061145.20
41270 3017728.87
41271 2974517.03
41272 2931447.70
41273 2888616.28
41274 2846219.70
41275 2804229.53
41276 2762888.53
41277 2722537.03
41278 2682757.37
41279 2643171.03
41280 2603943.20
41281 2565488.70
41282 2528002.20
41283 2491130.53
41284 2454579.37
41285 2418372.37
41286 2382624.87
41287 2347351.20
41288 2312526.53
41289 2278182.37
41290 2244467.03
41291 2211831.87
41292 2180375.87
41293 2149942.03
41294 2120803.37
41295 2092874.20
41296 2065744.20
41297 2039438.53
41298 2014412.70
41299 1990439.87
41300 1967278.53
41301 1945140.87
41302 1924259.37
41303 1904963.03
41304 1887027.53
41305 1870194.20
41306 1854228.20
41307 1839142.53
41308 1825100.70
41309 1812089.53
41310 1800209.20
41311 1789372.53
41312 1779341.53
41313 1770847.70
41314 1764269.53
41315 1759102.87
41316 1755261.03
41317 1752478.53
41318 1750938.53
41319 1751764.03
41320 1755167.37
41321 1760665.70
41322 1768092.53
41323 1777677.53
41324 1788981.87
41325 1801340.20
41326 1814948.03
41327 1829638.70
41328 1845239.20
41329 1861981.53
41330 1880012.37
41331 1899646.53
41332 1921034.37
41333 1943949.20
41334 1967965.53
41335 1992895.87
41336 2019097.95
41337 2046710.70
41338 2075371.53
41339 2104667.37
41340 2134799.37
41341 2166004.03
41342 2198153.70
41343 2231647.37
41344 2267044.87
41345 2303663.37
41346 2340756.87
41347 2378333.03
41348 5613963.12
41349 3388723.50
41350 3339964.50
41351 3291225.50
41352 3242506.50
41353 3193807.50
41354 3145128.50
41355 3096469.50
41356 3047830.50
41357 2999211.50
41358 2950612.50
41359 2902033.50
41360 2853480.00
41361 2804977.00
41362 2756539.50
41363 2708306.50
41364 2660266.50
41365 2612264.50
41366 2564361.67
41367 2516745.50
41368 2469539.67
41369 2422714.50
41370 2376148.33
41371 2329836.33
41372 2283887.67
41373 2238245.00
41374 2192760.00
41375 2147505.83
41376 2102629.00
41377 2058059.33
41378 2013660.33
41379 1969424.83
41380 1925354.83
41381 1881832.17
41382 1839589.50
41383 1798340.50
41384 1757414.00
41385 1716966.33
41386 1678056.58
41387 1641467.33
41388 1606288.50
41389 1571630.17
41390 1537547.50
41391 1503999.00
41392 1470805.00
41393 1438033.50
41394 1407549.50
41395 1381381.83
41396 1357951.17
41397 1335344.50
41398 1313435.33
41399 1292038.50
41400 1271932.67
41401 1253542.00
41402 1236434.17
41403 1220567.83
41404 1205761.00
41405 1191890.33
41406 1179067.67
41407 1167504.00
41408 1157304.33
41409 1148083.33
41410 1140105.00
41411 1133942.50
41412 1129757.50
41413 1127831.83
41414 1127944.67
41415 1129702.83
41416 1132937.00
41417 1137609.83
41418 1143860.67
41419 1151437.00
41420 1159933.33
41421 1169478.50
41422 1180341.00
41423 1192821.67
41424 1207079.50
41425 1222903.17
41426 1239978.50
41427 1258089.50
41428 1277284.00
41429 1297574.67
41430 1318642.50
41431 1340455.00
41432 1363252.67
41433 1387525.67
41434 1413361.83
41435 1440226.17
41436 1467776.00
41437 1495957.50
41438 1525057.67
41439 1555000.00
41440 1585700.33
41441 1617354.83
41442 1649746.33
41443 1682659.67
41444 1716263.33
41445 1750884.33
41446 1786547.67
41447 1822939.33
41448 1859984.67
41449 1897657.17
41450 1935868.42
41451 1974856.00
41452 2014415.83
41453 2054776.58
41454 2097301.83
41455 2141342.50
41456 2185605.33
41457 2230271.58
41458 2275296.50
41459 2320475.50
41460 2365760.50
41461 2411192.33
41462 2456749.17
41463 2502396.17
41464 2548129.67
41465 2593938.17
41466 2639922.17
41467 2686117.17
41468 2732408.17
41469 2778786.67
41470 2825250.67
41471 2871766.67
41472 2918334.67
41473 2964954.67
41474 3011650.83
41475 3058531.50
41476 3105604.17
41477 3152792.33
41478 3200094.33
41479 3247549.50
41480 3295206.67
41481 7182020.73
41482 5986965.48
41483 6007197.65
41484 6028851.65
41485 6051797.15
41486 6075414.65
41487 6099714.65
41488 6124748.15
41489 6150566.15
41490 6177139.65
41491 6204564.65
41492 6233179.07
41493 6262770.32
41494 6293984.32
41495 6327406.65
41496 6362129.32
41497 6397408.40
41498 6433148.82
41499 6469361.48
41500 6506290.32
41501 6544277.82
41502 6583352.48
41503 6623260.32
41504 6663793.32
41505 6704840.82
41506 6746404.98
41507 6788575.48
41508 6831166.65
41509 6873971.32
41510 6917036.48
41511 6960612.98
41512 7004827.82
41513 7049797.82
41514 7095289.15
41515 9404500.02
41516 2780120.45
41517 2739108.12
41518 2698775.78
41519 2659083.62
41520 2620038.87
41521 2581879.28
41522 2544552.45
41523 2507778.28
41524 2471389.62
41525 2435368.62
41526 2399828.28
41527 2364863.95
41528 2330837.03
41529 2298170.12
41530 2266682.62
41531 2236367.95
41532 2207762.62
41533 2180467.62
41534 2153913.12
41535 2128295.45
41536 2104021.45
41537 2081964.95
41538 2062999.78
41539 2046239.95
41540 2030477.12
41541 2015816.28
41542 2003528.20
41543 1994253.12
41544 1986856.62
41545 1980693.28
41546 1975782.45
41547 1972311.62
41548 1970508.62
41549 1970356.45
41550 1972039.45
41551 1975401.95
41552 1979841.95
41553 1986118.53
41554 1994515.95
41555 2004895.70
41556 2017638.28
41557 2032489.53
41558 2049120.20
41559 2067040.12
41560 2086386.62
41561 2107053.62
41562 2128538.20
41563 2151189.45
41564 2174845.78
41565 2199048.78
41566 2223877.62
41567 2249581.45
41568 2276425.37
41569 2306564.20
41570 2341937.95
41571 2380328.28
41572 2419439.45
41573 2459474.12
41574 2500432.62
41575 2541762.78
41576 2583374.62
41577 2625418.78
41578 2667878.28
41579 2710622.28
41580 2753708.62
41581 2797579.95
41582 2842063.95
41583 2886790.95
41584 2931843.12
41585 2977106.78
41586 3022526.28
41587 3068282.28
41588 3114580.28
41589 3161364.95
41590 8198042.35
41591 5093191.07
41592 5050806.23
41593 5008678.48
41594 4966873.07
41595 4925338.07
41596 4884001.73
41597 4842808.40
41598 4801796.57
41599 4761349.57
41600 4721629.40
41601 4682430.40
41602 4643806.40
41603 4605831.57
41604 4568361.40
41605 4531559.40
41606 4495807.23
41607 4462263.23
41608 4431021.23
41609 4400616.57
41610 4370838.40
41611 4342630.57
41612 4316801.40
41613 4293274.23
41614 4271647.90
41615 4252166.90
41616 4234506.48
41617 4217911.90
41618 4202205.90
41619 4187442.15
41620 4174812.40
41621 4164345.98
41622 4155215.90
41623 4148012.90
41624 4146103.82
41625 4149072.07
41626 4153566.07
41627 4159381.23
41628 4167130.57
41629 4178331.40
41630 4192373.73
41631 4207628.40
41632 4224108.73
41633 4242013.23
41634 4262591.57
41635 4286102.73
41636 4311113.57
41637 4337825.40
41638 4367110.07
41639 4398554.57
41640 4431041.23
41641 11495484.67
41642 9180627.02
41643 9177398.52
41644 9175792.35
41645 9176240.85
41646 9178337.68
41647 9181898.35
41648 9187183.18
41649 9194484.18
41650 9204114.35
41651 13311849.53
41652 8668760.45
41653 8642149.62
41654 8616943.28
41655 8593525.12
41656 8572177.12
41657 8553235.12
41658 8536557.95
41659 8521960.45
41660 8509207.95
41661 8498645.62
41662 8490757.95
41663 8484535.45
41664 8480415.78
41665 8478954.78
41666 10034650.57
41667 2777128.70
41668 2738318.03
41669 2700394.62
41670 2663437.87
41671 2627552.53
41672 2592539.37
41673 2558304.37
41674 2524789.20
41675 2491916.53
41676 2459963.53
41677 2429556.53
41678 2401004.87
41679 2374073.53
41680 2349134.87
41681 2326996.03
41682 2307118.70
41683 2288551.87
41684 2271722.87
41685 2257080.37
41686 2244416.87
41687 2233681.53
41688 2224859.70
41689 2217471.20
41690 2211280.87
41691 2206653.37
41692 2203708.20
41693 2203033.20
41694 2205351.87
41695 2209860.03
41696 2215521.20
41697 2222507.95
41698 2231594.03
41699 2243514.70
41700 2257996.03
41701 2274451.20
41702 2292659.53
41703 2312329.28
41704 2335118.20
41705 2360801.95
41706 2387523.70
41707 2415370.70
41708 2444159.70
41709 2473654.53
41710 2503714.53
41711 2534314.45
41712 2565602.03
41713 2598082.45
41714 2632073.53
41715 2666981.53
41716 2702358.03
41717 2738215.20
41718 2774598.03
41719 2811426.20
41720 2848579.87
41721 2886241.53
41722 2924742.78
41723 2963899.70
41724 3003427.20
41725 3043351.20
41726 3083537.20
41727 3123928.37
41728 3164659.70
41729 3206026.37
41730 3248150.87
41731 3290708.87
41732 3333444.87
41733 3376409.53
41734 3419658.87
41735 3463240.53
41736 3507147.53
41737 3551249.53
41738 3595469.53
41739 3639837.03
41740 10814988.42
41741 8424098.97
41742 8408711.88
41743 9150629.75
41744 3135487.05
41745 3095918.72
41746 3056898.55
41747 3018463.88
41748 2980620.22
41749 2943315.55
41750 2906483.88
41751 2870269.05
41752 2834677.38
41753 2799771.22
41754 2765667.55
41755 2732312.72
41756 2699608.38
41757 2667672.88
41758 2636571.13
41759 2606235.05
41760 2576729.05
41761 2548071.88
41762 2520616.55
41763 2496170.38
41764 2476377.38
41765 2460170.05
41766 2446921.95
41767 2436961.18
41768 2429228.02
41769 2422987.68
41770 2418678.02
41771 2416660.52
41772 2416337.35
41773 2417095.18
41774 2418823.02
41775 2421629.52
41776 2425396.68
41777 2429887.02
41778 2435252.93
41779 2441607.68
41780 2449146.68
41781 2458507.68
41782 2469987.68
41783 2483041.85
41784 2497390.68
41785 2513173.52
41786 2530818.18
41787 2550652.18
41788 2572195.68
41789 2595375.85
41790 2620153.68
41791 2646268.18
41792 2674362.85
41793 2704718.52
41794 2736746.27
41795 2770004.85
41796 2804476.77
41797 2840551.52
41798 2877870.35
41799 2916380.35
41800 2955993.35
41801 2996375.85
41802 3037875.85
41803 3080082.52
41804 3122773.52
41805 3165934.35
41806 3209310.18
41807 3252852.02
41808 3296549.35
41809 3340464.68
41810 3384690.52
41811 3429493.02
41812 3475048.18
41813 3521121.68
41814 15960076.13
41815 15355479.80
41816 15399881.80
41817 23003986.30
41818 33113083.88
41819 12068912.42
41820 12022261.75
41821 11976820.25
41822 11931726.42
41823 11886748.42
41824 11841962.75
41825 11797552.08
41826 11753524.25
41827 11709962.92
41828 11666781.92
41829 11624194.92
41830 11582419.92
41831 11541028.92
41832 11499813.92
41833 11458799.75
41834 11418207.58
41835 11378499.42
41836 11339533.58
41837 11300825.92
41838 11262371.42
41839 11224751.58
41840 11188082.25
41841 11151834.08
41842 11115924.75
41843 11080559.58
41844 11420303.83
41845 1757836.25
41846 1707963.25
41847 1658090.25
41848 1608217.25
41849 1558344.25
41850 1508471.25
41851 1458598.25
41852 1408725.25
41853 1358852.25
41854 1308979.25
41855 1259106.25
41856 1209233.25
41857 1159360.25
41858 1109487.25
41859 1059614.25
41860 1009741.25
41861 959868.25
41862 909995.25
41863 860122.25
41864 810249.25
41865 760376.25
41866 710503.25
41867 660630.25
41868 610757.25
41869 560884.25
41870 511011.25
41871 461138.25
41872 411265.25
41873 361392.25
41874 311519.25
41875 261646.25
41876 211773.25
41877 161900.25
41878 125922.08
41879 129143.92
41880 158045.92
41881 187942.58
41882 221361.25
41883 257792.25
41884 294965.42
41885 333113.75
41886 371740.58
41887 410691.75
41888 450156.08
41889 490347.17
41890 531191.42
41891 572364.42
41892 613750.58
41893 655483.25
41894 697768.75
41895 740690.75
41896 784115.25
41897 827959.75
41898 872182.75
41899 916833.25
41900 961791.25
41901 1006841.25
41902 1052137.42
41903 1098419.75
41904 1145757.08
41905 1193432.25
41906 1241277.75
41907 1289255.25
41908 1338195.75
41909 1388068.75
41910 1437941.75
41911 1487814.75
41912 1537687.75
41913 1587560.75
41914 1637433.75
41915 1687306.75
41916 1737179.75
41917 1787052.75
41918 1836925.75
41919 1886798.75
41920 1936671.75
41921 1986544.75
41922 2036417.75
41923 2086290.75
41924 2136163.75
41925 2186036.75
41926 2235909.75
41927 2285782.75
41928 2335655.75
41929 2385528.75
41930 2435401.75
41931 2485274.75
41932 2535147.75
41933 2585020.75
41934 2634893.75
41935 2684766.75
41936 2734639.75
41937 2784512.75
41938 2834385.75
41939 2884258.75
41940 2934131.75
41941 25664892.63
41942 23641842.72
41943 23625529.38
41944 23610219.55
41945 23596268.55
41946 23583995.05
41947 23573217.05
41948 23563951.55
41949 23556148.05
41950 23549956.72
41951 23545817.55
41952 23543424.72
41953 23542664.38
41954 23543593.47
41955 23545896.38
41956 23549505.72
41957 23554632.55
41958 23561048.05
41959 23568322.55
41960 23576375.55
41961 23585341.72
41962 23595455.22
41963 23606812.22
41964 23619139.55
41965 23632562.30
41966 23647224.38
41967 23662833.38
41968 33215936.15
41969 21010457.00
41970 20995311.50
41971 20983872.83
41972 20974559.33
41973 20966259.67
41974 20958743.67
41975 20951979.00
41976 22801636.62
41977 4035924.78
41978 3989927.12
41979 3944199.78
41980 3898717.62
41981 3853401.12
41982 3808479.62
41983 3763976.45
41984 3719759.28
41985 3676056.62
41986 3632911.45
41987 3590091.45
41988 3547438.45
41989 3504960.45
41990 3462787.12
41991 3421027.28
41992 3379741.28
41993 3338967.62
41994 3298833.87
41995 3259423.12
41996 3220587.28
41997 3182208.45
41998 3144619.28
41999 3107836.62
42000 3071517.12
42001 3036583.95
42002 3003205.12
42003 2970714.95
42004 2938999.95
42005 2907947.45
42006 2877831.95
42007 2849074.12
42008 2821640.95
42009 2795188.95
42010 2769522.45
42011 2744625.62
42012 2721003.12
42013 2698963.28
42014 2678011.20
42015 2658124.45
42016 2639852.28
42017 2623458.62
42018 2608891.78
42019 2596302.12
42020 2586147.45
42021 2579910.78
42022 2579041.62
42023 2581803.78
42024 2586452.95
42025 2592496.12
42026 2599440.45
42027 2607492.12
42028 2616843.12
42029 2627359.78
42030 2638688.95
42031 2651022.70
42032 2664960.53
42033 2680729.78
42034 2698305.78
42035 2717691.12
42036 2738723.12
42037 2761108.53
42038 2784635.12
42039 2809485.78
42040 2835550.28
42041 5588242.18
42042 3423119.02
42043 3378442.02
42044 3333857.02
42045 3289364.02
42046 3244963.02
42047 3200735.02
42048 3156851.35
42049 3113355.68
42050 3070214.68
42051 3027416.02
42052 2984954.18
42053 2942757.02
42054 2900730.85
42055 2858928.68
42056 2817977.02
42057 2778379.18
42058 2739639.02
42059 2701562.02
42060 2664311.52
42061 2627851.35
42062 2592745.02
42063 2559153.85
42064 2526317.68
42065 2493963.02
42066 2462682.35
42067 2432866.68
42068 2404260.68
42069 2376552.18
42070 2349633.18
42071 2323481.18
42072 2298376.18
42073 2275035.52
42074 2254509.18
42075 2236716.85
42076 2220477.02
42077 2205444.18
42078 2191538.52
42079 2178606.85
42080 2166988.18
42081 2156599.85
42082 2147053.85
42083 2138613.85
42084 2131408.52
42085 2125397.02
42086 2120483.18
42087 2116803.35
42088 2114769.02
42089 2114196.18
42090 2114788.85
42091 2116516.18
42092 2120048.68
42093 2126186.18
42094 2134385.18
42095 2143831.52
42096 2154526.02
42097 2166328.02
42098 2178830.68
42099 2193040.68
42100 2209059.35
42101 2225921.85
42102 2243689.52
42103 2262297.68
42104 2281815.85
42105 2302196.85
42106 2323522.18
42107 2345991.18
42108 2369549.52
42109 2394467.27
42110 2420865.35
42111 2448534.85
42112 2478126.43
42113 2509630.02
42114 2542166.52
42115 2575500.35
42116 2609411.52
42117 6316003.42
42118 5661964.48
42119 5698289.82
42120 5735204.32
42121 5772605.32
42122 5810725.65
42123 5849838.98
42124 5889966.82
42125 5930915.15
42126 5972434.82
42127 7175175.02
42128 1168136.12
42129 1118188.12
42130 1068240.12
42131 1018292.12
42132 968344.12
42133 918396.12
42134 868448.12
42135 818500.12
42136 768552.12
42137 718604.12
42138 668656.12
42139 618708.12
42140 568760.12
42141 518812.12
42142 468944.62
42143 421039.37
42144 377156.95
42145 335639.28
42146 294692.95
42147 254567.12
42148 215455.78
42149 177337.45
42150 139938.45
42151 103025.95
42152 66702.62
42153 52470.58
42154 81188.88
42155 131136.88
42156 181084.88
42157 231032.88
42158 280980.88
42159 330928.88
42160 380876.88
42161 430824.88
42162 480772.88
42163 530720.88
42164 580668.88
42165 630616.88
42166 680564.88
42167 730512.88
42168 4316060.83
42169 3490270.45
42170 3440615.45
42171 3390960.45
42172 3341305.45
42173 3291650.45
42174 3241995.45
42175 3192340.45
42176 3142685.45
42177 3093030.45
42178 3043375.45
42179 2993720.45
42180 2944065.45
42181 2894410.45
42182 2844755.45
42183 2795100.45
42184 2745445.45
42185 2695790.45
42186 2646135.45
42187 2596480.45
42188 2546825.45
42189 2497170.45
42190 2447515.45
42191 2397860.45
42192 2348406.78
42193 2300527.12
42194 2254559.62
42195 2209165.62
42196 2163906.12
42197 2118800.12
42198 2073913.12
42199 2029249.62
42200 1984729.95
42201 1940564.78
42202 1896711.78
42203 1852946.78
42204 1809269.78
42205 1765728.28
42206 1722456.12
42207 1679524.95
42208 1636932.62
42209 1594631.78
42210 1552528.12
42211 1510879.95
42212 1469942.45
42213 1429633.95
42214 1389775.95
42215 1350587.62
42216 1312700.78
42217 1275850.78
42218 1239415.28
42219 1204712.78
42220 1172937.28
42221 1143218.62
42222 1114634.87
42223 1087517.70
42224 1062479.45
42225 1038975.95
42226 1016853.28
42227 996457.12
42228 978790.12
42229 964402.28
42230 952052.95
42231 941212.28
42232 931948.62
42233 924282.12
42234 917948.95
42235 912547.95
42236 908271.12
42237 905576.45
42238 904378.12
42239 904667.28
42240 907254.62
42241 912447.28
42242 919929.95
42243 928948.12
42244 938970.78
42245 950232.95
42246 963027.78
42247 977345.45
42248 993085.78
42249 1010101.78
42250 1028182.95
42251 1047222.78
42252 1067050.45
42253 1087700.45
42254 1109387.45
42255 1132660.78
42256 1158754.45
42257 1187105.45
42258 1216276.12
42259 1246413.28
42260 1277478.78
42261 1309262.78
42262 1341768.28
42263 1375222.95
42264 1409884.12
42265 1445485.62
42266 1482058.95
42267 1519656.45
42268 1557937.62
42269 1596728.62
42270 1635938.78
42271 1675487.45
42272 1715578.95
42273 1756238.45
42274 1797415.12
42275 1839241.78
42276 1881815.78
42277 1925473.95
42278 1970229.62
42279 2015471.62
42280 2060797.62
42281 2106207.28
42282 2151774.17
42283 2197610.38
42284 2243686.55
42285 2289942.22
42286 2336370.72
42287 2382916.22
42288 2429638.05
42289 2476641.88
42290 2523883.38
42291 2571311.88
42292 2618866.88
42293 2666480.38
42294 2714217.88
42295 2762068.88
42296 2809947.88
42297 2857854.88
42298 2905798.38
42299 2953974.22
42300 3002556.55
42301 3051549.55
42302 3100839.55
42303 3150214.55
42304 3199593.55
42305 3248976.55
42306 3298363.55
42307 3347754.55
42308 3397149.55
42309 3446548.55
42310 3495951.55
42311 3545358.55
42312 3594769.55
42313 3644184.55
42314 3693603.55
42315 3743026.55
42316 3792453.55
42317 3841884.55
42318 3891319.55
42319 3940758.55
42320 3990201.55
42321 4039648.55
42322 4089099.55
42323 4138554.55
42324 4188013.55
42325 4237476.55
42326 4286943.55
42327 4336414.55
42328 4385889.55
42329 4435381.05
42330 4484903.05
42331 4534443.05
42332 4583987.05
42333 4633535.05
42334 4683087.05
42335 4732643.05
42336 4782203.05
42337 4831767.05
42338 4881335.05
42339 4930907.05
42340 4980506.55
42341 5030146.55
42342 5079801.55
42343 5129456.55
42344 5179111.55
42345 5228766.55
42346 5278421.55
42347 5328076.55
42348 5377731.55
42349 5427386.55
42350 5477041.55
42351 5526696.55
42352 5576351.55
42353 5626006.55
42354 5675661.55
42355 5725316.55
42356 5774971.55
42357 5824626.55
42358 5874281.55
42359 5923936.55
42360 5973591.55
42361 6023246.55
42362 6072901.55
42363 6122556.55
42364 40601536.60
42365 36443927.38
42366 36428570.88
42367 36415238.72
42368 36404048.55
42369 36394582.55
42370 36386684.05
42371 36380679.97
42372 36376669.05
42373 36374762.05
42374 36374581.05
42375 36375846.38
42376 36378338.38
42377 45492589.48
42378 26212635.72
42379 26196078.22
42380 26180993.72
42381 26166998.72
42382 26154775.88
42383 26144377.88
42384 26135171.05
42385 26127400.05
42386 26121176.38
42387 26116071.72
42388 26111819.88
42389 26108551.72
42390 26107047.72
42391 26107441.55
42392 32417192.92
42393 14129387.55
42394 14093317.88
42395 14058429.63
42396 14024412.30
42397 13991022.63
42398 13958507.13
42399 13926836.47
42400 13895955.30
42401 13865978.63
42402 13836765.47
42403 13808146.22
42404 13780149.47
42405 13752715.63
42406 13726094.47
42407 13700418.47
42408 13675623.30
42409 13651840.80
42410 13629247.63
42411 13607971.30
42412 13587902.63
42413 13568721.13
42414 13550325.13
42415 13532795.47
42416 13516189.63
42417 13500572.63
42418 13485854.80
42419 13471938.97
42420 13459228.30
42421 13448199.47
42422 13438822.63
42423 13430816.97
42424 13424126.80
42425 13418943.80
42426 13415091.97
42427 13412546.30
42428 13411528.47
42429 13411742.63
42430 13413247.30
42431 13416535.97
42432 13421354.13
42433 13427217.30
42434 13434623.97
42435 13444272.63
42436 16677149.55
42437 5029961.92
42438 4980417.92
42439 4930877.92
42440 4881341.92
42441 4831809.92
42442 4782281.92
42443 4732757.92
42444 4683237.92
42445 4633721.92
42446 4584209.92
42447 4534701.92
42448 4485197.92
42449 4435697.92
42450 4386205.92
42451 4336733.92
42452 4287279.92
42453 4237833.92
42454 4188395.92
42455 4138965.92
42456 4089543.92
42457 4040129.92
42458 3990723.92
42459 3941325.92
42460 3891935.92
42461 3842553.92
42462 3793179.92
42463 3743813.92
42464 3694455.92
42465 3645126.92
42466 3595940.92
42467 3547010.92
42468 3498232.92
42469 3449482.92
42470 3400760.92
42471 3352066.92
42472 3303400.92
42473 3254762.92
42474 3206152.92
42475 3157570.92
42476 3109016.92
42477 3060490.92
42478 3011992.92
42479 2963522.92
42480 2915080.92
42481 2866724.92
42482 2818456.92
42483 2770220.92
42484 2722016.92
42485 2673846.42
42486 2625733.42
42487 2577931.92
42488 2530513.42
42489 2483258.92
42490 2436091.42
42491 2389060.75
42492 2342219.75
42493 2295562.75
42494 2249074.58
42495 2202714.58
42496 2156563.58
42497 2110646.42
42498 2065062.25
42499 2020249.75
42500 1976039.25
42501 1932110.08
42502 1888684.75
42503 1845791.42
42504 1803222.58
42505 1760999.75
42506 1719252.25
42507 1678567.58
42508 1640200.17
42509 1603598.92
42510 1567421.58
42511 1531530.75
42512 1496174.42
42513 1461571.25
42514 1427567.25
42515 1394034.75
42516 1360960.92
42517 1328363.58
42518 1296364.42
42519 1265223.08
42520 1235067.08
42521 1205913.75
42522 1177850.75
42523 1150653.25
42524 1124719.08
42525 1100594.08
42526 1077861.92
42527 1056117.75
42528 1035319.25
42529 1016013.08
42530 999654.08
42531 985895.75
42532 973966.58
42533 964452.58
42534 956723.92
42535 950450.25
42536 946202.58
42537 943976.25
42538 943746.08
42539 946266.92
42540 951279.58
42541 958287.17
42542 966973.25
42543 976825.08
42544 988616.08
42545 1002412.08
42546 1017340.42
42547 1032972.58
42548 1049305.08
42549 1066490.25
42550 1084739.58
42551 1103866.25
42552 1123575.92
42553 1144503.08
42554 1166810.25
42555 1190017.42
42556 1213972.58
42557 1238513.25
42558 1263818.75
42559 1290128.75
42560 1317303.25
42561 1345584.08
42562 1375319.92
42563 1406586.42
42564 1440064.42
42565 1476353.58
42566 1514295.42
42567 1552897.42
42568 1592201.08
42569 1632012.75
42570 1672159.75
42571 1712608.58
42572 1753521.58
42573 1794934.92
42574 1836675.42
42575 1878626.92
42576 1920853.75
42577 1963588.75
42578 2007794.75
42579 2053291.58
42580 2099112.42
42581 2145211.25
42582 2191446.58
42583 2237889.92
42584 2284566.92
42585 2331353.42
42586 2378239.75
42587 2425273.08
42588 2472553.92
42589 2520005.25
42590 2567500.58
42591 2615046.92
42592 2662643.75
42593 2710282.08
42594 2757960.42
42595 2805678.75
42596 2853486.33
42597 2901428.75
42598 2949518.42
42599 2998012.58
42600 3046905.08
42601 3095881.08
42602 3144873.08
42603 3193881.08
42604 3243164.58
42605 3292717.58
42606 3342274.58
42607 3391835.58
42608 3441400.58
42609 3490969.58
42610 3540542.58
42611 3590119.58
42612 3639700.58
42613 3689285.58
42614 3738874.58
42615 3788467.58
42616 3838065.58
42617 6589387.33
42618 4490326.83
42619 4491122.67
42620 4493906.83
42621 4498209.67
42622 4504232.67
42623 4512843.17
42624 4524162.50
42625 4537585.50
42626 4552779.00
42627 4569240.00
42628 4587208.17
42629 4606876.33
42630 4629404.00
42631 4654749.83
42632 4681533.00
42633 4709622.67
42634 4738768.17
42635 4768942.50
42636 4800092.83
42637 4831936.00
42638 4864414.67
42639 4897713.67
42640 4932029.50
42641 4967513.83
42642 5003820.33
42643 5040683.25
42644 5078367.83
42645 5117316.50
42646 5157704.67
42647 10729435.42
42648 10049320.58
42649 10087185.25
42650 10125915.25
42651 10165296.58
42652 10205158.58
42653 10245465.58
42654 10286119.25
42655 10327128.58
42656 10368659.75
42657 10410667.42
42658 10452956.58
42659 10495608.25
42660 10538860.25
42661 20556099.50
42662 13118076.33
42663 13094744.17
42664 13073914.25
42665 13057053.33
42666 13042655.33
42667 13030583.42
42668 13022149.50
42669 13018035.50
42670 13016959.33
42671 13017838.33
42672 13020484.67
42673 13025782.50
42674 13034848.50
42675 13046230.50
42676 13059178.33
42677 13073852.50
42678 13090123.67
42679 13107691.25
42680 13126554.50
42681 13146865.17
42682 13168327.33
42683 13190942.50
42684 13214970.17
42685 13239952.33
42686 18528622.42
42687 5795680.33
42688 5760111.58
42689 5725554.42
42690 5692569.00
42691 5662271.42
42692 5634701.92
42693 5608720.08
42694 5583252.75
42695 5558864.92
42696 5536601.42
42697 5517848.58
42698 5504154.92
42699 5494148.25
42700 5485334.75
42701 5477493.42
42702 5470612.75
42703 5464641.92
42704 5459780.75
42705 5456083.42
42706 5453902.42
42707 5453277.92
42708 5453929.08
42709 5455809.92
42710 5458814.25
42711 5463068.75
42712 5468802.75
42713 5475755.08
42714 5484362.08
42715 5494843.42
42716 5506531.42
42717 5519445.83
42718 5534008.92
42719 5549999.92
42720 5566964.25
42721 5584978.25
42722 5604401.58
42723 5625541.92
42724 5648926.25
42725 5675673.17
42726 5705440.25
42727 5736841.08
42728 5769265.75
42729 5802719.92
42730 5837659.42
42731 8784793.28
42732 3710626.07
42733 3664628.07
42734 3618776.40
42735 3573593.07
42736 3530727.90
42737 3489855.90
42738 3449628.07
42739 3410217.57
42740 3371719.57
42741 3334335.40
42742 3297974.73
42743 3262255.73
42744 3227157.57
42745 3192763.90
42746 3158882.07
42747 3125394.40
42748 3093226.82
42749 3063366.57
42750 3035212.57
42751 3007870.15
42752 2981214.57
42753 2955426.82
42754 2930615.57
42755 2906661.73
42756 2883423.73
42757 2860836.73
42758 2839029.23
42759 2819267.32
42760 2802048.23
42761 2786484.73
42762 2772276.57
42763 2759840.73
42764 2750178.32
42765 2744355.57
42766 2742116.73
42767 2742054.07
42768 2743692.90
42769 2746967.73
42770 2751518.07
42771 2758281.32
42772 2768423.40
42773 2781231.90
42774 2796048.23
42775 2812572.07
42776 2830507.57
42777 2849627.90
42778 2869547.57
42779 2890550.07
42780 2912980.07
42781 2936854.07
42782 2962268.23
42783 2989077.57
42784 3017390.73
42785 3047095.40
42786 3078053.40
42787 3110264.48
42788 3143533.73
42789 3177717.40
42790 3212556.73
42791 3248078.40
42792 3284099.40
42793 3320567.23
42794 3357556.73
42795 3395078.23
42796 6580766.07
42797 3393382.17
42798 3348219.00
42799 3303658.33
42800 3259432.33
42801 3216045.50
42802 3173535.33
42803 3131421.50
42804 3089731.83
42805 3049014.83
42806 3009302.00
42807 2970041.00
42808 2931019.00
42809 2892243.50
42810 2853901.00
42811 2816148.67
42812 2779306.83
42813 2743389.00
42814 2708393.92
42815 2674271.33
42816 2640783.33
42817 2608108.17
42818 2576273.33
42819 2545125.00
42820 2514547.50
42821 2484772.17
42822 2456310.50
42823 2429223.67
42824 2403565.17
42825 2379550.33
42826 2357048.50
42827 2335682.83
42828 2315139.00
42829 2295493.75
42830 2277381.00
42831 2260626.50
42832 2244545.83
42833 2229256.83
42834 2214924.33
42835 2201668.67
42836 2189488.67
42837 2178998.83
42838 2170691.83
42839 2164220.83
42840 2159193.50
42841 2155267.17
42842 2152794.33
42843 2152384.50
42844 2153679.83
42845 2155988.83
42846 2159265.00
42847 2163599.50
42848 2169019.67
42849 2175781.75
42850 2184048.25
42851 2193728.50
42852 2204637.00
42853 2216479.33
42854 2229142.00
42855 2243122.67
42856 2259589.67
42857 2278442.17
42858 2299165.42
42859 2321957.17
42860 2346296.67
42861 2371624.00
42862 2398278.50
42863 2426523.67
42864 2456074.00
42865 2487172.67
42866 2519896.00
42867 2553779.67
42868 2588852.17
42869 2625341.17
42870 2662843.17
42871 2701009.00
42872 2739881.50
42873 2780335.83
42874 2822218.00
42875 7114393.92
42876 6731016.75
42877 6760982.17
42878 6791853.67
42879 6823698.00
42880 6856307.00
42881 6889538.83
42882 6923611.17
42883 6958576.67
42884 6994452.50
42885 7031417.17
42886 7069529.17
42887 7108749.83
42888 7148652.83
42889 7188791.83
42890 7229186.33
42891 7270102.00
42892 7311455.33
42893 7353036.50
42894 7395339.42
42895 7438868.92
42896 7483277.00
42897 25108870.72
42898 20202082.97
42899 20196773.30
42900 20192139.97
42901 20188434.47
42902 20186015.97
42903 20184754.88
42904 20184706.05
42905 20185982.13
42906 20188564.97
42907 20192930.47
42908 20198930.63
42909 20206703.80
42910 20216717.80
42911 20228131.13
42912 20240349.30
42913 20258995.30
42914 20284258.30
42915 20310677.13
42916 20337944.30
42917 20365863.13
42918 20394393.63
42919 20423463.13
42920 20453041.13
42921 20483078.80
42922 20513769.63
42923 20545376.13
42924 20577691.30
42925 20610541.13
42926 20644081.97
42927 20678603.63
42928 20714237.80
42929 20750780.47
42930 20788033.63
42931 20825862.13
42932 20864027.47
42933 20902494.47
42934 20941856.47
42935 20982160.80
42936 51121373.18
42937 32314033.13
42938 32294515.13
42939 32275798.47
42940 32257920.30
42941 32240901.80
42942 32224959.97
42943 32210130.30
42944 32196279.80
42945 32183138.30
42946 32170744.30
42947 32159439.30
42948 32149704.80
42949 32143093.80
42950 32139713.47
42951 32137963.97
42952 32137471.13
42953 40949038.53
42954 32761669.52
42955 43553059.87
42956 33324959.80
42957 33315264.30
42958 33306644.80
42959 33299196.63
42960 33293031.80
42961 33288120.47
42962 33285482.30
42963 33285988.97
42964 33288687.30
42965 33292820.80
42966 33298354.30
42967 33304979.80
42968 33313111.30
42969 33323307.47
42970 33335356.97
42971 33350131.47
42972 33367864.97
42973 33386988.63
42974 33406877.30
42975 33427773.30
42976 33449864.13
42977 33473160.13
42978 33497627.97
42979 33523050.97
42980 53634294.53
42981 26571455.43
42982 26530243.27
42983 26489360.10
42984 26448892.10
42985 26408732.10
42986 26368977.60
42987 26330802.60
42988 26294454.43
42989 26258960.10
42990 27522288.00
42991 8209511.20
42992 8167402.03
42993 8125675.70
42994 8084196.53
42995 8043014.03
42996 8002105.03
42997 7961352.03
42998 7921023.53
42999 7881228.53
43000 7841796.53
43001 7802850.53
43002 7764331.37
43003 7726460.28
43004 7689979.45
43005 7654873.20
43006 7620562.87
43007 7587002.37
43008 7555982.62
43009 7528429.37
43010 7503003.53
43011 7478916.87
43012 7455922.20
43013 7433871.70
43014 7413822.70
43015 7396456.20
43016 7381351.70
43017 7367796.20
43018 7355261.87
43019 7344268.87
43020 7334987.03
43021 9073147.55
43022 4199980.85
43023 4151621.85
43024 4103290.85
43025 4054987.85
43026 4006772.35
43027 3958665.35
43028 3910752.85
43029 3863078.85
43030 3815534.35
43031 3768094.85
43032 3720871.85
43033 3673974.52
43034 3627522.35
43035 3581605.85
43036 3536141.18
43037 3491012.52
43038 3446081.85
43039 3401286.05
43040 3356663.50
43041 3312250.83
43042 3268026.17
43043 3224177.33
43044 3181006.50
43045 3138328.00
43046 3095847.67
43047 3053565.83
43048 3011612.50
43049 2970032.17
43050 2928683.67
43051 2887525.50
43052 2846971.83
43053 2807128.17
43054 2767898.00
43055 2729574.07
43056 2692137.88
43057 2655333.88
43058 2619279.22
43059 2584322.22
43060 2550413.05
43061 2517273.22
43062 2484898.38
43063 2453574.72
43064 2423154.88
43065 2393715.72
43066 2365525.22
43067 2338365.38
43068 2312301.55
43069 2287893.55
43070 2265416.88
43071 2244213.38
43072 2223955.55
43073 2204939.22
43074 2186932.88
43075 2169752.55
43076 2153590.55
43077 2139226.05
43078 2128344.55
43079 2120974.22
43080 2115461.88
43081 2111687.38
43082 2109978.72
43083 2109801.55
43084 2110604.55
43085 2112398.72
43086 2115753.05
43087 2120811.88
43088 2127398.55
43089 2135605.38
43090 2145133.55
43091 2156759.55
43092 2862615.87
43093 1369547.68
43094 1334078.35
43095 1300023.43
43096 1269497.52
43097 1242404.68
43098 1216740.43
43099 1192635.02
43100 1169922.52
43101 1149636.85
43102 1135125.52
43103 1125186.18
43104 1116797.35
43105 1110448.10
43106 1106231.85
43107 1103462.02
43108 1102042.58
43109 1103460.65
43110 1107423.98
43111 1112458.98
43112 1118497.32
43113 1126496.65
43114 1136759.15
43115 1148842.15
43116 1162523.98
43117 1178005.15
43118 1195428.48
43119 1214052.98
43120 1233568.82
43121 1254145.15
43122 1275873.32
43123 1298969.32
43124 1323262.48
43125 1349448.98
43126 1377534.32
43127 1407541.82
43128 1440508.15
43129 1475695.65
43130 1512111.48
43131 1549498.82
43132 1587481.82
43133 1626066.48
43134 1665392.98
43135 1705827.82
43136 1747846.82
43137 1790678.32
43138 1833678.15
43139 1876940.65
43140 6471580.17
43141 5997875.00
43142 6020893.50
43143 6045153.50
43144 6070500.33
43145 6096866.33
43146 6124272.83
43147 6152804.00
43148 6182433.67
43149 6213211.33
43150 6244951.00
43151 6277280.50
43152 6310165.50
43153 6343528.50
43154 6377395.50
43155 6411851.00
43156 6447617.50
43157 6485111.67
43158 6524151.00
43159 6564764.83
43160 6606298.00
43161 6648374.00
43162 6691366.50
43163 6735037.50
43164 6778876.17
43165 6822907.50
43166 6867217.17
43167 6911791.17
43168 6956770.67
43169 7002349.17
43170 7048330.83
43171 7094564.50
43172 7140956.50
43173 7187414.50
43174 7233968.50
43175 7280804.50
43176 7327877.50
43177 7374990.50
43178 7422143.50
43179 7469336.50
43180 7516569.50
43181 7563842.50
43182 7611179.67
43183 7658615.83
43184 7706136.33
43185 7753702.33
43186 13061196.37
43187 12030015.17
43188 12063457.00
43189 12097837.67
43190 12133169.17
43191 14728321.28
43192 3016759.70
43193 2969629.03
43194 2922741.87
43195 2876157.20
43196 2829792.87
43197 2783668.20
43198 2737955.03
43199 2692679.37
43200 2647728.20
43201 2603117.37
43202 2558918.20
43203 2515358.70
43204 2472343.70
43205 2429545.70
43206 2386979.70
43207 2344772.03
43208 2302947.37
43209 2261609.37
43210 2220885.87
43211 2180562.87
43212 2140574.70
43213 2101259.37
43214 2063026.03
43215 2025646.37
43216 1988598.37
43217 1952100.53
43218 1916200.53
43219 1880737.20
43220 1845807.53
43221 1811488.03
43222 1777942.87
43223 1745271.53
43224 1713376.87
43225 1682473.53
43226 1653079.70
43227 1625338.70
43228 1598692.20
43229 1572633.03
43230 1548073.87
43231 1525727.20
43232 1504912.37
43233 1485979.70
43234 1469482.37
43235 1454556.87
43236 1440675.53
43237 1428515.70
43238 1418152.53
43239 1409201.70
43240 1401961.03
43241 1396195.20
43242 1391592.70
43243 1388138.87
43244 1386017.70
43245 1386131.12
43246 1388633.70
43247 1393092.87
43248 1399412.70
43249 1407156.87
43250 1416222.20
43251 1426752.70
43252 1438592.87
43253 1452081.03
43254 1467184.87
43255 1483484.03
43256 1501129.87
43257 1520465.37
43258 1541235.87
43259 1562904.37
43260 1585917.20
43261 1610427.20
43262 1636423.87
43263 1663739.87
43264 1692110.37
43265 1721661.03
43266 1752644.37
43267 1784949.37
43268 1818099.87
43269 1851918.03
43270 1886524.20
43271 1922481.20
43272 1959783.37
43273 1997864.20
43274 2036571.53
43275 2076423.20
43276 2117738.53
43277 2159992.03
43278 2202727.70
43279 2245929.53
43280 2289527.20
43281 2333450.53
43282 2377787.70
43283 2422604.20
43284 2467774.37
43285 2513527.03
43286 4569023.48
43287 2140655.62
43288 2098714.95
43289 2057240.62
43290 2016522.95
43291 1976855.95
43292 1938322.95
43293 1900661.45
43294 1863583.78
43295 1827244.62
43296 1791892.37
43297 1757814.45
43298 1724961.95
43299 1693211.78
43300 1662661.62
43301 1633322.62
43302 1605997.45
43303 1581611.12
43304 1559537.28
43305 1539017.95
43306 1520257.62
43307 1504177.12
43308 1490505.45
43309 1478556.45
43310 1468417.28
43311 1460498.28
43312 1455983.78
43313 1454874.28
43314 1456169.95
43315 1458987.28
43316 1463172.28
43317 1468870.78
43318 1475865.12
43319 1483915.95
43320 1492843.95
43321 1503784.28
43322 1516973.95
43323 1531068.78
43324 1546087.45
43325 1562076.12
43326 1578960.95
43327 1598174.62
43328 1621375.62
43329 1647205.12
43330 1673815.45
43331 1701672.78
43332 1731533.28
43333 1763347.62
43334 1796675.12
43335 1831430.28
43336 1867259.78
43337 1903650.62
43338 1940444.95
43339 1977530.45
43340 2014921.12
43341 2052749.62
43342 2091164.45
43343 2130211.78
43344 2170146.62
43345 2210833.12
43346 2251951.95
43347 2293489.62
43348 2335607.70
43349 2378293.28
43350 2421416.95
43351 2464897.95
43352 2508506.95
43353 2552243.95
43354 10587238.90
43355 9619594.78
43356 9635697.62
43357 9653273.62
43358 9672450.45
43359 12369246.77
43360 5104844.32
43361 5075325.48
43362 5047170.15
43363 5019949.15
43364 4993694.48
43365 4968619.15
43366 4944566.82
43367 4921525.32
43368 4900380.82
43369 4881309.82
43370 4863262.48
43371 4846025.32
43372 4829922.48
43373 4815375.48
43374 4802738.48
43375 4792861.65
43376 4785786.15
43377 4781020.57
43378 4778416.32
43379 4777149.98
43380 4777897.98
43381 4780842.65
43382 4784836.15
43383 4790157.48
43384 4797090.23
43385 4805927.48
43386 4816893.82
43387 4829358.15
43388 4843760.32
43389 4860866.15
43390 4880108.32
43391 4900566.65
43392 4921960.98
43393 4944334.32
43394 4968072.32
43395 4993473.32
43396 5020199.15
43397 5047758.98
43398 5075913.82
43399 5104935.15
43400 5134923.82
43401 5165790.65
43402 5197588.82
43403 5230252.32
43404 5263671.48
43405 5297979.48
43406 5333233.65
43407 5369194.82
43408 16766358.98
43409 15481268.90
43410 15509532.07
43411 15539382.57
43412 15570740.07
43413 15602736.40
43414 15635379.23
43415 15669245.57
43416 15704363.73
43417 15740561.23
43418 15778146.40
43419 21674319.67
43420 6514817.02
43421 6469416.52
43422 6424448.02
43423 6379834.52
43424 6335454.52
43425 6291417.18
43426 6247739.35
43427 6204424.35
43428 6161497.68
43429 6119313.02
43430 6077996.02
43431 6037086.02
43432 5996324.02
43433 5955817.02
43434 5915998.52
43435 5876943.68
43436 5838496.18
43437 5800632.52
43438 5763223.68
43439 5726332.35
43440 5690141.52
43441 5654707.02
43442 5619934.02
43443 5585780.02
43444 5552269.52
43445 5521081.85
43446 5493623.68
43447 5468263.35
43448 5443980.02
43449 5421722.02
43450 5401706.68
43451 5383633.02
43452 5367582.18
43453 5353558.35
43454 5341332.35
43455 5330618.18
43456 5321866.27
43457 5315716.18
43458 5312510.68
43459 5311660.52
43460 5312079.68
43461 5313446.68
43462 5315631.18
43463 5319328.35
43464 5325710.35
43465 5335326.35
43466 5347487.35
43467 5361119.85
43468 5375891.85
43469 5391668.85
43470 5408475.52
43471 5426565.18
43472 5446201.18
43473 5467049.85
43474 5488713.02
43475 5511442.02
43476 7236375.32
43477 2180648.38
43478 2132103.38
43479 2083872.88
43480 2035837.88
43481 1987826.88
43482 1939966.38
43483 1892258.38
43484 1844578.38
43485 1796926.38
43486 1749824.38
43487 1703846.22
43488 1658649.72
43489 1613959.72
43490 1569776.72
43491 1526330.05
43492 1483875.72
43493 1442076.55
43494 1400717.05
43495 1359716.38
43496 1319082.72
43497 1278912.22
43498 1239192.88
43499 1199940.72
43500 1161010.55
43501 1122796.72
43502 1085375.63
43503 1048435.03
43504 1012348.02
43505 978325.83
43506 948881.98
43507 925384.32
43508 906485.82
43509 891217.13
43510 879622.78
43511 870524.45
43512 863546.37
43513 859188.28
43514 856925.78
43515 856356.45
43516 857374.28
43517 859726.78
43518 863088.78
43519 867357.62
43520 872709.95
43521 879419.87
43522 887646.78
43523 904915.45
43524 931807.12
43525 961302.62
43526 992346.12
43527 1024060.28
43528 1056561.45
43529 1089917.12
43530 1124184.45
43531 1159265.28
43532 1195403.53
43533 1232804.53
43534 1271518.12
43535 1311765.28
43536 1353174.12
43537 1395034.78
43538 1437059.45
43539 1479359.28
43540 1522232.95
43541 1565754.78
43542 1609682.37
43543 1654194.28
43544 1699269.78
43545 1744510.78
43546 1789846.45
43547 1835336.78
43548 1881044.95
43549 1926917.45
43550 1972884.45
43551 2018935.45
43552 2065197.45
43553 2111785.95
43554 2158730.62
43555 2205913.28
43556 2253163.28
43557 9982229.18
43558 8053072.15
43559 8013324.15
43560 8368500.65
43561 2351021.83
43562 2302838.83
43563 2254683.83
43564 2206556.83
43565 2158474.17
43566 2110453.00
43567 2062479.00
43568 2014537.00
43569 1966627.00
43570 1918749.00
43571 1870903.00
43572 1823089.00
43573 1775309.50
43574 1727861.17
43575 1680846.33
43576 1633978.33
43577 1588480.17
43578 1544505.33
43579 1500777.67
43580 1460971.00
43581 1425221.33
43582 1390120.67
43583 1356154.50
43584 1323285.50
43585 1290966.50
43586 1258939.50
43587 1227605.50
43588 1197233.17
43589 1167652.83
43590 1139147.83
43591 1112264.17
43592 1086872.00
43593 1062694.00
43594 1039768.33
43595 1017738.17
43596 996671.00
43597 976794.00
43598 957865.50
43599 955831.83
43600 970862.67
43601 987069.00
43602 1004838.67
43603 1024609.17
43604 1045931.33
43605 1068345.00
43606 1091862.08
43607 1116646.50
43608 1142996.58
43609 1171076.33
43610 1200619.67
43611 1231061.17
43612 1262346.17
43613 1294741.67
43614 1328358.33
43615 1363190.17
43616 1399281.67
43617 1436921.33
43618 1475850.33
43619 1518115.50
43620 1563477.00
43621 1609097.17
43622 1654962.50
43623 1701178.17
43624 1747630.17
43625 1794226.17
43626 1840997.67
43627 1887888.67
43628 10642067.00
43629 9359904.00
43630 9323906.50
43631 9288503.17
43632 9254981.58
43633 9224006.17
43634 9194686.50
43635 10086846.67
43636 2631507.42
43637 2596477.25
43638 2562369.58
43639 2529464.25
43640 2497561.75
43641 2466594.25
43642 2436666.58
43643 2407992.08
43644 2380389.08
43645 2353925.50
43646 2329268.42
43647 2306083.92
43648 2283919.42
43649 2263176.08
43650 2243914.08
43651 2225960.25
43652 2209105.75
43653 2193249.92
43654 2178547.92
43655 2165257.25
43656 2153611.58
43657 2143613.75
43658 2134928.08
43659 2127292.58
43660 2120652.25
43661 2115065.08
43662 2110613.58
43663 2107449.25
43664 2105517.08
43665 2104600.92
43666 2104641.58
43667 2105485.08
43668 2107079.58
43669 2109904.42
43670 2114439.25
43671 2120332.75
43672 2127089.25
43673 2134975.75
43674 2144205.75
43675 2154706.75
43676 2166928.08
43677 2182939.00
43678 2202273.08
43679 2222670.42
43680 2243908.08
43681 2266058.75
43682 2289324.08
43683 2313625.75
43684 2338790.08
43685 2364728.92
43686 2391417.42
43687 2419042.75
43688 2447832.58
43689 2477608.42
43690 2508345.92
43691 2540079.58
43692 2572949.58
43693 2606860.92
43694 2642174.92
43695 2679416.58
43696 2717656.75
43697 2756224.25
43698 2795207.75
43699 2834545.75
43700 2874211.08
43701 2914240.42
43702 2954516.42
43703 2994948.42
43704 3035578.58
43705 3076602.75
43706 3119806.25
43707 3164955.25
43708 3210222.75
43709 3255608.25
43710 3301114.75
43711 3346736.75
43712 3392429.25
43713 3438213.42
43714 3484104.58
43715 3530079.58
43716 3576170.75
43717 3622426.42
43718 3668879.42
43719 3715475.42
43720 3762123.42
43721 3809016.42
43722 3856150.42
43723 3903349.75
43724 3950692.58
43725 3998251.08
43726 4045943.08
43727 4093727.08
43728 4142075.58
43729 22365911.92
43730 21687770.92
43731 21719750.08
43732 21752371.58
43733 21785527.75
43734 21819184.25
43735 32663091.73
43736 29671463.92
43737 29700668.50
43738 29731124.75
43739 29762440.08
43740 29794548.92
43741 29827676.42
43742 29861856.58
43743 29897012.25
43744 60947897.32
43745 38747785.83
43746 38727255.33
43747 38708157.67
43748 38690587.50
43749 42976052.45
43750 13581590.07
43751 13535294.73
43752 13489282.07
43753 13443609.73
43754 13398080.23
43755 13352624.23
43756 13307321.73
43757 13262374.23
43758 13217752.73
43759 13173552.90
43760 13129968.07
43761 13086755.57
43762 13043697.57
43763 13000759.57
43764 12958181.40
43765 12917159.90
43766 12877753.73
43767 12838889.40
43768 12800401.90
43769 12762240.23
43770 12724381.73
43771 12686982.48
43772 12650579.07
43773 12615178.57
43774 12580741.40
43775 12547833.90
43776 12516069.23
43777 12484890.73
43778 12454769.40
43779 12426111.73
43780 12398513.40
43781 12371838.73
43782 12346798.40
43783 12324293.23
43784 12304196.90
43785 16067741.80
43786 9602723.93
43787 9566385.60
43788 9531142.60
43789 9497350.43
43790 9464858.10
43791 9433224.10
43792 9402360.93
43793 9372130.93
43794 9342605.93
43795 9314111.93
43796 9286781.77
43797 9260423.43
43798 9235048.77
43799 9210774.77
43800 9188460.93
43801 9168813.60
43802 9151493.93
43803 9137046.83
43804 9125930.73
43805 9117335.23
43806 9110617.73
43807 9105895.65
43808 9103454.57
43809 12008097.90
43810 4795232.28
43811 4755815.45
43812 4716959.28
43813 4678712.45
43814 4640889.28
43815 4603834.78
43816 4567789.28
43817 4532375.12
43818 4497785.62
43819 4464030.12
43820 4430998.12
43821 4398639.95
43822 4366780.95
43823 4335464.62
43824 4305134.95
43825 4277003.62
43826 4250703.28
43827 4225514.28
43828 4201425.95
43829 4178191.78
43830 4155950.78
43831 4135292.62
43832 4116397.62
43833 4099187.28
43834 4083662.95
43835 4069609.12
43836 4056790.62
43837 4045162.95
43838 4035584.78
43839 4027970.28
43840 4021808.45
43841 4016926.95
43842 4012960.45
43843 4010061.78
43844 4009543.03
43845 4013150.45
43846 4020317.62
43847 4029299.95
43848 5898130.45
43849 2941986.75
43850 2895736.25
43851 2849658.92
43852 2803713.17
43853 2758023.25
43854 2712758.58
43855 2667912.58
43856 2623324.25
43857 2578888.75
43858 2534591.58
43859 2490440.92
43860 2446464.67
43861 2402727.42
43862 2359373.75
43863 2316540.75
43864 2274197.83
43865 2232231.08
43866 2190592.08
43867 2149328.08
43868 2108751.58
43869 2069154.92
43870 2030375.58
43871 1992335.42
43872 1954928.58
43873 1917971.42
43874 1881677.33
43875 1846904.58
43876 1814141.00
43877 1782525.08
43878 1751417.25
43879 1721045.42
43880 1691847.75
43881 1663857.58
43882 1636906.58
43883 1611205.58
43884 1587197.50
43885 1564733.58
43886 1543666.58
43887 1523992.42
43888 1505983.42
43889 1490138.92
43890 1476264.58
43891 1464211.75
43892 1453787.25
43893 1445143.58
43894 1438282.08
43895 1432925.75
43896 1428791.08
43897 1425493.92
43898 1423649.42
43899 1423610.58
43900 1424977.58
43901 1427641.08
43902 1431505.92
43903 1436974.92
43904 1444350.58
43905 1453552.08
43906 1464120.58
43907 1475626.42
43908 1488350.42
43909 1502337.08
43910 1517411.75
43911 1533479.92
43912 1550546.58
43913 1568628.58
43914 1587701.42
43915 1607714.08
43916 1628613.42
43917 1650566.58
43918 1673869.25
43919 1698699.00
43920 1724855.08
43921 1752105.08
43922 1780305.58
43923 1809789.92
43924 1840477.42
43925 1871744.25
43926 1903754.25
43927 1936699.42
43928 1970439.92
43929 2004902.75
43930 2040500.25
43931 2077085.42
43932 2114118.58
43933 2151582.92
43934 2189546.75
43935 2227952.42
43936 2266811.25
43937 2306200.75
43938 2346064.58
43939 2386392.08
43940 2427082.58
43941 2468014.08
43942 2509229.25
43943 2550967.08
43944 2593400.58
43945 2636544.75
43946 2680224.25
43947 2724129.08
43948 2768151.08
43949 2812286.92
43950 2856554.58
43951 2900997.08
43952 2945648.17
43953 2990548.42
43954 3035680.92
43955 3080988.58
43956 3126463.42
43957 3172190.08
43958 3218119.08
43959 5723207.08
43960 2661446.58
43961 2616561.92
43962 2571978.75
43963 2527766.75
43964 2483785.08
43965 2440229.58
43966 2397306.25
43967 2354767.08
43968 2312557.42
43969 2270682.92
43970 2229036.25
43971 2187652.92
43972 2146559.25
43973 2105736.42
43974 2065366.92
43975 2025607.25
43976 1986317.58
43977 1947344.08
43978 1909070.83
43979 1872112.75
43980 1836139.92
43981 1800943.42
43982 1766666.58
43983 1733502.92
43984 1702231.42
43985 1672793.75
43986 1644545.92
43987 1617595.42
43988 1592334.92
43989 1568643.42
43990 1545931.42
43991 1523958.75
43992 1502969.42
43993 1482969.42
43994 1464081.58
43995 1446873.83
43996 1433444.25
43997 1423385.92
43998 1414503.58
43999 1406801.42
44000 1400208.58
44001 1395300.75
44002 1392517.25
44003 1391408.08
44004 1392261.75
44005 1395195.75
44006 1399421.33
44007 1405933.33
44008 1415951.42
44009 1428705.75
44010 1443160.75
44011 1458722.25
44012 1475136.75
44013 1492337.42
44014 1510844.58
44015 1531318.92
44016 1553479.75
44017 1576656.08
44018 1601168.08
44019 1628208.83
44020 1657444.92
44021 1687944.50
44022 1719663.58
44023 1752228.75
44024 1785535.42
44025 1819574.08
44026 1854273.58
44027 1890015.75
44028 1926743.58
44029 1964253.42
44030 2002819.25
44031 2042356.25
44032 2083138.25
44033 2124993.42
44034 2167166.58
44035 2209527.58
44036 2252100.08
44037 2294891.08
44038 2337848.58
44039 4040074.75
44040 1890618.75
44041 1850292.42
44042 1810323.33
44043 1770943.58
44044 1732364.92
44045 1694376.25
44046 1657108.42
44047 1620772.75
44048 1585461.42
44049 1551078.58
44050 1517887.08
44051 1485823.25
44052 1454625.08
44053 1424515.08
44054 1395446.92
44055 1367531.25
44056 1340701.42
44057 1314939.83
44058 1290410.42
44059 1267054.75
44060 1245120.08
44061 1225080.33
44062 1207192.92
44063 1191102.42
44064 1177085.92
44065 1166536.58
44066 1159254.50
44067 1154317.75
44068 1151763.58
44069 1151809.17
44070 1154698.75
44071 1160133.42
44072 1167014.08
44073 1174726.42
44074 1183378.42
44075 1193064.08
44076 1204089.08
44077 1216895.75
44078 1231416.08
44079 1247455.75
44080 1264943.33
44081 1283573.92
44082 1303021.08
44083 1323614.75
44084 1346308.08
44085 1371155.08
44086 1397840.58
44087 1425840.25
44088 1454775.08
44089 1484689.42
44090 1515656.25
44091 1548117.75
44092 1582040.75
44093 1617113.25
44094 1652989.42
44095 1689547.92
44096 1726982.08
44097 1765688.42
44098 1805460.58
44099 1845623.92
44100 1886027.58
44101 1926679.50
44102 1968105.75
44103 2010441.08
44104 2053156.42
44105 2097887.58
44106 2144549.58
44107 2191287.08
44108 2238090.08
44109 2284945.08
44110 2332002.08
44111 2379275.75
44112 2426634.92
44113 2474063.92
44114 2521537.92
44115 2569051.92
44116 2616605.92
44117 2664199.92
44118 2711833.92
44119 2759507.92
44120 2807221.92
44121 2854975.92
44122 2902978.92
44123 2951242.92
44124 2999648.42
44125 3048175.42
44126 3096726.42
44127 3145301.42
44128 3193900.42
44129 3242547.08
44130 3291288.25
44131 3340129.42
44132 3389027.08
44133 3437948.08
44134 3486885.08
44135 3535877.25
44136 3584961.92
44137 3634141.42
44138 3683374.42
44139 12423457.68
44140 9290898.02
44141 9260470.85
44142 9230832.18
44143 9202006.52
44144 9173811.68
44145 9146504.02
44146 9120496.52
44147 9095637.85
44148 9071871.85
44149 9049218.52
44150 9027559.68
44151 9007270.68
44152 8988967.85
44153 8972620.52
44154 8958019.10
44155 8945097.85
44156 8933696.52
44157 8923626.35
44158 8914937.52
44159 8907925.02
44160 8902412.85
44161 8898691.52
44162 8897413.77
44163 13237445.90
44164 9544834.63
44165 9544642.47
44166 9546525.97
44167 9550130.47
44168 9554782.63
44169 9560643.22
44170 9567800.63
44171 9576000.97
44172 11829397.22
44173 3823769.00
44174 3778809.83
44175 3734972.00
44176 3691965.33
44177 3649466.33
44178 3607203.17
44179 3565241.50
44180 3523520.33
44181 3481978.33
44182 3440648.67
44183 3399815.33
44184 3360331.83
44185 3322341.17
44186 3285646.17
44187 3250111.00
44188 3215911.00
44189 3183114.50
44190 3151279.17
44191 3120461.17
44192 3090666.33
44193 3061636.17
44194 3033291.83
44195 3005958.50
44196 2979883.17
44197 2955267.83
44198 2932357.17
44199 2911103.17
44200 2890951.67
44201 2871771.33
44202 2853942.83
44203 2837533.00
44204 2822677.50
44205 2809411.67
44206 2797546.50
44207 2787261.67
44208 2778607.50
44209 2771498.83
44210 2765969.50
44211 2762167.83
44212 2759835.33
44213 2758898.17
44214 2759412.67
44215 2760902.17
44216 2763562.42
44217 2767760.00
44218 2773985.67
44219 2781928.83
44220 2790807.83
44221 2800606.17
44222 2811629.67
44223 2824511.67
44224 2839167.33
44225 2855216.17
44226 2873096.83
44227 2893356.00
44228 2915621.67
44229 2939165.33
44230 2963688.17
44231 2989069.67
44232 3015515.67
44233 3042916.67
44234 3071514.83
44235 3101679.50
44236 3132907.67
44237 3165211.33
44238 3198644.00
44239 3232815.00
44240 3267515.33
44241 3302731.33
44242 3338586.33
44243 3375615.33
44244 8273956.58
44245 5363110.42
44246 5315208.42
44247 5267334.42
44248 5219488.42
44249 5171693.75
44250 5124246.58
44251 5077267.92
44252 5030520.58
44253 4983983.25
44254 4937789.92
44255 4891920.58
44256 4846234.42
44257 4800726.42
44258 4755405.75
44259 4710277.25
44260 4665469.42
44261 4621750.42
44262 4579155.92
44263 4537372.92
44264 4496299.08
44265 4455663.58
44266 4415708.92
44267 4376434.58
44268 4337771.58
44269 4299632.58
44270 4262137.42
44271 4225520.42
44272 4189787.25
44273 4154988.08
44274 4121027.75
44275 4087848.25
44276 4055606.75
44277 4024292.75
44278 3994041.58
44279 3964695.25
44280 3936198.58
44281 3908638.25
44282 3881792.08
44283 3855655.42
44284 3831451.58
44285 3809504.08
44286 3788814.92
44287 3769368.08
44288 3751130.08
44289 4666792.67
44290 2358389.17
44291 2312522.83
44292 2266724.50
44293 2220994.17
44294 2175558.08
44295 2130662.83
44296 2086314.42
44297 2042606.83
44298 1999413.83
44299 1956495.00
44300 1913828.50
44301 1871611.83
44302 1830600.50
44303 1791045.17
44304 1752368.17
44305 1714276.83
44306 1676835.83
44307 1640188.50
44308 1604272.83
44309 1568924.67
44310 1534211.50
44311 1500098.00
44312 1466517.83
44313 1433888.92
44314 1403001.33
44315 1374018.67
44316 1346946.50
44317 1321848.17
44318 1298232.50
44319 1275879.58
44320 1254966.50
44321 1235228.17
44322 1216427.17
44323 1199068.33
44324 1183465.83
44325 1169697.00
44326 1157542.33
44327 1146479.17
44328 1136393.67
44329 1127527.83
44330 1120175.17
44331 1114257.67
44332 1109627.00
44333 1106556.00
44334 1105253.67
44335 1105355.67
44336 1106825.00
44337 1110042.08
44338 1115452.50
44339 1123189.58
44340 1132633.33
44341 1143801.67
44342 1157045.67
44343 1172239.50
44344 1189219.33
44345 1207673.00
44346 1227278.00
44347 1248010.17
44348 1269924.67
44349 1293091.83
44350 1317654.50
44351 1343534.17
44352 1370620.00
44353 1398943.33
44354 1428458.00
44355 1459108.50
44356 1490984.83
44357 1524419.17
44358 1559534.00
44359 1595657.67
44360 1632144.00
44361 1668922.00
44362 1705983.50
44363 1743342.17
44364 1781055.83
44365 1819400.33
44366 1859086.00
44367 1899824.67
44368 1940806.67
44369 1981985.17
44370 2023474.00
44371 2065413.00
44372 2107736.83
44373 2150322.00
44374 2193253.33
44375 2236907.67
44376 2281249.67
44377 2325926.17
44378 2371100.67
44379 2416867.17
44380 2462974.17
44381 2509211.17
44382 2555508.17
44383 2601865.17
44384 2648282.17
44385 2694788.67
44386 2741565.83
44387 2788693.00
44388 2836040.00
44389 2883676.00
44390 2931552.00
44391 2979474.00
44392 3027424.00
44393 3075427.50
44394 3123482.50
44395 3171561.50
44396 3219664.50
44397 3267791.50
44398 3315942.50
44399 3364117.50
44400 3412316.50
44401 3460539.50
44402 3508786.50
44403 3557057.50
44404 3605352.50
44405 3653671.50
44406 3702097.67
44407 3750718.33
44408 3799453.33
44409 3848211.33
44410 3896985.33
44411 3945849.33
44412 3994801.33
44413 4043812.00
44414 4092926.17
44415 4142095.17
44416 4191272.17
44417 4240457.17
44418 4289650.17
44419 4338851.17
44420 4388091.83
44421 4437415.17
44422 4486799.83
44423 4536200.83
44424 4585605.83
44425 4635014.83
44426 4684427.83
44427 4733844.83
44428 4783265.83
44429 4832690.83
44430 4882119.83
44431 4931552.83
44432 4980989.83
44433 5030430.83
44434 30539432.70
44435 27520843.62
44436 27511740.95
44437 27503671.28
44438 27496709.45
44439 27490837.28
44440 27486244.78
44441 27483012.70
44442 31510961.77
44443 30738900.55
44444 7164998.78
44445 7127497.28
44446 7090495.12
44447 7054031.45
44448 7018045.45
44449 6982447.78
44450 6947455.62
44451 6913592.95
44452 6880847.28
44453 6849788.45
44454 6820891.95
44455 6793727.95
44456 6768417.78
44457 6744871.12
44458 6722585.95
44459 6701871.12
44460 6682772.95
44461 6665139.78
44462 6649060.78
44463 6634321.62
44464 6620745.28
44465 6608027.28
44466 6596415.78
44467 6586684.45
44468 6579020.12
44469 6572659.78
44470 6567647.12
44471 6564763.78
44472 6563987.45
44473 6565009.37
44474 6567850.28
44475 6572690.45
44476 6579255.62
44477 6587330.62
44478 6596730.95
44479 6608484.62
44480 6623151.12
44481 6639493.12
44482 6657023.28
44483 6675886.12
44484 6696779.45
44485 6719845.25
44486 6744512.72
44487 6770231.22
44488 6796665.88
44489 6823977.05
44490 6852663.55
44491 6882451.05
44492 6912696.88
44493 6943494.22
44494 6975062.72
44495 7007423.88
44496 7040546.72
44497 16842353.52
44498 13779810.00
44499 13769518.33
44500 13760658.67
44501 13753336.00
44502 13747295.17
44503 13742605.17
44504 13739667.67
44505 13738008.67
44506 13737518.50
44507 13738355.00
44508 13740503.33
44509 13743744.00
44510 13748134.00
44511 13753677.17
44512 13760488.17
44513 13768954.83
44514 13779377.83
44515 13791590.17
44516 17134699.40
44517 4622550.32
44518 4575171.65
44519 4528086.32
44520 4481258.15
44521 4434507.15
44522 4388243.90
44523 4342952.15
44524 4298348.15
44525 4254009.15
44526 4209870.98
44527 4166009.65
44528 4122419.48
44529 4079121.65
44530 4036466.65
44531 3995046.48
44532 3954866.98
44533 3916483.32
44534 3879835.32
44535 3843822.82
44536 3808408.15
44537 3773691.15
44538 3739646.65
44539 3706504.48
44540 3675259.48
44541 3649108.15
44542 3627567.48
44543 3607794.57
44544 3589693.65
44545 3572998.82
44546 3557450.82
44547 3542765.82
44548 3529857.48
44549 3520944.82
44550 3516638.15
44551 3515280.15
44552 3515551.82
44553 3517560.48
44554 3520981.15
44555 3525079.48
44556 5749423.42
44557 4052021.50
44558 4038279.67
44559 4026739.42
44560 4019869.17
44561 4017093.50
44562 4015592.17
44563 4015880.58
44564 4018405.83
44565 4022209.67
44566 4027027.42
44567 4033830.33
44568 4042598.50
44569 4052699.33
44570 4064485.50
44571 4077938.17
44572 4092802.08
44573 4108964.67
44574 4126583.50
44575 4145883.50
44576 4166828.55
44577 4189296.93
44578 4213019.43
44579 4238116.93
44580 4264399.68
44581 4291575.93
44582 4319801.10
44583 4349232.27
44584 4379543.77
44585 4410455.60
44586 4442304.77
44587 4475396.93
44588 10842305.13
44589 7931226.03
44590 7919795.12
44591 7910173.20
44592 7902761.45
44593 7897566.87
44594 7895679.03
44595 7896984.45
44596 7900245.20
44597 7905295.78
44598 9706642.85
44599 4989603.23
44600 4961351.40
44601 4934157.73
44602 4907801.90
44603 4882419.23
44604 4858672.98
44605 4836671.73
44606 4815850.73
44607 4795998.40
44608 4777806.35
44609 4761902.97
44610 4748313.63
44611 4736583.63
44612 4726543.30
44613 4718553.13
44614 4712573.80
44615 4708538.97
44616 4706742.80
44617 4707201.13
44618 4709905.80
44619 4714383.97
44620 4720168.13
44621 4727609.30
44622 4737357.13
44623 4748932.80
44624 4761487.97
44625 4775220.30
44626 4790330.97
44627 4808358.30
44628 4830002.97
44629 4854958.47
44630 4883182.30
44631 4913839.38
44632 4946147.13
44633 4979356.47
44634 5013292.63
44635 5048071.13
44636 5083632.63
44637 5119879.97
44638 5156818.13
44639 5194558.13
44640 5232912.97
44641 5271642.13
44642 5310667.13
44643 5349934.63
44644 5389466.97
44645 5429378.97
44646 5469738.13
44647 5510609.63
44648 5551876.63
44649 5593667.88
44650 5636415.80
44651 5679852.13
44652 19799201.95
44653 17042140.13
44654 17048192.30
44655 17055404.30
44656 17063763.30
44657 18967113.03
44658 4179700.00
44659 4140682.67
44660 4102469.17
44661 4065152.67
44662 4028525.83
44663 3992594.17
44664 3957180.83
44665 3922346.33
44666 3888038.00
44667 3854222.87
44668 3820935.23
44669 3788229.57
44670 3756365.57
44671 3726836.40
44672 3700680.07
44673 3676670.23
44674 3653646.23
44675 3631503.73
44676 3610914.15
44677 3592806.48
44678 3576806.73
44679 3562572.48
44680 3550427.73
44681 3540072.07
44682 3531423.90
44683 3524428.32
44684 3518782.23
44685 3514206.90
44686 3510424.90
44687 3507658.23
44688 3506694.40
44689 3507274.40
44690 3508768.90
44691 3511146.90
44692 3514505.40
44693 3519556.23
44694 3526999.07
44695 3536337.07
44696 3547022.73
44697 3559202.73
44698 3573344.73
44699 3589283.90
44700 3606561.23
44701 3625091.40
44702 3644502.40
44703 3665064.90
44704 3687149.73
44705 3710481.90
44706 3734723.90
44707 3760117.07
44708 3786814.07
44709 3815100.90
44710 3844955.32
44711 3875781.73
44712 3907346.40
44713 3940073.40
44714 3973936.73
44715 4008376.07
44716 4043411.40
44717 4079002.23
44718 4115056.40
44719 4151555.57
44720 4188581.90
44721 4226361.90
44722 4264758.73
44723 4303527.73
44724 4342597.73
44725 4381921.90
44726 4421612.07
44727 4461810.57
44728 4502361.07
44729 4543149.23
44730 4584290.40
44731 4625783.07
44732 4667653.90
44733 4709972.57
44734 13534833.68
44735 12845150.10
44736 12877700.10
44737 12910708.27
44738 12944118.10
44739 12978023.93
44740 13013025.10
44741 13049678.43
44742 17431046.02
44743 4810726.83
44744 4761144.83
44745 4711566.83
44746 4661992.83
44747 4612422.83
44748 4562856.83
44749 4513294.83
44750 4463736.83
44751 4414182.83
44752 4364632.83
44753 4315086.83
44754 4265544.83
44755 4216006.83
44756 4166472.83
44757 4117082.83
44758 4067984.33
44759 4019045.33
44760 3970182.17
44761 3921452.33
44762 3872890.17
44763 3824475.17
44764 3776121.17
44765 3727795.17
44766 3679497.17
44767 3631227.17
44768 3582985.17
44769 3534771.17
44770 3486585.17
44771 3438427.17
44772 3390297.17
44773 3342211.50
44774 3294202.17
44775 3246269.50
44776 3198383.50
44777 3150529.50
44778 3102707.50
44779 3054917.50
44780 3007159.50
44781 2959433.50
44782 2911739.50
44783 2864184.00
44784 2816877.50
44785 2769717.50
44786 2722722.83
44787 2676053.50
44788 2629620.83
44789 2583268.83
44790 2536964.83
44791 2490708.83
44792 2444501.17
44793 2398385.33
44794 2352509.67
44795 2306969.50
44796 2261809.67
44797 2217074.50
44798 2172601.83
44799 2128315.33
44800 2084348.17
44801 2040719.50
44802 1997401.50
44803 1954368.33
44804 1911623.83
44805 1869565.83
44806 1828140.67
44807 1786954.83
44808 1746179.67
44809 1705828.33
44810 1665868.50
44811 1626586.00
44812 1588075.33
44813 1550567.83
44814 1514262.33
44815 1479195.00
44816 1445347.00
44817 1412610.00
44818 1381139.67
44819 1350852.33
44820 1321650.83
44821 1293481.92
44822 1266181.33
44823 1239802.33
44824 1214675.50
44825 1190963.00
44826 1168384.17
44827 1146958.83
44828 1126924.50
44829 1108725.83
44830 1092551.00
44831 1078493.83
44832 1066588.67
44833 1056147.17
44834 1046566.67
44835 1037732.50
44836 1029968.00
44837 1023592.67
44838 1018742.00
44839 1015261.67
44840 1012971.83
44841 1011845.33
44842 1012043.67
44843 1013743.00
44844 1017258.33
44845 1022974.00
44846 1030853.17
44847 1040658.17
44848 1051700.83
44849 1063540.17
44850 1076393.67
44851 1090366.00
44852 1105664.17
44853 1122342.50
44854 1140291.33
44855 1159322.50
44856 1179424.50
44857 1200891.00
44858 1224243.67
44859 1249831.50
44860 1276925.17
44861 1304828.17
44862 1333369.17
44863 1362567.17
44864 1392476.83
44865 1423519.67
44866 1457021.75
44867 1492936.67
44868 1529841.50
44869 1567230.83
44870 1605224.33
44871 1644980.50
44872 1687049.50
44873 1730078.83
44874 1773212.17
44875 1816449.50
44876 1859790.83
44877 1903236.17
44878 1947039.58
44879 1991211.50
44880 2035495.67
44881 2079875.67
44882 2124412.67
44883 2169169.67
44884 2214079.67
44885 2259266.17
44886 2304908.67
44887 2350841.00
44888 2396964.33
44889 2443404.33
44890 2490106.33
44891 2536904.33
44892 2584094.50
44893 2631684.33
44894 2679429.33
44895 2727426.00
44896 2775634.58
44897 2824013.83
44898 2872566.33
44899 2921278.83
44900 2970116.83
44901 3019033.33
44902 3068004.83
44903 3117040.00
44904 3166200.33
44905 3215517.00
44906 3264956.17
44907 9088874.70
44908 7135507.28
44909 7130483.95
44910 7127084.95
44911 7125203.78
44912 7125814.12
44913 7129373.62
44914 7136380.78
44915 7146376.28
44916 7157908.95
44917 7170496.78
44918 7184263.78
44919 7199703.28
44920 7216943.28
44921 7236852.87
44922 7260680.62
44923 7287033.28
44924 7314722.95
44925 7343950.53
44926 7374900.87
44927 7407489.78
44928 7440812.28
44929 7474650.12
44930 7509364.45
44931 7545431.12
44932 7582565.45
44933 7620373.45
44934 7658842.45
44935 7697841.12
44936 7737321.45
44937 7777361.78
44938 7818175.45
44939 7859720.78
44940 7901740.78
44941 7943979.95
44942 7986453.62
44943 8029538.62
44944 8073206.12
44945 8117171.12
44946 8161525.45
44947 8206201.28
44948 8251113.28
44949 8296270.78
44950 8341634.28
44951 8387126.28
44952 8432678.28
44953 29638630.90
44954 24907672.57
44955 24916426.23
44956 24926310.23
44957 24937432.23
44958 24949492.90
44959 24962276.90
44960 24975853.07
44961 24990447.57
44962 25006482.90
44963 25023864.07
44964 25042377.48
44965 25062090.07
44966 25082833.23
44967 25104898.07
44968 25128641.90
44969 25154945.40
44970 25183447.73
44971 34925571.77
44972 11709213.57
44973 11668051.15
44974 11627510.48
44975 11587620.15
44976 11548269.82
44977 11509575.82
44978 11471995.82
44979 11435967.65
44980 11401511.48
44981 11368319.32
44982 11335819.98
44983 11303851.48
44984 11273138.73
44985 11243887.48
44986 11216288.15
44987 11190513.90
44988 11165956.65
44989 11143005.32
44990 11122922.82
44991 11105217.48
44992 11088723.15
44993 11074209.98
44994 11062601.48
44995 11053700.48
44996 11047745.15
44997 11044516.82
44998 11042942.32
44999 11043055.82
45000 11044772.32
45001 11047616.65
45002 11051642.65
45003 11056739.15
45004 11063006.15
45005 11070442.32
45006 11078976.15
45007 11089490.32
45008 21224927.95
45009 13159837.50
45010 13143260.50
45011 13128150.00
45012 13115438.17
45013 13104956.67
45014 13095876.00
45015 13088086.33
45016 13081944.83
45017 13077775.17
45018 13075052.33
45019 13073238.17
45020 13072461.83
45021 13072866.50
45022 13074988.50
45023 13080732.42
45024 13090418.67
45025 13102131.00
45026 13115365.50
45027 13130796.33
45028 13148251.17
45029 13167131.00
45030 13187309.33
45031 13208507.83
45032 13230426.33
45033 13253142.50
45034 13276843.17
45035 13301573.75
45036 13327536.33
45037 13354786.33
45038 13383306.17
45039 13412777.00
45040 32923767.70
45041 28327000.58
45042 28337139.58
45043 28350530.75
45044 28366828.75
45045 28384076.58
45046 28402125.58
45047 28421084.58
45048 28440909.75
45049 28462138.42
45050 28484829.08
45051 28508931.42
45052 28534696.92
45053 28561963.58
45054 28590511.83
45055 28620048.42
45056 52151626.38
45057 31045744.83
45058 31021668.58
45059 30999483.08
45060 30980361.83
45061 30963835.50
45062 30948407.17
45063 30934280.17
45064 30921512.33
45065 30909820.33
45066 30900268.67
45067 36250076.75
45068 18820748.40
45069 18787848.90
45070 18756291.90
45071 18725567.23
45072 18695976.40
45073 18667482.57
45074 18639951.40
45075 18613322.57
45076 18588335.23
45077 18565076.07
45078 18542683.40
45079 18520977.73
45080 18500511.07
45081 18481645.07
45082 21096370.93
45083 7461498.37
45084 7416383.03
45085 7371343.70
45086 7326380.37
45087 7281551.03
45088 7236930.20
45089 7192495.37
45090 7148193.53
45091 7104379.37
45092 7061820.87
45093 7020770.03
45094 6980645.03
45095 6940862.20
45096 6901292.37
45097 6862041.53
45098 6823278.03
45099 6785110.03
45100 6747633.53
45101 6710811.53
45102 6674376.20
45103 6638254.70
45104 6602580.37
45105 6567561.70
45106 6533241.87
45107 6499719.03
45108 6467109.70
45109 6435299.70
45110 6404165.70
45111 6373797.20
45112 6344780.37
45113 6318184.03
45114 6293784.87
45115 6270557.20
45116 6248796.87
45117 6228558.37
45118 6209667.87
45119 6192338.70
45120 6176140.03
45121 6160642.53
45122 6145757.37
45123 6131564.53
45124 6118760.20
45125 6107809.87
45126 6098270.03
45127 8185140.78
45128 5413171.12
45129 5385199.12
45130 5359114.12
45131 5334878.45
45132 5312382.28
45133 5291606.95
45134 5272384.95
45135 5254919.12
45136 5239802.95
45137 5227156.95
45138 5216126.03
45139 5206136.12
45140 5197419.62
45141 5190454.62
45142 5960226.70
45143 2165336.42
45144 2115517.42
45145 2065698.42
45146 2015879.42
45147 1966060.42
45148 1916241.42
45149 1866422.42
45150 1816603.42
45151 1766784.42
45152 1716965.42
45153 1667146.42
45154 1617327.42
45155 1567508.42
45156 1517689.42
45157 1467870.42
45158 1418051.42
45159 1368232.42
45160 1318413.42
45161 1268594.42
45162 1218775.42
45163 1168956.42
45164 1119137.42
45165 1069318.42
45166 1019499.42
45167 970376.75
45168 922246.42
45169 874433.08
45170 826876.25
45171 779579.92
45172 735681.92
45173 697023.92
45174 672528.58
45175 661889.08
45176 653808.25
45177 647879.58
45178 644129.92
45179 643009.25
45180 644552.58
45181 647695.42
45182 651892.42
45183 657454.75
45184 665007.58
45185 674146.08
45186 684299.25
45187 695632.75
45188 708338.58
45189 722612.75
45190 738313.08
45191 755362.25
45192 773864.08
45193 793569.58
45194 814231.08
45195 835685.58
45196 857980.75
45197 881228.58
45198 905580.75
45199 931317.42
45200 958092.58
45201 985587.58
45202 1013778.08
45203 1042588.42
45204 1072457.58
45205 1103911.92
45206 1136746.08
45207 1170691.42
45208 1205625.42
45209 1241312.42
45210 1277497.25
45211 1314230.08
45212 1351617.08
45213 1390045.25
45214 1429643.42
45215 1470162.08
45216 1511326.08
45217 1552733.92
45218 1594782.25
45219 1637576.08
45220 1680664.42
45221 1723900.75
45222 1767424.75
45223 1811424.17
45224 1856204.58
45225 1901899.08
45226 1948124.25
45227 1994541.25
45228 2041060.25
45229 2087655.25
45230 2134353.42
45231 2181176.58
45232 2228136.58
45233 2276564.58
45234 2326383.58
45235 2376202.58
45236 2426021.58
45237 2475840.58
45238 2525659.58
45239 2575478.58
45240 2625297.58
45241 2675116.58
45242 2724935.58
45243 2774754.58
45244 2824573.58
45245 2874392.58
45246 2924211.58
45247 2974030.58
45248 3023849.58
45249 3073668.58
45250 3123487.58
45251 3173306.58
45252 3223125.58
45253 3272944.58
45254 3322763.58
45255 3372582.58
45256 3422401.58
45257 6783050.43
45258 3391848.85
45259 3346115.35
45260 3301013.85
45261 3256336.35
45262 3212092.18
45263 3168294.52
45264 3124908.52
45265 3082000.18
45266 3039571.52
45267 2997634.27
45268 2956443.85
45269 2915918.68
45270 2875986.68
45271 2836796.02
45272 2798117.52
45273 2759738.35
45274 2721745.18
45275 2684266.52
45276 2647284.35
45277 2610835.18
45278 2574947.35
45279 2539750.02
45280 2505244.18
45281 2471213.52
45282 2438118.52
45283 2406244.52
45284 2375193.68
45285 2344919.18
45286 2315319.18
45287 2286103.68
45288 2258022.18
45289 2232005.02
45290 2207737.52
45291 2184733.18
45292 2162746.02
45293 2141673.77
45294 2121816.52
45295 2103287.35
45296 2085940.02
45297 2069790.85
45298 2055244.42
45299 2043130.65
45300 2033426.32
45301 2025282.32
45302 2018884.48
45303 2014378.65
45304 2011415.32
45305 2010013.15
45306 2010073.65
45307 2011198.65
45308 2014069.98
45309 2018597.48
45310 2023946.32
45311 2030223.15
45312 2037615.65
45313 2046466.15
45314 2056993.48
45315 2068896.32
45316 2081940.48
45317 2096039.65
45318 2111104.82
45319 2128087.65
45320 2147211.65
45321 2167877.32
45322 2190681.65
45323 2215351.98
45324 2241079.32
45325 2268313.48
45326 2297601.15
45327 2328768.32
45328 2361672.98
45329 2396080.98
45330 2431244.98
45331 2466837.15
45332 2503010.65
45333 2539790.32
45334 2576932.65
45335 2614387.40
45336 2652108.65
45337 2690242.65
45338 2728879.98
45339 2767868.32
45340 2807327.82
45341 2847495.32
45342 2888145.15
45343 2929015.82
45344 2970307.15
45345 3012089.32
45346 3054193.98
45347 3096958.48
45348 3140391.98
45349 3184161.82
45350 13320667.33
45351 12000449.67
45352 12005554.33
45353 12012440.33
45354 12020610.50
45355 12029970.00
45356 12040814.50
45357 12053619.33
45358 12068383.75
45359 12084963.00
45360 12103134.83
45361 12122414.50
45362 12142829.00
45363 12164422.00
45364 12187013.33
45365 12211346.17
45366 12237296.17
45367 12264321.33
45368 16848458.35
45369 6327353.97
45370 6296312.03
45371 6266446.93
45372 6237617.43
45373 6209847.60
45374 6183154.60
45375 6157695.43
45376 6133550.10
45377 6110523.43
45378 6088468.77
45379 6067244.43
45380 6046998.93
45381 6027866.27
45382 6009757.52
45383 5992554.77
45384 5976212.10
45385 5961059.77
45386 5947194.93
45387 5934664.10
45388 5923625.27
45389 5914111.77
45390 5905899.27
45391 5899048.60
45392 5893675.10
45393 5889362.27
45394 5886066.77
45395 5883771.93
45396 5882160.77
45397 5881459.10
45398 5881957.93
45399 5883693.60
45400 5886542.60
45401 5890619.60
45402 5896174.43
45403 5903436.02
45404 5912350.93
45405 5922780.10
45406 5934933.43
45407 5948532.10
45408 5963342.27
45409 5979511.93
45410 5997040.27
45411 6016565.15
45412 6038298.37
45413 6061388.70
45414 6085337.20
45415 6110186.20
45416 6136263.53
45417 6163531.03
45418 10300338.78
45419 5115524.25
45420 5065911.25
45421 5016298.25
45422 4966685.25
45423 4917180.25
45424 4867834.75
45425 4818542.75
45426 4769254.75
45427 4719970.75
45428 4670690.75
45429 4621414.75
45430 4572142.75
45431 4522874.75
45432 4473610.75
45433 4424350.75
45434 4375094.75
45435 4325842.75
45436 4276594.75
45437 4227350.75
45438 4178110.75
45439 4128874.75
45440 4079642.75
45441 4030414.75
45442 3981190.75
45443 3931970.75
45444 3882754.75
45445 3833542.75
45446 3784334.75
45447 3735130.75
45448 3685930.75
45449 3636734.75
45450 3587542.75
45451 3538484.75
45452 3489601.75
45453 3440769.75
45454 3391953.75
45455 3343160.58
45456 3294405.75
45457 3245686.58
45458 3196991.58
45459 3148320.58
45460 3099673.58
45461 3051050.58
45462 3002451.58
45463 2953886.25
45464 2905365.92
45465 2856882.92
45466 2808427.92
45467 2760000.92
45468 2711601.92
45469 2663289.92
45470 2615106.92
45471 2566995.92
45472 2518922.75
45473 2470909.58
45474 2422968.08
45475 2375078.08
45476 2327224.08
45477 2279457.08
45478 2231779.08
45479 2184491.58
45480 2137680.08
45481 2091002.08
45482 2044467.42
45483 1998187.92
45484 1952633.08
45485 1908060.92
45486 1864186.58
45487 1820723.42
45488 1777550.08
45489 1734723.58
45490 1692282.25
45491 1651371.42
45492 1611986.42
45493 1573339.58
45494 1535836.08
45495 1499265.58
45496 1463302.25
45497 1428030.25
45498 1393332.25
45499 1360409.42
45500 1329459.08
45501 1299258.25
45502 1269865.25
45503 1241218.25
45504 1213344.83
45505 1186541.25
45506 1161010.08
45507 1136628.42
45508 1112997.58
45509 1090042.25
45510 1068103.58
45511 1047440.75
45512 1028046.08
45513 1010048.25
45514 994287.58
45515 980996.08
45516 969398.58
45517 959386.75
45518 950886.92
45519 943777.25
45520 938146.58
45521 933902.08
45522 931157.75
45523 930038.58
45524 930862.25
45525 933475.42
45526 937875.58
45527 944155.42
45528 952004.08
45529 961206.42
45530 971519.75
45531 983345.08
45532 997588.08
45533 1013870.92
45534 1031456.92
45535 1050742.42
45536 1071573.75
45537 1093887.75
45538 1117771.42
45539 1143498.50
45540 1171561.25
45541 1201242.58
45542 1231767.58
45543 1262873.08
45544 1294490.42
45545 1327015.75
45546 1360666.92
45547 1395374.08
45548 1431025.92
45549 1467786.42
45550 1505512.42
45551 1544031.92
45552 1583568.92
45553 1623767.92
45554 1664432.42
45555 1705765.42
45556 1747885.50
45557 1790876.75
45558 1834425.92
45559 1878151.25
45560 1922245.75
45561 1967011.08
45562 2012296.42
45563 2057843.75
45564 2103647.92
45565 2149755.08
45566 2196196.08
45567 2242970.25
45568 2289953.92
45569 2337011.92
45570 2384135.58
45571 2431332.92
45572 2478607.58
45573 2526009.58
45574 2573529.58
45575 2621221.42
45576 2669495.25
45577 2718476.25
45578 2767730.25
45579 2816992.25
45580 2866262.25
45581 2915540.25
45582 2964826.25
45583 3014120.25
45584 3063422.25
45585 3112732.25
45586 3162050.25
45587 3211376.25
45588 3260710.25
45589 3310052.25
45590 3359402.25
45591 3408760.25
45592 3458126.25
45593 3507513.25
45594 3556922.75
45595 3606339.75
45596 3655760.75
45597 3705185.75
45598 3754614.75
45599 3804047.75
45600 3853484.75
45601 3902925.75
45602 3952370.75
45603 4001819.75
45604 4051272.75
45605 4100729.75
45606 4150190.75
45607 4199655.75
45608 4249124.75
45609 4298597.75
45610 4348074.75
45611 4397617.75
45612 4447227.75
45613 4496840.75
45614 4546453.75
45615 4596066.75
45616 10702329.17
45617 6064179.75
45618 6014983.75
45619 5965791.75
45620 5916603.75
45621 5867419.75
45622 5818239.75
45623 5769063.75
45624 5719891.75
45625 5670723.75
45626 5621559.75
45627 5572399.75
45628 5523243.75
45629 5474091.75
45630 5424943.75
45631 5375799.75
45632 5326659.75
45633 5277523.75
45634 5228391.75
45635 5179328.75
45636 5130336.75
45637 5081352.75
45638 5032376.75
45639 4983408.75
45640 4934448.75
45641 4885496.75
45642 4836552.75
45643 4787616.75
45644 4738688.75
45645 4689768.75
45646 4640856.75
45647 4591952.75
45648 4543160.25
45649 4494481.25
45650 4445814.25
45651 4397213.25
45652 4348694.75
45653 4300208.75
45654 4251742.75
45655 4203296.75
45656 4154955.08
45657 4106744.92
45658 4058631.42
45659 4010599.42
45660 3962608.92
45661 3914688.42
45662 3866834.42
45663 3819012.42
45664 3771222.42
45665 3723464.42
45666 3675738.42
45667 3628044.42
45668 3580382.42
45669 3532837.92
45670 3485463.25
45671 3438188.58
45672 3390967.08
45673 3343787.08
45674 3296647.08
45675 3249547.08
45676 3202487.08
45677 3155467.08
45678 3108505.58
45679 3061710.58
45680 3015063.58
45681 2968456.58
45682 2921889.58
45683 2875362.58
45684 2828909.42
45685 2782565.75
45686 2736299.75
45687 2690077.75
45688 2643930.08
45689 2597904.92
45690 2552019.42
45691 2506265.92
45692 2460705.25
45693 2415333.92
45694 2370074.75
45695 2325082.25
45696 2280578.92
45697 2236453.58
45698 2192593.42
45699 2148962.75
45700 2105528.75
45701 2062276.75
45702 2019252.75
45703 1976473.75
45704 1933818.75
45705 1891289.58
45706 1849368.92
45707 1808220.25
45708 1767732.92
45709 1728007.25
45710 1688961.25
45711 1650348.25
45712 1612031.08
45713 1574334.75
45714 1537634.42
45715 1502509.75
45716 1468601.42
45717 1435644.75
45718 1404143.42
45719 1373913.42
45720 1344868.25
45721 1317364.08
45722 1291349.08
45723 1266479.25
45724 1242995.58
45725 1220869.42
45726 1200324.25
45727 1182092.92
45728 1166146.08
45729 1152692.67
45730 1142138.42
45731 1134949.75
45732 1130276.75
45733 1126762.92
45734 1124400.75
45735 1123221.25
45736 1123025.75
45737 1124175.25
45738 1126868.58
45739 1130880.75
45740 1136229.92
45741 1142907.75
45742 1151199.58
45743 1161481.92
45744 1173284.25
45745 1186691.58
45746 1201939.42
45747 1218390.92
45748 1236081.67
45749 1255189.00
45750 1275906.08
45751 1297982.08
45752 1321220.75
45753 1346026.75
45754 1372202.08
45755 1399268.25
45756 1427182.08
45757 1456064.92
45758 1486139.58
45759 1517389.08
45760 1549718.92
45761 1583023.58
45762 1617153.92
45763 1652335.08
45764 1688458.58
45765 1725188.08
45766 1762659.92
45767 1800968.58
45768 1840216.08
45769 1880380.92
45770 1921251.25
45771 1962660.25
45772 2004428.25
45773 2046713.17
45774 2089801.58
45775 2133422.25
45776 2177220.92
45777 2221288.08
45778 2265723.25
45779 2310394.25
45780 2355198.42
45781 2400169.08
45782 2445303.08
45783 2490692.92
45784 2536386.75
45785 2582291.25
45786 2628376.25
45787 2674617.75
45788 2720963.75
45789 2767417.58
45790 2814001.92
45791 4747939.28
45792 2233353.95
45793 2197378.62
45794 2161933.78
45795 2127158.28
45796 2093276.03
45797 2061656.20
45798 2032994.12
45799 2006532.78
45800 1981530.62
45801 1957559.95
45802 1934936.45
45803 1913753.12
45804 1894525.28
45805 1877246.62
45806 1861008.28
45807 1845729.62
45808 1831563.45
45809 1818495.95
45810 1806672.45
45811 1796265.95
45812 1788280.78
45813 1784017.28
45814 1782402.28
45815 1781766.28
45816 1782147.95
45817 1783636.95
45818 1786062.53
45819 1789612.45
45820 1794394.45
45821 1800939.62
45822 1809510.95
45823 1819779.12
45824 1831435.12
45825 1844245.62
45826 1858514.12
45827 1874133.12
45828 1890712.28
45829 1910399.12
45830 1932953.62
45831 1956259.45
45832 1980523.78
45833 2005536.95
45834 2031391.37
45835 2058374.28
45836 2086317.95
45837 2115060.78
45838 2145126.45
45839 2177267.28
45840 2211369.25
45841 2246771.38
45842 2283756.22
45843 2322269.22
45844 2361596.55
45845 2401365.38
45846 2441395.38
45847 2482168.30
45848 2524299.22
45849 2567650.05
45850 2611687.88
45851 2656117.38
45852 2700732.38
45853 2745468.88
45854 2790339.88
45855 2835297.88
45856 2880327.88
45857 2925664.38
45858 2971453.88
45859 3017463.38
45860 3063596.05
45861 3109953.72
45862 3156576.22
45863 3203344.22
45864 3250159.22
45865 3297165.72
45866 3344352.72
45867 3391571.72
45868 3438822.72
45869 3486105.72
45870 3533463.38
45871 3580936.55
45872 3628480.55
45873 3676052.55
45874 3723652.55
45875 3771280.55
45876 3818936.55
45877 3866620.55
45878 3914332.55
45879 3962072.55
45880 4009840.55
45881 4057636.55
45882 4105460.55
45883 4153312.55
45884 4201221.72
45885 4249278.05
45886 4297588.72
45887 4346073.72
45888 4394590.72
45889 4443136.88
45890 4491738.72
45891 4540395.38
45892 6444253.35
45893 2132871.38
45894 2091870.88
45895 2051557.38
45896 2012021.88
45897 1972947.22
45898 1935742.33
45899 1902010.12
45900 1870351.95
45901 1839563.78
45902 1810380.53
45903 1783386.45
45904 1757817.28
45905 1732703.78
45906 1708054.45
45907 1684078.28
45908 1661061.95
45909 1639096.78
45910 1617906.28
45911 1597312.62
45912 1577642.62
45913 1559151.95
45914 1541692.78
45915 1525405.62
45916 1510173.12
45917 1495958.95
45918 1482783.95
45919 1470617.12
45920 1459582.28
45921 1449302.62
45922 1440073.12
45923 1432268.95
45924 1425572.12
45925 1419860.12
45926 1415104.62
45927 1411722.28
45928 1410295.62
45929 1410845.62
45930 1413174.95
45931 1416934.78
45932 1421893.62
45933 1427805.62
45934 1434773.45
45935 1444798.45
45936 1458017.45
45937 1474971.95
45938 1496218.78
45939 1519327.62
45940 1543170.95
45941 1567696.78
45942 1593054.78
45943 1620269.95
45944 1649431.62
45945 1679501.28
45946 1710409.78
45947 1742749.45
45948 1777347.45
45949 1813530.95
45950 1850401.12
45951 1890160.28
45952 1932877.28
45953 1976093.78
45954 2019483.28
45955 2063023.28
45956 2106693.45
45957 2150491.62
45958 2194464.12
45959 2238657.12
45960 2283017.12
45961 2327537.28
45962 2372477.78
45963 2418063.95
45964 2464091.78
45965 2510266.78
45966 2556567.45
45967 2603052.12
45968 2649655.12
45969 2696342.12
45970 2743205.62
45971 2790213.62
45972 2837269.62
45973 2884496.62
45974 2931937.12
45975 2979464.12
45976 3027031.12
45977 3074638.12
45978 3122303.28
45979 3170044.45
45980 3217841.95
45981 3265675.95
45982 3313545.95
45983 3361525.28
45984 3409751.62
45985 3458222.12
45986 3506802.12
45987 3555415.12
45988 3604052.12
45989 3652786.62
45990 3701698.12
45991 3750711.12
45992 3799744.12
45993 3848797.12
45994 9808837.32
45995 6111013.78
45996 6065986.62
45997 6021677.95
45998 5977708.95
45999 5934070.45
46000 5890797.62
46001 5848012.95
46002 5805977.78
46003 5764649.45
46004 5723826.78
46005 5683399.28
46006 5643300.28
46007 5603782.78
46008 5564745.28
46009 5526211.12
46010 5488430.12
46011 5451438.12
46012 5415293.78
46013 5380119.28
46014 5350805.62
46015 5327686.12
46016 5306154.62
46017 5286986.53
46018 5271249.12
46019 5258148.95
46020 5246922.62
46021 5237566.28
46022 5229763.28
46023 5223304.95
46024 5218046.45
46025 6440040.12
46026 2774051.67
46027 2727262.17
46028 2680657.17
46029 2634144.17
46030 2587768.50
46031 2541620.33
46032 2495923.17
46033 2450710.00
46034 2405798.50
46035 2361214.00
46036 2317039.17
46037 2273263.83
46038 2229848.67
46039 2186989.00
46040 2145178.17
46041 2104276.67
46042 2063877.67
46043 2024681.17
46044 1987016.33
46045 1950265.17
46046 1914018.00
46047 1878484.50
46048 1844006.00
46049 1810497.83
46050 1778096.42
46051 1746911.17
46052 1716716.67
46053 1687504.67
46054 1659381.17
46055 1632318.17
46056 1606255.83
46057 1581374.67
46058 1557922.33
46059 1536100.67
46060 1515833.83
46061 1496864.17
46062 1479242.67
46063 1463433.75
46064 1449589.00
46065 1438592.33
46066 1430267.67
46067 1423035.67
46068 1417198.33
46069 1413252.67
46070 1411071.33
46071 1410198.83
46072 1410356.50
46073 1411861.67
46074 1414882.17
46075 1419111.00
46076 1424265.00
46077 1430259.00
46078 1437365.83
46079 1446486.33
46080 1457451.67
46081 1470532.17
46082 1485966.33
46083 1502722.17
46084 1520427.50
46085 1538911.00
46086 1558348.50
46087 1578825.33
46088 1600139.50
46089 1622520.17
46090 1646226.00
46091 1670894.75
46092 1696949.00
46093 1724536.67
46094 1753016.00
46095 1783090.83
46096 1815023.83
46097 1848083.33
46098 1881906.33
46099 1916629.33
46100 1952400.50
46101 1989363.17
46102 2027334.00
46103 2065974.00
46104 2105484.00
46105 3986745.13
46106 2361767.47
46107 2334189.80
46108 2307313.80
46109 2281718.63
46110 2258555.03
46111 2238164.43
46112 2219562.10
46113 2201979.27
46114 2185095.27
46115 2168897.77
46116 2153954.43
46117 2140384.60
46118 2128443.60
46119 2118318.43
46120 2109415.93
46121 2101722.35
46122 2095415.93
46123 2090968.43
46124 2088614.93
46125 2087737.10
46126 2089139.27
46127 2095585.77
46128 2107485.27
46129 2122790.77
46130 2140307.10
46131 2159246.60
46132 2179330.43
46133 2200608.93
46134 2222945.27
46135 2246536.27
46136 2271947.93
46137 2298982.27
46138 2327597.93
46139 2358226.93
46140 2390709.27
46141 2424590.93
46142 2459585.10
46143 2495838.43
46144 2533211.27
46145 2571337.27
46146 2609994.93
46147 2649128.10
46148 2688812.27
46149 2729082.10
46150 2770010.68
46151 2811603.43
46152 2853719.43
46153 2896143.10
46154 2938869.60
46155 2981879.02
46156 3025112.77
46157 3068593.27
46158 3112455.27
46159 3156857.27
46160 3201804.27
46161 3247118.60
46162 3292661.93
46163 3338412.77
46164 7552030.05
46165 5603962.15
46166 5600112.48
46167 5597297.15
46168 5595841.82
46169 5596245.98
46170 5597956.32
46171 5600482.15
46172 5603786.48
46173 5608450.32
46174 5614952.07
46175 5623454.98
46176 5634481.32
46177 5647790.82
46178 5662851.48
46179 5679468.32
46180 5697319.82
46181 5716296.65
46182 5736646.48
46183 5758345.15
46184 5780996.48
46185 5804232.48
46186 5828010.98
46187 5852600.15
46188 5878189.48
46189 5904698.15
46190 5931969.98
46191 5960082.32
46192 5989402.32
46193 6020094.98
46194 6052151.32
46195 14478935.05
46196 16652661.33
46197 9297872.15
46198 9288738.32
46199 9283660.32
46200 9279854.82
46201 9277684.15
46202 9278095.82
46203 9281097.15
46204 9287165.48
46205 9296678.82
46206 9308799.65
46207 9322939.65
46208 9339180.15
46209 9357623.48
46210 9377676.15
46211 9399559.65
46212 9424096.15
46213 14274762.33
46214 12538035.17
46215 12562475.83
46216 12588010.00
46217 12614706.17
46218 12642224.17
46219 12670641.67
46220 12699941.50
46221 12729847.33
46222 12760400.00
46223 12791619.83
46224 12824121.67
46225 12857967.17
46226 12892457.67
46227 12927844.00
46228 12964593.67
46229 13002702.83
46230 13042253.33
46231 13082937.50
46232 13124091.00
46233 13165570.50
46234 35378876.25
46235 24322007.50
46236 24283656.33
46237 24245858.67
46238 24208640.00
46239 24172745.83
46240 24138008.50
46241 24103781.33
46242 24070062.00
46243 24037036.00
46244 24005123.67
46245 23974018.33
46246 23943262.17
46247 23912840.67
46248 23882859.83
46249 23853339.00
46250 23824280.50
46251 23795825.33
46252 23767936.50
46253 23740920.67
46254 23715408.83
46255 23691621.83
46256 28544203.38
46257 11676966.47
46258 11647855.80
46259 11620027.13
46260 11592927.63
46261 11566476.80
46262 11540626.63
46263 11515322.47
46264 11490751.13
46265 11467317.13
46266 11445317.13
46267 11424740.97
46268 11405355.63
46269 11387066.97
46270 11369765.80
46271 11353411.63
46272 11338261.97
46273 11324648.80
46274 11313403.97
46275 11304253.30
46276 11296440.63
46277 14213099.97
46278 9596689.30
46279 9588932.13
46280 9582643.97
46281 9577573.97
46282 9573900.97
46283 9572029.47
46284 9571895.80
46285 9573095.13
46286 9577083.80
46287 9584102.47
46288 9592436.97
46289 9601794.13
46290 9612342.47
46291 9624301.47
46292 9637794.63
46293 9652574.63
46294 9668581.80
46295 9686150.80
46296 9705162.30
46297 9725073.47
46298 9745688.13
46299 9767036.63
46300 9789089.80
46301 9812362.13
46302 9837307.80
46303 9863407.22
46304 9890362.63
46305 9918185.30
46306 9946693.30
46307 9975975.97
46308 10006306.97
46309 10037626.47
46310 10069903.47
46311 10103219.47
46312 10137274.30
46313 10171790.47
46314 10206736.97
46315 10242241.13
46316 10278495.97
46317 10315501.97
46318 10353100.30
46319 10391294.47
46320 10430096.63
46321 10469381.63
46322 10509173.80
46323 10549483.13
46324 10590206.97
46325 14748239.13
46326 4372649.67
46327 4324015.67
46328 4275470.67
46329 4226949.67
46330 4178452.67
46331 4129979.67
46332 4081530.67
46333 4033301.17
46334 3985347.17
46335 3937481.17
46336 3890020.67
46337 3842990.67
46338 3796037.67
46339 3749193.00
46340 3702563.75
46341 3656172.00
46342 3609938.25
46343 3564010.83
46344 3518429.83
46345 3473006.00
46346 3427829.67
46347 3382977.83
46348 3338319.67
46349 3293837.00
46350 3249759.33
46351 3206359.83
46352 3163471.33
46353 3120806.17
46354 3078418.50
46355 3036408.17
46356 2994875.83
46357 2953811.33
46358 2913060.00
46359 2872586.50
46360 2832433.67
46361 2792593.00
46362 2753148.00
46363 2714441.17
46364 2676558.00
46365 2639205.50
46366 2602603.50
46367 2567170.33
46368 2532819.83
46369 2499630.50
46370 2467847.67
46371 2437509.33
46372 2408309.67
46373 2380233.00
46374 2353560.50
46375 2328522.33
46376 2305796.00
46377 2284857.00
46378 2264776.17
46379 2245875.58
46380 2228682.00
46381 2213795.67
46382 2200787.83
46383 2189894.33
46384 2181704.83
46385 2175699.17
46386 2171959.33
46387 2170132.17
46388 2169557.33
46389 2170394.67
46390 2172861.00
46391 2176746.83
46392 2182049.00
46393 2188477.33
46394 2195625.67
46395 2203848.83
46396 2213606.83
46397 2224627.08
46398 2236866.25
46399 2250740.50
46400 2265867.50
46401 2282292.17
46402 2300100.67
46403 2318900.17
46404 2338589.00
46405 2359181.50
46406 2380729.50
46407 2403172.83
46408 2426528.83
46409 2451080.67
46410 2477236.67
46411 2504870.67
46412 2533592.17
46413 2563246.17
46414 2593640.17
46415 2624643.00
46416 2656228.00
46417 2688295.17
46418 4740955.58
46419 2489431.08
46420 2447822.25
46421 2406754.25
46422 2366382.08
46423 2326837.83
46424 2288466.58
46425 2251283.83
46426 2214954.75
46427 2179233.00
46428 2143911.25
46429 2108961.58
46430 2074498.58
46431 2040588.58
46432 2007891.75
46433 1976486.92
46434 1945737.92
46435 1915822.75
46436 1886986.75
46437 1859240.42
46438 1832944.75
46439 1808090.75
46440 1784355.75
46441 1761645.08
46442 1739711.58
46443 1718621.42
46444 1698490.75
46445 1679240.08
46446 1661011.25
46447 1644022.75
46448 1629069.50
46449 1616430.75
46450 1605420.25
46451 1595682.25
46452 1587106.92
46453 1580434.42
46454 1576153.92
46455 1573711.75
46456 1573163.25
46457 1575113.08
46458 1578779.25
46459 1583358.75
46460 1589169.58
46461 1596160.08
46462 1604777.75
46463 1616136.58
46464 1630887.17
46465 1648508.08
46466 1668083.75
46467 1689149.08
46468 1711383.08
46469 1734897.75
46470 1760572.92
46471 1788071.58
46472 1816553.92
46473 1846225.08
46474 1876933.75
46475 1908581.58
46476 1941149.17
46477 1974521.25
46478 2008564.75
46479 2043227.58
46480 2078403.25
46481 2114246.58
46482 2150997.42
46483 2188642.58
46484 2226982.75
46485 2265881.25
46486 2305315.92
46487 2345217.42
46488 2385617.25
46489 2426383.92
46490 2467419.08
46491 2508859.92
46492 2550822.92
46493 2593391.42
46494 2636583.25
46495 2680212.75
46496 2724059.75
46497 2768237.58
46498 2812755.92
46499 2857456.58
46500 2902519.42
46501 2948062.25
46502 2993936.42
46503 6931535.07
46504 3968080.65
46505 3918717.65
46506 3869362.65
46507 3820015.65
46508 3770676.65
46509 3721345.65
46510 3672022.65
46511 3622707.65
46512 3573400.65
46513 3524101.65
46514 3474810.65
46515 3425527.65
46516 3376252.65
46517 3326985.65
46518 3277726.65
46519 3228475.65
46520 3179232.65
46521 3129997.65
46522 3080770.65
46523 3031628.82
46524 2982695.32
46525 2933940.15
46526 2885244.15
46527 2836564.15
46528 2787900.15
46529 2739623.15
46530 2691790.15
46531 2644043.15
46532 2596338.15
46533 2548675.15
46534 2501054.15
46535 2453566.15
46536 2406230.15
46537 2358959.15
46538 2312164.90
46539 2266466.98
46540 2221592.32
46541 2176947.15
46542 2132463.65
46543 2088236.98
46544 2044307.15
46545 2000865.65
46546 1958030.32
46547 1915718.48
46548 1873836.65
46549 1832287.15
46550 1791078.48
46551 1750296.15
46552 1710334.82
46553 1671189.98
46554 1632840.65
46555 1595395.57
46556 1558814.98
46557 1523464.32
46558 1489165.32
46559 1455972.15
46560 1424159.15
46561 1393351.98
46562 1363367.32
46563 1334550.20
46564 1306898.42
46565 1280351.92
46566 1255512.58
46567 1232473.25
46568 1210579.25
46569 1189440.08
46570 1169697.50
46571 1151957.25
46572 1135520.08
46573 1119717.58
46574 1104733.92
46575 1091453.25
46576 1080023.75
46577 1069688.92
46578 1060594.92
46579 1053762.42
46580 1049210.08
46581 1046244.25
46582 1044827.75
46583 1045368.75
46584 1048705.25
46585 1054671.25
46586 1062315.42
46587 1071206.25
46588 1081523.92
46589 1094093.75
46590 1108488.92
46591 1123729.58
46592 1140171.75
46593 1158388.92
46594 1178514.08
46595 1200382.08
46596 1223423.08
46597 1247244.08
46598 1272187.92
46599 1298503.42
46600 1325974.75
46601 1354348.42
46602 1383940.42
46603 1415383.42
46604 1448534.58
46605 1482468.42
46606 1516854.42
46607 1551802.42
46608 1587194.08
46609 1623293.50
46610 1660494.58
46611 1698624.42
46612 1737342.75
46613 1776512.08
46614 1816132.08
46615 1856129.08
46616 1896396.42
46617 1937230.25
46618 1978819.75
46619 2021177.72
46620 2064262.18
46621 4343953.20
46622 3195176.98
46623 3194506.32
46624 3195618.57
46625 3200161.98
46626 3209311.48
46627 3221767.23
46628 3236440.32
46629 3253231.48
46630 3271584.65
46631 3290992.55
46632 3311721.62
46633 3334007.95
46634 3358026.45
46635 3383549.78
46636 3410188.45
46637 3438048.62
46638 3467649.28
46639 3498704.78
46640 3530503.12
46641 3563153.28
46642 3596494.12
46643 3630403.78
46644 3664841.28
46645 3699774.12
46646 3735398.45
46647 3771600.78
46648 3808128.45
46649 3844965.62
46650 3882062.78
46651 3919395.45
46652 3956968.95
46653 3994814.53
46654 4033389.45
46655 4072882.45
46656 4113179.62
46657 4154143.95
46658 4196175.12
46659 4239660.12
46660 4283898.62
46661 4328461.62
46662 4373369.95
46663 4418702.12
46664 4464580.28
46665 4510930.62
46666 4557509.28
46667 4604304.28
46668 4651312.78
46669 4698563.28
46670 4746179.28
46671 4793999.78
46672 4841856.78
46673 4889745.78
46674 4937666.78
46675 4985619.78
46676 5033604.78
46677 5081631.78
46678 5129776.78
46679 5178025.78
46680 5226354.95
46681 5274828.28
46682 5323396.45
46683 5371991.45
46684 5420602.45
46685 5469229.45
46686 5517872.45
46687 5566531.45
46688 5615206.45
46689 5663897.45
46690 5712604.45
46691 5761327.45
46692 5810066.45
46693 5858821.45
46694 5907592.45
46695 26236236.62
46696 23122995.27
46697 23129164.93
46698 23136956.60
46699 23145730.77
46700 23155448.10
46701 23166106.27
46702 25011621.67
46703 3386508.32
46704 3338678.98
46705 3290972.98
46706 3243403.82
46707 3196013.15
46708 3148764.48
46709 3101581.48
46710 3054470.32
46711 3007519.82
46712 2960923.98
46713 2914786.82
46714 2869012.98
46715 2823548.23
46716 2778522.82
46717 2733969.48
46718 2690222.65
46719 2647306.98
46720 2604892.15
46721 2563040.48
46722 2521674.15
46723 2480640.48
46724 2440037.32
46725 2399943.98
46726 2360326.32
46727 2321143.82
46728 2282415.23
46729 2244579.15
46730 2207840.48
46731 2171985.98
46732 2136824.98
46733 2102215.65
46734 2068089.32
46735 2034467.32
46736 2001398.32
46737 1969613.98
46738 1939710.15
46739 1911465.15
46740 1884380.48
46741 1858185.98
46742 1832895.82
46743 1808795.82
46744 1786276.73
46745 1765319.48
46746 1745899.65
46747 1728050.32
46748 1712221.65
46749 1698944.98
46750 1688835.98
46751 1681701.15
46752 1676229.15
46753 1671851.65
46754 1668989.82
46755 1668426.98
46756 1669883.15
46757 1672385.65
46758 1676269.73
46759 1682435.48
46760 1691142.15
46761 1701613.48
46762 1713295.82
46763 1726420.98
46764 1740725.65
46765 1756063.98
46766 1773215.32
46767 1792821.82
46768 1814269.32
46769 1836948.32
46770 1860931.98
46771 1886104.15
46772 1912209.15
46773 1939167.48
46774 1967069.98
46775 1996101.73
46776 2026275.48
46777 2057241.15
46778 2089015.82
46779 2121991.82
46780 2156300.82
46781 2191824.65
46782 2228422.65
46783 2266030.65
46784 2304434.82
46785 2343487.48
46786 2383110.48
46787 2423310.32
46788 2464175.82
46789 2505602.48
46790 8180310.90
46791 6644242.75
46792 6634847.42
46793 6627082.25
46794 6621247.67
46795 6617756.50
46796 6616506.17
46797 6617458.58
46798 6620567.08
46799 6625298.58
46800 6632793.92
46801 6643730.75
46802 6657307.42
46803 6673033.75
46804 6690798.75
46805 6710667.75
46806 6732425.42
46807 6755559.58
46808 6780513.25
46809 6807322.92
46810 6835293.42
46811 10500805.08
46812 9307227.00
46813 9322071.00
46814 9338301.00
46815 9355652.83
46816 9374522.33
46817 9395029.50
46818 9417393.17
46819 9442238.92
46820 9469446.17
46821 12847895.80
46822 4214922.88
46823 4173773.55
46824 4132924.88
46825 4092323.38
46826 4051948.88
46827 4011966.38
46828 3972794.55
46829 3934456.05
46830 3896732.22
46831 3859767.88
46832 3823799.38
46833 3788629.88
46834 3754272.55
46835 3720691.72
46836 3687620.05
46837 3655185.55
46838 3623399.72
46839 3592655.22
46840 3563455.55
46841 3535729.05
46842 3509271.55
46843 3483643.05
46844 3458786.55
46845 3435712.13
46846 3415022.72
46847 3396125.55
46848 3378241.22
46849 3361234.72
46850 3345110.55
46851 3329679.05
46852 3314966.38
46853 3302008.72
46854 3291625.05
46855 3282739.55
46856 3275332.05
46857 3270246.38
46858 3267198.72
46859 3266558.88
46860 3268223.22
46861 3271634.22
46862 3277540.80
46863 3285878.55
46864 3295807.38
46865 3307044.22
46866 3319613.72
46867 3333714.88
46868 3349183.72
46869 3365858.38
46870 3383918.88
46871 3403233.55
46872 3424594.05
46873 3449949.72
46874 6901663.55
46875 5705227.57
46876 5706519.40
46877 5709395.23
46878 5713912.23
46879 5720286.40
46880 5728544.32
46881 5738805.90
46882 5750655.23
46883 5763643.57
46884 5777920.82
46885 5794781.90
46886 5814839.40
46887 5837411.07
46888 5861986.90
46889 5887938.57
46890 5914886.57
46891 5942615.40
46892 5971230.73
46893 6000970.23
46894 6031812.40
46895 6063988.07
46896 6097386.57
46897 8749536.55
46898 3220304.23
46899 3173080.90
46900 3126114.57
46901 3079297.73
46902 3032573.40
46903 2985909.07
46904 2939504.73
46905 2893550.90
46906 2847926.90
46907 2802537.73
46908 2757372.23
46909 2712396.40
46910 2667887.07
46911 2624159.90
46912 2581161.23
46913 2538567.73
46914 2496251.07
46915 2454299.57
46916 2412682.73
46917 2371355.73
46918 2330555.90
46919 2290577.57
46920 2251885.57
46921 2214595.57
46922 2178157.23
46923 2142304.57
46924 2106981.07
46925 2072162.90
46926 2037725.90
46927 2003659.48
46928 1970233.90
46929 1937701.90
46930 1906072.98
46931 1875436.57
46932 1845967.40
46933 1817619.40
46934 1790732.73
46935 1765509.07
46936 1741329.57
46937 1717861.23
46938 1696043.57
46939 1677125.07
46940 1660518.73
46941 1645491.23
46942 1632184.90
46943 1620192.90
46944 1609560.23
46945 1600367.90
46946 1593117.57
46947 1589180.23
46948 1588266.90
46949 1589106.07
46950 1591288.07
46951 1594790.23
46952 1599640.40
46953 1605758.23
46954 1613094.40
46955 1621721.90
46956 1631517.40
46957 1642326.23
46958 1654106.82
46959 1667056.90
46960 1681250.90
46961 1696484.50
46962 1712864.43
46963 1730380.27
46964 1748880.27
46965 1768230.43
46966 1788767.77
46967 1810705.60
46968 1833645.60
46969 1857503.27
46970 1882900.43
46971 1909952.77
46972 1938278.43
46973 1967957.18
46974 1999117.60
46975 2031495.60
46976 2064556.60
46977 2098386.43
46978 2133047.60
46979 2168503.60
46980 2204840.10
46981 2241837.77
46982 2279300.77
46983 2317405.60
46984 3310232.85
46985 1340531.17
46986 1312675.50
46987 1285940.00
46988 1260554.83
46989 1236342.83
46990 1212767.17
46991 1189733.17
46992 1167562.50
46993 1146693.50
46994 1126928.33
46995 1108421.50
46996 1091389.33
46997 1075405.50
46998 1060376.17
46999 1046724.67
47000 1034738.67
47001 1024333.33
47002 1017281.50
47003 1020411.33
47004 1031551.00
47005 1046905.00
47006 1066871.67
47007 1088150.00
47008 1110613.83
47009 1134728.50
47010 1160298.83
47011 1186888.33
47012 1214534.83
47013 1243646.17
47014 1275045.58
47015 1308823.17
47016 1343846.00
47017 1379243.50
47018 1415047.17
47019 1451338.33
47020 1488228.33
47021 1525958.33
47022 1564783.67
47023 1606176.33
47024 1649904.00
47025 1694221.00
47026 1739075.00
47027 1784538.08
47028 1830417.00
47029 1876501.83
47030 1922753.00
47031 1969287.50
47032 2016057.50
47033 2062879.50
47034 2109753.50
47035 2156839.33
47036 2204406.83
47037 2252402.17
47038 2300585.00
47039 2349130.67
47040 2398039.67
47041 2447012.67
47042 2496001.67
47043 2545044.17
47044 2594223.67
47045 2643547.33
47046 2693000.00
47047 2742542.00
47048 2792099.00
47049 2841660.00
47050 2891225.00
47051 2940794.00
47052 2990367.00
47053 3039944.00
47054 3089525.00
47055 3139110.00
47056 3188699.00
47057 3238292.00
47058 3287889.00
47059 3337490.00
47060 3387095.00
47061 3436704.00
47062 3486317.00
47063 3535934.00
47064 10028937.17
47065 6421942.67
47066 6372251.67
47067 6322560.67
47068 6272869.67
47069 6223178.67
47070 6173487.67
47071 6123796.67
47072 6074105.67
47073 6024414.67
47074 5974723.67
47075 5925032.67
47076 5875341.67
47077 5825650.67
47078 5775959.67
47079 5726268.67
47080 5676577.67
47081 5626886.67
47082 5577195.67
47083 5527504.67
47084 5477813.67
47085 5428122.67
47086 5378431.67
47087 5328740.67
47088 5279049.67
47089 5229358.67
47090 5179667.67
47091 5129976.67
47092 5080285.67
47093 5030594.67
47094 4980903.67
47095 4931212.67
47096 4881521.67
47097 4831830.67
47098 4782139.67
47099 4732448.67
47100 4682757.67
47101 4633066.67
47102 4583375.67
47103 4533684.67
47104 4483993.67
47105 4434302.67
47106 4384611.67
47107 4334920.67
47108 4285229.67
47109 4235538.67
47110 4185847.67
47111 4136156.67
47112 4086465.67
47113 4036774.67
47114 3987083.67
47115 3937392.67
47116 3887701.67
47117 3838010.67
47118 3788319.67
47119 3738628.67
47120 3688937.67
47121 3639246.67
47122 3589555.67
47123 3539864.67
47124 3490173.67
47125 3440482.67
47126 3390791.67
47127 3341100.67
47128 3291409.67
47129 3241718.67
47130 3192027.67
47131 3142336.67
47132 3092645.67
47133 3042954.67
47134 2993263.67
47135 2943572.67
47136 2893881.67
47137 2844190.67
47138 2794499.67
47139 2744808.67
47140 2695117.67
47141 2645426.67
47142 2595735.67
47143 2546044.67
47144 2496353.67
47145 2446662.67
47146 2396971.67
47147 2347280.67
47148 2297589.67
47149 2247898.67
47150 2198207.67
47151 2148516.67
47152 2098825.67
47153 2050441.17
47154 2003389.17
47155 1956495.67
47156 1909946.67
47157 1863639.67
47158 1817392.67
47159 1771261.67
47160 1725248.67
47161 1679299.67
47162 1633414.67
47163 1588101.83
47164 1543519.83
47165 1499361.50
47166 1455808.17
47167 1412943.50
47168 1370488.83
47169 1328324.42
47170 1286596.17
47171 1245237.33
47172 1204165.50
47173 1163477.67
47174 1123310.83
47175 1085169.17
47176 1049072.50
47177 1013609.83
47178 978710.33
47179 944522.00
47180 911248.00
47181 880083.50
47182 850835.50
47183 822339.67
47184 794859.58
47185 768601.50
47186 743658.17
47187 719905.25
47188 697960.50
47189 677739.50
47190 658891.83
47191 641240.67
47192 624579.33
47193 611761.33
47194 602989.33
47195 595939.83
47196 594635.83
47197 599261.00
47198 605841.83
47199 613792.17
47200 622739.00
47201 633534.67
47202 647068.67
47203 662960.83
47204 680501.00
47205 699049.08
47206 718749.83
47207 740355.17
47208 763682.33
47209 788787.83
47210 816305.00
47211 847435.33
47212 884509.67
47213 925471.33
47214 966904.33
47215 1009596.50
47216 1056104.33
47217 1105411.33
47218 1154781.83
47219 1204342.33
47220 1254033.33
47221 1303724.33
47222 1353415.33
47223 1403106.33
47224 1452797.33
47225 1502488.33
47226 1552179.33
47227 1601870.33
47228 1651561.33
47229 1701252.33
47230 1750943.33
47231 1800634.33
47232 1850325.33
47233 1900016.33
47234 1949707.33
47235 1999398.33
47236 2049089.33
47237 2098780.33
47238 2148471.33
47239 2198162.33
47240 2247853.33
47241 2297544.33
47242 2347235.33
47243 2396926.33
47244 2446617.33
47245 2496308.33
47246 2545999.33
47247 2595690.33
47248 2645381.33
47249 2695072.33
47250 2744763.33
47251 2794454.33
47252 2844145.33
47253 2893836.33
47254 2943527.33
47255 2993218.33
47256 3042909.33
47257 3092600.33
47258 3142291.33
47259 3191982.33
47260 3241673.33
47261 3291364.33
47262 3341055.33
47263 3390746.33
47264 3440437.33
47265 3490128.33
47266 3539819.33
47267 3589510.33
47268 3639201.33
47269 3688892.33
47270 3738583.33
47271 3788274.33
47272 3837965.33
47273 3887656.33
47274 3937347.33
47275 3987038.33
47276 4036729.33
47277 4086420.33
47278 4136111.33
47279 4185802.33
47280 4235493.33
47281 4285184.33
47282 4334875.33
47283 4384566.33
47284 4434257.33
47285 4483948.33
47286 4533639.33
47287 4583330.33
47288 4633021.33
47289 4682712.33
47290 4732403.33
47291 4782094.33
47292 4831785.33
47293 4881476.33
47294 4931167.33
47295 4980858.33
47296 5030549.33
47297 5080240.33
47298 5129931.33
47299 5179622.33
47300 5229313.33
47301 5279004.33
47302 5328695.33
47303 5378386.33
47304 5428077.33
47305 5477768.33
47306 5527459.33
47307 19044999.88
47308 17304103.22
47309 20064219.22
47310 3618138.50
47311 3569094.50
47312 3520074.50
47313 3471113.50
47314 3422213.50
47315 3373341.50
47316 3324528.00
47317 3275840.00
47318 3227249.00
47319 3178781.00
47320 3130486.00
47321 3082277.00
47322 3034108.00
47323 2985979.00
47324 2937972.17
47325 2890317.00
47326 2843441.17
47327 2797136.17
47328 2750913.17
47329 2704919.67
47330 2659298.17
47331 2613977.67
47332 2568822.17
47333 2523807.00
47334 2479000.33
47335 2434379.17
47336 2389897.00
47337 2345624.33
47338 2301744.67
47339 2258194.67
47340 2214864.17
47341 2171843.67
47342 2129205.67
47343 2087020.17
47344 2045244.33
47345 2003838.67
47346 1962819.33
47347 1922352.33
47348 1882386.67
47349 1842734.00
47350 1803489.67
47351 1764749.33
47352 1726411.83
47353 1688463.50
47354 1651107.67
47355 1614483.67
47356 1578640.00
47357 1543798.33
47358 1509961.17
47359 1476970.33
47360 1445238.67
47361 1414492.67
47362 1384115.00
47363 1354228.17
47364 1325019.00
47365 1296498.83
47366 1268973.17
47367 1242606.67
47368 1217252.75
47369 1193043.50
47370 1170151.50
47371 1148462.67
47372 1127779.33
47373 1108079.83
47374 1089685.33
47375 1072901.17
47376 1057882.33
47377 1045185.42
47378 1035057.50
47379 1029001.83
47380 1026387.17
47381 1024831.00
47382 1024111.25
47383 1024411.00
47384 1026206.50
47385 1029876.00
47386 1035606.50
47387 1042985.00
47388 1051593.50
47389 1061606.33
47390 1073776.33
47391 1087774.33
47392 1103051.50
47393 1120895.17
47394 1141312.83
47395 1162946.83
47396 1185365.08
47397 1208448.83
47398 1232047.00
47399 1256550.00
47400 1282335.33
47401 1310021.17
47402 1340260.00
47403 1372574.83
47404 1406179.33
47405 1440697.17
47406 1475772.67
47407 1511261.17
47408 1547310.33
47409 1583839.00
47410 1621025.17
47411 1659163.33
47412 1698502.33
47413 1738899.50
47414 1780002.67
47415 1821619.17
47416 1864584.17
47417 1908810.17
47418 1953228.17
47419 1997990.17
47420 2043017.67
47421 2088122.67
47422 2133295.67
47423 2178536.67
47424 2223845.67
47425 2269222.67
47426 2314667.67
47427 2360180.67
47428 2405761.67
47429 2451457.00
47430 2497363.33
47431 2543483.83
47432 2589721.83
47433 2636105.83
47434 2682993.33
47435 2730591.25
47436 2778844.83
47437 2827514.50
47438 2876273.50
47439 2925052.50
47440 2973851.50
47441 3022670.50
47442 3071523.17
47443 3120421.33
47444 3169349.33
47445 3218293.33
47446 3267361.33
47447 6847987.67
47448 3849683.08
47449 3812978.67
47450 3777232.75
47451 3742107.75
47452 3707524.08
47453 3673643.75
47454 3641229.92
47455 3610816.08
47456 3582481.33
47457 3556178.67
47458 3531659.25
47459 3508400.08
47460 3486339.75
47461 3465898.67
47462 3447405.25
47463 3431344.92
47464 3417569.75
47465 3405431.42
47466 3394424.42
47467 3384613.58
47468 3376675.75
47469 3370831.17
47470 3367126.25
47471 3365882.92
47472 3366693.92
47473 3369032.25
47474 3372866.00
47475 3378115.25
47476 3384722.92
47477 3392883.58
47478 3402513.58
47479 3413369.42
47480 3425406.58
47481 3438787.58
47482 3453616.58
47483 3470236.75
47484 3488887.75
47485 3509320.58
47486 3531182.58
47487 3554053.08
47488 3577856.42
47489 3602936.75
47490 3629201.33
47491 3656252.25
47492 3683955.42
47493 3712822.92
47494 3742990.75
47495 3773933.25
47496 3805723.58
47497 3838439.42
47498 3871810.08
47499 3905552.75
47500 3939678.92
47501 3974760.08
47502 4011143.92
47503 4048303.42
47504 4085844.08
47505 4123801.75
47506 4162509.92
47507 4202084.25
47508 4242146.92
47509 4282432.58
47510 4322962.92
47511 4363758.42
47512 11839641.10
47513 8172894.43
47514 8127858.10
47515 8083003.93
47516 8038374.27
47517 7993991.93
47518 7949983.10
47519 7906599.77
47520 7863852.27
47521 7821642.43
47522 7780036.60
47523 7738941.77
47524 7698444.43
47525 7658568.43
47526 7619309.85
47527 7581083.93
47528 7544003.10
47529 7507927.10
47530 7472818.60
47531 7438471.10
47532 7404609.93
47533 7371305.77
47534 7338978.02
47535 8099678.77
47536 2214700.92
47537 2174590.75
47538 2136244.08
47539 2098577.25
47540 2061352.08
47541 2024586.42
47542 1988799.58
47543 1954311.75
47544 1920846.25
47545 1888159.08
47546 1855995.58
47547 1825283.92
47548 1796402.42
47549 1768797.92
47550 1742285.25
47551 1716389.42
47552 1691422.42
47553 1667950.25
47554 1646183.75
47555 1625822.25
47556 1606361.92
47557 1587776.42
47558 1570019.25
47559 1552867.42
47560 1536365.75
47561 1520864.42
47562 1506849.42
47563 1495318.08
47564 1486602.58
47565 1481135.25
47566 1478191.17
47567 1476269.08
47568 1478635.25
47569 1486975.08
47570 1499681.83
47571 1515783.75
47572 1534592.58
47573 1555598.08
47574 1577921.92
47575 1601046.42
47576 1625529.42
47577 1651991.25
47578 1680086.08
47579 1710176.25
47580 1741944.92
47581 1774764.25
47582 1808885.58
47583 1844113.08
47584 1879993.58
47585 1916410.75
47586 1953615.25
47587 1991852.42
47588 2030869.42
47589 2070679.58
47590 2111505.42
47591 2153246.08
47592 2195791.58
47593 2238826.25
47594 2282019.75
47595 2325805.25
47596 2370305.25
47597 2415346.92
47598 2460974.58
47599 2506953.58
47600 2553122.58
47601 2599508.08
47602 2646360.08
47603 2693571.25
47604 16379275.18
47605 14921031.93
47606 14921888.85
47607 14924208.60
47608 14928181.27
47609 14933918.93
47610 14941343.27
47611 14950516.43
47612 14960923.93
47613 14972364.27
47614 14985007.60
47615 14998684.60
47616 15013418.60
47617 15029444.10
47618 22026219.38
47619 17927063.30
47620 17927083.30
47621 17928090.80
47622 21509620.72
47623 6550827.83
47624 6501239.83
47625 6451651.83
47626 6402063.83
47627 6352475.83
47628 6302887.83
47629 6253299.83
47630 6203711.83
47631 6154123.83
47632 6104535.83
47633 6054947.83
47634 6005359.83
47635 5955771.83
47636 5906183.83
47637 5856595.83
47638 5807007.83
47639 5757419.83
47640 5707831.83
47641 5658243.83
47642 5608655.83
47643 5559067.83
47644 5509479.83
47645 5459891.83
47646 5410303.83
47647 5360715.83
47648 5311127.83
47649 5261539.83
47650 5211951.83
47651 5162363.83
47652 5112775.83
47653 5063187.83
47654 5013613.17
47655 4964116.33
47656 4914736.17
47657 4865410.17
47658 4816113.00
47659 4766909.67
47660 4717818.50
47661 4668778.50
47662 4619750.50
47663 4570734.50
47664 4521730.50
47665 4472738.50
47666 4423758.50
47667 4374790.50
47668 4325834.50
47669 4276890.50
47670 4227958.50
47671 4179038.50
47672 4130130.50
47673 4081239.00
47674 4032399.00
47675 3983608.00
47676 3934833.00
47677 3886074.00
47678 3837331.00
47679 3788604.00
47680 3739893.00
47681 3691262.50
47682 3642714.50
47683 3594186.50
47684 3545678.50
47685 3497190.50
47686 3448722.50
47687 3400274.50
47688 3351846.50
47689 3303438.50
47690 3255050.50
47691 3206682.50
47692 3158449.50
47693 3110505.33
47694 3062741.00
47695 3015073.00
47696 2967646.67
47697 2920502.00
47698 2873606.00
47699 2826915.17
47700 2780492.67
47701 2734364.17
47702 2688418.17
47703 2642595.17
47704 2596925.67
47705 2551406.67
47706 2505967.67
47707 2460612.50
47708 2415384.33
47709 2370383.67
47710 2325661.17
47711 2281143.33
47712 2236809.83
47713 2192655.33
47714 2148674.83
47715 2104995.17
47716 2061674.00
47717 2018670.67
47718 1975950.83
47719 1933645.83
47720 1891870.17
47721 1850516.33
47722 1809549.50
47723 1769384.83
47724 1730323.67
47725 1691939.00
47726 1653909.50
47727 1616192.83
47728 1578784.83
47729 1541956.58
47730 1506084.58
47731 1471231.83
47732 1437232.50
47733 1403865.33
47734 1370990.00
47735 1338675.33
47736 1307109.33
47737 1276699.67
47738 1247997.17
47739 1221549.17
47740 1196726.50
47741 1172580.83
47742 1149589.67
47743 1128063.67
47744 1107639.83
47745 1087963.17
47746 1068898.50
47747 1051864.75
47748 1038322.75
47749 1027437.50
47750 1018552.75
47751 1011923.67
47752 1007207.67
47753 1004462.00
47754 1003610.00
47755 1004336.67
47756 1006946.50
47757 1011258.50
47758 1016849.50
47759 1023951.33
47760 1032982.83
47761 1043673.92
47762 1056113.83
47763 1070428.17
47764 1086134.33
47765 1102966.83
47766 1120702.00
47767 1139344.83
47768 1158926.67
47769 1179339.17
47770 1200802.17
47771 1223562.50
47772 1247726.83
47773 1273356.33
47774 1300087.17
47775 1327442.33
47776 1355348.67
47777 1384043.00
47778 1413895.67
47779 1444977.33
47780 1477042.83
47781 1510068.00
47782 1543832.67
47783 1578092.50
47784 1612920.17
47785 1648468.33
47786 1684819.33
47787 1722178.17
47788 1760583.17
47789 1799892.00
47790 1840106.33
47791 1880922.00
47792 1922256.50
47793 1964368.17
47794 2007019.17
47795 2049919.17
47796 2093203.67
47797 2136960.17
47798 2181032.17
47799 2225350.50
47800 2269925.83
47801 2314729.50
47802 2359723.83
47803 2404974.17
47804 2450595.50
47805 2496441.50
47806 2542371.50
47807 2588428.33
47808 2634661.50
47809 2681540.50
47810 2729135.67
47811 2776943.17
47812 2824823.67
47813 2872773.67
47814 2920790.67
47815 2969226.17
47816 3018070.17
47817 3066934.17
47818 3115833.33
47819 3164781.00
47820 3213760.00
47821 3262755.17
47822 3311792.17
47823 3360893.50
47824 3410062.33
47825 3459303.17
47826 3508581.17
47827 3557863.17
47828 3607224.17
47829 3656737.17
47830 3706325.17
47831 3755913.17
47832 3805501.17
47833 3855089.17
47834 3904677.17
47835 3954265.17
47836 4003853.17
47837 4053441.17
47838 4103029.17
47839 4152617.17
47840 4202205.17
47841 4251793.17
47842 4301381.17
47843 4350969.17
47844 4400557.17
47845 4450145.17
47846 4499733.17
47847 4549321.17
47848 4598909.17
47849 4648497.17
47850 4698085.17
47851 4747673.17
47852 4797261.17
47853 4846849.17
47854 4896437.17
47855 4946025.17
47856 4995613.17
47857 5045201.17
47858 5094789.17
47859 5144377.17
47860 7686166.32
47861 2854371.15
47862 2813537.82
47863 2774005.48
47864 2735056.32
47865 2697241.65
47866 2660821.15
47867 2625306.48
47868 2590442.32
47869 2556242.48
47870 2522754.48
47871 2490002.65
47872 2458012.48
47873 2426948.82
47874 2396678.82
47875 2366824.48
47876 2337597.48
47877 2309152.65
47878 2281388.48
47879 2254372.15
47880 2228035.65
47881 2203469.48
47882 2180975.15
47883 2159895.98
47884 2140782.15
47885 2123349.82
47886 2107529.65
47887 2093682.65
47888 2081755.15
47889 2071446.48
47890 2062533.98
47891 2055213.15
47892 2049500.48
47893 2045133.82
47894 2042074.48
47895 2040573.32
47896 2040557.98
47897 2042199.98
47898 2045369.65
47899 2049619.15
47900 2055257.32
47901 2062693.48
47902 2072923.82
47903 2086666.82
47904 2102667.32
47905 2119955.82
47906 2138337.15
47907 2157705.82
47908 2179050.82
47909 2203712.65
47910 2230786.98
47911 2258808.82
47912 2287616.15
47913 2317134.82
47914 2347516.20
47915 2378772.58
47916 2410707.75
47917 2443238.42
47918 2476260.25
47919 2509719.42
47920 2543759.75
47921 2579381.67
47922 2617425.92
47923 2657185.75
47924 2698194.17
47925 2740448.92
47926 2783522.58
47927 2827131.42
47928 2871245.25
47929 2915901.25
47930 2961176.08
47931 3007032.08
47932 3053312.58
47933 3099782.58
47934 3146331.08
47935 3193088.42
47936 3240191.25
47937 3287520.75
47938 3334901.75
47939 3382314.75
47940 3429759.75
47941 3477236.75
47942 7108027.58
47943 3693411.08
47944 3645130.75
47945 3596870.42
47946 3548630.08
47947 3500428.75
47948 3452320.25
47949 3404321.25
47950 3356379.92
47951 3308462.58
47952 3260569.25
47953 3212699.92
47954 3164854.58
47955 3117073.25
47956 3069389.25
47957 3021797.75
47958 2974269.42
47959 2926773.08
47960 2879308.75
47961 2832189.42
47962 2785635.08
47963 2739344.75
47964 2693201.25
47965 2647238.08
47966 2601375.58
47967 2555622.75
47968 2509990.42
47969 2464444.08
47970 2418970.75
47971 2373669.42
47972 2328778.58
47973 2284314.75
47974 2241025.42
47975 2198863.58
47976 2156930.75
47977 2115912.92
47978 2076025.08
47979 2036699.25
47980 1997858.08
47981 1959653.42
47982 1922053.08
47983 1884850.42
47984 1848093.42
47985 1811714.42
47986 1775590.92
47987 1739868.75
47988 1704683.92
47989 1670358.08
47990 1636841.92
47991 1603768.92
47992 1571105.58
47993 1539049.42
47994 1507739.58
47995 1476937.58
47996 1446795.08
47997 1417318.42
47998 1388237.25
47999 1359754.75
48000 1331889.25
48001 1304622.08
48002 1278468.25
48003 1253945.42
48004 1230741.75
48005 1208309.42
48006 1187673.58
48007 1170451.42
48008 1157108.58
48009 1146393.08
48010 1138031.58
48011 1131784.08
48012 1126430.42
48013 1122073.08
48014 1119055.50
48015 1117539.58
48016 1117439.08
48017 1118495.75
48018 1120418.42
48019 1123293.08
48020 1127294.75
48021 1132603.08
48022 1139484.42
48023 1147905.42
48024 1157826.58
48025 1169570.75
48026 1182746.75
48027 1196802.92
48028 1211909.58
48029 1228485.75
48030 1246563.42
48031 1266183.42
48032 1288315.75
48033 1313023.75
48034 1339628.67
48035 1367898.92
48036 1397572.50
48037 1428225.08
48038 1459615.42
48039 1492193.58
48040 1526598.92
48041 1563371.25
48042 1602002.92
48043 1641363.08
48044 1681283.08
48045 1722261.58
48046 1764224.08
48047 1806637.58
48048 1849325.58
48049 1892361.08
48050 1935751.75
48051 1979458.08
48052 2023508.92
48053 2067830.42
48054 2112349.25
48055 2157004.25
48056 2201817.08
48057 2247133.75
48058 2293157.58
48059 2339526.58
48060 2386184.58
48061 2433423.25
48062 2481072.92
48063 2528833.92
48064 2576638.92
48065 2624504.42
48066 2672445.92
48067 2720454.92
48068 2768513.92
48069 2816612.92
48070 2864751.92
48071 2912930.92
48072 5766165.42
48073 4313770.58
48074 4324263.67
48075 4341109.33
48076 4361240.25
48077 4382417.92
48078 4404941.92
48079 4428917.92
48080 4454254.67
48081 4480914.75
48082 4508720.08
48083 4537194.08
48084 4566146.75
48085 4595641.42
48086 4625847.42
48087 4656760.92
48088 4689183.25
48089 4723649.08
48090 4759238.42
48091 4795316.25
48092 4831788.58
48093 4868798.42
48094 4906362.92
48095 4944234.92
48096 4982399.08
48097 5020955.75
48098 5060081.83
48099 5099981.25
48100 5140408.42
48101 5182716.08
48102 5226825.08
48103 5271018.08
48104 5315295.08
48105 5359677.58
48106 5404170.08
48107 5448749.08
48108 5493408.08
48109 5538153.58
48110 5583030.75
48111 5628128.92
48112 5673437.75
48113 5718983.75
48114 5764850.92
48115 5810923.92
48116 5857072.58
48117 5903338.42
48118 5949777.58
48119 5996356.75
48120 6043072.92
48121 6089920.42
48122 6136839.42
48123 6183840.42
48124 6231024.42
48125 6278370.58
48126 6325846.92
48127 6373479.58
48128 6421287.08
48129 6469279.08
48130 6517358.08
48131 6565461.08
48132 28969741.65
48133 26524192.57
48134 26550624.40
48135 26578119.23
48136 26606544.07
48137 26635843.90
48138 26665968.40
48139 26697111.73
48140 26729808.23
48141 26763955.90
48142 26799447.90
48143 26836014.57
48144 26873142.73
48145 63060385.17
48146 52092979.10
48147 52102767.10
48148 68174311.78
48149 22826565.50
48150 22786472.50
48151 22746556.17
48152 22706861.00
48153 22667466.33
48154 22628384.50
48155 22589695.17
48156 22551520.83
48157 22513870.67
48158 22476654.83
48159 22439791.67
48160 22403449.00
48161 22367669.00
48162 22332363.67
48163 22297515.00
48164 22263023.67
48165 22228920.67
48166 22195274.83
48167 22162094.17
48168 22129447.33
48169 22097763.83
48170 22067459.83
48171 22038847.67
48172 22018060.83
48173 22004906.83
48174 21993481.50
48175 21983498.33
48176 21974728.67
48177 21967279.25
48178 21961039.00
48179 21956552.17
48180 21954739.00
48181 21955791.50
48182 21959174.00
48183 21964449.67
48184 36946680.08
48185 25840986.82
48186 27465961.48
48187 19478221.25
48188 19437523.25
48189 19397117.25
48190 19357319.92
48191 19318661.92
48192 20057140.75
48193 5624252.23
48194 5574942.23
48195 5525640.23
48196 5476346.23
48197 5427060.23
48198 5377782.23
48199 5328512.23
48200 5279250.23
48201 5229996.23
48202 5180750.23
48203 5131512.23
48204 5082282.23
48205 5033060.23
48206 4983846.23
48207 4934640.23
48208 4885442.23
48209 4836252.23
48210 4787070.23
48211 4737896.23
48212 4688730.23
48213 4639572.23
48214 4590422.23
48215 4541280.23
48216 4492146.23
48217 4443020.23
48218 4393902.23
48219 4344792.23
48220 4295690.23
48221 4246596.23
48222 4197510.23
48223 4148432.23
48224 4099362.23
48225 4050300.23
48226 4001246.23
48227 3952200.23
48228 3903162.23
48229 3854132.23
48230 3805150.57
48231 3756263.40
48232 3707434.40
48233 3658679.90
48234 3610001.90
48235 3561343.90
48236 3512705.90
48237 3464087.90
48238 3415489.90
48239 3366911.90
48240 3318353.90
48241 3269815.90
48242 3221297.90
48243 3172820.90
48244 3124440.40
48245 3076230.40
48246 3028139.40
48247 2980076.40
48248 2932041.40
48249 2884034.40
48250 2836055.40
48251 2788407.40
48252 2741152.57
48253 2694132.73
48254 2647310.73
48255 2600652.40
48256 2554283.23
48257 2508234.40
48258 2462379.40
48259 2416602.40
48260 2370943.23
48261 2325458.73
48262 2280371.07
48263 2235956.40
48264 2192077.07
48265 2148462.07
48266 2105028.57
48267 2061976.23
48268 2019464.07
48269 1977749.57
48270 1936826.90
48271 1896252.73
48272 1856209.57
48273 1816990.73
48274 1778438.40
48275 1740371.57
48276 1702736.57
48277 1665511.57
48278 1628679.40
48279 1592477.90
48280 1556989.57
48281 1522088.90
48282 1487810.40
48283 1454094.90
48284 1421022.90
48285 1388845.23
48286 1357573.07
48287 1327142.73
48288 1297743.23
48289 1269246.07
48290 1241546.40
48291 1215144.57
48292 1190397.48
48293 1167124.40
48294 1145037.40
48295 1124323.40
48296 1105158.57
48297 1087238.73
48298 1070313.73
48299 1054776.23
48300 1041071.73
48301 1029217.23
48302 1020726.23
48303 1017279.73
48304 1017148.73
48305 1018724.90
48306 1023192.90
48307 1030493.57
48308 1039631.40
48309 1050139.73
48310 1061754.73
48311 1075131.40
48312 1091649.50
48313 1111670.35
48314 1134245.43
48315 1158698.10
48316 1184573.60
48317 1211558.10
48318 1239912.27
48319 1270090.77
48320 1301799.27
48321 1334277.77
48322 1367654.93
48323 1401873.27
48324 1436418.43
48325 1471526.10
48326 1507237.60
48327 1543507.10
48328 1580393.43
48329 1617855.27
48330 1655758.10
48331 1693988.43
48332 1732639.60
48333 1771860.60
48334 1811702.77
48335 1851958.60
48336 1892425.10
48337 1933070.60
48338 1974192.93
48339 2016030.27
48340 2058256.60
48341 2100614.93
48342 2143117.27
48343 2185910.60
48344 2229069.93
48345 2272566.93
48346 2316422.60
48347 2361346.10
48348 2407211.43
48349 2453313.27
48350 2499747.60
48351 2546351.93
48352 2593030.77
48353 2639801.60
48354 2686649.93
48355 2733625.27
48356 6694186.35
48357 3997908.75
48358 3948230.75
48359 3898552.75
48360 3848874.75
48361 3799196.75
48362 3749518.75
48363 3699840.75
48364 3650162.75
48365 3600484.75
48366 3550806.75
48367 3501128.75
48368 3451450.75
48369 3401772.75
48370 3352094.75
48371 3302416.75
48372 3252738.75
48373 3203060.75
48374 3153382.75
48375 3103704.75
48376 3054026.75
48377 3004348.75
48378 2954670.75
48379 2904992.75
48380 2855314.75
48381 2805636.75
48382 2755958.75
48383 2706280.75
48384 2656602.75
48385 2606924.75
48386 2557246.75
48387 2507568.75
48388 2457890.75
48389 2408212.75
48390 2358534.75
48391 2308856.75
48392 2259178.75
48393 2209500.75
48394 2159822.75
48395 2110144.75
48396 2060466.75
48397 2010788.75
48398 1961110.75
48399 1911432.75
48400 1861754.75
48401 1812076.75
48402 1762398.75
48403 1712720.75
48404 1663042.75
48405 1613364.75
48406 1563686.75
48407 1514008.75
48408 1464330.75
48409 1414652.75
48410 1367396.50
48411 1325323.25
48412 1286170.08
48413 1247584.58
48414 1209640.42
48415 1172763.42
48416 1137313.75
48417 1102909.42
48418 1069783.75
48419 1038429.75
48420 1008486.25
48421 979506.25
48422 951519.92
48423 924904.25
48424 899716.42
48425 875816.92
48426 853386.92
48427 832422.58
48428 813132.58
48429 795351.75
48430 778520.75
48431 762581.08
48432 748905.33
48433 739147.83
48434 732898.58
48435 728319.42
48436 724469.08
48437 721740.67
48438 720552.75
48439 721256.58
48440 724367.08
48441 730084.75
48442 737797.08
48443 747553.58
48444 759834.33
48445 774316.75
48446 790531.42
48447 808066.42
48448 826680.58
48449 846236.92
48450 868901.42
48451 897133.00
48452 928871.58
48453 962032.58
48454 997020.08
48455 1033617.25
48456 1071440.42
48457 1110374.75
48458 1150136.25
48459 1190729.58
48460 1232236.08
48461 1274287.58
48462 1316604.08
48463 1359173.58
48464 1402037.42
48465 1445534.08
48466 1489753.92
48467 1534451.75
48468 1579466.92
48469 1624655.25
48470 1669937.58
48471 1715279.92
48472 1760693.25
48473 1806277.08
48474 1852053.08
48475 1897920.08
48476 1943841.42
48477 1989842.92
48478 2035995.17
48479 2082355.42
48480 2128892.25
48481 2175514.25
48482 2222176.25
48483 2268878.25
48484 2315664.25
48485 2362532.25
48486 2409608.25
48487 2457036.25
48488 2504672.75
48489 2552411.58
48490 2600230.42
48491 2648087.42
48492 2696050.92
48493 2744439.58
48494 2793406.25
48495 2842620.25
48496 2891838.25
48497 2941060.25
48498 2990286.25
48499 3039516.25
48500 3088750.25
48501 3137988.25
48502 3187230.25
48503 3236476.25
48504 3285726.25
48505 3334980.25
48506 3384238.25
48507 3433500.25
48508 3482766.25
48509 3532036.25
48510 3581310.25
48511 3630588.25
48512 3679870.25
48513 3729156.25
48514 3778446.25
48515 3827740.25
48516 3877076.75
48517 3926548.75
48518 3976171.25
48519 4025849.25
48520 4075527.25
48521 4125205.25
48522 4174883.25
48523 4224561.25
48524 4274239.25
48525 4323917.25
48526 4373595.25
48527 4423273.25
48528 4472951.25
48529 4522629.25
48530 4572307.25
48531 4621985.25
48532 4671663.25
48533 4721341.25
48534 4771019.25
48535 4820697.25
48536 4870375.25
48537 4920053.25
48538 4969731.25
48539 5019409.25
48540 5069087.25
48541 5118765.25
48542 5168443.25
48543 5218121.25
48544 5267799.25
48545 5317477.25
48546 5367155.25
48547 5416833.25
48548 5466511.25
48549 5516189.25
48550 5565867.25
48551 5615545.25
48552 5665223.25
48553 5714901.25
48554 5764579.25
48555 5814257.25
48556 5863935.25
48557 5913613.25
48558 5963291.25
48559 6012969.25
48560 6062647.25
48561 6112325.25
48562 6162003.25
48563 6211681.25
48564 6261359.25
48565 6311037.25
48566 6360715.25
48567 6410393.25
48568 6460071.25
48569 6509749.25
48570 6559427.25
48571 17865429.00
48572 13160772.17
48573 13145614.00
48574 13131904.00
48575 13119752.50
48576 13109360.33
48577 13100466.00
48578 13092825.83
48579 14338287.08
48580 3027640.25
48581 2981147.25
48582 2934760.25
48583 2888429.25
48584 2842154.25
48585 2795972.25
48586 2749942.75
48587 2704067.25
48588 2658351.75
48589 2612761.75
48590 2567235.75
48591 2521773.75
48592 2476375.75
48593 2431041.75
48594 2385880.25
48595 2340932.25
48596 2296095.25
48597 2251334.25
48598 2206822.25
48599 2163712.08
48600 2121994.25
48601 2080776.75
48602 2040218.75
48603 2000100.92
48604 1960635.33
48605 1922194.58
48606 1884338.92
48607 1847338.58
48608 1812054.25
48609 1778156.25
48610 1744998.75
48611 1712979.92
48612 1681963.92
48613 1651602.75
48614 1622088.42
48615 1593347.92
48616 1565410.75
48617 1538279.08
48618 1513089.92
48619 1490061.25
48620 1468264.92
48621 1447516.58
48622 1427798.92
48623 1410292.25
48624 1395534.92
48625 1382865.58
48626 1371627.08
48627 1361308.83
48628 1352119.08
48629 1344334.08
48630 1337824.58
48631 1332834.25
48632 1329732.83
48633 1328295.08
48634 1328042.42
48635 1328768.08
48636 1330713.75
48637 1334168.75
48638 1339265.58
48639 1345872.75
48640 1354463.83
48641 1365462.42
48642 1378092.92
48643 1391670.92
48644 1407100.92
48645 1424718.08
48646 1444227.08
48647 1465337.75
48648 1487381.92
48649 1510533.42
48650 1534912.42
48651 1560263.42
48652 1586446.58
48653 1613722.92
48654 1642107.75
48655 1671510.25
48656 1701749.58
48657 1733108.58
48658 1766246.75
48659 1800562.42
48660 1835321.92
48661 1870738.42
48662 1906900.75
48663 1943804.25
48664 1981496.42
48665 2019821.75
48666 2058699.08
48667 2098147.92
48668 2138575.42
48669 2179965.42
48670 2222880.42
48671 2267137.58
48672 2311600.25
48673 2356547.25
48674 2401951.42
48675 2447766.58
48676 2493930.58
48677 2540152.58
48678 2586449.08
48679 2632852.58
48680 2679344.58
48681 2725891.58
48682 2772505.08
48683 2819193.58
48684 2865944.58
48685 2912747.58
48686 4989394.08
48687 2354653.25
48688 2317404.92
48689 2280442.42
48690 2243767.75
48691 2207369.58
48692 2171465.92
48693 2136219.25
48694 2102031.42
48695 2069333.42
48696 2038175.25
48697 2008266.08
48698 1979393.75
48699 1951618.42
48700 1924759.58
48701 1898969.25
48702 1874655.92
48703 1851985.08
48704 1830541.08
48705 1810799.92
48706 1792825.58
48707 1775672.58
48708 1759575.75
48709 1745169.25
48710 1732458.92
48711 1721034.42
48712 1710938.58
48713 1702243.92
48714 1694724.92
48715 1688046.75
48716 1682024.25
48717 1676823.92
48718 1673373.58
48719 1672324.25
48720 1673206.08
48721 1675631.08
48722 1680099.17
48723 1686945.42
48724 1695385.67
48725 1706253.08
48726 1721180.17
48727 1739648.33
48728 1760562.08
48729 1782929.25
48730 1806501.00
48731 1833013.75
48732 1862596.08
48733 1893551.42
48734 1926051.58
48735 1960177.75
48736 1995081.58
48737 2030451.75
48738 2066315.08
48739 2102616.75
48740 2139675.42
48741 2178106.92
48742 4192232.33
48743 2227746.50
48744 2182452.83
48745 2137479.50
48746 2092821.67
48747 2048370.50
48748 2004387.00
48749 1961115.83
48750 1918301.75
48751 1875764.83
48752 1833565.83
48753 1791641.67
48754 1749916.83
48755 1708371.50
48756 1667026.17
48757 1626203.67
48758 1586243.08
48759 1547324.67
48760 1509513.17
48761 1472781.17
48762 1437306.50
48763 1402959.92
48764 1369521.00
48765 1337091.75
48766 1305686.33
48767 1274937.33
48768 1244623.50
48769 1214904.67
48770 1185710.17
48771 1156907.83
48772 1128655.33
48773 1101320.00
48774 1077162.50
48775 1056974.75
48776 1039388.08
48777 1024256.67
48778 1011326.92
48779 1000172.42
48780 990655.33
48781 982817.58
48782 976766.67
48783 972537.50
48784 969909.33
48785 969220.50
48786 970756.17
48787 974399.00
48788 980398.17
48789 988465.00
48790 998321.83
48791 1009887.00
48792 1022991.83
48793 1038427.58
48794 1056534.83
48795 1076392.00
48796 1097666.17
48797 1121399.92
48798 1147315.50
48799 1174230.50
48800 1202597.67
48801 1232795.33
48802 1264371.33
48803 1296929.00
48804 1330585.17
48805 1365519.17
48806 1401539.67
48807 1438432.17
48808 1476116.67
48809 1514830.33
48810 1554527.17
48811 1594743.83
48812 1635516.00
48813 1676836.50
48814 1718458.67
48815 1760355.50
48816 1802551.83
48817 1845230.50
48818 1888370.83
48819 1931976.17
48820 1976088.83
48821 2020537.67
48822 2065244.67
48823 2110155.00
48824 2156514.83
48825 2204303.50
48826 2252209.83
48827 2300280.50
48828 2348516.50
48829 2396817.50
48830 2445332.50
48831 2494109.17
48832 2542979.83
48833 2591890.83
48834 2640813.83
48835 2689748.83
48836 2738829.83
48837 2788054.83
48838 2837287.83
48839 2886557.50
48840 2935926.67
48841 2985399.67
48842 20865529.05
48843 19206721.88
48844 19203296.88
48845 19201071.72
48846 19199843.72
48847 19199721.05
48848 19200402.38
48849 19201855.88
48850 19205075.47
48851 19210415.55
48852 19217603.55
48853 19226417.88
48854 19236550.38
48855 19248220.72
48856 19262045.22
48857 19278639.88
48858 19296907.55
48859 19315994.88
48860 19336364.88
48861 19357773.72
48862 19379983.72
48863 19402978.22
48864 19426631.05
48865 19451100.72
48866 19476314.22
48867 19502311.38
48868 19529117.22
48869 19556571.55
48870 19584901.05
48871 19614286.88
48872 19644530.88
48873 19675396.88
48874 19706866.38
48875 19738948.72
48876 23031546.72
48877 3974819.17
48878 3925530.17
48879 3876253.17
48880 3827038.17
48881 3778057.50
48882 3729281.33
48883 3680547.33
48884 3631845.33
48885 3583234.50
48886 3534779.67
48887 3486425.67
48888 3438111.67
48889 3389837.67
48890 3341603.67
48891 3293409.67
48892 3245255.67
48893 3197142.50
48894 3149135.17
48895 3101300.00
48896 3053576.00
48897 3005920.50
48898 2958335.50
48899 2910802.50
48900 2863321.50
48901 2815892.50
48902 2768567.33
48903 2721404.00
48904 2674361.67
48905 2627390.00
48906 2580504.33
48907 2533736.50
48908 2487144.33
48909 2440918.83
48910 2394998.33
48911 2349239.67
48912 2303732.83
48913 2258630.58
48914 2214056.33
48915 2170020.33
48916 2126463.83
48917 2083505.33
48918 2041118.83
48919 1999081.50
48920 1957296.17
48921 1915755.17
48922 1874689.00
48923 1834183.83
48924 1794154.67
48925 1754616.17
48926 1715627.00
48927 1677260.33
48928 1639500.17
48929 1603067.75
48930 1568718.50
48931 1535554.33
48932 1502730.67
48933 1470499.17
48934 1439234.33
48935 1409495.33
48936 1381223.17
48937 1354222.17
48938 1328670.00
48939 1304186.50
48940 1280908.67
48941 1259605.83
48942 1239975.67
48943 1221426.50
48944 1204483.50
48945 1189202.00
48946 1175192.50
48947 1162837.00
48948 1152605.08
48949 1143924.67
48950 1136372.50
48951 1130255.17
48952 1125454.00
48953 1121762.17
48954 1119311.83
48955 1118270.83
48956 1118758.00
48957 1120876.00
48958 1124316.67
48959 1129003.17
48960 1135414.83
48961 1143379.83
48962 1152457.17
48963 1162759.83
48964 1175119.67
48965 1189314.17
48966 1205517.92
48967 1224155.50
48968 1244534.50
48969 1266452.17
48970 1289653.50
48971 1314284.83
48972 1340365.50
48973 1367344.17
48974 1394964.67
48975 1423386.17
48976 1452747.17
48977 1483175.17
48978 1514362.17
48979 1546061.17
48980 1578610.50
48981 1612344.50
48982 1647178.17
48983 1683113.17
48984 1720512.17
48985 1759230.83
48986 1798644.50
48987 1838533.17
48988 1878845.67
48989 1919553.33
48990 1960732.17
48991 2002248.67
48992 2044389.83
48993 2087650.33
48994 2131651.67
48995 2175850.67
48996 2220197.67
48997 2264844.33
48998 2309933.17
48999 2355361.17
49000 2400991.50
49001 2446828.50
49002 2493040.67
49003 2539749.83
49004 7217862.20
49005 4695181.20
49006 4645567.20
49007 4595953.20
49008 4546339.20
49009 4496725.20
49010 4447111.20
49011 4397497.20
49012 4347883.20
49013 4298269.20
49014 4248655.20
49015 4199041.20
49016 4149427.20
49017 4099813.20
49018 4050199.20
49019 4000585.20
49020 3950971.20
49021 3901357.20
49022 3851743.20
49023 3802129.20
49024 3752519.53
49025 3702923.70
49026 3653343.53
49027 3603771.53
49028 3554203.53
49029 3504639.53
49030 3455079.53
49031 3405523.53
49032 3355971.53
49033 3306423.53
49034 3256879.53
49035 3207339.53
49036 3157803.53
49037 3108271.53
49038 3058743.53
49039 3009219.53
49040 2959801.20
49041 2910593.87
49042 2861499.87
49043 2812520.20
49044 2763786.87
49045 2715230.20
49046 2666726.20
49047 2618250.20
49048 2569823.53
49049 2521621.20
49050 2473861.53
49051 2426379.53
49052 2378966.03
49053 2331630.53
49054 2284354.53
49055 2237130.53
49056 2189958.53
49057 2142838.53
49058 2095779.20
49059 2048796.87
49060 2001891.37
49061 1955280.20
49062 1909867.37
49063 1866203.20
49064 1823849.70
49065 1782255.70
49066 1741287.53
49067 1701297.03
49068 1662228.20
49069 1623626.37
49070 1585316.53
49071 1547349.03
49072 1509811.53
49073 1472832.03
49074 1436567.53
49075 1401154.87
49076 1367031.70
49077 1334032.37
49078 1301631.53
49079 1270051.03
49080 1239891.12
49081 1211936.87
49082 1185630.53
49083 1160121.53
49084 1136207.70
49085 1114592.20
49086 1094571.37
49087 1075323.20
49088 1056913.87
49089 1039767.87
49090 1024760.03
49091 1011542.53
49092 999253.87
49093 988077.87
49094 978026.20
49095 969227.87
49096 962123.53
49097 957224.70
49098 954352.37
49099 953164.87
49100 953504.87
49101 955074.37
49102 957719.20
49103 961518.03
49104 966767.53
49105 974071.70
49106 984202.20
49107 996799.53
49108 1011325.37
49109 1027988.53
49110 1046524.70
49111 1066419.53
49112 1087440.87
49113 1109498.53
49114 1132739.20
49115 1157532.28
49116 1183638.20
49117 1210580.53
49118 1238186.03
49119 1266382.53
49120 1295347.70
49121 1325215.70
49122 1355864.87
49123 1387138.87
49124 1418981.53
49125 1452137.95
49126 1487875.37
49127 1525856.53
49128 1564894.12
49129 1604537.87
49130 1644682.03
49131 1685246.53
49132 1726331.37
49133 1767820.37
49134 1809493.37
49135 1851377.37
49136 1893526.03
49137 1936055.37
49138 1978994.53
49139 2022238.20
49140 2065772.87
49141 2109875.28
49142 2154767.95
49143 2200365.78
49144 2246419.53
49145 2292661.87
49146 2338990.20
49147 2385382.53
49148 2431838.87
49149 2478359.20
49150 2524943.53
49151 2571608.87
49152 2618372.37
49153 2665216.37
49154 2712134.37
49155 2759229.53
49156 2806636.20
49157 2854318.20
49158 2902120.53
49159 2949966.87
49160 2997857.20
49161 3045852.20
49162 3093999.20
49163 3142348.83
49164 3190884.47
49165 3239486.80
49166 3288125.63
49167 3336818.47
49168 3385564.80
49169 3434345.13
49170 3483149.47
49171 3531977.80
49172 3580897.47
49173 3629972.13
49174 3679134.63
49175 3728364.88
49176 3777723.30
49177 3827184.47
49178 3876681.13
49179 3926185.13
49180 3975693.13
49181 4025205.13
49182 4074721.13
49183 4124241.13
49184 4173765.13
49185 4223293.13
49186 4272825.13
49187 4322361.13
49188 4371901.13
49189 4421445.13
49190 4470993.13
49191 4520545.13
49192 4570101.13
49193 4619661.13
49194 4669225.13
49195 4718793.13
49196 4768369.30
49197 4817962.13
49198 4867570.80
49199 4917184.80
49200 4966798.80
49201 5016412.80
49202 5066026.80
49203 5115640.80
49204 5165254.80
49205 5214868.80
49206 5264482.80
49207 5314096.80
49208 5363710.80
49209 5413324.80
49210 5462938.80
49211 5512552.80
49212 5562166.80
49213 5611780.80
49214 5661394.80
49215 5711008.80
49216 5760622.80
49217 14071551.95
49218 12802309.70
49219 12829993.03
49220 12859041.20
49221 12889079.37
49222 12919994.20
49223 12951948.62
49224 12984953.53
49225 13018637.70
49226 13052894.45
49227 13087916.53
49228 13123687.20
49229 13160246.87
49230 13197537.37
49231 13235402.45
49232 13274793.37
49233 13315943.53
49234 13357796.53
49235 13399974.20
49236 13442598.37
49237 13485777.62
49238 13529400.03
49239 13573263.70
49240 13617289.37
49241 13661522.03
49242 49857017.32
49243 46172984.98
49244 46196641.82
49245 75202553.22
49246 47758241.82
49247 48864194.98
49248 3042643.17
49249 2995080.67
49250 2947901.33
49251 2900851.33
49252 2853881.33
49253 2806991.33
49254 2760181.33
49255 2713451.33
49256 2667103.33
49257 2621317.50
49258 2575991.67
49259 2531077.00
49260 2486480.00
49261 2442093.33
49262 2397961.67
49263 2354371.67
49264 2311237.33
49265 2268373.67
49266 2225815.17
49267 2183576.83
49268 2141720.00
49269 2100321.08
49270 2059522.50
49271 2019373.00
49272 1979661.83
49273 1940354.17
49274 1901689.83
49275 1864201.00
49276 1827960.17
49277 1792345.00
49278 1757059.67
49279 1722902.33
49280 1690048.50
49281 1658355.00
49282 1627993.00
49283 1598454.33
49284 1570150.17
49285 1543240.33
49286 1517383.33
49287 1492537.83
49288 1468665.67
49289 1446024.67
49290 1424729.17
49291 1404687.00
49292 1386047.33
49293 1369004.83
49294 1353397.17
49295 1339414.83
49296 1327164.83
49297 1316274.17
49298 1306652.00
49299 1298361.00
49300 1291578.33
49301 1286629.42
49302 1283700.67
49303 1282592.17
49304 1283288.67
49305 1285712.83
49306 1289449.33
49307 1294432.17
49308 1301664.08
49309 1311348.00
49310 1322474.00
49311 1334432.33
49312 1347509.67
49313 1362410.50
49314 1379092.83
49315 1397426.50
49316 1417024.00
49317 1437543.00
49318 1459092.67
49319 1481596.00
49320 1504826.00
49321 1528733.33
49322 1553485.67
49323 1579092.67
49324 1605764.83
49325 1633640.50
49326 1662765.00
49327 1693457.08
49328 1725484.67
49329 1758407.67
49330 1791964.00
49331 1826101.33
49332 1861145.00
49333 1896943.17
49334 1933364.00
49335 1971179.83
49336 2010092.25
49337 2049247.67
49338 2088746.83
49339 2128679.17
49340 2169077.00
49341 2209816.00
49342 2250727.50
49343 2292268.50
49344 2334860.67
49345 2378213.83
49346 2421937.83
49347 2465953.67
49348 2510288.00
49349 2554827.00
49350 2599656.00
49351 2645351.00
49352 2691706.00
49353 28835641.20
49354 27748109.62
49355 27759371.95
49356 27771921.28
49357 27785786.62
49358 27801328.95
49359 27818149.28
49360 27836093.12
49361 27855139.78
49362 27875291.95
49363 50919167.02
49364 57153321.40
49365 45194695.70
49366 45189433.53
49367 45186123.70
49368 45184866.70
49369 53754981.83
49370 17695073.78
49371 17654916.78
49372 17615070.12
49373 17575472.62
49374 17536736.62
49375 17500418.12
49376 17467079.45
49377 17435811.12
49378 17406027.28
49379 17377342.87
49380 17349634.28
49381 17323046.28
49382 17298014.45
49383 17274611.95
49384 17252115.62
49385 17230116.28
49386 17209044.12
49387 17189797.28
49388 17172848.12
49389 17157813.78
49390 17144079.28
49391 17131585.12
49392 17120569.95
49393 17111209.53
49394 17102990.95
49395 17095388.62
49396 20136662.48
49397 4440888.23
49398 4405842.07
49399 4371885.23
49400 4338735.73
49401 4306656.57
49402 4275526.07
49403 4245377.57
49404 4215991.57
49405 4187396.40
49406 4160074.40
49407 4133790.07
49408 4108496.57
49409 4085366.23
49410 4064415.57
49411 4044651.57
49412 4025887.57
49413 4008063.97
49414 3991003.87
49415 3974770.03
49416 3959639.87
49417 3945851.37
49418 3933365.70
49419 3923558.37
49420 3916554.03
49421 3910891.03
49422 3906561.03
49423 3903597.53
49424 3901904.30
49425 3902717.15
49426 3906636.15
49427 3912293.57
49428 3918890.07
49429 3926411.40
49430 3935007.40
49431 3945351.23
49432 3957788.40
49433 3972515.57
49434 3989139.90
49435 4006991.40
49436 4026392.73
49437 4047801.57
49438 4070717.90
49439 4094486.23
49440 4120435.23
49441 4148816.07
49442 4178467.40
49443 4209656.23
49444 4242414.23
49445 8223179.07
49446 7526580.95
49447 7548440.12
49448 7571692.12
49449 7596386.95
49450 7622254.62
49451 7649342.37
49452 7677761.12
49453 7707474.62
49454 7738145.12
49455 7769467.95
49456 7801822.03
49457 8938005.37
49458 2730949.97
49459 2702859.63
49460 2675537.80
49461 2648845.80
49462 2624433.72
49463 2604112.30
49464 2586320.63
49465 2569467.30
49466 2553565.80
49467 2538831.97
49468 2526467.47
49469 2516452.13
49470 2508554.72
49471 2503365.97
49472 2500642.63
49473 2499856.30
49474 2501260.13
49475 2505008.97
49476 2511417.63
49477 2520266.13
49478 2535324.63
49479 2561031.63
49480 2594791.47
49481 2634074.47
49482 2676114.63
49483 2718344.63
49484 2760794.30
49485 2803491.47
49486 2846440.63
49487 2889791.97
49488 2933691.63
49489 15892972.90
49490 13817716.82
49491 13799927.98
49492 13783107.32
49493 13767324.98
49494 13752767.65
49495 13739673.65
49496 13728141.65
49497 13718039.82
49498 13709948.48
49499 13704240.82
49500 13699863.98
49501 13696291.98
49502 13694085.98
49503 13693580.32
49504 13694743.15
49505 13698116.48
49506 13703648.32
49507 13710630.98
49508 13719150.32
49509 13729272.98
49510 13740624.15
49511 13752860.98
49512 13765925.32
49513 13780182.65
49514 13796136.15
49515 13813939.82
49516 13833167.98
49517 13853339.98
49518 13874353.15
49519 13896569.48
49520 13919985.32
49521 13944723.98
49522 13970611.48
49523 13997366.65
49524 14025328.82
49525 14054844.32
49526 14086442.15
49527 14119562.82
49528 14153378.40
49529 14187831.65
49530 14224020.32
49531 26999222.95
49532 13962001.17
49533 13917978.33
49534 13874293.00
49535 13830969.00
49536 13788136.50
49537 13746005.83
49538 13704412.17
49539 13663101.50
49540 13622128.83
49541 13581672.50
49542 13541789.00
49543 13502399.17
49544 13463313.50
49545 13424548.33
49546 13386310.00
49547 13348557.17
49548 13311174.17
49549 13274255.83
49550 13744743.92
49551 3109920.15
49552 3061986.48
49553 3014206.32
49554 2966540.98
49555 2919052.65
49556 2871791.82
49557 2824787.98
49558 2777940.98
49559 2731181.98
49560 2685104.48
49561 2639705.98
49562 2594410.98
49563 2549215.98
49564 2504120.98
49565 2459125.98
49566 2414300.65
49567 2369787.32
49568 2325644.65
49569 2281810.98
49570 2238239.48
49571 2194974.65
49572 2151992.98
49573 2109227.65
49574 2066707.65
49575 2024434.65
49576 1982622.15
49577 1941419.15
49578 1900626.48
49579 1860137.82
49580 1819909.65
49581 1779914.48
49582 1740187.48
49583 1701135.07
49584 1662987.48
49585 1625810.65
49586 1589838.65
49587 1555014.32
49588 1521565.65
49589 1489610.15
49590 1458796.98
49591 1428782.15
49592 1399534.82
49593 1371178.65
49594 1344254.15
49595 1318742.65
49596 1293850.32
49597 1269459.98
49598 1245926.82
49599 1223420.65
49600 1201749.65
49601 1180877.65
49602 1161206.32
49603 1143524.48
49604 1127766.15
49605 1113915.65
49606 1101927.32
49607 1091457.82
49608 1082537.48
49609 1075026.48
49610 1069150.48
49611 1064980.32
49612 1062468.32
49613 1061456.48
49614 1062073.65
49615 1065544.98
49616 1071265.82
49617 1077878.32
49618 1086102.32
49619 1096193.15
49620 1107435.65
49621 1119885.48
49622 1134181.65
49623 1150599.82
49624 1168521.15
49625 1188054.32
49626 1209248.48
49627 1231497.48
49628 1254992.48
49629 1279450.32
49630 1305335.15
49631 1333171.48
49632 1362506.15
49633 1393300.82
49634 1425223.15
49635 1457814.98
49636 1491068.82
49637 1525185.98
49638 1560517.32
49639 1597219.82
49640 1634926.82
49641 1673708.50
49642 1714093.18
49643 1755592.52
49644 1797455.52
49645 1839719.02
49646 1882465.85
49647 1925560.35
49648 1969022.52
49649 2013066.68
49650 2057562.35
49651 2102172.85
49652 2146893.85
49653 2191860.85
49654 2237311.52
49655 2283135.18
49656 2329083.68
49657 2375118.18
49658 2421402.18
49659 2467925.18
49660 2514832.68
49661 2562240.35
49662 2609966.52
49663 2657985.85
49664 2706307.68
49665 2754840.68
49666 2803430.68
49667 2852131.52
49668 2900993.35
49669 10593925.43
49670 7712264.20
49671 7666514.20
49672 7620968.70
49673 7575939.20
49674 7531370.87
49675 7487054.20
49676 7442996.87
49677 7399114.87
49678 7355375.70
49679 7311942.87
49680 7268971.70
49681 7226431.03
49682 7184168.20
49683 7142078.03
49684 7100182.53
49685 7058571.03
49686 7017499.20
49687 6977349.87
49688 6937993.03
49689 6899099.03
49690 6860583.37
49691 6822426.37
49692 6784781.70
49693 6747689.53
49694 6711143.70
49695 6675184.03
49696 6640064.70
49697 6605958.53
49698 6572834.87
49699 6540583.87
49700 6509056.37
49701 6478192.03
49702 6448001.20
49703 6418773.03
49704 6391097.37
49705 6364825.53
49706 6339378.70
49707 6314963.37
49708 6291720.53
49709 6270366.37
49710 6250739.70
49711 6232101.87
49712 7479926.20
49713 4276899.53
49714 4245608.53
49715 4215910.87
49716 4187727.87
49717 4161508.03
49718 4137178.20
49719 4114216.53
49720 4092811.37
49721 4073240.70
49722 4055590.03
49723 4040161.70
49724 4027370.53
49725 4017655.87
49726 4010189.03
49727 4003827.87
49728 3998618.70
49729 3994500.20
49730 4767271.03
49731 1991802.62
49732 1958284.78
49733 1927092.45
49734 1899152.95
49735 1875499.95
49736 1854345.28
49737 1834039.28
49738 1815050.12
49739 1797362.78
49740 1780611.62
49741 1764781.95
49742 1749896.78
49743 1736275.62
49744 1724148.45
49745 1714059.03
49746 1706199.95
49747 1700251.95
49748 1696547.20
49749 1695035.45
49750 1695219.78
49751 1697090.45
49752 1700518.28
49753 1705479.62
49754 1711864.12
49755 1719246.28
49756 1727725.78
49757 1737353.45
49758 1748086.95
49759 1759831.28
49760 1772987.95
49761 1788129.12
49762 1805326.78
49763 1824157.45
49764 1844516.95
49765 1866472.45
49766 1889631.95
49767 1914297.03
49768 1940927.45
49769 1968908.62
49770 1997619.28
49771 2027356.28
49772 2059229.28
49773 2093867.95
49774 2130349.45
49775 2167702.95
49776 2205953.62
49777 2244983.28
49778 2284413.45
49779 2324220.12
49780 2364469.45
49781 2405093.87
49782 2446051.62
49783 2487424.45
49784 2529160.78
49785 2571102.78
49786 2613168.78
49787 2655358.78
49788 2697672.78
49789 2740134.62
49790 2783146.28
49791 2827082.62
49792 2871578.62
49793 2916339.95
49794 2961449.78
49795 3006804.78
49796 3052268.78
49797 3097838.95
49798 3143625.62
49799 3190070.12
49800 3237400.12
49801 8615377.00
49802 7666111.80
49803 7696887.47
49804 7727992.80
49805 7759506.13
49806 7791577.47
49807 7824209.97
49808 7857434.30
49809 7891454.63
49810 7926529.05
49811 7962781.80
49812 7999959.30
49813 8038013.80
49814 8076913.13
49815 8116381.55
49816 8156254.30
49817 8196473.97
49818 8237188.22
49819 8278480.30
49820 8320222.13
49821 8362361.80
49822 8405139.47
49823 8448637.30
49824 8492745.13
49825 8537302.97
49826 8582070.80
49827 8627205.97
49828 8672966.63
49829 8719108.97
49830 8765345.30
49831 8811641.63
49832 8858138.80
49833 8905047.05
49834 8952250.80
49835 8999531.80
49836 9046856.80
49837 13267619.97
49838 4353508.17
49839 4305714.67
49840 4258025.17
49841 4210444.67
49842 4162995.67
49843 4115711.67
49844 4068521.67
49845 4021389.67
49846 3974407.50
49847 3927772.17
49848 3881450.50
49849 3835274.33
49850 3789215.67
49851 3743380.67
49852 3697788.67
49853 3652338.67
49854 3606998.67
49855 3561763.67
49856 3516646.67
49857 3471908.17
49858 3427799.83
49859 3384168.50
49860 3340781.00
49861 3297544.50
49862 3254469.00
49863 3211635.50
49864 3169200.50
49865 3127079.50
49866 3085144.83
49867 3043463.33
49868 3002162.17
49869 2961594.83
49870 2921796.83
49871 2882403.83
49872 2843261.83
49873 2804449.83
49874 2765997.17
49875 2728125.33
49876 2690970.67
49877 2654489.17
49878 2618617.17
49879 2583288.17
49880 2548811.83
49881 2515532.17
49882 2483348.00
49883 2452190.83
49884 2422713.83
49885 2395258.17
49886 2369383.17
49887 2344756.33
49888 2321254.67
49889 2298917.00
49890 2277847.33
49891 2258354.67
49892 2240802.50
49893 2224922.33
49894 2210151.00
49895 2196522.00
49896 2185270.83
49897 2176541.67
49898 2169378.83
49899 2163387.50
49900 2158442.00
49901 2154687.33
49902 2152436.50
49903 2151985.67
49904 2153159.92
49905 2155854.50
49906 2159769.33
49907 2164430.67
49908 2169731.67
49909 2175946.00
49910 2183306.83
49911 2191979.83
49912 2202306.33
49913 2214066.33
49914 2226855.67
49915 2241742.17
49916 2259107.33
49917 2278605.42
49918 2300071.00
49919 2322866.50
49920 2347039.50
49921 2372546.83
49922 2399227.00
49923 2427192.92
49924 2456595.50
49925 2487734.00
49926 2520207.33
49927 2553291.67
49928 2586970.00
49929 2621545.50
49930 2657910.00
49931 9419833.60
49932 7422594.27
49933 7405876.60
49934 7390001.77
49935 7374863.77
49936 7360699.77
49937 7347917.27
49938 7337198.52
49939 7329586.35
49940 7325193.35
49941 7322518.27
49942 7320463.93
49943 7319173.27
49944 7319301.43
49945 7321093.60
49946 7324393.93
49947 7329275.10
49948 7336207.43
49949 7344821.77
49950 7354254.77
49951 7364660.77
49952 7376785.60
49953 7390734.10
49954 7406300.27
49955 7423998.43
49956 7443694.93
49957 7464619.27
49958 7487130.27
49959 7511534.43
49960 7537393.60
49961 7564861.43
49962 7593936.77
49963 7624969.27
49964 7657993.93
49965 7692083.93
49966 15822859.93
49967 13610135.10
49968 13628426.27
49969 13648004.10
49970 13670854.27
49971 13696651.27
49972 13723864.10
49973 13753109.10
49974 13783854.27
49975 13815524.77
49976 13847872.43
49977 13882586.43
49978 13919645.77
49979 13957250.93
49980 13995301.93
49981 14033849.93
49982 14072819.93
49983 14112097.43
49984 25716876.87
49985 16923993.53
49986 16911539.20
49987 19005054.97
49988 6006975.83
49989 5963218.17
49990 5919675.00
49991 5876390.33
49992 5833593.17
49993 5791262.00
49994 5749183.67
49995 5707291.33
49996 5665566.17
49997 5632596.67
49998 49998.00
49999 0.00
Execution time: 722841.31 ms
