Algorithm: Connected Components
Number of components: 1500
Vertex Component
0 0
1 0
2 0
3 0
4 0
5 0
6 0
7 0
8 0
9 0
10 0
11 0
12 0
13 0
14 0
15 0
16 0
17 0
18 0
19 0
20 0
21 0
22 0
23 0
24 0
25 0
26 0
27 0
28 0
29 0
30 0
31 0
32 0
33 0
34 1
35 1
36 1
37 1
38 1
39 1
40 1
41 1
42 1
43 1
44 1
45 1
46 1
47 1
48 1
49 1
50 1
51 1
52 1
53 1
54 1
55 1
56 1
57 1
58 1
59 1
60 1
61 1
62 1
63 1
64 1
65 1
66 1
67 2
68 2
69 2
70 2
71 2
72 2
73 2
74 2
75 2
76 2
77 2
78 2
79 2
80 2
81 2
82 2
83 2
84 2
85 2
86 2
87 2
88 2
89 2
90 2
91 2
92 2
93 2
94 2
95 2
96 2
97 2
98 2
99 2
100 3
101 3
102 3
103 3
104 3
105 3
106 3
107 3
108 3
109 3
110 3
111 3
112 3
113 3
114 3
115 3
116 3
117 3
118 3
119 3
120 3
121 3
122 3
123 3
124 3
125 3
126 3
127 3
128 3
129 3
130 3
131 3
132 3
133 3
134 4
135 4
136 4
137 4
138 4
139 4
140 4
141 4
142 4
143 4
144 4
145 4
146 4
147 4
148 4
149 4
150 4
151 4
152 4
153 4
154 4
155 4
156 4
157 4
158 4
159 4
160 4
161 4
162 4
163 4
164 4
165 4
166 4
167 5
168 5
169 5
170 5
171 5
172 5
173 5
174 5
175 5
176 5
177 5
178 5
179 5
180 5
181 5
182 5
183 5
184 5
185 5
186 5
187 5
188 5
189 5
190 5
191 5
192 5
193 5
194 5
195 5
196 5
197 5
198 5
199 5
200 6
201 6
202 6
203 6
204 6
205 6
206 6
207 6
208 6
209 6
210 6
211 6
212 6
213 6
214 6
215 6
216 6
217 6
218 6
219 6
220 6
221 6
222 6
223 6
224 6
225 6
226 6
227 6
228 6
229 6
230 6
231 6
232 6
233 6
234 7
235 7
236 7
237 7
238 7
239 7
240 7
241 7
242 7
243 7
244 7
245 7
246 7
247 7
248 7
249 7
250 7
251 7
252 7
253 7
254 7
255 7
256 7
257 7
258 7
259 7
260 7
261 7
262 7
263 7
264 7
265 7
266 7
267 8
268 8
269 8
270 8
271 8
272 8
273 8
274 8
275 8
276 8
277 8
278 8
279 8
280 8
281 8
282 8
283 8
284 8
285 8
286 8
287 8
288 8
289 8
290 8
291 8
292 8
293 8
294 8
295 8
296 8
297 8
298 8
299 8
300 9
301 9
302 9
303 9
304 9
305 9
306 9
307 9
308 9
309 9
310 9
311 9
312 9
313 9
314 9
315 9
316 9
317 9
318 9
319 9
320 9
321 9
322 9
323 9
324 9
325 9
326 9
327 9
328 9
329 9
330 9
331 9
332 9
333 9
334 10
335 10
336 10
337 10
338 10
339 10
340 10
341 10
342 10
343 10
344 10
345 10
346 10
347 10
348 10
349 10
350 10
351 10
352 10
353 10
354 10
355 10
356 10
357 10
358 10
359 10
360 10
361 10
362 10
363 10
364 10
365 10
366 10
367 11
368 11
369 11
370 11
371 11
372 11
373 11
374 11
375 11
376 11
377 11
378 11
379 11
380 11
381 11
382 11
383 11
384 11
385 11
386 11
387 11
388 11
389 11
390 11
391 11
392 11
393 11
394 11
395 11
396 11
397 11
398 11
399 11
400 12
401 12
402 12
403 12
404 12
405 12
406 12
407 12
408 12
409 12
410 12
411 12
412 12
413 12
414 12
415 12
416 12
417 12
418 12
419 12
420 12
421 12
422 12
423 12
424 12
425 12
426 12
427 12
428 12
429 12
430 12
431 12
432 12
433 12
434 13
435 13
436 13
437 13
438 13
439 13
440 13
441 13
442 13
443 13
444 13
445 13
446 13
447 13
448 13
449 13
450 13
451 13
452 13
453 13
454 13
455 13
456 13
457 13
458 13
459 13
460 13
461 13
462 13
463 13
464 13
465 13
466 13
467 14
468 14
469 14
470 14
471 14
472 14
473 14
474 14
475 14
476 14
477 14
478 14
479 14
480 14
481 14
482 14
483 14
484 14
485 14
486 14
487 14
488 14
489 14
490 14
491 14
492 14
493 14
494 14
495 14
496 14
497 14
498 14
499 14
500 15
501 15
502 15
503 15
504 15
505 15
506 15
507 15
508 15
509 15
510 15
511 15
512 15
513 15
514 15
515 15
516 15
517 15
518 15
519 15
520 15
521 15
522 15
523 15
524 15
525 15
526 15
527 15
528 15
529 15
530 15
531 15
532 15
533 15
534 16
535 16
536 16
537 16
538 16
539 16
540 16
541 16
542 16
543 16
544 16
545 16
546 16
547 16
548 16
549 16
550 16
551 16
552 16
553 16
554 16
555 16
556 16
557 16
558 16
559 16
560 16
561 16
562 16
563 16
564 16
565 16
566 16
567 17
568 17
569 17
570 17
571 17
572 17
573 17
574 17
575 17
576 17
577 17
578 17
579 17
580 17
581 17
582 17
583 17
584 17
585 17
586 17
587 17
588 17
589 17
590 17
591 17
592 17
593 17
594 17
595 17
596 17
597 17
598 17
599 17
600 18
601 18
602 18
603 18
604 18
605 18
606 18
607 18
608 18
609 18
610 18
611 18
612 18
613 18
614 18
615 18
616 18
617 18
618 18
619 18
620 18
621 18
622 18
623 18
624 18
625 18
626 18
627 18
628 18
629 18
630 18
631 18
632 18
633 18
634 19
635 19
636 19
637 19
638 19
639 19
640 19
641 19
642 19
643 19
644 19
645 19
646 19
647 19
648 19
649 19
650 19
651 19
652 19
653 19
654 19
655 19
656 19
657 19
658 19
659 19
660 19
661 19
662 19
663 19
664 19
665 19
666 19
667 20
668 20
669 20
670 20
671 20
672 20
673 20
674 20
675 20
676 20
677 20
678 20
679 20
680 20
681 20
682 20
683 20
684 20
685 20
686 20
687 20
688 20
689 20
690 20
691 20
692 20
693 20
694 20
695 20
696 20
697 20
698 20
699 20
700 21
701 21
702 21
703 21
704 21
705 21
706 21
707 21
708 21
709 21
710 21
711 21
712 21
713 21
714 21
715 21
716 21
717 21
718 21
719 21
720 21
721 21
722 21
723 21
724 21
725 21
726 21
727 21
728 21
729 21
730 21
731 21
732 21
733 21
734 22
735 22
736 22
737 22
738 22
739 22
740 22
741 22
742 22
743 22
744 22
745 22
746 22
747 22
748 22
749 22
750 22
751 22
752 22
753 22
754 22
755 22
756 22
757 22
758 22
759 22
760 22
761 22
762 22
763 22
764 22
765 22
766 22
767 23
768 23
769 23
770 23
771 23
772 23
773 23
774 23
775 23
776 23
777 23
778 23
779 23
780 23
781 23
782 23
783 23
784 23
785 23
786 23
787 23
788 23
789 23
790 23
791 23
792 23
793 23
794 23
795 23
796 23
797 23
798 23
799 23
800 24
801 24
802 24
803 24
804 24
805 24
806 24
807 24
808 24
809 24
810 24
811 24
812 24
813 24
814 24
815 24
816 24
817 24
818 24
819 24
820 24
821 24
822 24
823 24
824 24
825 24
826 24
827 24
828 24
829 24
830 24
831 24
832 24
833 24
834 25
835 25
836 25
837 25
838 25
839 25
840 25
841 25
842 25
843 25
844 25
845 25
846 25
847 25
848 25
849 25
850 25
851 25
852 25
853 25
854 25
855 25
856 25
857 25
858 25
859 25
860 25
861 25
862 25
863 25
864 25
865 25
866 25
867 26
868 26
869 26
870 26
871 26
872 26
873 26
874 26
875 26
876 26
877 26
878 26
879 26
880 26
881 26
882 26
883 26
884 26
885 26
886 26
887 26
888 26
889 26
890 26
891 26
892 26
893 26
894 26
895 26
896 26
897 26
898 26
899 26
900 27
901 27
902 27
903 27
904 27
905 27
906 27
907 27
908 27
909 27
910 27
911 27
912 27
913 27
914 27
915 27
916 27
917 27
918 27
919 27
920 27
921 27
922 27
923 27
924 27
925 27
926 27
927 27
928 27
929 27
930 27
931 27
932 27
933 27
934 28
935 28
936 28
937 28
938 28
939 28
940 28
941 28
942 28
943 28
944 28
945 28
946 28
947 28
948 28
949 28
950 28
951 28
952 28
953 28
954 28
955 28
956 28
957 28
958 28
959 28
960 28
961 28
962 28
963 28
964 28
965 28
966 28
967 29
968 29
969 29
970 29
971 29
972 29
973 29
974 29
975 29
976 29
977 29
978 29
979 29
980 29
981 29
982 29
983 29
984 29
985 29
986 29
987 29
988 29
989 29
990 29
991 29
992 29
993 29
994 29
995 29
996 29
997 29
998 29
999 29
1000 30
1001 30
1002 30
1003 30
1004 30
1005 30
1006 30
1007 30
1008 30
1009 30
1010 30
1011 30
1012 30
1013 30
1014 30
1015 30
1016 30
1017 30
1018 30
1019 30
1020 30
1021 30
1022 30
1023 30
1024 30
1025 30
1026 30
1027 30
1028 30
1029 30
1030 30
1031 30
1032 30
1033 30
1034 31
1035 31
1036 31
1037 31
1038 31
1039 31
1040 31
1041 31
1042 31
1043 31
1044 31
1045 31
1046 31
1047 31
1048 31
1049 31
1050 31
1051 31
1052 31
1053 31
1054 31
1055 31
1056 31
1057 31
1058 31
1059 31
1060 31
1061 31
1062 31
1063 31
1064 31
1065 31
1066 31
1067 32
1068 32
1069 32
1070 32
1071 32
1072 32
1073 32
1074 32
1075 32
1076 32
1077 32
1078 32
1079 32
1080 32
1081 32
1082 32
1083 32
1084 32
1085 32
1086 32
1087 32
1088 32
1089 32
1090 32
1091 32
1092 32
1093 32
1094 32
1095 32
1096 32
1097 32
1098 32
1099 32
1100 33
1101 33
1102 33
1103 33
1104 33
1105 33
1106 33
1107 33
1108 33
1109 33
1110 33
1111 33
1112 33
1113 33
1114 33
1115 33
1116 33
1117 33
1118 33
1119 33
1120 33
1121 33
1122 33
1123 33
1124 33
1125 33
1126 33
1127 33
1128 33
1129 33
1130 33
1131 33
1132 33
1133 33
1134 34
1135 34
1136 34
1137 34
1138 34
1139 34
1140 34
1141 34
1142 34
1143 34
1144 34
1145 34
1146 34
1147 34
1148 34
1149 34
1150 34
1151 34
1152 34
1153 34
1154 34
1155 34
1156 34
1157 34
1158 34
1159 34
1160 34
1161 34
1162 34
1163 34
1164 34
1165 34
1166 34
1167 35
1168 35
1169 35
1170 35
1171 35
1172 35
1173 35
1174 35
1175 35
1176 35
1177 35
1178 35
1179 35
1180 35
1181 35
1182 35
1183 35
1184 35
1185 35
1186 35
1187 35
1188 35
1189 35
1190 35
1191 35
1192 35
1193 35
1194 35
1195 35
1196 35
1197 35
1198 35
1199 35
1200 36
1201 36
1202 36
1203 36
1204 36
1205 36
1206 36
1207 36
1208 36
1209 36
1210 36
1211 36
1212 36
1213 36
1214 36
1215 36
1216 36
1217 36
1218 36
1219 36
1220 36
1221 36
1222 36
1223 36
1224 36
1225 36
1226 36
1227 36
1228 36
1229 36
1230 36
1231 36
1232 36
1233 36
1234 37
1235 37
1236 37
1237 37
1238 37
1239 37
1240 37
1241 37
1242 37
1243 37
1244 37
1245 37
1246 37
1247 37
1248 37
1249 37
1250 37
1251 37
1252 37
1253 37
1254 37
1255 37
1256 37
1257 37
1258 37
1259 37
1260 37
1261 37
1262 37
1263 37
1264 37
1265 37
1266 37
1267 38
1268 38
1269 38
1270 38
1271 38
1272 38
1273 38
1274 38
1275 38
1276 38
1277 38
1278 38
1279 38
1280 38
1281 38
1282 38
1283 38
1284 38
1285 38
1286 38
1287 38
1288 38
1289 38
1290 38
1291 38
1292 38
1293 38
1294 38
1295 38
1296 38
1297 38
1298 38
1299 38
1300 39
1301 39
1302 39
1303 39
1304 39
1305 39
1306 39
1307 39
1308 39
1309 39
1310 39
1311 39
1312 39
1313 39
1314 39
1315 39
1316 39
1317 39
1318 39
1319 39
1320 39
1321 39
1322 39
1323 39
1324 39
1325 39
1326 39
1327 39
1328 39
1329 39
1330 39
1331 39
1332 39
1333 39
1334 40
1335 40
1336 40
1337 40
1338 40
1339 40
1340 40
1341 40
1342 40
1343 40
1344 40
1345 40
1346 40
1347 40
1348 40
1349 40
1350 40
1351 40
1352 40
1353 40
1354 40
1355 40
1356 40
1357 40
1358 40
1359 40
1360 40
1361 40
1362 40
1363 40
1364 40
1365 40
1366 40
1367 41
1368 41
1369 41
1370 41
1371 41
1372 41
1373 41
1374 41
1375 41
1376 41
1377 41
1378 41
1379 41
1380 41
1381 41
1382 41
1383 41
1384 41
1385 41
1386 41
1387 41
1388 41
1389 41
1390 41
1391 41
1392 41
1393 41
1394 41
1395 41
1396 41
1397 41
1398 41
1399 41
1400 42
1401 42
1402 42
1403 42
1404 42
1405 42
1406 42
1407 42
1408 42
1409 42
1410 42
1411 42
1412 42
1413 42
1414 42
1415 42
1416 42
1417 42
1418 42
1419 42
1420 42
1421 42
1422 42
1423 42
1424 42
1425 42
1426 42
1427 42
1428 42
1429 42
1430 42
1431 42
1432 42
1433 42
1434 43
1435 43
1436 43
1437 43
1438 43
1439 43
1440 43
1441 43
1442 43
1443 43
1444 43
1445 43
1446 43
1447 43
1448 43
1449 43
1450 43
1451 43
1452 43
1453 43
1454 43
1455 43
1456 43
1457 43
1458 43
1459 43
1460 43
1461 43
1462 43
1463 43
1464 43
1465 43
1466 43
1467 44
1468 44
1469 44
1470 44
1471 44
1472 44
1473 44
1474 44
1475 44
1476 44
1477 44
1478 44
1479 44
1480 44
1481 44
1482 44
1483 44
1484 44
1485 44
1486 44
1487 44
1488 44
1489 44
1490 44
1491 44
1492 44
1493 44
1494 44
1495 44
1496 44
1497 44
1498 44
1499 44
1500 45
1501 45
1502 45
1503 45
1504 45
1505 45
1506 45
1507 45
1508 45
1509 45
1510 45
1511 45
1512 45
1513 45
1514 45
1515 45
1516 45
1517 45
1518 45
1519 45
1520 45
1521 45
1522 45
1523 45
1524 45
1525 45
1526 45
1527 45
1528 45
1529 45
1530 45
1531 45
1532 45
1533 45
1534 46
1535 46
1536 46
1537 46
1538 46
1539 46
1540 46
1541 46
1542 46
1543 46
1544 46
1545 46
1546 46
1547 46
1548 46
1549 46
1550 46
1551 46
1552 46
1553 46
1554 46
1555 46
1556 46
1557 46
1558 46
1559 46
1560 46
1561 46
1562 46
1563 46
1564 46
1565 46
1566 46
1567 47
1568 47
1569 47
1570 47
1571 47
1572 47
1573 47
1574 47
1575 47
1576 47
1577 47
1578 47
1579 47
1580 47
1581 47
1582 47
1583 47
1584 47
1585 47
1586 47
1587 47
1588 47
1589 47
1590 47
1591 47
1592 47
1593 47
1594 47
1595 47
1596 47
1597 47
1598 47
1599 47
1600 48
1601 48
1602 48
1603 48
1604 48
1605 48
1606 48
1607 48
1608 48
1609 48
1610 48
1611 48
1612 48
1613 48
1614 48
1615 48
1616 48
1617 48
1618 48
1619 48
1620 48
1621 48
1622 48
1623 48
1624 48
1625 48
1626 48
1627 48
1628 48
1629 48
1630 48
1631 48
1632 48
1633 48
1634 49
1635 49
1636 49
1637 49
1638 49
1639 49
1640 49
1641 49
1642 49
1643 49
1644 49
1645 49
1646 49
1647 49
1648 49
1649 49
1650 49
1651 49
1652 49
1653 49
1654 49
1655 49
1656 49
1657 49
1658 49
1659 49
1660 49
1661 49
1662 49
1663 49
1664 49
1665 49
1666 49
1667 50
1668 50
1669 50
1670 50
1671 50
1672 50
1673 50
1674 50
1675 50
1676 50
1677 50
1678 50
1679 50
1680 50
1681 50
1682 50
1683 50
1684 50
1685 50
1686 50
1687 50
1688 50
1689 50
1690 50
1691 50
1692 50
1693 50
1694 50
1695 50
1696 50
1697 50
1698 50
1699 50
1700 51
1701 51
1702 51
1703 51
1704 51
1705 51
1706 51
1707 51
1708 51
1709 51
1710 51
1711 51
1712 51
1713 51
1714 51
1715 51
1716 51
1717 51
1718 51
1719 51
1720 51
1721 51
1722 51
1723 51
1724 51
1725 51
1726 51
1727 51
1728 51
1729 51
1730 51
1731 51
1732 51
1733 51
1734 52
1735 52
1736 52
1737 52
1738 52
1739 52
1740 52
1741 52
1742 52
1743 52
1744 52
1745 52
1746 52
1747 52
1748 52
1749 52
1750 52
1751 52
1752 52
1753 52
1754 52
1755 52
1756 52
1757 52
1758 52
1759 52
1760 52
1761 52
1762 52
1763 52
1764 52
1765 52
1766 52
1767 53
1768 53
1769 53
1770 53
1771 53
1772 53
1773 53
1774 53
1775 53
1776 53
1777 53
1778 53
1779 53
1780 53
1781 53
1782 53
1783 53
1784 53
1785 53
1786 53
1787 53
1788 53
1789 53
1790 53
1791 53
1792 53
1793 53
1794 53
1795 53
1796 53
1797 53
1798 53
1799 53
1800 54
1801 54
1802 54
1803 54
1804 54
1805 54
1806 54
1807 54
1808 54
1809 54
1810 54
1811 54
1812 54
1813 54
1814 54
1815 54
1816 54
1817 54
1818 54
1819 54
1820 54
1821 54
1822 54
1823 54
1824 54
1825 54
1826 54
1827 54
1828 54
1829 54
1830 54
1831 54
1832 54
1833 54
1834 55
1835 55
1836 55
1837 55
1838 55
1839 55
1840 55
1841 55
1842 55
1843 55
1844 55
1845 55
1846 55
1847 55
1848 55
1849 55
1850 55
1851 55
1852 55
1853 55
1854 55
1855 55
1856 55
1857 55
1858 55
1859 55
1860 55
1861 55
1862 55
1863 55
1864 55
1865 55
1866 55
1867 56
1868 56
1869 56
1870 56
1871 56
1872 56
1873 56
1874 56
1875 56
1876 56
1877 56
1878 56
1879 56
1880 56
1881 56
1882 56
1883 56
1884 56
1885 56
1886 56
1887 56
1888 56
1889 56
1890 56
1891 56
1892 56
1893 56
1894 56
1895 56
1896 56
1897 56
1898 56
1899 56
1900 57
1901 57
1902 57
1903 57
1904 57
1905 57
1906 57
1907 57
1908 57
1909 57
1910 57
1911 57
1912 57
1913 57
1914 57
1915 57
1916 57
1917 57
1918 57
1919 57
1920 57
1921 57
1922 57
1923 57
1924 57
1925 57
1926 57
1927 57
1928 57
1929 57
1930 57
1931 57
1932 57
1933 57
1934 58
1935 58
1936 58
1937 58
1938 58
1939 58
1940 58
1941 58
1942 58
1943 58
1944 58
1945 58
1946 58
1947 58
1948 58
1949 58
1950 58
1951 58
1952 58
1953 58
1954 58
1955 58
1956 58
1957 58
1958 58
1959 58
1960 58
1961 58
1962 58
1963 58
1964 58
1965 58
1966 58
1967 59
1968 59
1969 59
1970 59
1971 59
1972 59
1973 59
1974 59
1975 59
1976 59
1977 59
1978 59
1979 59
1980 59
1981 59
1982 59
1983 59
1984 59
1985 59
1986 59
1987 59
1988 59
1989 59
1990 59
1991 59
1992 59
1993 59
1994 59
1995 59
1996 59
1997 59
1998 59
1999 59
2000 60
2001 60
2002 60
2003 60
2004 60
2005 60
2006 60
2007 60
2008 60
2009 60
2010 60
2011 60
2012 60
2013 60
2014 60
2015 60
2016 60
2017 60
2018 60
2019 60
2020 60
2021 60
2022 60
2023 60
2024 60
2025 60
2026 60
2027 60
2028 60
2029 60
2030 60
2031 60
2032 60
2033 60
2034 61
2035 61
2036 61
2037 61
2038 61
2039 61
2040 61
2041 61
2042 61
2043 61
2044 61
2045 61
2046 61
2047 61
2048 61
2049 61
2050 61
2051 61
2052 61
2053 61
2054 61
2055 61
2056 61
2057 61
2058 61
2059 61
2060 61
2061 61
2062 61
2063 61
2064 61
2065 61
2066 61
2067 62
2068 62
2069 62
2070 62
2071 62
2072 62
2073 62
2074 62
2075 62
2076 62
2077 62
2078 62
2079 62
2080 62
2081 62
2082 62
2083 62
2084 62
2085 62
2086 62
2087 62
2088 62
2089 62
2090 62
2091 62
2092 62
2093 62
2094 62
2095 62
2096 62
2097 62
2098 62
2099 62
2100 63
2101 63
2102 63
2103 63
2104 63
2105 63
2106 63
2107 63
2108 63
2109 63
2110 63
2111 63
2112 63
2113 63
2114 63
2115 63
2116 63
2117 63
2118 63
2119 63
2120 63
2121 63
2122 63
2123 63
2124 63
2125 63
2126 63
2127 63
2128 63
2129 63
2130 63
2131 63
2132 63
2133 63
2134 64
2135 64
2136 64
2137 64
2138 64
2139 64
2140 64
2141 64
2142 64
2143 64
2144 64
2145 64
2146 64
2147 64
2148 64
2149 64
2150 64
2151 64
2152 64
2153 64
2154 64
2155 64
2156 64
2157 64
2158 64
2159 64
2160 64
2161 64
2162 64
2163 64
2164 64
2165 64
2166 64
2167 65
2168 65
2169 65
2170 65
2171 65
2172 65
2173 65
2174 65
2175 65
2176 65
2177 65
2178 65
2179 65
2180 65
2181 65
2182 65
2183 65
2184 65
2185 65
2186 65
2187 65
2188 65
2189 65
2190 65
2191 65
2192 65
2193 65
2194 65
2195 65
2196 65
2197 65
2198 65
2199 65
2200 66
2201 66
2202 66
2203 66
2204 66
2205 66
2206 66
2207 66
2208 66
2209 66
2210 66
2211 66
2212 66
2213 66
2214 66
2215 66
2216 66
2217 66
2218 66
2219 66
2220 66
2221 66
2222 66
2223 66
2224 66
2225 66
2226 66
2227 66
2228 66
2229 66
2230 66
2231 66
2232 66
2233 66
2234 67
2235 67
2236 67
2237 67
2238 67
2239 67
2240 67
2241 67
2242 67
2243 67
2244 67
2245 67
2246 67
2247 67
2248 67
2249 67
2250 67
2251 67
2252 67
2253 67
2254 67
2255 67
2256 67
2257 67
2258 67
2259 67
2260 67
2261 67
2262 67
2263 67
2264 67
2265 67
2266 67
2267 68
2268 68
2269 68
2270 68
2271 68
2272 68
2273 68
2274 68
2275 68
2276 68
2277 68
2278 68
2279 68
2280 68
2281 68
2282 68
2283 68
2284 68
2285 68
2286 68
2287 68
2288 68
2289 68
2290 68
2291 68
2292 68
2293 68
2294 68
2295 68
2296 68
2297 68
2298 68
2299 68
2300 69
2301 69
2302 69
2303 69
2304 69
2305 69
2306 69
2307 69
2308 69
2309 69
2310 69
2311 69
2312 69
2313 69
2314 69
2315 69
2316 69
2317 69
2318 69
2319 69
2320 69
2321 69
2322 69
2323 69
2324 69
2325 69
2326 69
2327 69
2328 69
2329 69
2330 69
2331 69
2332 69
2333 69
2334 70
2335 70
2336 70
2337 70
2338 70
2339 70
2340 70
2341 70
2342 70
2343 70
2344 70
2345 70
2346 70
2347 70
2348 70
2349 70
2350 70
2351 70
2352 70
2353 70
2354 70
2355 70
2356 70
2357 70
2358 70
2359 70
2360 70
2361 70
2362 70
2363 70
2364 70
2365 70
2366 70
2367 71
2368 71
2369 71
2370 71
2371 71
2372 71
2373 71
2374 71
2375 71
2376 71
2377 71
2378 71
2379 71
2380 71
2381 71
2382 71
2383 71
2384 71
2385 71
2386 71
2387 71
2388 71
2389 71
2390 71
2391 71
2392 71
2393 71
2394 71
2395 71
2396 71
2397 71
2398 71
2399 71
2400 72
2401 72
2402 72
2403 72
2404 72
2405 72
2406 72
2407 72
2408 72
2409 72
2410 72
2411 72
2412 72
2413 72
2414 72
2415 72
2416 72
2417 72
2418 72
2419 72
2420 72
2421 72
2422 72
2423 72
2424 72
2425 72
2426 72
2427 72
2428 72
2429 72
2430 72
2431 72
2432 72
2433 72
2434 73
2435 73
2436 73
2437 73
2438 73
2439 73
2440 73
2441 73
2442 73
2443 73
2444 73
2445 73
2446 73
2447 73
2448 73
2449 73
2450 73
2451 73
2452 73
2453 73
2454 73
2455 73
2456 73
2457 73
2458 73
2459 73
2460 73
2461 73
2462 73
2463 73
2464 73
2465 73
2466 73
2467 74
2468 74
2469 74
2470 74
2471 74
2472 74
2473 74
2474 74
2475 74
2476 74
2477 74
2478 74
2479 74
2480 74
2481 74
2482 74
2483 74
2484 74
2485 74
2486 74
2487 74
2488 74
2489 74
2490 74
2491 74
2492 74
2493 74
2494 74
2495 74
2496 74
2497 74
2498 74
2499 74
2500 75
2501 75
2502 75
2503 75
2504 75
2505 75
2506 75
2507 75
2508 75
2509 75
2510 75
2511 75
2512 75
2513 75
2514 75
2515 75
2516 75
2517 75
2518 75
2519 75
2520 75
2521 75
2522 75
2523 75
2524 75
2525 75
2526 75
2527 75
2528 75
2529 75
2530 75
2531 75
2532 75
2533 75
2534 76
2535 76
2536 76
2537 76
2538 76
2539 76
2540 76
2541 76
2542 76
2543 76
2544 76
2545 76
2546 76
2547 76
2548 76
2549 76
2550 76
2551 76
2552 76
2553 76
2554 76
2555 76
2556 76
2557 76
2558 76
2559 76
2560 76
2561 76
2562 76
2563 76
2564 76
2565 76
2566 76
2567 77
2568 77
2569 77
2570 77
2571 77
2572 77
2573 77
2574 77
2575 77
2576 77
2577 77
2578 77
2579 77
2580 77
2581 77
2582 77
2583 77
2584 77
2585 77
2586 77
2587 77
2588 77
2589 77
2590 77
2591 77
2592 77
2593 77
2594 77
2595 77
2596 77
2597 77
2598 77
2599 77
2600 78
2601 78
2602 78
2603 78
2604 78
2605 78
2606 78
2607 78
2608 78
2609 78
2610 78
2611 78
2612 78
2613 78
2614 78
2615 78
2616 78
2617 78
2618 78
2619 78
2620 78
2621 78
2622 78
2623 78
2624 78
2625 78
2626 78
2627 78
2628 78
2629 78
2630 78
2631 78
2632 78
2633 78
2634 79
2635 79
2636 79
2637 79
2638 79
2639 79
2640 79
2641 79
2642 79
2643 79
2644 79
2645 79
2646 79
2647 79
2648 79
2649 79
2650 79
2651 79
2652 79
2653 79
2654 79
2655 79
2656 79
2657 79
2658 79
2659 79
2660 79
2661 79
2662 79
2663 79
2664 79
2665 79
2666 79
2667 80
2668 80
2669 80
2670 80
2671 80
2672 80
2673 80
2674 80
2675 80
2676 80
2677 80
2678 80
2679 80
2680 80
2681 80
2682 80
2683 80
2684 80
2685 80
2686 80
2687 80
2688 80
2689 80
2690 80
2691 80
2692 80
2693 80
2694 80
2695 80
2696 80
2697 80
2698 80
2699 80
2700 81
2701 81
2702 81
2703 81
2704 81
2705 81
2706 81
2707 81
2708 81
2709 81
2710 81
2711 81
2712 81
2713 81
2714 81
2715 81
2716 81
2717 81
2718 81
2719 81
2720 81
2721 81
2722 81
2723 81
2724 81
2725 81
2726 81
2727 81
2728 81
2729 81
2730 81
2731 81
2732 81
2733 81
2734 82
2735 82
2736 82
2737 82
2738 82
2739 82
2740 82
2741 82
2742 82
2743 82
2744 82
2745 82
2746 82
2747 82
2748 82
2749 82
2750 82
2751 82
2752 82
2753 82
2754 82
2755 82
2756 82
2757 82
2758 82
2759 82
2760 82
2761 82
2762 82
2763 82
2764 82
2765 82
2766 82
2767 83
2768 83
2769 83
2770 83
2771 83
2772 83
2773 83
2774 83
2775 83
2776 83
2777 83
2778 83
2779 83
2780 83
2781 83
2782 83
2783 83
2784 83
2785 83
2786 83
2787 83
2788 83
2789 83
2790 83
2791 83
2792 83
2793 83
2794 83
2795 83
2796 83
2797 83
2798 83
2799 83
2800 84
2801 84
2802 84
2803 84
2804 84
2805 84
2806 84
2807 84
2808 84
2809 84
2810 84
2811 84
2812 84
2813 84
2814 84
2815 84
2816 84
2817 84
2818 84
2819 84
2820 84
2821 84
2822 84
2823 84
2824 84
2825 84
2826 84
2827 84
2828 84
2829 84
2830 84
2831 84
2832 84
2833 84
2834 85
2835 85
2836 85
2837 85
2838 85
2839 85
2840 85
2841 85
2842 85
2843 85
2844 85
2845 85
2846 85
2847 85
2848 85
2849 85
2850 85
2851 85
2852 85
2853 85
2854 85
2855 85
2856 85
2857 85
2858 85
2859 85
2860 85
2861 85
2862 85
2863 85
2864 85
2865 85
2866 85
2867 86
2868 86
2869 86
2870 86
2871 86
2872 86
2873 86
2874 86
2875 86
2876 86
2877 86
2878 86
2879 86
2880 86
2881 86
2882 86
2883 86
2884 86
2885 86
2886 86
2887 86
2888 86
2889 86
2890 86
2891 86
2892 86
2893 86
2894 86
2895 86
2896 86
2897 86
2898 86
2899 86
2900 87
2901 87
2902 87
2903 87
2904 87
2905 87
2906 87
2907 87
2908 87
2909 87
2910 87
2911 87
2912 87
2913 87
2914 87
2915 87
2916 87
2917 87
2918 87
2919 87
2920 87
2921 87
2922 87
2923 87
2924 87
2925 87
2926 87
2927 87
2928 87
2929 87
2930 87
2931 87
2932 87
2933 87
2934 88
2935 88
2936 88
2937 88
2938 88
2939 88
2940 88
2941 88
2942 88
2943 88
2944 88
2945 88
2946 88
2947 88
2948 88
2949 88
2950 88
2951 88
2952 88
2953 88
2954 88
2955 88
2956 88
2957 88
2958 88
2959 88
2960 88
2961 88
2962 88
2963 88
2964 88
2965 88
2966 88
2967 89
2968 89
2969 89
2970 89
2971 89
2972 89
2973 89
2974 89
2975 89
2976 89
2977 89
2978 89
2979 89
2980 89
2981 89
2982 89
2983 89
2984 89
2985 89
2986 89
2987 89
2988 89
2989 89
2990 89
2991 89
2992 89
2993 89
2994 89
2995 89
2996 89
2997 89
2998 89
2999 89
3000 90
3001 90
3002 90
3003 90
3004 90
3005 90
3006 90
3007 90
3008 90
3009 90
3010 90
3011 90
3012 90
3013 90
3014 90
3015 90
3016 90
3017 90
3018 90
3019 90
3020 90
3021 90
3022 90
3023 90
3024 90
3025 90
3026 90
3027 90
3028 90
3029 90
3030 90
3031 90
3032 90
3033 90
3034 91
3035 91
3036 91
3037 91
3038 91
3039 91
3040 91
3041 91
3042 91
3043 91
3044 91
3045 91
3046 91
3047 91
3048 91
3049 91
3050 91
3051 91
3052 91
3053 91
3054 91
3055 91
3056 91
3057 91
3058 91
3059 91
3060 91
3061 91
3062 91
3063 91
3064 91
3065 91
3066 91
3067 92
3068 92
3069 92
3070 92
3071 92
3072 92
3073 92
3074 92
3075 92
3076 92
3077 92
3078 92
3079 92
3080 92
3081 92
3082 92
3083 92
3084 92
3085 92
3086 92
3087 92
3088 92
3089 92
3090 92
3091 92
3092 92
3093 92
3094 92
3095 92
3096 92
3097 92
3098 92
3099 92
3100 93
3101 93
3102 93
3103 93
3104 93
3105 93
3106 93
3107 93
3108 93
3109 93
3110 93
3111 93
3112 93
3113 93
3114 93
3115 93
3116 93
3117 93
3118 93
3119 93
3120 93
3121 93
3122 93
3123 93
3124 93
3125 93
3126 93
3127 93
3128 93
3129 93
3130 93
3131 93
3132 93
3133 93
3134 94
3135 94
3136 94
3137 94
3138 94
3139 94
3140 94
3141 94
3142 94
3143 94
3144 94
3145 94
3146 94
3147 94
3148 94
3149 94
3150 94
3151 94
3152 94
3153 94
3154 94
3155 94
3156 94
3157 94
3158 94
3159 94
3160 94
3161 94
3162 94
3163 94
3164 94
3165 94
3166 94
3167 95
3168 95
3169 95
3170 95
3171 95
3172 95
3173 95
3174 95
3175 95
3176 95
3177 95
3178 95
3179 95
3180 95
3181 95
3182 95
3183 95
3184 95
3185 95
3186 95
3187 95
3188 95
3189 95
3190 95
3191 95
3192 95
3193 95
3194 95
3195 95
3196 95
3197 95
3198 95
3199 95
3200 96
3201 96
3202 96
3203 96
3204 96
3205 96
3206 96
3207 96
3208 96
3209 96
3210 96
3211 96
3212 96
3213 96
3214 96
3215 96
3216 96
3217 96
3218 96
3219 96
3220 96
3221 96
3222 96
3223 96
3224 96
3225 96
3226 96
3227 96
3228 96
3229 96
3230 96
3231 96
3232 96
3233 96
3234 97
3235 97
3236 97
3237 97
3238 97
3239 97
3240 97
3241 97
3242 97
3243 97
3244 97
3245 97
3246 97
3247 97
3248 97
3249 97
3250 97
3251 97
3252 97
3253 97
3254 97
3255 97
3256 97
3257 97
3258 97
3259 97
3260 97
3261 97
3262 97
3263 97
3264 97
3265 97
3266 97
3267 98
3268 98
3269 98
3270 98
3271 98
3272 98
3273 98
3274 98
3275 98
3276 98
3277 98
3278 98
3279 98
3280 98
3281 98
3282 98
3283 98
3284 98
3285 98
3286 98
3287 98
3288 98
3289 98
3290 98
3291 98
3292 98
3293 98
3294 98
3295 98
3296 98
3297 98
3298 98
3299 98
3300 99
3301 99
3302 99
3303 99
3304 99
3305 99
3306 99
3307 99
3308 99
3309 99
3310 99
3311 99
3312 99
3313 99
3314 99
3315 99
3316 99
3317 99
3318 99
3319 99
3320 99
3321 99
3322 99
3323 99
3324 99
3325 99
3326 99
3327 99
3328 99
3329 99
3330 99
3331 99
3332 99
3333 99
3334 100
3335 100
3336 100
3337 100
3338 100
3339 100
3340 100
3341 100
3342 100
3343 100
3344 100
3345 100
3346 100
3347 100
3348 100
3349 100
3350 100
3351 100
3352 100
3353 100
3354 100
3355 100
3356 100
3357 100
3358 100
3359 100
3360 100
3361 100
3362 100
3363 100
3364 100
3365 100
3366 100
3367 101
3368 101
3369 101
3370 101
3371 101
3372 101
3373 101
3374 101
3375 101
3376 101
3377 101
3378 101
3379 101
3380 101
3381 101
3382 101
3383 101
3384 101
3385 101
3386 101
3387 101
3388 101
3389 101
3390 101
3391 101
3392 101
3393 101
3394 101
3395 101
3396 101
3397 101
3398 101
3399 101
3400 102
3401 102
3402 102
3403 102
3404 102
3405 102
3406 102
3407 102
3408 102
3409 102
3410 102
3411 102
3412 102
3413 102
3414 102
3415 102
3416 102
3417 102
3418 102
3419 102
3420 102
3421 102
3422 102
3423 102
3424 102
3425 102
3426 102
3427 102
3428 102
3429 102
3430 102
3431 102
3432 102
3433 102
3434 103
3435 103
3436 103
3437 103
3438 103
3439 103
3440 103
3441 103
3442 103
3443 103
3444 103
3445 103
3446 103
3447 103
3448 103
3449 103
3450 103
3451 103
3452 103
3453 103
3454 103
3455 103
3456 103
3457 103
3458 103
3459 103
3460 103
3461 103
3462 103
3463 103
3464 103
3465 103
3466 103
3467 104
3468 104
3469 104
3470 104
3471 104
3472 104
3473 104
3474 104
3475 104
3476 104
3477 104
3478 104
3479 104
3480 104
3481 104
3482 104
3483 104
3484 104
3485 104
3486 104
3487 104
3488 104
3489 104
3490 104
3491 104
3492 104
3493 104
3494 104
3495 104
3496 104
3497 104
3498 104
3499 104
3500 105
3501 105
3502 105
3503 105
3504 105
3505 105
3506 105
3507 105
3508 105
3509 105
3510 105
3511 105
3512 105
3513 105
3514 105
3515 105
3516 105
3517 105
3518 105
3519 105
3520 105
3521 105
3522 105
3523 105
3524 105
3525 105
3526 105
3527 105
3528 105
3529 105
3530 105
3531 105
3532 105
3533 105
3534 106
3535 106
3536 106
3537 106
3538 106
3539 106
3540 106
3541 106
3542 106
3543 106
3544 106
3545 106
3546 106
3547 106
3548 106
3549 106
3550 106
3551 106
3552 106
3553 106
3554 106
3555 106
3556 106
3557 106
3558 106
3559 106
3560 106
3561 106
3562 106
3563 106
3564 106
3565 106
3566 106
3567 107
3568 107
3569 107
3570 107
3571 107
3572 107
3573 107
3574 107
3575 107
3576 107
3577 107
3578 107
3579 107
3580 107
3581 107
3582 107
3583 107
3584 107
3585 107
3586 107
3587 107
3588 107
3589 107
3590 107
3591 107
3592 107
3593 107
3594 107
3595 107
3596 107
3597 107
3598 107
3599 107
3600 108
3601 108
3602 108
3603 108
3604 108
3605 108
3606 108
3607 108
3608 108
3609 108
3610 108
3611 108
3612 108
3613 108
3614 108
3615 108
3616 108
3617 108
3618 108
3619 108
3620 108
3621 108
3622 108
3623 108
3624 108
3625 108
3626 108
3627 108
3628 108
3629 108
3630 108
3631 108
3632 108
3633 108
3634 109
3635 109
3636 109
3637 109
3638 109
3639 109
3640 109
3641 109
3642 109
3643 109
3644 109
3645 109
3646 109
3647 109
3648 109
3649 109
3650 109
3651 109
3652 109
3653 109
3654 109
3655 109
3656 109
3657 109
3658 109
3659 109
3660 109
3661 109
3662 109
3663 109
3664 109
3665 109
3666 109
3667 110
3668 110
3669 110
3670 110
3671 110
3672 110
3673 110
3674 110
3675 110
3676 110
3677 110
3678 110
3679 110
3680 110
3681 110
3682 110
3683 110
3684 110
3685 110
3686 110
3687 110
3688 110
3689 110
3690 110
3691 110
3692 110
3693 110
3694 110
3695 110
3696 110
3697 110
3698 110
3699 110
3700 111
3701 111
3702 111
3703 111
3704 111
3705 111
3706 111
3707 111
3708 111
3709 111
3710 111
3711 111
3712 111
3713 111
3714 111
3715 111
3716 111
3717 111
3718 111
3719 111
3720 111
3721 111
3722 111
3723 111
3724 111
3725 111
3726 111
3727 111
3728 111
3729 111
3730 111
3731 111
3732 111
3733 111
3734 112
3735 112
3736 112
3737 112
3738 112
3739 112
3740 112
3741 112
3742 112
3743 112
3744 112
3745 112
3746 112
3747 112
3748 112
3749 112
3750 112
3751 112
3752 112
3753 112
3754 112
3755 112
3756 112
3757 112
3758 112
3759 112
3760 112
3761 112
3762 112
3763 112
3764 112
3765 112
3766 112
3767 113
3768 113
3769 113
3770 113
3771 113
3772 113
3773 113
3774 113
3775 113
3776 113
3777 113
3778 113
3779 113
3780 113
3781 113
3782 113
3783 113
3784 113
3785 113
3786 113
3787 113
3788 113
3789 113
3790 113
3791 113
3792 113
3793 113
3794 113
3795 113
3796 113
3797 113
3798 113
3799 113
3800 114
3801 114
3802 114
3803 114
3804 114
3805 114
3806 114
3807 114
3808 114
3809 114
3810 114
3811 114
3812 114
3813 114
3814 114
3815 114
3816 114
3817 114
3818 114
3819 114
3820 114
3821 114
3822 114
3823 114
3824 114
3825 114
3826 114
3827 114
3828 114
3829 114
3830 114
3831 114
3832 114
3833 114
3834 115
3835 115
3836 115
3837 115
3838 115
3839 115
3840 115
3841 115
3842 115
3843 115
3844 115
3845 115
3846 115
3847 115
3848 115
3849 115
3850 115
3851 115
3852 115
3853 115
3854 115
3855 115
3856 115
3857 115
3858 115
3859 115
3860 115
3861 115
3862 115
3863 115
3864 115
3865 115
3866 115
3867 116
3868 116
3869 116
3870 116
3871 116
3872 116
3873 116
3874 116
3875 116
3876 116
3877 116
3878 116
3879 116
3880 116
3881 116
3882 116
3883 116
3884 116
3885 116
3886 116
3887 116
3888 116
3889 116
3890 116
3891 116
3892 116
3893 116
3894 116
3895 116
3896 116
3897 116
3898 116
3899 116
3900 117
3901 117
3902 117
3903 117
3904 117
3905 117
3906 117
3907 117
3908 117
3909 117
3910 117
3911 117
3912 117
3913 117
3914 117
3915 117
3916 117
3917 117
3918 117
3919 117
3920 117
3921 117
3922 117
3923 117
3924 117
3925 117
3926 117
3927 117
3928 117
3929 117
3930 117
3931 117
3932 117
3933 117
3934 118
3935 118
3936 118
3937 118
3938 118
3939 118
3940 118
3941 118
3942 118
3943 118
3944 118
3945 118
3946 118
3947 118
3948 118
3949 118
3950 118
3951 118
3952 118
3953 118
3954 118
3955 118
3956 118
3957 118
3958 118
3959 118
3960 118
3961 118
3962 118
3963 118
3964 118
3965 118
3966 118
3967 119
3968 119
3969 119
3970 119
3971 119
3972 119
3973 119
3974 119
3975 119
3976 119
3977 119
3978 119
3979 119
3980 119
3981 119
3982 119
3983 119
3984 119
3985 119
3986 119
3987 119
3988 119
3989 119
3990 119
3991 119
3992 119
3993 119
3994 119
3995 119
3996 119
3997 119
3998 119
3999 119
4000 120
4001 120
4002 120
4003 120
4004 120
4005 120
4006 120
4007 120
4008 120
4009 120
4010 120
4011 120
4012 120
4013 120
4014 120
4015 120
4016 120
4017 120
4018 120
4019 120
4020 120
4021 120
4022 120
4023 120
4024 120
4025 120
4026 120
4027 120
4028 120
4029 120
4030 120
4031 120
4032 120
4033 120
4034 121
4035 121
4036 121
4037 121
4038 121
4039 121
4040 121
4041 121
4042 121
4043 121
4044 121
4045 121
4046 121
4047 121
4048 121
4049 121
4050 121
4051 121
4052 121
4053 121
4054 121
4055 121
4056 121
4057 121
4058 121
4059 121
4060 121
4061 121
4062 121
4063 121
4064 121
4065 121
4066 121
4067 122
4068 122
4069 122
4070 122
4071 122
4072 122
4073 122
4074 122
4075 122
4076 122
4077 122
4078 122
4079 122
4080 122
4081 122
4082 122
4083 122
4084 122
4085 122
4086 122
4087 122
4088 122
4089 122
4090 122
4091 122
4092 122
4093 122
4094 122
4095 122
4096 122
4097 122
4098 122
4099 122
4100 123
4101 123
4102 123
4103 123
4104 123
4105 123
4106 123
4107 123
4108 123
4109 123
4110 123
4111 123
4112 123
4113 123
4114 123
4115 123
4116 123
4117 123
4118 123
4119 123
4120 123
4121 123
4122 123
4123 123
4124 123
4125 123
4126 123
4127 123
4128 123
4129 123
4130 123
4131 123
4132 123
4133 123
4134 124
4135 124
4136 124
4137 124
4138 124
4139 124
4140 124
4141 124
4142 124
4143 124
4144 124
4145 124
4146 124
4147 124
4148 124
4149 124
4150 124
4151 124
4152 124
4153 124
4154 124
4155 124
4156 124
4157 124
4158 124
4159 124
4160 124
4161 124
4162 124
4163 124
4164 124
4165 124
4166 124
4167 125
4168 125
4169 125
4170 125
4171 125
4172 125
4173 125
4174 125
4175 125
4176 125
4177 125
4178 125
4179 125
4180 125
4181 125
4182 125
4183 125
4184 125
4185 125
4186 125
4187 125
4188 125
4189 125
4190 125
4191 125
4192 125
4193 125
4194 125
4195 125
4196 125
4197 125
4198 125
4199 125
4200 126
4201 126
4202 126
4203 126
4204 126
4205 126
4206 126
4207 126
4208 126
4209 126
4210 126
4211 126
4212 126
4213 126
4214 126
4215 126
4216 126
4217 126
4218 126
4219 126
4220 126
4221 126
4222 126
4223 126
4224 126
4225 126
4226 126
4227 126
4228 126
4229 126
4230 126
4231 126
4232 126
4233 126
4234 127
4235 127
4236 127
4237 127
4238 127
4239 127
4240 127
4241 127
4242 127
4243 127
4244 127
4245 127
4246 127
4247 127
4248 127
4249 127
4250 127
4251 127
4252 127
4253 127
4254 127
4255 127
4256 127
4257 127
4258 127
4259 127
4260 127
4261 127
4262 127
4263 127
4264 127
4265 127
4266 127
4267 128
4268 128
4269 128
4270 128
4271 128
4272 128
4273 128
4274 128
4275 128
4276 128
4277 128
4278 128
4279 128
4280 128
4281 128
4282 128
4283 128
4284 128
4285 128
4286 128
4287 128
4288 128
4289 128
4290 128
4291 128
4292 128
4293 128
4294 128
4295 128
4296 128
4297 128
4298 128
4299 128
4300 129
4301 129
4302 129
4303 129
4304 129
4305 129
4306 129
4307 129
4308 129
4309 129
4310 129
4311 129
4312 129
4313 129
4314 129
4315 129
4316 129
4317 129
4318 129
4319 129
4320 129
4321 129
4322 129
4323 129
4324 129
4325 129
4326 129
4327 129
4328 129
4329 129
4330 129
4331 129
4332 129
4333 129
4334 130
4335 130
4336 130
4337 130
4338 130
4339 130
4340 130
4341 130
4342 130
4343 130
4344 130
4345 130
4346 130
4347 130
4348 130
4349 130
4350 130
4351 130
4352 130
4353 130
4354 130
4355 130
4356 130
4357 130
4358 130
4359 130
4360 130
4361 130
4362 130
4363 130
4364 130
4365 130
4366 130
4367 131
4368 131
4369 131
4370 131
4371 131
4372 131
4373 131
4374 131
4375 131
4376 131
4377 131
4378 131
4379 131
4380 131
4381 131
4382 131
4383 131
4384 131
4385 131
4386 131
4387 131
4388 131
4389 131
4390 131
4391 131
4392 131
4393 131
4394 131
4395 131
4396 131
4397 131
4398 131
4399 131
4400 132
4401 132
4402 132
4403 132
4404 132
4405 132
4406 132
4407 132
4408 132
4409 132
4410 132
4411 132
4412 132
4413 132
4414 132
4415 132
4416 132
4417 132
4418 132
4419 132
4420 132
4421 132
4422 132
4423 132
4424 132
4425 132
4426 132
4427 132
4428 132
4429 132
4430 132
4431 132
4432 132
4433 132
4434 133
4435 133
4436 133
4437 133
4438 133
4439 133
4440 133
4441 133
4442 133
4443 133
4444 133
4445 133
4446 133
4447 133
4448 133
4449 133
4450 133
4451 133
4452 133
4453 133
4454 133
4455 133
4456 133
4457 133
4458 133
4459 133
4460 133
4461 133
4462 133
4463 133
4464 133
4465 133
4466 133
4467 134
4468 134
4469 134
4470 134
4471 134
4472 134
4473 134
4474 134
4475 134
4476 134
4477 134
4478 134
4479 134
4480 134
4481 134
4482 134
4483 134
4484 134
4485 134
4486 134
4487 134
4488 134
4489 134
4490 134
4491 134
4492 134
4493 134
4494 134
4495 134
4496 134
4497 134
4498 134
4499 134
4500 135
4501 135
4502 135
4503 135
4504 135
4505 135
4506 135
4507 135
4508 135
4509 135
4510 135
4511 135
4512 135
4513 135
4514 135
4515 135
4516 135
4517 135
4518 135
4519 135
4520 135
4521 135
4522 135
4523 135
4524 135
4525 135
4526 135
4527 135
4528 135
4529 135
4530 135
4531 135
4532 135
4533 135
4534 136
4535 136
4536 136
4537 136
4538 136
4539 136
4540 136
4541 136
4542 136
4543 136
4544 136
4545 136
4546 136
4547 136
4548 136
4549 136
4550 136
4551 136
4552 136
4553 136
4554 136
4555 136
4556 136
4557 136
4558 136
4559 136
4560 136
4561 136
4562 136
4563 136
4564 136
4565 136
4566 136
4567 137
4568 137
4569 137
4570 137
4571 137
4572 137
4573 137
4574 137
4575 137
4576 137
4577 137
4578 137
4579 137
4580 137
4581 137
4582 137
4583 137
4584 137
4585 137
4586 137
4587 137
4588 137
4589 137
4590 137
4591 137
4592 137
4593 137
4594 137
4595 137
4596 137
4597 137
4598 137
4599 137
4600 138
4601 138
4602 138
4603 138
4604 138
4605 138
4606 138
4607 138
4608 138
4609 138
4610 138
4611 138
4612 138
4613 138
4614 138
4615 138
4616 138
4617 138
4618 138
4619 138
4620 138
4621 138
4622 138
4623 138
4624 138
4625 138
4626 138
4627 138
4628 138
4629 138
4630 138
4631 138
4632 138
4633 138
4634 139
4635 139
4636 139
4637 139
4638 139
4639 139
4640 139
4641 139
4642 139
4643 139
4644 139
4645 139
4646 139
4647 139
4648 139
4649 139
4650 139
4651 139
4652 139
4653 139
4654 139
4655 139
4656 139
4657 139
4658 139
4659 139
4660 139
4661 139
4662 139
4663 139
4664 139
4665 139
4666 139
4667 140
4668 140
4669 140
4670 140
4671 140
4672 140
4673 140
4674 140
4675 140
4676 140
4677 140
4678 140
4679 140
4680 140
4681 140
4682 140
4683 140
4684 140
4685 140
4686 140
4687 140
4688 140
4689 140
4690 140
4691 140
4692 140
4693 140
4694 140
4695 140
4696 140
4697 140
4698 140
4699 140
4700 141
4701 141
4702 141
4703 141
4704 141
4705 141
4706 141
4707 141
4708 141
4709 141
4710 141
4711 141
4712 141
4713 141
4714 141
4715 141
4716 141
4717 141
4718 141
4719 141
4720 141
4721 141
4722 141
4723 141
4724 141
4725 141
4726 141
4727 141
4728 141
4729 141
4730 141
4731 141
4732 141
4733 141
4734 142
4735 142
4736 142
4737 142
4738 142
4739 142
4740 142
4741 142
4742 142
4743 142
4744 142
4745 142
4746 142
4747 142
4748 142
4749 142
4750 142
4751 142
4752 142
4753 142
4754 142
4755 142
4756 142
4757 142
4758 142
4759 142
4760 142
4761 142
4762 142
4763 142
4764 142
4765 142
4766 142
4767 143
4768 143
4769 143
4770 143
4771 143
4772 143
4773 143
4774 143
4775 143
4776 143
4777 143
4778 143
4779 143
4780 143
4781 143
4782 143
4783 143
4784 143
4785 143
4786 143
4787 143
4788 143
4789 143
4790 143
4791 143
4792 143
4793 143
4794 143
4795 143
4796 143
4797 143
4798 143
4799 143
4800 144
4801 144
4802 144
4803 144
4804 144
4805 144
4806 144
4807 144
4808 144
4809 144
4810 144
4811 144
4812 144
4813 144
4814 144
4815 144
4816 144
4817 144
4818 144
4819 144
4820 144
4821 144
4822 144
4823 144
4824 144
4825 144
4826 144
4827 144
4828 144
4829 144
4830 144
4831 144
4832 144
4833 144
4834 145
4835 145
4836 145
4837 145
4838 145
4839 145
4840 145
4841 145
4842 145
4843 145
4844 145
4845 145
4846 145
4847 145
4848 145
4849 145
4850 145
4851 145
4852 145
4853 145
4854 145
4855 145
4856 145
4857 145
4858 145
4859 145
4860 145
4861 145
4862 145
4863 145
4864 145
4865 145
4866 145
4867 146
4868 146
4869 146
4870 146
4871 146
4872 146
4873 146
4874 146
4875 146
4876 146
4877 146
4878 146
4879 146
4880 146
4881 146
4882 146
4883 146
4884 146
4885 146
4886 146
4887 146
4888 146
4889 146
4890 146
4891 146
4892 146
4893 146
4894 146
4895 146
4896 146
4897 146
4898 146
4899 146
4900 147
4901 147
4902 147
4903 147
4904 147
4905 147
4906 147
4907 147
4908 147
4909 147
4910 147
4911 147
4912 147
4913 147
4914 147
4915 147
4916 147
4917 147
4918 147
4919 147
4920 147
4921 147
4922 147
4923 147
4924 147
4925 147
4926 147
4927 147
4928 147
4929 147
4930 147
4931 147
4932 147
4933 147
4934 148
4935 148
4936 148
4937 148
4938 148
4939 148
4940 148
4941 148
4942 148
4943 148
4944 148
4945 148
4946 148
4947 148
4948 148
4949 148
4950 148
4951 148
4952 148
4953 148
4954 148
4955 148
4956 148
4957 148
4958 148
4959 148
4960 148
4961 148
4962 148
4963 148
4964 148
4965 148
4966 148
4967 149
4968 149
4969 149
4970 149
4971 149
4972 149
4973 149
4974 149
4975 149
4976 149
4977 149
4978 149
4979 149
4980 149
4981 149
4982 149
4983 149
4984 149
4985 149
4986 149
4987 149
4988 149
4989 149
4990 149
4991 149
4992 149
4993 149
4994 149
4995 149
4996 149
4997 149
4998 149
4999 149
5000 150
5001 150
5002 150
5003 150
5004 150
5005 150
5006 150
5007 150
5008 150
5009 150
5010 150
5011 150
5012 150
5013 150
5014 150
5015 150
5016 150
5017 150
5018 150
5019 150
5020 150
5021 150
5022 150
5023 150
5024 150
5025 150
5026 150
5027 150
5028 150
5029 150
5030 150
5031 150
5032 150
5033 150
5034 151
5035 151
5036 151
5037 151
5038 151
5039 151
5040 151
5041 151
5042 151
5043 151
5044 151
5045 151
5046 151
5047 151
5048 151
5049 151
5050 151
5051 151
5052 151
5053 151
5054 151
5055 151
5056 151
5057 151
5058 151
5059 151
5060 151
5061 151
5062 151
5063 151
5064 151
5065 151
5066 151
5067 152
5068 152
5069 152
5070 152
5071 152
5072 152
5073 152
5074 152
5075 152
5076 152
5077 152
5078 152
5079 152
5080 152
5081 152
5082 152
5083 152
5084 152
5085 152
5086 152
5087 152
5088 152
5089 152
5090 152
5091 152
5092 152
5093 152
5094 152
5095 152
5096 152
5097 152
5098 152
5099 152
5100 153
5101 153
5102 153
5103 153
5104 153
5105 153
5106 153
5107 153
5108 153
5109 153
5110 153
5111 153
5112 153
5113 153
5114 153
5115 153
5116 153
5117 153
5118 153
5119 153
5120 153
5121 153
5122 153
5123 153
5124 153
5125 153
5126 153
5127 153
5128 153
5129 153
5130 153
5131 153
5132 153
5133 153
5134 154
5135 154
5136 154
5137 154
5138 154
5139 154
5140 154
5141 154
5142 154
5143 154
5144 154
5145 154
5146 154
5147 154
5148 154
5149 154
5150 154
5151 154
5152 154
5153 154
5154 154
5155 154
5156 154
5157 154
5158 154
5159 154
5160 154
5161 154
5162 154
5163 154
5164 154
5165 154
5166 154
5167 155
5168 155
5169 155
5170 155
5171 155
5172 155
5173 155
5174 155
5175 155
5176 155
5177 155
5178 155
5179 155
5180 155
5181 155
5182 155
5183 155
5184 155
5185 155
5186 155
5187 155
5188 155
5189 155
5190 155
5191 155
5192 155
5193 155
5194 155
5195 155
5196 155
5197 155
5198 155
5199 155
5200 156
5201 156
5202 156
5203 156
5204 156
5205 156
5206 156
5207 156
5208 156
5209 156
5210 156
5211 156
5212 156
5213 156
5214 156
5215 156
5216 156
5217 156
5218 156
5219 156
5220 156
5221 156
5222 156
5223 156
5224 156
5225 156
5226 156
5227 156
5228 156
5229 156
5230 156
5231 156
5232 156
5233 156
5234 157
5235 157
5236 157
5237 157
5238 157
5239 157
5240 157
5241 157
5242 157
5243 157
5244 157
5245 157
5246 157
5247 157
5248 157
5249 157
5250 157
5251 157
5252 157
5253 157
5254 157
5255 157
5256 157
5257 157
5258 157
5259 157
5260 157
5261 157
5262 157
5263 157
5264 157
5265 157
5266 157
5267 158
5268 158
5269 158
5270 158
5271 158
5272 158
5273 158
5274 158
5275 158
5276 158
5277 158
5278 158
5279 158
5280 158
5281 158
5282 158
5283 158
5284 158
5285 158
5286 158
5287 158
5288 158
5289 158
5290 158
5291 158
5292 158
5293 158
5294 158
5295 158
5296 158
5297 158
5298 158
5299 158
5300 159
5301 159
5302 159
5303 159
5304 159
5305 159
5306 159
5307 159
5308 159
5309 159
5310 159
5311 159
5312 159
5313 159
5314 159
5315 159
5316 159
5317 159
5318 159
5319 159
5320 159
5321 159
5322 159
5323 159
5324 159
5325 159
5326 159
5327 159
5328 159
5329 159
5330 159
5331 159
5332 159
5333 159
5334 160
5335 160
5336 160
5337 160
5338 160
5339 160
5340 160
5341 160
5342 160
5343 160
5344 160
5345 160
5346 160
5347 160
5348 160
5349 160
5350 160
5351 160
5352 160
5353 160
5354 160
5355 160
5356 160
5357 160
5358 160
5359 160
5360 160
5361 160
5362 160
5363 160
5364 160
5365 160
5366 160
5367 161
5368 161
5369 161
5370 161
5371 161
5372 161
5373 161
5374 161
5375 161
5376 161
5377 161
5378 161
5379 161
5380 161
5381 161
5382 161
5383 161
5384 161
5385 161
5386 161
5387 161
5388 161
5389 161
5390 161
5391 161
5392 161
5393 161
5394 161
5395 161
5396 161
5397 161
5398 161
5399 161
5400 162
5401 162
5402 162
5403 162
5404 162
5405 162
5406 162
5407 162
5408 162
5409 162
5410 162
5411 162
5412 162
5413 162
5414 162
5415 162
5416 162
5417 162
5418 162
5419 162
5420 162
5421 162
5422 162
5423 162
5424 162
5425 162
5426 162
5427 162
5428 162
5429 162
5430 162
5431 162
5432 162
5433 162
5434 163
5435 163
5436 163
5437 163
5438 163
5439 163
5440 163
5441 163
5442 163
5443 163
5444 163
5445 163
5446 163
5447 163
5448 163
5449 163
5450 163
5451 163
5452 163
5453 163
5454 163
5455 163
5456 163
5457 163
5458 163
5459 163
5460 163
5461 163
5462 163
5463 163
5464 163
5465 163
5466 163
5467 164
5468 164
5469 164
5470 164
5471 164
5472 164
5473 164
5474 164
5475 164
5476 164
5477 164
5478 164
5479 164
5480 164
5481 164
5482 164
5483 164
5484 164
5485 164
5486 164
5487 164
5488 164
5489 164
5490 164
5491 164
5492 164
5493 164
5494 164
5495 164
5496 164
5497 164
5498 164
5499 164
5500 165
5501 165
5502 165
5503 165
5504 165
5505 165
5506 165
5507 165
5508 165
5509 165
5510 165
5511 165
5512 165
5513 165
5514 165
5515 165
5516 165
5517 165
5518 165
5519 165
5520 165
5521 165
5522 165
5523 165
5524 165
5525 165
5526 165
5527 165
5528 165
5529 165
5530 165
5531 165
5532 165
5533 165
5534 166
5535 166
5536 166
5537 166
5538 166
5539 166
5540 166
5541 166
5542 166
5543 166
5544 166
5545 166
5546 166
5547 166
5548 166
5549 166
5550 166
5551 166
5552 166
5553 166
5554 166
5555 166
5556 166
5557 166
5558 166
5559 166
5560 166
5561 166
5562 166
5563 166
5564 166
5565 166
5566 166
5567 167
5568 167
5569 167
5570 167
5571 167
5572 167
5573 167
5574 167
5575 167
5576 167
5577 167
5578 167
5579 167
5580 167
5581 167
5582 167
5583 167
5584 167
5585 167
5586 167
5587 167
5588 167
5589 167
5590 167
5591 167
5592 167
5593 167
5594 167
5595 167
5596 167
5597 167
5598 167
5599 167
5600 168
5601 168
5602 168
5603 168
5604 168
5605 168
5606 168
5607 168
5608 168
5609 168
5610 168
5611 168
5612 168
5613 168
5614 168
5615 168
5616 168
5617 168
5618 168
5619 168
5620 168
5621 168
5622 168
5623 168
5624 168
5625 168
5626 168
5627 168
5628 168
5629 168
5630 168
5631 168
5632 168
5633 168
5634 169
5635 169
5636 169
5637 169
5638 169
5639 169
5640 169
5641 169
5642 169
5643 169
5644 169
5645 169
5646 169
5647 169
5648 169
5649 169
5650 169
5651 169
5652 169
5653 169
5654 169
5655 169
5656 169
5657 169
5658 169
5659 169
5660 169
5661 169
5662 169
5663 169
5664 169
5665 169
5666 169
5667 170
5668 170
5669 170
5670 170
5671 170
5672 170
5673 170
5674 170
5675 170
5676 170
5677 170
5678 170
5679 170
5680 170
5681 170
5682 170
5683 170
5684 170
5685 170
5686 170
5687 170
5688 170
5689 170
5690 170
5691 170
5692 170
5693 170
5694 170
5695 170
5696 170
5697 170
5698 170
5699 170
5700 171
5701 171
5702 171
5703 171
5704 171
5705 171
5706 171
5707 171
5708 171
5709 171
5710 171
5711 171
5712 171
5713 171
5714 171
5715 171
5716 171
5717 171
5718 171
5719 171
5720 171
5721 171
5722 171
5723 171
5724 171
5725 171
5726 171
5727 171
5728 171
5729 171
5730 171
5731 171
5732 171
5733 171
5734 172
5735 172
5736 172
5737 172
5738 172
5739 172
5740 172
5741 172
5742 172
5743 172
5744 172
5745 172
5746 172
5747 172
5748 172
5749 172
5750 172
5751 172
5752 172
5753 172
5754 172
5755 172
5756 172
5757 172
5758 172
5759 172
5760 172
5761 172
5762 172
5763 172
5764 172
5765 172
5766 172
5767 173
5768 173
5769 173
5770 173
5771 173
5772 173
5773 173
5774 173
5775 173
5776 173
5777 173
5778 173
5779 173
5780 173
5781 173
5782 173
5783 173
5784 173
5785 173
5786 173
5787 173
5788 173
5789 173
5790 173
5791 173
5792 173
5793 173
5794 173
5795 173
5796 173
5797 173
5798 173
5799 173
5800 174
5801 174
5802 174
5803 174
5804 174
5805 174
5806 174
5807 174
5808 174
5809 174
5810 174
5811 174
5812 174
5813 174
5814 174
5815 174
5816 174
5817 174
5818 174
5819 174
5820 174
5821 174
5822 174
5823 174
5824 174
5825 174
5826 174
5827 174
5828 174
5829 174
5830 174
5831 174
5832 174
5833 174
5834 175
5835 175
5836 175
5837 175
5838 175
5839 175
5840 175
5841 175
5842 175
5843 175
5844 175
5845 175
5846 175
5847 175
5848 175
5849 175
5850 175
5851 175
5852 175
5853 175
5854 175
5855 175
5856 175
5857 175
5858 175
5859 175
5860 175
5861 175
5862 175
5863 175
5864 175
5865 175
5866 175
5867 176
5868 176
5869 176
5870 176
5871 176
5872 176
5873 176
5874 176
5875 176
5876 176
5877 176
5878 176
5879 176
5880 176
5881 176
5882 176
5883 176
5884 176
5885 176
5886 176
5887 176
5888 176
5889 176
5890 176
5891 176
5892 176
5893 176
5894 176
5895 176
5896 176
5897 176
5898 176
5899 176
5900 177
5901 177
5902 177
5903 177
5904 177
5905 177
5906 177
5907 177
5908 177
5909 177
5910 177
5911 177
5912 177
5913 177
5914 177
5915 177
5916 177
5917 177
5918 177
5919 177
5920 177
5921 177
5922 177
5923 177
5924 177
5925 177
5926 177
5927 177
5928 177
5929 177
5930 177
5931 177
5932 177
5933 177
5934 178
5935 178
5936 178
5937 178
5938 178
5939 178
5940 178
5941 178
5942 178
5943 178
5944 178
5945 178
5946 178
5947 178
5948 178
5949 178
5950 178
5951 178
5952 178
5953 178
5954 178
5955 178
5956 178
5957 178
5958 178
5959 178
5960 178
5961 178
5962 178
5963 178
5964 178
5965 178
5966 178
5967 179
5968 179
5969 179
5970 179
5971 179
5972 179
5973 179
5974 179
5975 179
5976 179
5977 179
5978 179
5979 179
5980 179
5981 179
5982 179
5983 179
5984 179
5985 179
5986 179
5987 179
5988 179
5989 179
5990 179
5991 179
5992 179
5993 179
5994 179
5995 179
5996 179
5997 179
5998 179
5999 179
6000 180
6001 180
6002 180
6003 180
6004 180
6005 180
6006 180
6007 180
6008 180
6009 180
6010 180
6011 180
6012 180
6013 180
6014 180
6015 180
6016 180
6017 180
6018 180
6019 180
6020 180
6021 180
6022 180
6023 180
6024 180
6025 180
6026 180
6027 180
6028 180
6029 180
6030 180
6031 180
6032 180
6033 180
6034 181
6035 181
6036 181
6037 181
6038 181
6039 181
6040 181
6041 181
6042 181
6043 181
6044 181
6045 181
6046 181
6047 181
6048 181
6049 181
6050 181
6051 181
6052 181
6053 181
6054 181
6055 181
6056 181
6057 181
6058 181
6059 181
6060 181
6061 181
6062 181
6063 181
6064 181
6065 181
6066 181
6067 182
6068 182
6069 182
6070 182
6071 182
6072 182
6073 182
6074 182
6075 182
6076 182
6077 182
6078 182
6079 182
6080 182
6081 182
6082 182
6083 182
6084 182
6085 182
6086 182
6087 182
6088 182
6089 182
6090 182
6091 182
6092 182
6093 182
6094 182
6095 182
6096 182
6097 182
6098 182
6099 182
6100 183
6101 183
6102 183
6103 183
6104 183
6105 183
6106 183
6107 183
6108 183
6109 183
6110 183
6111 183
6112 183
6113 183
6114 183
6115 183
6116 183
6117 183
6118 183
6119 183
6120 183
6121 183
6122 183
6123 183
6124 183
6125 183
6126 183
6127 183
6128 183
6129 183
6130 183
6131 183
6132 183
6133 183
6134 184
6135 184
6136 184
6137 184
6138 184
6139 184
6140 184
6141 184
6142 184
6143 184
6144 184
6145 184
6146 184
6147 184
6148 184
6149 184
6150 184
6151 184
6152 184
6153 184
6154 184
6155 184
6156 184
6157 184
6158 184
6159 184
6160 184
6161 184
6162 184
6163 184
6164 184
6165 184
6166 184
6167 185
6168 185
6169 185
6170 185
6171 185
6172 185
6173 185
6174 185
6175 185
6176 185
6177 185
6178 185
6179 185
6180 185
6181 185
6182 185
6183 185
6184 185
6185 185
6186 185
6187 185
6188 185
6189 185
6190 185
6191 185
6192 185
6193 185
6194 185
6195 185
6196 185
6197 185
6198 185
6199 185
6200 186
6201 186
6202 186
6203 186
6204 186
6205 186
6206 186
6207 186
6208 186
6209 186
6210 186
6211 186
6212 186
6213 186
6214 186
6215 186
6216 186
6217 186
6218 186
6219 186
6220 186
6221 186
6222 186
6223 186
6224 186
6225 186
6226 186
6227 186
6228 186
6229 186
6230 186
6231 186
6232 186
6233 186
6234 187
6235 187
6236 187
6237 187
6238 187
6239 187
6240 187
6241 187
6242 187
6243 187
6244 187
6245 187
6246 187
6247 187
6248 187
6249 187
6250 187
6251 187
6252 187
6253 187
6254 187
6255 187
6256 187
6257 187
6258 187
6259 187
6260 187
6261 187
6262 187
6263 187
6264 187
6265 187
6266 187
6267 188
6268 188
6269 188
6270 188
6271 188
6272 188
6273 188
6274 188
6275 188
6276 188
6277 188
6278 188
6279 188
6280 188
6281 188
6282 188
6283 188
6284 188
6285 188
6286 188
6287 188
6288 188
6289 188
6290 188
6291 188
6292 188
6293 188
6294 188
6295 188
6296 188
6297 188
6298 188
6299 188
6300 189
6301 189
6302 189
6303 189
6304 189
6305 189
6306 189
6307 189
6308 189
6309 189
6310 189
6311 189
6312 189
6313 189
6314 189
6315 189
6316 189
6317 189
6318 189
6319 189
6320 189
6321 189
6322 189
6323 189
6324 189
6325 189
6326 189
6327 189
6328 189
6329 189
6330 189
6331 189
6332 189
6333 189
6334 190
6335 190
6336 190
6337 190
6338 190
6339 190
6340 190
6341 190
6342 190
6343 190
6344 190
6345 190
6346 190
6347 190
6348 190
6349 190
6350 190
6351 190
6352 190
6353 190
6354 190
6355 190
6356 190
6357 190
6358 190
6359 190
6360 190
6361 190
6362 190
6363 190
6364 190
6365 190
6366 190
6367 191
6368 191
6369 191
6370 191
6371 191
6372 191
6373 191
6374 191
6375 191
6376 191
6377 191
6378 191
6379 191
6380 191
6381 191
6382 191
6383 191
6384 191
6385 191
6386 191
6387 191
6388 191
6389 191
6390 191
6391 191
6392 191
6393 191
6394 191
6395 191
6396 191
6397 191
6398 191
6399 191
6400 192
6401 192
6402 192
6403 192
6404 192
6405 192
6406 192
6407 192
6408 192
6409 192
6410 192
6411 192
6412 192
6413 192
6414 192
6415 192
6416 192
6417 192
6418 192
6419 192
6420 192
6421 192
6422 192
6423 192
6424 192
6425 192
6426 192
6427 192
6428 192
6429 192
6430 192
6431 192
6432 192
6433 192
6434 193
6435 193
6436 193
6437 193
6438 193
6439 193
6440 193
6441 193
6442 193
6443 193
6444 193
6445 193
6446 193
6447 193
6448 193
6449 193
6450 193
6451 193
6452 193
6453 193
6454 193
6455 193
6456 193
6457 193
6458 193
6459 193
6460 193
6461 193
6462 193
6463 193
6464 193
6465 193
6466 193
6467 194
6468 194
6469 194
6470 194
6471 194
6472 194
6473 194
6474 194
6475 194
6476 194
6477 194
6478 194
6479 194
6480 194
6481 194
6482 194
6483 194
6484 194
6485 194
6486 194
6487 194
6488 194
6489 194
6490 194
6491 194
6492 194
6493 194
6494 194
6495 194
6496 194
6497 194
6498 194
6499 194
6500 195
6501 195
6502 195
6503 195
6504 195
6505 195
6506 195
6507 195
6508 195
6509 195
6510 195
6511 195
6512 195
6513 195
6514 195
6515 195
6516 195
6517 195
6518 195
6519 195
6520 195
6521 195
6522 195
6523 195
6524 195
6525 195
6526 195
6527 195
6528 195
6529 195
6530 195
6531 195
6532 195
6533 195
6534 196
6535 196
6536 196
6537 196
6538 196
6539 196
6540 196
6541 196
6542 196
6543 196
6544 196
6545 196
6546 196
6547 196
6548 196
6549 196
6550 196
6551 196
6552 196
6553 196
6554 196
6555 196
6556 196
6557 196
6558 196
6559 196
6560 196
6561 196
6562 196
6563 196
6564 196
6565 196
6566 196
6567 197
6568 197
6569 197
6570 197
6571 197
6572 197
6573 197
6574 197
6575 197
6576 197
6577 197
6578 197
6579 197
6580 197
6581 197
6582 197
6583 197
6584 197
6585 197
6586 197
6587 197
6588 197
6589 197
6590 197
6591 197
6592 197
6593 197
6594 197
6595 197
6596 197
6597 197
6598 197
6599 197
6600 198
6601 198
6602 198
6603 198
6604 198
6605 198
6606 198
6607 198
6608 198
6609 198
6610 198
6611 198
6612 198
6613 198
6614 198
6615 198
6616 198
6617 198
6618 198
6619 198
6620 198
6621 198
6622 198
6623 198
6624 198
6625 198
6626 198
6627 198
6628 198
6629 198
6630 198
6631 198
6632 198
6633 198
6634 199
6635 199
6636 199
6637 199
6638 199
6639 199
6640 199
6641 199
6642 199
6643 199
6644 199
6645 199
6646 199
6647 199
6648 199
6649 199
6650 199
6651 199
6652 199
6653 199
6654 199
6655 199
6656 199
6657 199
6658 199
6659 199
6660 199
6661 199
6662 199
6663 199
6664 199
6665 199
6666 199
6667 200
6668 200
6669 200
6670 200
6671 200
6672 200
6673 200
6674 200
6675 200
6676 200
6677 200
6678 200
6679 200
6680 200
6681 200
6682 200
6683 200
6684 200
6685 200
6686 200
6687 200
6688 200
6689 200
6690 200
6691 200
6692 200
6693 200
6694 200
6695 200
6696 200
6697 200
6698 200
6699 200
6700 201
6701 201
6702 201
6703 201
6704 201
6705 201
6706 201
6707 201
6708 201
6709 201
6710 201
6711 201
6712 201
6713 201
6714 201
6715 201
6716 201
6717 201
6718 201
6719 201
6720 201
6721 201
6722 201
6723 201
6724 201
6725 201
6726 201
6727 201
6728 201
6729 201
6730 201
6731 201
6732 201
6733 201
6734 202
6735 202
6736 202
6737 202
6738 202
6739 202
6740 202
6741 202
6742 202
6743 202
6744 202
6745 202
6746 202
6747 202
6748 202
6749 202
6750 202
6751 202
6752 202
6753 202
6754 202
6755 202
6756 202
6757 202
6758 202
6759 202
6760 202
6761 202
6762 202
6763 202
6764 202
6765 202
6766 202
6767 203
6768 203
6769 203
6770 203
6771 203
6772 203
6773 203
6774 203
6775 203
6776 203
6777 203
6778 203
6779 203
6780 203
6781 203
6782 203
6783 203
6784 203
6785 203
6786 203
6787 203
6788 203
6789 203
6790 203
6791 203
6792 203
6793 203
6794 203
6795 203
6796 203
6797 203
6798 203
6799 203
6800 204
6801 204
6802 204
6803 204
6804 204
6805 204
6806 204
6807 204
6808 204
6809 204
6810 204
6811 204
6812 204
6813 204
6814 204
6815 204
6816 204
6817 204
6818 204
6819 204
6820 204
6821 204
6822 204
6823 204
6824 204
6825 204
6826 204
6827 204
6828 204
6829 204
6830 204
6831 204
6832 204
6833 204
6834 205
6835 205
6836 205
6837 205
6838 205
6839 205
6840 205
6841 205
6842 205
6843 205
6844 205
6845 205
6846 205
6847 205
6848 205
6849 205
6850 205
6851 205
6852 205
6853 205
6854 205
6855 205
6856 205
6857 205
6858 205
6859 205
6860 205
6861 205
6862 205
6863 205
6864 205
6865 205
6866 205
6867 206
6868 206
6869 206
6870 206
6871 206
6872 206
6873 206
6874 206
6875 206
6876 206
6877 206
6878 206
6879 206
6880 206
6881 206
6882 206
6883 206
6884 206
6885 206
6886 206
6887 206
6888 206
6889 206
6890 206
6891 206
6892 206
6893 206
6894 206
6895 206
6896 206
6897 206
6898 206
6899 206
6900 207
6901 207
6902 207
6903 207
6904 207
6905 207
6906 207
6907 207
6908 207
6909 207
6910 207
6911 207
6912 207
6913 207
6914 207
6915 207
6916 207
6917 207
6918 207
6919 207
6920 207
6921 207
6922 207
6923 207
6924 207
6925 207
6926 207
6927 207
6928 207
6929 207
6930 207
6931 207
6932 207
6933 207
6934 208
6935 208
6936 208
6937 208
6938 208
6939 208
6940 208
6941 208
6942 208
6943 208
6944 208
6945 208
6946 208
6947 208
6948 208
6949 208
6950 208
6951 208
6952 208
6953 208
6954 208
6955 208
6956 208
6957 208
6958 208
6959 208
6960 208
6961 208
6962 208
6963 208
6964 208
6965 208
6966 208
6967 209
6968 209
6969 209
6970 209
6971 209
6972 209
6973 209
6974 209
6975 209
6976 209
6977 209
6978 209
6979 209
6980 209
6981 209
6982 209
6983 209
6984 209
6985 209
6986 209
6987 209
6988 209
6989 209
6990 209
6991 209
6992 209
6993 209
6994 209
6995 209
6996 209
6997 209
6998 209
6999 209
7000 210
7001 210
7002 210
7003 210
7004 210
7005 210
7006 210
7007 210
7008 210
7009 210
7010 210
7011 210
7012 210
7013 210
7014 210
7015 210
7016 210
7017 210
7018 210
7019 210
7020 210
7021 210
7022 210
7023 210
7024 210
7025 210
7026 210
7027 210
7028 210
7029 210
7030 210
7031 210
7032 210
7033 210
7034 211
7035 211
7036 211
7037 211
7038 211
7039 211
7040 211
7041 211
7042 211
7043 211
7044 211
7045 211
7046 211
7047 211
7048 211
7049 211
7050 211
7051 211
7052 211
7053 211
7054 211
7055 211
7056 211
7057 211
7058 211
7059 211
7060 211
7061 211
7062 211
7063 211
7064 211
7065 211
7066 211
7067 212
7068 212
7069 212
7070 212
7071 212
7072 212
7073 212
7074 212
7075 212
7076 212
7077 212
7078 212
7079 212
7080 212
7081 212
7082 212
7083 212
7084 212
7085 212
7086 212
7087 212
7088 212
7089 212
7090 212
7091 212
7092 212
7093 212
7094 212
7095 212
7096 212
7097 212
7098 212
7099 212
7100 213
7101 213
7102 213
7103 213
7104 213
7105 213
7106 213
7107 213
7108 213
7109 213
7110 213
7111 213
7112 213
7113 213
7114 213
7115 213
7116 213
7117 213
7118 213
7119 213
7120 213
7121 213
7122 213
7123 213
7124 213
7125 213
7126 213
7127 213
7128 213
7129 213
7130 213
7131 213
7132 213
7133 213
7134 214
7135 214
7136 214
7137 214
7138 214
7139 214
7140 214
7141 214
7142 214
7143 214
7144 214
7145 214
7146 214
7147 214
7148 214
7149 214
7150 214
7151 214
7152 214
7153 214
7154 214
7155 214
7156 214
7157 214
7158 214
7159 214
7160 214
7161 214
7162 214
7163 214
7164 214
7165 214
7166 214
7167 215
7168 215
7169 215
7170 215
7171 215
7172 215
7173 215
7174 215
7175 215
7176 215
7177 215
7178 215
7179 215
7180 215
7181 215
7182 215
7183 215
7184 215
7185 215
7186 215
7187 215
7188 215
7189 215
7190 215
7191 215
7192 215
7193 215
7194 215
7195 215
7196 215
7197 215
7198 215
7199 215
7200 216
7201 216
7202 216
7203 216
7204 216
7205 216
7206 216
7207 216
7208 216
7209 216
7210 216
7211 216
7212 216
7213 216
7214 216
7215 216
7216 216
7217 216
7218 216
7219 216
7220 216
7221 216
7222 216
7223 216
7224 216
7225 216
7226 216
7227 216
7228 216
7229 216
7230 216
7231 216
7232 216
7233 216
7234 217
7235 217
7236 217
7237 217
7238 217
7239 217
7240 217
7241 217
7242 217
7243 217
7244 217
7245 217
7246 217
7247 217
7248 217
7249 217
7250 217
7251 217
7252 217
7253 217
7254 217
7255 217
7256 217
7257 217
7258 217
7259 217
7260 217
7261 217
7262 217
7263 217
7264 217
7265 217
7266 217
7267 218
7268 218
7269 218
7270 218
7271 218
7272 218
7273 218
7274 218
7275 218
7276 218
7277 218
7278 218
7279 218
7280 218
7281 218
7282 218
7283 218
7284 218
7285 218
7286 218
7287 218
7288 218
7289 218
7290 218
7291 218
7292 218
7293 218
7294 218
7295 218
7296 218
7297 218
7298 218
7299 218
7300 219
7301 219
7302 219
7303 219
7304 219
7305 219
7306 219
7307 219
7308 219
7309 219
7310 219
7311 219
7312 219
7313 219
7314 219
7315 219
7316 219
7317 219
7318 219
7319 219
7320 219
7321 219
7322 219
7323 219
7324 219
7325 219
7326 219
7327 219
7328 219
7329 219
7330 219
7331 219
7332 219
7333 219
7334 220
7335 220
7336 220
7337 220
7338 220
7339 220
7340 220
7341 220
7342 220
7343 220
7344 220
7345 220
7346 220
7347 220
7348 220
7349 220
7350 220
7351 220
7352 220
7353 220
7354 220
7355 220
7356 220
7357 220
7358 220
7359 220
7360 220
7361 220
7362 220
7363 220
7364 220
7365 220
7366 220
7367 221
7368 221
7369 221
7370 221
7371 221
7372 221
7373 221
7374 221
7375 221
7376 221
7377 221
7378 221
7379 221
7380 221
7381 221
7382 221
7383 221
7384 221
7385 221
7386 221
7387 221
7388 221
7389 221
7390 221
7391 221
7392 221
7393 221
7394 221
7395 221
7396 221
7397 221
7398 221
7399 221
7400 222
7401 222
7402 222
7403 222
7404 222
7405 222
7406 222
7407 222
7408 222
7409 222
7410 222
7411 222
7412 222
7413 222
7414 222
7415 222
7416 222
7417 222
7418 222
7419 222
7420 222
7421 222
7422 222
7423 222
7424 222
7425 222
7426 222
7427 222
7428 222
7429 222
7430 222
7431 222
7432 222
7433 222
7434 223
7435 223
7436 223
7437 223
7438 223
7439 223
7440 223
7441 223
7442 223
7443 223
7444 223
7445 223
7446 223
7447 223
7448 223
7449 223
7450 223
7451 223
7452 223
7453 223
7454 223
7455 223
7456 223
7457 223
7458 223
7459 223
7460 223
7461 223
7462 223
7463 223
7464 223
7465 223
7466 223
7467 224
7468 224
7469 224
7470 224
7471 224
7472 224
7473 224
7474 224
7475 224
7476 224
7477 224
7478 224
7479 224
7480 224
7481 224
7482 224
7483 224
7484 224
7485 224
7486 224
7487 224
7488 224
7489 224
7490 224
7491 224
7492 224
7493 224
7494 224
7495 224
7496 224
7497 224
7498 224
7499 224
7500 225
7501 225
7502 225
7503 225
7504 225
7505 225
7506 225
7507 225
7508 225
7509 225
7510 225
7511 225
7512 225
7513 225
7514 225
7515 225
7516 225
7517 225
7518 225
7519 225
7520 225
7521 225
7522 225
7523 225
7524 225
7525 225
7526 225
7527 225
7528 225
7529 225
7530 225
7531 225
7532 225
7533 225
7534 226
7535 226
7536 226
7537 226
7538 226
7539 226
7540 226
7541 226
7542 226
7543 226
7544 226
7545 226
7546 226
7547 226
7548 226
7549 226
7550 226
7551 226
7552 226
7553 226
7554 226
7555 226
7556 226
7557 226
7558 226
7559 226
7560 226
7561 226
7562 226
7563 226
7564 226
7565 226
7566 226
7567 227
7568 227
7569 227
7570 227
7571 227
7572 227
7573 227
7574 227
7575 227
7576 227
7577 227
7578 227
7579 227
7580 227
7581 227
7582 227
7583 227
7584 227
7585 227
7586 227
7587 227
7588 227
7589 227
7590 227
7591 227
7592 227
7593 227
7594 227
7595 227
7596 227
7597 227
7598 227
7599 227
7600 228
7601 228
7602 228
7603 228
7604 228
7605 228
7606 228
7607 228
7608 228
7609 228
7610 228
7611 228
7612 228
7613 228
7614 228
7615 228
7616 228
7617 228
7618 228
7619 228
7620 228
7621 228
7622 228
7623 228
7624 228
7625 228
7626 228
7627 228
7628 228
7629 228
7630 228
7631 228
7632 228
7633 228
7634 229
7635 229
7636 229
7637 229
7638 229
7639 229
7640 229
7641 229
7642 229
7643 229
7644 229
7645 229
7646 229
7647 229
7648 229
7649 229
7650 229
7651 229
7652 229
7653 229
7654 229
7655 229
7656 229
7657 229
7658 229
7659 229
7660 229
7661 229
7662 229
7663 229
7664 229
7665 229
7666 229
7667 230
7668 230
7669 230
7670 230
7671 230
7672 230
7673 230
7674 230
7675 230
7676 230
7677 230
7678 230
7679 230
7680 230
7681 230
7682 230
7683 230
7684 230
7685 230
7686 230
7687 230
7688 230
7689 230
7690 230
7691 230
7692 230
7693 230
7694 230
7695 230
7696 230
7697 230
7698 230
7699 230
7700 231
7701 231
7702 231
7703 231
7704 231
7705 231
7706 231
7707 231
7708 231
7709 231
7710 231
7711 231
7712 231
7713 231
7714 231
7715 231
7716 231
7717 231
7718 231
7719 231
7720 231
7721 231
7722 231
7723 231
7724 231
7725 231
7726 231
7727 231
7728 231
7729 231
7730 231
7731 231
7732 231
7733 231
7734 232
7735 232
7736 232
7737 232
7738 232
7739 232
7740 232
7741 232
7742 232
7743 232
7744 232
7745 232
7746 232
7747 232
7748 232
7749 232
7750 232
7751 232
7752 232
7753 232
7754 232
7755 232
7756 232
7757 232
7758 232
7759 232
7760 232
7761 232
7762 232
7763 232
7764 232
7765 232
7766 232
7767 233
7768 233
7769 233
7770 233
7771 233
7772 233
7773 233
7774 233
7775 233
7776 233
7777 233
7778 233
7779 233
7780 233
7781 233
7782 233
7783 233
7784 233
7785 233
7786 233
7787 233
7788 233
7789 233
7790 233
7791 233
7792 233
7793 233
7794 233
7795 233
7796 233
7797 233
7798 233
7799 233
7800 234
7801 234
7802 234
7803 234
7804 234
7805 234
7806 234
7807 234
7808 234
7809 234
7810 234
7811 234
7812 234
7813 234
7814 234
7815 234
7816 234
7817 234
7818 234
7819 234
7820 234
7821 234
7822 234
7823 234
7824 234
7825 234
7826 234
7827 234
7828 234
7829 234
7830 234
7831 234
7832 234
7833 234
7834 235
7835 235
7836 235
7837 235
7838 235
7839 235
7840 235
7841 235
7842 235
7843 235
7844 235
7845 235
7846 235
7847 235
7848 235
7849 235
7850 235
7851 235
7852 235
7853 235
7854 235
7855 235
7856 235
7857 235
7858 235
7859 235
7860 235
7861 235
7862 235
7863 235
7864 235
7865 235
7866 235
7867 236
7868 236
7869 236
7870 236
7871 236
7872 236
7873 236
7874 236
7875 236
7876 236
7877 236
7878 236
7879 236
7880 236
7881 236
7882 236
7883 236
7884 236
7885 236
7886 236
7887 236
7888 236
7889 236
7890 236
7891 236
7892 236
7893 236
7894 236
7895 236
7896 236
7897 236
7898 236
7899 236
7900 237
7901 237
7902 237
7903 237
7904 237
7905 237
7906 237
7907 237
7908 237
7909 237
7910 237
7911 237
7912 237
7913 237
7914 237
7915 237
7916 237
7917 237
7918 237
7919 237
7920 237
7921 237
7922 237
7923 237
7924 237
7925 237
7926 237
7927 237
7928 237
7929 237
7930 237
7931 237
7932 237
7933 237
7934 238
7935 238
7936 238
7937 238
7938 238
7939 238
7940 238
7941 238
7942 238
7943 238
7944 238
7945 238
7946 238
7947 238
7948 238
7949 238
7950 238
7951 238
7952 238
7953 238
7954 238
7955 238
7956 238
7957 238
7958 238
7959 238
7960 238
7961 238
7962 238
7963 238
7964 238
7965 238
7966 238
7967 239
7968 239
7969 239
7970 239
7971 239
7972 239
7973 239
7974 239
7975 239
7976 239
7977 239
7978 239
7979 239
7980 239
7981 239
7982 239
7983 239
7984 239
7985 239
7986 239
7987 239
7988 239
7989 239
7990 239
7991 239
7992 239
7993 239
7994 239
7995 239
7996 239
7997 239
7998 239
7999 239
8000 240
8001 240
8002 240
8003 240
8004 240
8005 240
8006 240
8007 240
8008 240
8009 240
8010 240
8011 240
8012 240
8013 240
8014 240
8015 240
8016 240
8017 240
8018 240
8019 240
8020 240
8021 240
8022 240
8023 240
8024 240
8025 240
8026 240
8027 240
8028 240
8029 240
8030 240
8031 240
8032 240
8033 240
8034 241
8035 241
8036 241
8037 241
8038 241
8039 241
8040 241
8041 241
8042 241
8043 241
8044 241
8045 241
8046 241
8047 241
8048 241
8049 241
8050 241
8051 241
8052 241
8053 241
8054 241
8055 241
8056 241
8057 241
8058 241
8059 241
8060 241
8061 241
8062 241
8063 241
8064 241
8065 241
8066 241
8067 242
8068 242
8069 242
8070 242
8071 242
8072 242
8073 242
8074 242
8075 242
8076 242
8077 242
8078 242
8079 242
8080 242
8081 242
8082 242
8083 242
8084 242
8085 242
8086 242
8087 242
8088 242
8089 242
8090 242
8091 242
8092 242
8093 242
8094 242
8095 242
8096 242
8097 242
8098 242
8099 242
8100 243
8101 243
8102 243
8103 243
8104 243
8105 243
8106 243
8107 243
8108 243
8109 243
8110 243
8111 243
8112 243
8113 243
8114 243
8115 243
8116 243
8117 243
8118 243
8119 243
8120 243
8121 243
8122 243
8123 243
8124 243
8125 243
8126 243
8127 243
8128 243
8129 243
8130 243
8131 243
8132 243
8133 243
8134 244
8135 244
8136 244
8137 244
8138 244
8139 244
8140 244
8141 244
8142 244
8143 244
8144 244
8145 244
8146 244
8147 244
8148 244
8149 244
8150 244
8151 244
8152 244
8153 244
8154 244
8155 244
8156 244
8157 244
8158 244
8159 244
8160 244
8161 244
8162 244
8163 244
8164 244
8165 244
8166 244
8167 245
8168 245
8169 245
8170 245
8171 245
8172 245
8173 245
8174 245
8175 245
8176 245
8177 245
8178 245
8179 245
8180 245
8181 245
8182 245
8183 245
8184 245
8185 245
8186 245
8187 245
8188 245
8189 245
8190 245
8191 245
8192 245
8193 245
8194 245
8195 245
8196 245
8197 245
8198 245
8199 245
8200 246
8201 246
8202 246
8203 246
8204 246
8205 246
8206 246
8207 246
8208 246
8209 246
8210 246
8211 246
8212 246
8213 246
8214 246
8215 246
8216 246
8217 246
8218 246
8219 246
8220 246
8221 246
8222 246
8223 246
8224 246
8225 246
8226 246
8227 246
8228 246
8229 246
8230 246
8231 246
8232 246
8233 246
8234 247
8235 247
8236 247
8237 247
8238 247
8239 247
8240 247
8241 247
8242 247
8243 247
8244 247
8245 247
8246 247
8247 247
8248 247
8249 247
8250 247
8251 247
8252 247
8253 247
8254 247
8255 247
8256 247
8257 247
8258 247
8259 247
8260 247
8261 247
8262 247
8263 247
8264 247
8265 247
8266 247
8267 248
8268 248
8269 248
8270 248
8271 248
8272 248
8273 248
8274 248
8275 248
8276 248
8277 248
8278 248
8279 248
8280 248
8281 248
8282 248
8283 248
8284 248
8285 248
8286 248
8287 248
8288 248
8289 248
8290 248
8291 248
8292 248
8293 248
8294 248
8295 248
8296 248
8297 248
8298 248
8299 248
8300 249
8301 249
8302 249
8303 249
8304 249
8305 249
8306 249
8307 249
8308 249
8309 249
8310 249
8311 249
8312 249
8313 249
8314 249
8315 249
8316 249
8317 249
8318 249
8319 249
8320 249
8321 249
8322 249
8323 249
8324 249
8325 249
8326 249
8327 249
8328 249
8329 249
8330 249
8331 249
8332 249
8333 249
8334 250
8335 250
8336 250
8337 250
8338 250
8339 250
8340 250
8341 250
8342 250
8343 250
8344 250
8345 250
8346 250
8347 250
8348 250
8349 250
8350 250
8351 250
8352 250
8353 250
8354 250
8355 250
8356 250
8357 250
8358 250
8359 250
8360 250
8361 250
8362 250
8363 250
8364 250
8365 250
8366 250
8367 251
8368 251
8369 251
8370 251
8371 251
8372 251
8373 251
8374 251
8375 251
8376 251
8377 251
8378 251
8379 251
8380 251
8381 251
8382 251
8383 251
8384 251
8385 251
8386 251
8387 251
8388 251
8389 251
8390 251
8391 251
8392 251
8393 251
8394 251
8395 251
8396 251
8397 251
8398 251
8399 251
8400 252
8401 252
8402 252
8403 252
8404 252
8405 252
8406 252
8407 252
8408 252
8409 252
8410 252
8411 252
8412 252
8413 252
8414 252
8415 252
8416 252
8417 252
8418 252
8419 252
8420 252
8421 252
8422 252
8423 252
8424 252
8425 252
8426 252
8427 252
8428 252
8429 252
8430 252
8431 252
8432 252
8433 252
8434 253
8435 253
8436 253
8437 253
8438 253
8439 253
8440 253
8441 253
8442 253
8443 253
8444 253
8445 253
8446 253
8447 253
8448 253
8449 253
8450 253
8451 253
8452 253
8453 253
8454 253
8455 253
8456 253
8457 253
8458 253
8459 253
8460 253
8461 253
8462 253
8463 253
8464 253
8465 253
8466 253
8467 254
8468 254
8469 254
8470 254
8471 254
8472 254
8473 254
8474 254
8475 254
8476 254
8477 254
8478 254
8479 254
8480 254
8481 254
8482 254
8483 254
8484 254
8485 254
8486 254
8487 254
8488 254
8489 254
8490 254
8491 254
8492 254
8493 254
8494 254
8495 254
8496 254
8497 254
8498 254
8499 254
8500 255
8501 255
8502 255
8503 255
8504 255
8505 255
8506 255
8507 255
8508 255
8509 255
8510 255
8511 255
8512 255
8513 255
8514 255
8515 255
8516 255
8517 255
8518 255
8519 255
8520 255
8521 255
8522 255
8523 255
8524 255
8525 255
8526 255
8527 255
8528 255
8529 255
8530 255
8531 255
8532 255
8533 255
8534 256
8535 256
8536 256
8537 256
8538 256
8539 256
8540 256
8541 256
8542 256
8543 256
8544 256
8545 256
8546 256
8547 256
8548 256
8549 256
8550 256
8551 256
8552 256
8553 256
8554 256
8555 256
8556 256
8557 256
8558 256
8559 256
8560 256
8561 256
8562 256
8563 256
8564 256
8565 256
8566 256
8567 257
8568 257
8569 257
8570 257
8571 257
8572 257
8573 257
8574 257
8575 257
8576 257
8577 257
8578 257
8579 257
8580 257
8581 257
8582 257
8583 257
8584 257
8585 257
8586 257
8587 257
8588 257
8589 257
8590 257
8591 257
8592 257
8593 257
8594 257
8595 257
8596 257
8597 257
8598 257
8599 257
8600 258
8601 258
8602 258
8603 258
8604 258
8605 258
8606 258
8607 258
8608 258
8609 258
8610 258
8611 258
8612 258
8613 258
8614 258
8615 258
8616 258
8617 258
8618 258
8619 258
8620 258
8621 258
8622 258
8623 258
8624 258
8625 258
8626 258
8627 258
8628 258
8629 258
8630 258
8631 258
8632 258
8633 258
8634 259
8635 259
8636 259
8637 259
8638 259
8639 259
8640 259
8641 259
8642 259
8643 259
8644 259
8645 259
8646 259
8647 259
8648 259
8649 259
8650 259
8651 259
8652 259
8653 259
8654 259
8655 259
8656 259
8657 259
8658 259
8659 259
8660 259
8661 259
8662 259
8663 259
8664 259
8665 259
8666 259
8667 260
8668 260
8669 260
8670 260
8671 260
8672 260
8673 260
8674 260
8675 260
8676 260
8677 260
8678 260
8679 260
8680 260
8681 260
8682 260
8683 260
8684 260
8685 260
8686 260
8687 260
8688 260
8689 260
8690 260
8691 260
8692 260
8693 260
8694 260
8695 260
8696 260
8697 260
8698 260
8699 260
8700 261
8701 261
8702 261
8703 261
8704 261
8705 261
8706 261
8707 261
8708 261
8709 261
8710 261
8711 261
8712 261
8713 261
8714 261
8715 261
8716 261
8717 261
8718 261
8719 261
8720 261
8721 261
8722 261
8723 261
8724 261
8725 261
8726 261
8727 261
8728 261
8729 261
8730 261
8731 261
8732 261
8733 261
8734 262
8735 262
8736 262
8737 262
8738 262
8739 262
8740 262
8741 262
8742 262
8743 262
8744 262
8745 262
8746 262
8747 262
8748 262
8749 262
8750 262
8751 262
8752 262
8753 262
8754 262
8755 262
8756 262
8757 262
8758 262
8759 262
8760 262
8761 262
8762 262
8763 262
8764 262
8765 262
8766 262
8767 263
8768 263
8769 263
8770 263
8771 263
8772 263
8773 263
8774 263
8775 263
8776 263
8777 263
8778 263
8779 263
8780 263
8781 263
8782 263
8783 263
8784 263
8785 263
8786 263
8787 263
8788 263
8789 263
8790 263
8791 263
8792 263
8793 263
8794 263
8795 263
8796 263
8797 263
8798 263
8799 263
8800 264
8801 264
8802 264
8803 264
8804 264
8805 264
8806 264
8807 264
8808 264
8809 264
8810 264
8811 264
8812 264
8813 264
8814 264
8815 264
8816 264
8817 264
8818 264
8819 264
8820 264
8821 264
8822 264
8823 264
8824 264
8825 264
8826 264
8827 264
8828 264
8829 264
8830 264
8831 264
8832 264
8833 264
8834 265
8835 265
8836 265
8837 265
8838 265
8839 265
8840 265
8841 265
8842 265
8843 265
8844 265
8845 265
8846 265
8847 265
8848 265
8849 265
8850 265
8851 265
8852 265
8853 265
8854 265
8855 265
8856 265
8857 265
8858 265
8859 265
8860 265
8861 265
8862 265
8863 265
8864 265
8865 265
8866 265
8867 266
8868 266
8869 266
8870 266
8871 266
8872 266
8873 266
8874 266
8875 266
8876 266
8877 266
8878 266
8879 266
8880 266
8881 266
8882 266
8883 266
8884 266
8885 266
8886 266
8887 266
8888 266
8889 266
8890 266
8891 266
8892 266
8893 266
8894 266
8895 266
8896 266
8897 266
8898 266
8899 266
8900 267
8901 267
8902 267
8903 267
8904 267
8905 267
8906 267
8907 267
8908 267
8909 267
8910 267
8911 267
8912 267
8913 267
8914 267
8915 267
8916 267
8917 267
8918 267
8919 267
8920 267
8921 267
8922 267
8923 267
8924 267
8925 267
8926 267
8927 267
8928 267
8929 267
8930 267
8931 267
8932 267
8933 267
8934 268
8935 268
8936 268
8937 268
8938 268
8939 268
8940 268
8941 268
8942 268
8943 268
8944 268
8945 268
8946 268
8947 268
8948 268
8949 268
8950 268
8951 268
8952 268
8953 268
8954 268
8955 268
8956 268
8957 268
8958 268
8959 268
8960 268
8961 268
8962 268
8963 268
8964 268
8965 268
8966 268
8967 269
8968 269
8969 269
8970 269
8971 269
8972 269
8973 269
8974 269
8975 269
8976 269
8977 269
8978 269
8979 269
8980 269
8981 269
8982 269
8983 269
8984 269
8985 269
8986 269
8987 269
8988 269
8989 269
8990 269
8991 269
8992 269
8993 269
8994 269
8995 269
8996 269
8997 269
8998 269
8999 269
9000 270
9001 270
9002 270
9003 270
9004 270
9005 270
9006 270
9007 270
9008 270
9009 270
9010 270
9011 270
9012 270
9013 270
9014 270
9015 270
9016 270
9017 270
9018 270
9019 270
9020 270
9021 270
9022 270
9023 270
9024 270
9025 270
9026 270
9027 270
9028 270
9029 270
9030 270
9031 270
9032 270
9033 270
9034 271
9035 271
9036 271
9037 271
9038 271
9039 271
9040 271
9041 271
9042 271
9043 271
9044 271
9045 271
9046 271
9047 271
9048 271
9049 271
9050 271
9051 271
9052 271
9053 271
9054 271
9055 271
9056 271
9057 271
9058 271
9059 271
9060 271
9061 271
9062 271
9063 271
9064 271
9065 271
9066 271
9067 272
9068 272
9069 272
9070 272
9071 272
9072 272
9073 272
9074 272
9075 272
9076 272
9077 272
9078 272
9079 272
9080 272
9081 272
9082 272
9083 272
9084 272
9085 272
9086 272
9087 272
9088 272
9089 272
9090 272
9091 272
9092 272
9093 272
9094 272
9095 272
9096 272
9097 272
9098 272
9099 272
9100 273
9101 273
9102 273
9103 273
9104 273
9105 273
9106 273
9107 273
9108 273
9109 273
9110 273
9111 273
9112 273
9113 273
9114 273
9115 273
9116 273
9117 273
9118 273
9119 273
9120 273
9121 273
9122 273
9123 273
9124 273
9125 273
9126 273
9127 273
9128 273
9129 273
9130 273
9131 273
9132 273
9133 273
9134 274
9135 274
9136 274
9137 274
9138 274
9139 274
9140 274
9141 274
9142 274
9143 274
9144 274
9145 274
9146 274
9147 274
9148 274
9149 274
9150 274
9151 274
9152 274
9153 274
9154 274
9155 274
9156 274
9157 274
9158 274
9159 274
9160 274
9161 274
9162 274
9163 274
9164 274
9165 274
9166 274
9167 275
9168 275
9169 275
9170 275
9171 275
9172 275
9173 275
9174 275
9175 275
9176 275
9177 275
9178 275
9179 275
9180 275
9181 275
9182 275
9183 275
9184 275
9185 275
9186 275
9187 275
9188 275
9189 275
9190 275
9191 275
9192 275
9193 275
9194 275
9195 275
9196 275
9197 275
9198 275
9199 275
9200 276
9201 276
9202 276
9203 276
9204 276
9205 276
9206 276
9207 276
9208 276
9209 276
9210 276
9211 276
9212 276
9213 276
9214 276
9215 276
9216 276
9217 276
9218 276
9219 276
9220 276
9221 276
9222 276
9223 276
9224 276
9225 276
9226 276
9227 276
9228 276
9229 276
9230 276
9231 276
9232 276
9233 276
9234 277
9235 277
9236 277
9237 277
9238 277
9239 277
9240 277
9241 277
9242 277
9243 277
9244 277
9245 277
9246 277
9247 277
9248 277
9249 277
9250 277
9251 277
9252 277
9253 277
9254 277
9255 277
9256 277
9257 277
9258 277
9259 277
9260 277
9261 277
9262 277
9263 277
9264 277
9265 277
9266 277
9267 278
9268 278
9269 278
9270 278
9271 278
9272 278
9273 278
9274 278
9275 278
9276 278
9277 278
9278 278
9279 278
9280 278
9281 278
9282 278
9283 278
9284 278
9285 278
9286 278
9287 278
9288 278
9289 278
9290 278
9291 278
9292 278
9293 278
9294 278
9295 278
9296 278
9297 278
9298 278
9299 278
9300 279
9301 279
9302 279
9303 279
9304 279
9305 279
9306 279
9307 279
9308 279
9309 279
9310 279
9311 279
9312 279
9313 279
9314 279
9315 279
9316 279
9317 279
9318 279
9319 279
9320 279
9321 279
9322 279
9323 279
9324 279
9325 279
9326 279
9327 279
9328 279
9329 279
9330 279
9331 279
9332 279
9333 279
9334 280
9335 280
9336 280
9337 280
9338 280
9339 280
9340 280
9341 280
9342 280
9343 280
9344 280
9345 280
9346 280
9347 280
9348 280
9349 280
9350 280
9351 280
9352 280
9353 280
9354 280
9355 280
9356 280
9357 280
9358 280
9359 280
9360 280
9361 280
9362 280
9363 280
9364 280
9365 280
9366 280
9367 281
9368 281
9369 281
9370 281
9371 281
9372 281
9373 281
9374 281
9375 281
9376 281
9377 281
9378 281
9379 281
9380 281
9381 281
9382 281
9383 281
9384 281
9385 281
9386 281
9387 281
9388 281
9389 281
9390 281
9391 281
9392 281
9393 281
9394 281
9395 281
9396 281
9397 281
9398 281
9399 281
9400 282
9401 282
9402 282
9403 282
9404 282
9405 282
9406 282
9407 282
9408 282
9409 282
9410 282
9411 282
9412 282
9413 282
9414 282
9415 282
9416 282
9417 282
9418 282
9419 282
9420 282
9421 282
9422 282
9423 282
9424 282
9425 282
9426 282
9427 282
9428 282
9429 282
9430 282
9431 282
9432 282
9433 282
9434 283
9435 283
9436 283
9437 283
9438 283
9439 283
9440 283
9441 283
9442 283
9443 283
9444 283
9445 283
9446 283
9447 283
9448 283
9449 283
9450 283
9451 283
9452 283
9453 283
9454 283
9455 283
9456 283
9457 283
9458 283
9459 283
9460 283
9461 283
9462 283
9463 283
9464 283
9465 283
9466 283
9467 284
9468 284
9469 284
9470 284
9471 284
9472 284
9473 284
9474 284
9475 284
9476 284
9477 284
9478 284
9479 284
9480 284
9481 284
9482 284
9483 284
9484 284
9485 284
9486 284
9487 284
9488 284
9489 284
9490 284
9491 284
9492 284
9493 284
9494 284
9495 284
9496 284
9497 284
9498 284
9499 284
9500 285
9501 285
9502 285
9503 285
9504 285
9505 285
9506 285
9507 285
9508 285
9509 285
9510 285
9511 285
9512 285
9513 285
9514 285
9515 285
9516 285
9517 285
9518 285
9519 285
9520 285
9521 285
9522 285
9523 285
9524 285
9525 285
9526 285
9527 285
9528 285
9529 285
9530 285
9531 285
9532 285
9533 285
9534 286
9535 286
9536 286
9537 286
9538 286
9539 286
9540 286
9541 286
9542 286
9543 286
9544 286
9545 286
9546 286
9547 286
9548 286
9549 286
9550 286
9551 286
9552 286
9553 286
9554 286
9555 286
9556 286
9557 286
9558 286
9559 286
9560 286
9561 286
9562 286
9563 286
9564 286
9565 286
9566 286
9567 287
9568 287
9569 287
9570 287
9571 287
9572 287
9573 287
9574 287
9575 287
9576 287
9577 287
9578 287
9579 287
9580 287
9581 287
9582 287
9583 287
9584 287
9585 287
9586 287
9587 287
9588 287
9589 287
9590 287
9591 287
9592 287
9593 287
9594 287
9595 287
9596 287
9597 287
9598 287
9599 287
9600 288
9601 288
9602 288
9603 288
9604 288
9605 288
9606 288
9607 288
9608 288
9609 288
9610 288
9611 288
9612 288
9613 288
9614 288
9615 288
9616 288
9617 288
9618 288
9619 288
9620 288
9621 288
9622 288
9623 288
9624 288
9625 288
9626 288
9627 288
9628 288
9629 288
9630 288
9631 288
9632 288
9633 288
9634 289
9635 289
9636 289
9637 289
9638 289
9639 289
9640 289
9641 289
9642 289
9643 289
9644 289
9645 289
9646 289
9647 289
9648 289
9649 289
9650 289
9651 289
9652 289
9653 289
9654 289
9655 289
9656 289
9657 289
9658 289
9659 289
9660 289
9661 289
9662 289
9663 289
9664 289
9665 289
9666 289
9667 290
9668 290
9669 290
9670 290
9671 290
9672 290
9673 290
9674 290
9675 290
9676 290
9677 290
9678 290
9679 290
9680 290
9681 290
9682 290
9683 290
9684 290
9685 290
9686 290
9687 290
9688 290
9689 290
9690 290
9691 290
9692 290
9693 290
9694 290
9695 290
9696 290
9697 290
9698 290
9699 290
9700 291
9701 291
9702 291
9703 291
9704 291
9705 291
9706 291
9707 291
9708 291
9709 291
9710 291
9711 291
9712 291
9713 291
9714 291
9715 291
9716 291
9717 291
9718 291
9719 291
9720 291
9721 291
9722 291
9723 291
9724 291
9725 291
9726 291
9727 291
9728 291
9729 291
9730 291
9731 291
9732 291
9733 291
9734 292
9735 292
9736 292
9737 292
9738 292
9739 292
9740 292
9741 292
9742 292
9743 292
9744 292
9745 292
9746 292
9747 292
9748 292
9749 292
9750 292
9751 292
9752 292
9753 292
9754 292
9755 292
9756 292
9757 292
9758 292
9759 292
9760 292
9761 292
9762 292
9763 292
9764 292
9765 292
9766 292
9767 293
9768 293
9769 293
9770 293
9771 293
9772 293
9773 293
9774 293
9775 293
9776 293
9777 293
9778 293
9779 293
9780 293
9781 293
9782 293
9783 293
9784 293
9785 293
9786 293
9787 293
9788 293
9789 293
9790 293
9791 293
9792 293
9793 293
9794 293
9795 293
9796 293
9797 293
9798 293
9799 293
9800 294
9801 294
9802 294
9803 294
9804 294
9805 294
9806 294
9807 294
9808 294
9809 294
9810 294
9811 294
9812 294
9813 294
9814 294
9815 294
9816 294
9817 294
9818 294
9819 294
9820 294
9821 294
9822 294
9823 294
9824 294
9825 294
9826 294
9827 294
9828 294
9829 294
9830 294
9831 294
9832 294
9833 294
9834 295
9835 295
9836 295
9837 295
9838 295
9839 295
9840 295
9841 295
9842 295
9843 295
9844 295
9845 295
9846 295
9847 295
9848 295
9849 295
9850 295
9851 295
9852 295
9853 295
9854 295
9855 295
9856 295
9857 295
9858 295
9859 295
9860 295
9861 295
9862 295
9863 295
9864 295
9865 295
9866 295
9867 296
9868 296
9869 296
9870 296
9871 296
9872 296
9873 296
9874 296
9875 296
9876 296
9877 296
9878 296
9879 296
9880 296
9881 296
9882 296
9883 296
9884 296
9885 296
9886 296
9887 296
9888 296
9889 296
9890 296
9891 296
9892 296
9893 296
9894 296
9895 296
9896 296
9897 296
9898 296
9899 296
9900 297
9901 297
9902 297
9903 297
9904 297
9905 297
9906 297
9907 297
9908 297
9909 297
9910 297
9911 297
9912 297
9913 297
9914 297
9915 297
9916 297
9917 297
9918 297
9919 297
9920 297
9921 297
9922 297
9923 297
9924 297
9925 297
9926 297
9927 297
9928 297
9929 297
9930 297
9931 297
9932 297
9933 297
9934 298
9935 298
9936 298
9937 298
9938 298
9939 298
9940 298
9941 298
9942 298
9943 298
9944 298
9945 298
9946 298
9947 298
9948 298
9949 298
9950 298
9951 298
9952 298
9953 298
9954 298
9955 298
9956 298
9957 298
9958 298
9959 298
9960 298
9961 298
9962 298
9963 298
9964 298
9965 298
9966 298
9967 299
9968 299
9969 299
9970 299
9971 299
9972 299
9973 299
9974 299
9975 299
9976 299
9977 299
9978 299
9979 299
9980 299
9981 299
9982 299
9983 299
9984 299
9985 299
9986 299
9987 299
9988 299
9989 299
9990 299
9991 299
9992 299
9993 299
9994 299
9995 299
9996 299
9997 299
9998 299
9999 299
10000 300
10001 300
10002 300
10003 300
10004 300
10005 300
10006 300
10007 300
10008 300
10009 300
10010 300
10011 300
10012 300
10013 300
10014 300
10015 300
10016 300
10017 300
10018 300
10019 300
10020 300
10021 300
10022 300
10023 300
10024 300
10025 300
10026 300
10027 300
10028 300
10029 300
10030 300
10031 300
10032 300
10033 300
10034 301
10035 301
10036 301
10037 301
10038 301
10039 301
10040 301
10041 301
10042 301
10043 301
10044 301
10045 301
10046 301
10047 301
10048 301
10049 301
10050 301
10051 301
10052 301
10053 301
10054 301
10055 301
10056 301
10057 301
10058 301
10059 301
10060 301
10061 301
10062 301
10063 301
10064 301
10065 301
10066 301
10067 302
10068 302
10069 302
10070 302
10071 302
10072 302
10073 302
10074 302
10075 302
10076 302
10077 302
10078 302
10079 302
10080 302
10081 302
10082 302
10083 302
10084 302
10085 302
10086 302
10087 302
10088 302
10089 302
10090 302
10091 302
10092 302
10093 302
10094 302
10095 302
10096 302
10097 302
10098 302
10099 302
10100 303
10101 303
10102 303
10103 303
10104 303
10105 303
10106 303
10107 303
10108 303
10109 303
10110 303
10111 303
10112 303
10113 303
10114 303
10115 303
10116 303
10117 303
10118 303
10119 303
10120 303
10121 303
10122 303
10123 303
10124 303
10125 303
10126 303
10127 303
10128 303
10129 303
10130 303
10131 303
10132 303
10133 303
10134 304
10135 304
10136 304
10137 304
10138 304
10139 304
10140 304
10141 304
10142 304
10143 304
10144 304
10145 304
10146 304
10147 304
10148 304
10149 304
10150 304
10151 304
10152 304
10153 304
10154 304
10155 304
10156 304
10157 304
10158 304
10159 304
10160 304
10161 304
10162 304
10163 304
10164 304
10165 304
10166 304
10167 305
10168 305
10169 305
10170 305
10171 305
10172 305
10173 305
10174 305
10175 305
10176 305
10177 305
10178 305
10179 305
10180 305
10181 305
10182 305
10183 305
10184 305
10185 305
10186 305
10187 305
10188 305
10189 305
10190 305
10191 305
10192 305
10193 305
10194 305
10195 305
10196 305
10197 305
10198 305
10199 305
10200 306
10201 306
10202 306
10203 306
10204 306
10205 306
10206 306
10207 306
10208 306
10209 306
10210 306
10211 306
10212 306
10213 306
10214 306
10215 306
10216 306
10217 306
10218 306
10219 306
10220 306
10221 306
10222 306
10223 306
10224 306
10225 306
10226 306
10227 306
10228 306
10229 306
10230 306
10231 306
10232 306
10233 306
10234 307
10235 307
10236 307
10237 307
10238 307
10239 307
10240 307
10241 307
10242 307
10243 307
10244 307
10245 307
10246 307
10247 307
10248 307
10249 307
10250 307
10251 307
10252 307
10253 307
10254 307
10255 307
10256 307
10257 307
10258 307
10259 307
10260 307
10261 307
10262 307
10263 307
10264 307
10265 307
10266 307
10267 308
10268 308
10269 308
10270 308
10271 308
10272 308
10273 308
10274 308
10275 308
10276 308
10277 308
10278 308
10279 308
10280 308
10281 308
10282 308
10283 308
10284 308
10285 308
10286 308
10287 308
10288 308
10289 308
10290 308
10291 308
10292 308
10293 308
10294 308
10295 308
10296 308
10297 308
10298 308
10299 308
10300 309
10301 309
10302 309
10303 309
10304 309
10305 309
10306 309
10307 309
10308 309
10309 309
10310 309
10311 309
10312 309
10313 309
10314 309
10315 309
10316 309
10317 309
10318 309
10319 309
10320 309
10321 309
10322 309
10323 309
10324 309
10325 309
10326 309
10327 309
10328 309
10329 309
10330 309
10331 309
10332 309
10333 309
10334 310
10335 310
10336 310
10337 310
10338 310
10339 310
10340 310
10341 310
10342 310
10343 310
10344 310
10345 310
10346 310
10347 310
10348 310
10349 310
10350 310
10351 310
10352 310
10353 310
10354 310
10355 310
10356 310
10357 310
10358 310
10359 310
10360 310
10361 310
10362 310
10363 310
10364 310
10365 310
10366 310
10367 311
10368 311
10369 311
10370 311
10371 311
10372 311
10373 311
10374 311
10375 311
10376 311
10377 311
10378 311
10379 311
10380 311
10381 311
10382 311
10383 311
10384 311
10385 311
10386 311
10387 311
10388 311
10389 311
10390 311
10391 311
10392 311
10393 311
10394 311
10395 311
10396 311
10397 311
10398 311
10399 311
10400 312
10401 312
10402 312
10403 312
10404 312
10405 312
10406 312
10407 312
10408 312
10409 312
10410 312
10411 312
10412 312
10413 312
10414 312
10415 312
10416 312
10417 312
10418 312
10419 312
10420 312
10421 312
10422 312
10423 312
10424 312
10425 312
10426 312
10427 312
10428 312
10429 312
10430 312
10431 312
10432 312
10433 312
10434 313
10435 313
10436 313
10437 313
10438 313
10439 313
10440 313
10441 313
10442 313
10443 313
10444 313
10445 313
10446 313
10447 313
10448 313
10449 313
10450 313
10451 313
10452 313
10453 313
10454 313
10455 313
10456 313
10457 313
10458 313
10459 313
10460 313
10461 313
10462 313
10463 313
10464 313
10465 313
10466 313
10467 314
10468 314
10469 314
10470 314
10471 314
10472 314
10473 314
10474 314
10475 314
10476 314
10477 314
10478 314
10479 314
10480 314
10481 314
10482 314
10483 314
10484 314
10485 314
10486 314
10487 314
10488 314
10489 314
10490 314
10491 314
10492 314
10493 314
10494 314
10495 314
10496 314
10497 314
10498 314
10499 314
10500 315
10501 315
10502 315
10503 315
10504 315
10505 315
10506 315
10507 315
10508 315
10509 315
10510 315
10511 315
10512 315
10513 315
10514 315
10515 315
10516 315
10517 315
10518 315
10519 315
10520 315
10521 315
10522 315
10523 315
10524 315
10525 315
10526 315
10527 315
10528 315
10529 315
10530 315
10531 315
10532 315
10533 315
10534 316
10535 316
10536 316
10537 316
10538 316
10539 316
10540 316
10541 316
10542 316
10543 316
10544 316
10545 316
10546 316
10547 316
10548 316
10549 316
10550 316
10551 316
10552 316
10553 316
10554 316
10555 316
10556 316
10557 316
10558 316
10559 316
10560 316
10561 316
10562 316
10563 316
10564 316
10565 316
10566 316
10567 317
10568 317
10569 317
10570 317
10571 317
10572 317
10573 317
10574 317
10575 317
10576 317
10577 317
10578 317
10579 317
10580 317
10581 317
10582 317
10583 317
10584 317
10585 317
10586 317
10587 317
10588 317
10589 317
10590 317
10591 317
10592 317
10593 317
10594 317
10595 317
10596 317
10597 317
10598 317
10599 317
10600 318
10601 318
10602 318
10603 318
10604 318
10605 318
10606 318
10607 318
10608 318
10609 318
10610 318
10611 318
10612 318
10613 318
10614 318
10615 318
10616 318
10617 318
10618 318
10619 318
10620 318
10621 318
10622 318
10623 318
10624 318
10625 318
10626 318
10627 318
10628 318
10629 318
10630 318
10631 318
10632 318
10633 318
10634 319
10635 319
10636 319
10637 319
10638 319
10639 319
10640 319
10641 319
10642 319
10643 319
10644 319
10645 319
10646 319
10647 319
10648 319
10649 319
10650 319
10651 319
10652 319
10653 319
10654 319
10655 319
10656 319
10657 319
10658 319
10659 319
10660 319
10661 319
10662 319
10663 319
10664 319
10665 319
10666 319
10667 320
10668 320
10669 320
10670 320
10671 320
10672 320
10673 320
10674 320
10675 320
10676 320
10677 320
10678 320
10679 320
10680 320
10681 320
10682 320
10683 320
10684 320
10685 320
10686 320
10687 320
10688 320
10689 320
10690 320
10691 320
10692 320
10693 320
10694 320
10695 320
10696 320
10697 320
10698 320
10699 320
10700 321
10701 321
10702 321
10703 321
10704 321
10705 321
10706 321
10707 321
10708 321
10709 321
10710 321
10711 321
10712 321
10713 321
10714 321
10715 321
10716 321
10717 321
10718 321
10719 321
10720 321
10721 321
10722 321
10723 321
10724 321
10725 321
10726 321
10727 321
10728 321
10729 321
10730 321
10731 321
10732 321
10733 321
10734 322
10735 322
10736 322
10737 322
10738 322
10739 322
10740 322
10741 322
10742 322
10743 322
10744 322
10745 322
10746 322
10747 322
10748 322
10749 322
10750 322
10751 322
10752 322
10753 322
10754 322
10755 322
10756 322
10757 322
10758 322
10759 322
10760 322
10761 322
10762 322
10763 322
10764 322
10765 322
10766 322
10767 323
10768 323
10769 323
10770 323
10771 323
10772 323
10773 323
10774 323
10775 323
10776 323
10777 323
10778 323
10779 323
10780 323
10781 323
10782 323
10783 323
10784 323
10785 323
10786 323
10787 323
10788 323
10789 323
10790 323
10791 323
10792 323
10793 323
10794 323
10795 323
10796 323
10797 323
10798 323
10799 323
10800 324
10801 324
10802 324
10803 324
10804 324
10805 324
10806 324
10807 324
10808 324
10809 324
10810 324
10811 324
10812 324
10813 324
10814 324
10815 324
10816 324
10817 324
10818 324
10819 324
10820 324
10821 324
10822 324
10823 324
10824 324
10825 324
10826 324
10827 324
10828 324
10829 324
10830 324
10831 324
10832 324
10833 324
10834 325
10835 325
10836 325
10837 325
10838 325
10839 325
10840 325
10841 325
10842 325
10843 325
10844 325
10845 325
10846 325
10847 325
10848 325
10849 325
10850 325
10851 325
10852 325
10853 325
10854 325
10855 325
10856 325
10857 325
10858 325
10859 325
10860 325
10861 325
10862 325
10863 325
10864 325
10865 325
10866 325
10867 326
10868 326
10869 326
10870 326
10871 326
10872 326
10873 326
10874 326
10875 326
10876 326
10877 326
10878 326
10879 326
10880 326
10881 326
10882 326
10883 326
10884 326
10885 326
10886 326
10887 326
10888 326
10889 326
10890 326
10891 326
10892 326
10893 326
10894 326
10895 326
10896 326
10897 326
10898 326
10899 326
10900 327
10901 327
10902 327
10903 327
10904 327
10905 327
10906 327
10907 327
10908 327
10909 327
10910 327
10911 327
10912 327
10913 327
10914 327
10915 327
10916 327
10917 327
10918 327
10919 327
10920 327
10921 327
10922 327
10923 327
10924 327
10925 327
10926 327
10927 327
10928 327
10929 327
10930 327
10931 327
10932 327
10933 327
10934 328
10935 328
10936 328
10937 328
10938 328
10939 328
10940 328
10941 328
10942 328
10943 328
10944 328
10945 328
10946 328
10947 328
10948 328
10949 328
10950 328
10951 328
10952 328
10953 328
10954 328
10955 328
10956 328
10957 328
10958 328
10959 328
10960 328
10961 328
10962 328
10963 328
10964 328
10965 328
10966 328
10967 329
10968 329
10969 329
10970 329
10971 329
10972 329
10973 329
10974 329
10975 329
10976 329
10977 329
10978 329
10979 329
10980 329
10981 329
10982 329
10983 329
10984 329
10985 329
10986 329
10987 329
10988 329
10989 329
10990 329
10991 329
10992 329
10993 329
10994 329
10995 329
10996 329
10997 329
10998 329
10999 329
11000 330
11001 330
11002 330
11003 330
11004 330
11005 330
11006 330
11007 330
11008 330
11009 330
11010 330
11011 330
11012 330
11013 330
11014 330
11015 330
11016 330
11017 330
11018 330
11019 330
11020 330
11021 330
11022 330
11023 330
11024 330
11025 330
11026 330
11027 330
11028 330
11029 330
11030 330
11031 330
11032 330
11033 330
11034 331
11035 331
11036 331
11037 331
11038 331
11039 331
11040 331
11041 331
11042 331
11043 331
11044 331
11045 331
11046 331
11047 331
11048 331
11049 331
11050 331
11051 331
11052 331
11053 331
11054 331
11055 331
11056 331
11057 331
11058 331
11059 331
11060 331
11061 331
11062 331
11063 331
11064 331
11065 331
11066 331
11067 332
11068 332
11069 332
11070 332
11071 332
11072 332
11073 332
11074 332
11075 332
11076 332
11077 332
11078 332
11079 332
11080 332
11081 332
11082 332
11083 332
11084 332
11085 332
11086 332
11087 332
11088 332
11089 332
11090 332
11091 332
11092 332
11093 332
11094 332
11095 332
11096 332
11097 332
11098 332
11099 332
11100 333
11101 333
11102 333
11103 333
11104 333
11105 333
11106 333
11107 333
11108 333
11109 333
11110 333
11111 333
11112 333
11113 333
11114 333
11115 333
11116 333
11117 333
11118 333
11119 333
11120 333
11121 333
11122 333
11123 333
11124 333
11125 333
11126 333
11127 333
11128 333
11129 333
11130 333
11131 333
11132 333
11133 333
11134 334
11135 334
11136 334
11137 334
11138 334
11139 334
11140 334
11141 334
11142 334
11143 334
11144 334
11145 334
11146 334
11147 334
11148 334
11149 334
11150 334
11151 334
11152 334
11153 334
11154 334
11155 334
11156 334
11157 334
11158 334
11159 334
11160 334
11161 334
11162 334
11163 334
11164 334
11165 334
11166 334
11167 335
11168 335
11169 335
11170 335
11171 335
11172 335
11173 335
11174 335
11175 335
11176 335
11177 335
11178 335
11179 335
11180 335
11181 335
11182 335
11183 335
11184 335
11185 335
11186 335
11187 335
11188 335
11189 335
11190 335
11191 335
11192 335
11193 335
11194 335
11195 335
11196 335
11197 335
11198 335
11199 335
11200 336
11201 336
11202 336
11203 336
11204 336
11205 336
11206 336
11207 336
11208 336
11209 336
11210 336
11211 336
11212 336
11213 336
11214 336
11215 336
11216 336
11217 336
11218 336
11219 336
11220 336
11221 336
11222 336
11223 336
11224 336
11225 336
11226 336
11227 336
11228 336
11229 336
11230 336
11231 336
11232 336
11233 336
11234 337
11235 337
11236 337
11237 337
11238 337
11239 337
11240 337
11241 337
11242 337
11243 337
11244 337
11245 337
11246 337
11247 337
11248 337
11249 337
11250 337
11251 337
11252 337
11253 337
11254 337
11255 337
11256 337
11257 337
11258 337
11259 337
11260 337
11261 337
11262 337
11263 337
11264 337
11265 337
11266 337
11267 338
11268 338
11269 338
11270 338
11271 338
11272 338
11273 338
11274 338
11275 338
11276 338
11277 338
11278 338
11279 338
11280 338
11281 338
11282 338
11283 338
11284 338
11285 338
11286 338
11287 338
11288 338
11289 338
11290 338
11291 338
11292 338
11293 338
11294 338
11295 338
11296 338
11297 338
11298 338
11299 338
11300 339
11301 339
11302 339
11303 339
11304 339
11305 339
11306 339
11307 339
11308 339
11309 339
11310 339
11311 339
11312 339
11313 339
11314 339
11315 339
11316 339
11317 339
11318 339
11319 339
11320 339
11321 339
11322 339
11323 339
11324 339
11325 339
11326 339
11327 339
11328 339
11329 339
11330 339
11331 339
11332 339
11333 339
11334 340
11335 340
11336 340
11337 340
11338 340
11339 340
11340 340
11341 340
11342 340
11343 340
11344 340
11345 340
11346 340
11347 340
11348 340
11349 340
11350 340
11351 340
11352 340
11353 340
11354 340
11355 340
11356 340
11357 340
11358 340
11359 340
11360 340
11361 340
11362 340
11363 340
11364 340
11365 340
11366 340
11367 341
11368 341
11369 341
11370 341
11371 341
11372 341
11373 341
11374 341
11375 341
11376 341
11377 341
11378 341
11379 341
11380 341
11381 341
11382 341
11383 341
11384 341
11385 341
11386 341
11387 341
11388 341
11389 341
11390 341
11391 341
11392 341
11393 341
11394 341
11395 341
11396 341
11397 341
11398 341
11399 341
11400 342
11401 342
11402 342
11403 342
11404 342
11405 342
11406 342
11407 342
11408 342
11409 342
11410 342
11411 342
11412 342
11413 342
11414 342
11415 342
11416 342
11417 342
11418 342
11419 342
11420 342
11421 342
11422 342
11423 342
11424 342
11425 342
11426 342
11427 342
11428 342
11429 342
11430 342
11431 342
11432 342
11433 342
11434 343
11435 343
11436 343
11437 343
11438 343
11439 343
11440 343
11441 343
11442 343
11443 343
11444 343
11445 343
11446 343
11447 343
11448 343
11449 343
11450 343
11451 343
11452 343
11453 343
11454 343
11455 343
11456 343
11457 343
11458 343
11459 343
11460 343
11461 343
11462 343
11463 343
11464 343
11465 343
11466 343
11467 344
11468 344
11469 344
11470 344
11471 344
11472 344
11473 344
11474 344
11475 344
11476 344
11477 344
11478 344
11479 344
11480 344
11481 344
11482 344
11483 344
11484 344
11485 344
11486 344
11487 344
11488 344
11489 344
11490 344
11491 344
11492 344
11493 344
11494 344
11495 344
11496 344
11497 344
11498 344
11499 344
11500 345
11501 345
11502 345
11503 345
11504 345
11505 345
11506 345
11507 345
11508 345
11509 345
11510 345
11511 345
11512 345
11513 345
11514 345
11515 345
11516 345
11517 345
11518 345
11519 345
11520 345
11521 345
11522 345
11523 345
11524 345
11525 345
11526 345
11527 345
11528 345
11529 345
11530 345
11531 345
11532 345
11533 345
11534 346
11535 346
11536 346
11537 346
11538 346
11539 346
11540 346
11541 346
11542 346
11543 346
11544 346
11545 346
11546 346
11547 346
11548 346
11549 346
11550 346
11551 346
11552 346
11553 346
11554 346
11555 346
11556 346
11557 346
11558 346
11559 346
11560 346
11561 346
11562 346
11563 346
11564 346
11565 346
11566 346
11567 347
11568 347
11569 347
11570 347
11571 347
11572 347
11573 347
11574 347
11575 347
11576 347
11577 347
11578 347
11579 347
11580 347
11581 347
11582 347
11583 347
11584 347
11585 347
11586 347
11587 347
11588 347
11589 347
11590 347
11591 347
11592 347
11593 347
11594 347
11595 347
11596 347
11597 347
11598 347
11599 347
11600 348
11601 348
11602 348
11603 348
11604 348
11605 348
11606 348
11607 348
11608 348
11609 348
11610 348
11611 348
11612 348
11613 348
11614 348
11615 348
11616 348
11617 348
11618 348
11619 348
11620 348
11621 348
11622 348
11623 348
11624 348
11625 348
11626 348
11627 348
11628 348
11629 348
11630 348
11631 348
11632 348
11633 348
11634 349
11635 349
11636 349
11637 349
11638 349
11639 349
11640 349
11641 349
11642 349
11643 349
11644 349
11645 349
11646 349
11647 349
11648 349
11649 349
11650 349
11651 349
11652 349
11653 349
11654 349
11655 349
11656 349
11657 349
11658 349
11659 349
11660 349
11661 349
11662 349
11663 349
11664 349
11665 349
11666 349
11667 350
11668 350
11669 350
11670 350
11671 350
11672 350
11673 350
11674 350
11675 350
11676 350
11677 350
11678 350
11679 350
11680 350
11681 350
11682 350
11683 350
11684 350
11685 350
11686 350
11687 350
11688 350
11689 350
11690 350
11691 350
11692 350
11693 350
11694 350
11695 350
11696 350
11697 350
11698 350
11699 350
11700 351
11701 351
11702 351
11703 351
11704 351
11705 351
11706 351
11707 351
11708 351
11709 351
11710 351
11711 351
11712 351
11713 351
11714 351
11715 351
11716 351
11717 351
11718 351
11719 351
11720 351
11721 351
11722 351
11723 351
11724 351
11725 351
11726 351
11727 351
11728 351
11729 351
11730 351
11731 351
11732 351
11733 351
11734 352
11735 352
11736 352
11737 352
11738 352
11739 352
11740 352
11741 352
11742 352
11743 352
11744 352
11745 352
11746 352
11747 352
11748 352
11749 352
11750 352
11751 352
11752 352
11753 352
11754 352
11755 352
11756 352
11757 352
11758 352
11759 352
11760 352
11761 352
11762 352
11763 352
11764 352
11765 352
11766 352
11767 353
11768 353
11769 353
11770 353
11771 353
11772 353
11773 353
11774 353
11775 353
11776 353
11777 353
11778 353
11779 353
11780 353
11781 353
11782 353
11783 353
11784 353
11785 353
11786 353
11787 353
11788 353
11789 353
11790 353
11791 353
11792 353
11793 353
11794 353
11795 353
11796 353
11797 353
11798 353
11799 353
11800 354
11801 354
11802 354
11803 354
11804 354
11805 354
11806 354
11807 354
11808 354
11809 354
11810 354
11811 354
11812 354
11813 354
11814 354
11815 354
11816 354
11817 354
11818 354
11819 354
11820 354
11821 354
11822 354
11823 354
11824 354
11825 354
11826 354
11827 354
11828 354
11829 354
11830 354
11831 354
11832 354
11833 354
11834 355
11835 355
11836 355
11837 355
11838 355
11839 355
11840 355
11841 355
11842 355
11843 355
11844 355
11845 355
11846 355
11847 355
11848 355
11849 355
11850 355
11851 355
11852 355
11853 355
11854 355
11855 355
11856 355
11857 355
11858 355
11859 355
11860 355
11861 355
11862 355
11863 355
11864 355
11865 355
11866 355
11867 356
11868 356
11869 356
11870 356
11871 356
11872 356
11873 356
11874 356
11875 356
11876 356
11877 356
11878 356
11879 356
11880 356
11881 356
11882 356
11883 356
11884 356
11885 356
11886 356
11887 356
11888 356
11889 356
11890 356
11891 356
11892 356
11893 356
11894 356
11895 356
11896 356
11897 356
11898 356
11899 356
11900 357
11901 357
11902 357
11903 357
11904 357
11905 357
11906 357
11907 357
11908 357
11909 357
11910 357
11911 357
11912 357
11913 357
11914 357
11915 357
11916 357
11917 357
11918 357
11919 357
11920 357
11921 357
11922 357
11923 357
11924 357
11925 357
11926 357
11927 357
11928 357
11929 357
11930 357
11931 357
11932 357
11933 357
11934 358
11935 358
11936 358
11937 358
11938 358
11939 358
11940 358
11941 358
11942 358
11943 358
11944 358
11945 358
11946 358
11947 358
11948 358
11949 358
11950 358
11951 358
11952 358
11953 358
11954 358
11955 358
11956 358
11957 358
11958 358
11959 358
11960 358
11961 358
11962 358
11963 358
11964 358
11965 358
11966 358
11967 359
11968 359
11969 359
11970 359
11971 359
11972 359
11973 359
11974 359
11975 359
11976 359
11977 359
11978 359
11979 359
11980 359
11981 359
11982 359
11983 359
11984 359
11985 359
11986 359
11987 359
11988 359
11989 359
11990 359
11991 359
11992 359
11993 359
11994 359
11995 359
11996 359
11997 359
11998 359
11999 359
12000 360
12001 360
12002 360
12003 360
12004 360
12005 360
12006 360
12007 360
12008 360
12009 360
12010 360
12011 360
12012 360
12013 360
12014 360
12015 360
12016 360
12017 360
12018 360
12019 360
12020 360
12021 360
12022 360
12023 360
12024 360
12025 360
12026 360
12027 360
12028 360
12029 360
12030 360
12031 360
12032 360
12033 360
12034 361
12035 361
12036 361
12037 361
12038 361
12039 361
12040 361
12041 361
12042 361
12043 361
12044 361
12045 361
12046 361
12047 361
12048 361
12049 361
12050 361
12051 361
12052 361
12053 361
12054 361
12055 361
12056 361
12057 361
12058 361
12059 361
12060 361
12061 361
12062 361
12063 361
12064 361
12065 361
12066 361
12067 362
12068 362
12069 362
12070 362
12071 362
12072 362
12073 362
12074 362
12075 362
12076 362
12077 362
12078 362
12079 362
12080 362
12081 362
12082 362
12083 362
12084 362
12085 362
12086 362
12087 362
12088 362
12089 362
12090 362
12091 362
12092 362
12093 362
12094 362
12095 362
12096 362
12097 362
12098 362
12099 362
12100 363
12101 363
12102 363
12103 363
12104 363
12105 363
12106 363
12107 363
12108 363
12109 363
12110 363
12111 363
12112 363
12113 363
12114 363
12115 363
12116 363
12117 363
12118 363
12119 363
12120 363
12121 363
12122 363
12123 363
12124 363
12125 363
12126 363
12127 363
12128 363
12129 363
12130 363
12131 363
12132 363
12133 363
12134 364
12135 364
12136 364
12137 364
12138 364
12139 364
12140 364
12141 364
12142 364
12143 364
12144 364
12145 364
12146 364
12147 364
12148 364
12149 364
12150 364
12151 364
12152 364
12153 364
12154 364
12155 364
12156 364
12157 364
12158 364
12159 364
12160 364
12161 364
12162 364
12163 364
12164 364
12165 364
12166 364
12167 365
12168 365
12169 365
12170 365
12171 365
12172 365
12173 365
12174 365
12175 365
12176 365
12177 365
12178 365
12179 365
12180 365
12181 365
12182 365
12183 365
12184 365
12185 365
12186 365
12187 365
12188 365
12189 365
12190 365
12191 365
12192 365
12193 365
12194 365
12195 365
12196 365
12197 365
12198 365
12199 365
12200 366
12201 366
12202 366
12203 366
12204 366
12205 366
12206 366
12207 366
12208 366
12209 366
12210 366
12211 366
12212 366
12213 366
12214 366
12215 366
12216 366
12217 366
12218 366
12219 366
12220 366
12221 366
12222 366
12223 366
12224 366
12225 366
12226 366
12227 366
12228 366
12229 366
12230 366
12231 366
12232 366
12233 366
12234 367
12235 367
12236 367
12237 367
12238 367
12239 367
12240 367
12241 367
12242 367
12243 367
12244 367
12245 367
12246 367
12247 367
12248 367
12249 367
12250 367
12251 367
12252 367
12253 367
12254 367
12255 367
12256 367
12257 367
12258 367
12259 367
12260 367
12261 367
12262 367
12263 367
12264 367
12265 367
12266 367
12267 368
12268 368
12269 368
12270 368
12271 368
12272 368
12273 368
12274 368
12275 368
12276 368
12277 368
12278 368
12279 368
12280 368
12281 368
12282 368
12283 368
12284 368
12285 368
12286 368
12287 368
12288 368
12289 368
12290 368
12291 368
12292 368
12293 368
12294 368
12295 368
12296 368
12297 368
12298 368
12299 368
12300 369
12301 369
12302 369
12303 369
12304 369
12305 369
12306 369
12307 369
12308 369
12309 369
12310 369
12311 369
12312 369
12313 369
12314 369
12315 369
12316 369
12317 369
12318 369
12319 369
12320 369
12321 369
12322 369
12323 369
12324 369
12325 369
12326 369
12327 369
12328 369
12329 369
12330 369
12331 369
12332 369
12333 369
12334 370
12335 370
12336 370
12337 370
12338 370
12339 370
12340 370
12341 370
12342 370
12343 370
12344 370
12345 370
12346 370
12347 370
12348 370
12349 370
12350 370
12351 370
12352 370
12353 370
12354 370
12355 370
12356 370
12357 370
12358 370
12359 370
12360 370
12361 370
12362 370
12363 370
12364 370
12365 370
12366 370
12367 371
12368 371
12369 371
12370 371
12371 371
12372 371
12373 371
12374 371
12375 371
12376 371
12377 371
12378 371
12379 371
12380 371
12381 371
12382 371
12383 371
12384 371
12385 371
12386 371
12387 371
12388 371
12389 371
12390 371
12391 371
12392 371
12393 371
12394 371
12395 371
12396 371
12397 371
12398 371
12399 371
12400 372
12401 372
12402 372
12403 372
12404 372
12405 372
12406 372
12407 372
12408 372
12409 372
12410 372
12411 372
12412 372
12413 372
12414 372
12415 372
12416 372
12417 372
12418 372
12419 372
12420 372
12421 372
12422 372
12423 372
12424 372
12425 372
12426 372
12427 372
12428 372
12429 372
12430 372
12431 372
12432 372
12433 372
12434 373
12435 373
12436 373
12437 373
12438 373
12439 373
12440 373
12441 373
12442 373
12443 373
12444 373
12445 373
12446 373
12447 373
12448 373
12449 373
12450 373
12451 373
12452 373
12453 373
12454 373
12455 373
12456 373
12457 373
12458 373
12459 373
12460 373
12461 373
12462 373
12463 373
12464 373
12465 373
12466 373
12467 374
12468 374
12469 374
12470 374
12471 374
12472 374
12473 374
12474 374
12475 374
12476 374
12477 374
12478 374
12479 374
12480 374
12481 374
12482 374
12483 374
12484 374
12485 374
12486 374
12487 374
12488 374
12489 374
12490 374
12491 374
12492 374
12493 374
12494 374
12495 374
12496 374
12497 374
12498 374
12499 374
12500 375
12501 375
12502 375
12503 375
12504 375
12505 375
12506 375
12507 375
12508 375
12509 375
12510 375
12511 375
12512 375
12513 375
12514 375
12515 375
12516 375
12517 375
12518 375
12519 375
12520 375
12521 375
12522 375
12523 375
12524 375
12525 375
12526 375
12527 375
12528 375
12529 375
12530 375
12531 375
12532 375
12533 375
12534 376
12535 376
12536 376
12537 376
12538 376
12539 376
12540 376
12541 376
12542 376
12543 376
12544 376
12545 376
12546 376
12547 376
12548 376
12549 376
12550 376
12551 376
12552 376
12553 376
12554 376
12555 376
12556 376
12557 376
12558 376
12559 376
12560 376
12561 376
12562 376
12563 376
12564 376
12565 376
12566 376
12567 377
12568 377
12569 377
12570 377
12571 377
12572 377
12573 377
12574 377
12575 377
12576 377
12577 377
12578 377
12579 377
12580 377
12581 377
12582 377
12583 377
12584 377
12585 377
12586 377
12587 377
12588 377
12589 377
12590 377
12591 377
12592 377
12593 377
12594 377
12595 377
12596 377
12597 377
12598 377
12599 377
12600 378
12601 378
12602 378
12603 378
12604 378
12605 378
12606 378
12607 378
12608 378
12609 378
12610 378
12611 378
12612 378
12613 378
12614 378
12615 378
12616 378
12617 378
12618 378
12619 378
12620 378
12621 378
12622 378
12623 378
12624 378
12625 378
12626 378
12627 378
12628 378
12629 378
12630 378
12631 378
12632 378
12633 378
12634 379
12635 379
12636 379
12637 379
12638 379
12639 379
12640 379
12641 379
12642 379
12643 379
12644 379
12645 379
12646 379
12647 379
12648 379
12649 379
12650 379
12651 379
12652 379
12653 379
12654 379
12655 379
12656 379
12657 379
12658 379
12659 379
12660 379
12661 379
12662 379
12663 379
12664 379
12665 379
12666 379
12667 380
12668 380
12669 380
12670 380
12671 380
12672 380
12673 380
12674 380
12675 380
12676 380
12677 380
12678 380
12679 380
12680 380
12681 380
12682 380
12683 380
12684 380
12685 380
12686 380
12687 380
12688 380
12689 380
12690 380
12691 380
12692 380
12693 380
12694 380
12695 380
12696 380
12697 380
12698 380
12699 380
12700 381
12701 381
12702 381
12703 381
12704 381
12705 381
12706 381
12707 381
12708 381
12709 381
12710 381
12711 381
12712 381
12713 381
12714 381
12715 381
12716 381
12717 381
12718 381
12719 381
12720 381
12721 381
12722 381
12723 381
12724 381
12725 381
12726 381
12727 381
12728 381
12729 381
12730 381
12731 381
12732 381
12733 381
12734 382
12735 382
12736 382
12737 382
12738 382
12739 382
12740 382
12741 382
12742 382
12743 382
12744 382
12745 382
12746 382
12747 382
12748 382
12749 382
12750 382
12751 382
12752 382
12753 382
12754 382
12755 382
12756 382
12757 382
12758 382
12759 382
12760 382
12761 382
12762 382
12763 382
12764 382
12765 382
12766 382
12767 383
12768 383
12769 383
12770 383
12771 383
12772 383
12773 383
12774 383
12775 383
12776 383
12777 383
12778 383
12779 383
12780 383
12781 383
12782 383
12783 383
12784 383
12785 383
12786 383
12787 383
12788 383
12789 383
12790 383
12791 383
12792 383
12793 383
12794 383
12795 383
12796 383
12797 383
12798 383
12799 383
12800 384
12801 384
12802 384
12803 384
12804 384
12805 384
12806 384
12807 384
12808 384
12809 384
12810 384
12811 384
12812 384
12813 384
12814 384
12815 384
12816 384
12817 384
12818 384
12819 384
12820 384
12821 384
12822 384
12823 384
12824 384
12825 384
12826 384
12827 384
12828 384
12829 384
12830 384
12831 384
12832 384
12833 384
12834 385
12835 385
12836 385
12837 385
12838 385
12839 385
12840 385
12841 385
12842 385
12843 385
12844 385
12845 385
12846 385
12847 385
12848 385
12849 385
12850 385
12851 385
12852 385
12853 385
12854 385
12855 385
12856 385
12857 385
12858 385
12859 385
12860 385
12861 385
12862 385
12863 385
12864 385
12865 385
12866 385
12867 386
12868 386
12869 386
12870 386
12871 386
12872 386
12873 386
12874 386
12875 386
12876 386
12877 386
12878 386
12879 386
12880 386
12881 386
12882 386
12883 386
12884 386
12885 386
12886 386
12887 386
12888 386
12889 386
12890 386
12891 386
12892 386
12893 386
12894 386
12895 386
12896 386
12897 386
12898 386
12899 386
12900 387
12901 387
12902 387
12903 387
12904 387
12905 387
12906 387
12907 387
12908 387
12909 387
12910 387
12911 387
12912 387
12913 387
12914 387
12915 387
12916 387
12917 387
12918 387
12919 387
12920 387
12921 387
12922 387
12923 387
12924 387
12925 387
12926 387
12927 387
12928 387
12929 387
12930 387
12931 387
12932 387
12933 387
12934 388
12935 388
12936 388
12937 388
12938 388
12939 388
12940 388
12941 388
12942 388
12943 388
12944 388
12945 388
12946 388
12947 388
12948 388
12949 388
12950 388
12951 388
12952 388
12953 388
12954 388
12955 388
12956 388
12957 388
12958 388
12959 388
12960 388
12961 388
12962 388
12963 388
12964 388
12965 388
12966 388
12967 389
12968 389
12969 389
12970 389
12971 389
12972 389
12973 389
12974 389
12975 389
12976 389
12977 389
12978 389
12979 389
12980 389
12981 389
12982 389
12983 389
12984 389
12985 389
12986 389
12987 389
12988 389
12989 389
12990 389
12991 389
12992 389
12993 389
12994 389
12995 389
12996 389
12997 389
12998 389
12999 389
13000 390
13001 390
13002 390
13003 390
13004 390
13005 390
13006 390
13007 390
13008 390
13009 390
13010 390
13011 390
13012 390
13013 390
13014 390
13015 390
13016 390
13017 390
13018 390
13019 390
13020 390
13021 390
13022 390
13023 390
13024 390
13025 390
13026 390
13027 390
13028 390
13029 390
13030 390
13031 390
13032 390
13033 390
13034 391
13035 391
13036 391
13037 391
13038 391
13039 391
13040 391
13041 391
13042 391
13043 391
13044 391
13045 391
13046 391
13047 391
13048 391
13049 391
13050 391
13051 391
13052 391
13053 391
13054 391
13055 391
13056 391
13057 391
13058 391
13059 391
13060 391
13061 391
13062 391
13063 391
13064 391
13065 391
13066 391
13067 392
13068 392
13069 392
13070 392
13071 392
13072 392
13073 392
13074 392
13075 392
13076 392
13077 392
13078 392
13079 392
13080 392
13081 392
13082 392
13083 392
13084 392
13085 392
13086 392
13087 392
13088 392
13089 392
13090 392
13091 392
13092 392
13093 392
13094 392
13095 392
13096 392
13097 392
13098 392
13099 392
13100 393
13101 393
13102 393
13103 393
13104 393
13105 393
13106 393
13107 393
13108 393
13109 393
13110 393
13111 393
13112 393
13113 393
13114 393
13115 393
13116 393
13117 393
13118 393
13119 393
13120 393
13121 393
13122 393
13123 393
13124 393
13125 393
13126 393
13127 393
13128 393
13129 393
13130 393
13131 393
13132 393
13133 393
13134 394
13135 394
13136 394
13137 394
13138 394
13139 394
13140 394
13141 394
13142 394
13143 394
13144 394
13145 394
13146 394
13147 394
13148 394
13149 394
13150 394
13151 394
13152 394
13153 394
13154 394
13155 394
13156 394
13157 394
13158 394
13159 394
13160 394
13161 394
13162 394
13163 394
13164 394
13165 394
13166 394
13167 395
13168 395
13169 395
13170 395
13171 395
13172 395
13173 395
13174 395
13175 395
13176 395
13177 395
13178 395
13179 395
13180 395
13181 395
13182 395
13183 395
13184 395
13185 395
13186 395
13187 395
13188 395
13189 395
13190 395
13191 395
13192 395
13193 395
13194 395
13195 395
13196 395
13197 395
13198 395
13199 395
13200 396
13201 396
13202 396
13203 396
13204 396
13205 396
13206 396
13207 396
13208 396
13209 396
13210 396
13211 396
13212 396
13213 396
13214 396
13215 396
13216 396
13217 396
13218 396
13219 396
13220 396
13221 396
13222 396
13223 396
13224 396
13225 396
13226 396
13227 396
13228 396
13229 396
13230 396
13231 396
13232 396
13233 396
13234 397
13235 397
13236 397
13237 397
13238 397
13239 397
13240 397
13241 397
13242 397
13243 397
13244 397
13245 397
13246 397
13247 397
13248 397
13249 397
13250 397
13251 397
13252 397
13253 397
13254 397
13255 397
13256 397
13257 397
13258 397
13259 397
13260 397
13261 397
13262 397
13263 397
13264 397
13265 397
13266 397
13267 398
13268 398
13269 398
13270 398
13271 398
13272 398
13273 398
13274 398
13275 398
13276 398
13277 398
13278 398
13279 398
13280 398
13281 398
13282 398
13283 398
13284 398
13285 398
13286 398
13287 398
13288 398
13289 398
13290 398
13291 398
13292 398
13293 398
13294 398
13295 398
13296 398
13297 398
13298 398
13299 398
13300 399
13301 399
13302 399
13303 399
13304 399
13305 399
13306 399
13307 399
13308 399
13309 399
13310 399
13311 399
13312 399
13313 399
13314 399
13315 399
13316 399
13317 399
13318 399
13319 399
13320 399
13321 399
13322 399
13323 399
13324 399
13325 399
13326 399
13327 399
13328 399
13329 399
13330 399
13331 399
13332 399
13333 399
13334 400
13335 400
13336 400
13337 400
13338 400
13339 400
13340 400
13341 400
13342 400
13343 400
13344 400
13345 400
13346 400
13347 400
13348 400
13349 400
13350 400
13351 400
13352 400
13353 400
13354 400
13355 400
13356 400
13357 400
13358 400
13359 400
13360 400
13361 400
13362 400
13363 400
13364 400
13365 400
13366 400
13367 401
13368 401
13369 401
13370 401
13371 401
13372 401
13373 401
13374 401
13375 401
13376 401
13377 401
13378 401
13379 401
13380 401
13381 401
13382 401
13383 401
13384 401
13385 401
13386 401
13387 401
13388 401
13389 401
13390 401
13391 401
13392 401
13393 401
13394 401
13395 401
13396 401
13397 401
13398 401
13399 401
13400 402
13401 402
13402 402
13403 402
13404 402
13405 402
13406 402
13407 402
13408 402
13409 402
13410 402
13411 402
13412 402
13413 402
13414 402
13415 402
13416 402
13417 402
13418 402
13419 402
13420 402
13421 402
13422 402
13423 402
13424 402
13425 402
13426 402
13427 402
13428 402
13429 402
13430 402
13431 402
13432 402
13433 402
13434 403
13435 403
13436 403
13437 403
13438 403
13439 403
13440 403
13441 403
13442 403
13443 403
13444 403
13445 403
13446 403
13447 403
13448 403
13449 403
13450 403
13451 403
13452 403
13453 403
13454 403
13455 403
13456 403
13457 403
13458 403
13459 403
13460 403
13461 403
13462 403
13463 403
13464 403
13465 403
13466 403
13467 404
13468 404
13469 404
13470 404
13471 404
13472 404
13473 404
13474 404
13475 404
13476 404
13477 404
13478 404
13479 404
13480 404
13481 404
13482 404
13483 404
13484 404
13485 404
13486 404
13487 404
13488 404
13489 404
13490 404
13491 404
13492 404
13493 404
13494 404
13495 404
13496 404
13497 404
13498 404
13499 404
13500 405
13501 405
13502 405
13503 405
13504 405
13505 405
13506 405
13507 405
13508 405
13509 405
13510 405
13511 405
13512 405
13513 405
13514 405
13515 405
13516 405
13517 405
13518 405
13519 405
13520 405
13521 405
13522 405
13523 405
13524 405
13525 405
13526 405
13527 405
13528 405
13529 405
13530 405
13531 405
13532 405
13533 405
13534 406
13535 406
13536 406
13537 406
13538 406
13539 406
13540 406
13541 406
13542 406
13543 406
13544 406
13545 406
13546 406
13547 406
13548 406
13549 406
13550 406
13551 406
13552 406
13553 406
13554 406
13555 406
13556 406
13557 406
13558 406
13559 406
13560 406
13561 406
13562 406
13563 406
13564 406
13565 406
13566 406
13567 407
13568 407
13569 407
13570 407
13571 407
13572 407
13573 407
13574 407
13575 407
13576 407
13577 407
13578 407
13579 407
13580 407
13581 407
13582 407
13583 407
13584 407
13585 407
13586 407
13587 407
13588 407
13589 407
13590 407
13591 407
13592 407
13593 407
13594 407
13595 407
13596 407
13597 407
13598 407
13599 407
13600 408
13601 408
13602 408
13603 408
13604 408
13605 408
13606 408
13607 408
13608 408
13609 408
13610 408
13611 408
13612 408
13613 408
13614 408
13615 408
13616 408
13617 408
13618 408
13619 408
13620 408
13621 408
13622 408
13623 408
13624 408
13625 408
13626 408
13627 408
13628 408
13629 408
13630 408
13631 408
13632 408
13633 408
13634 409
13635 409
13636 409
13637 409
13638 409
13639 409
13640 409
13641 409
13642 409
13643 409
13644 409
13645 409
13646 409
13647 409
13648 409
13649 409
13650 409
13651 409
13652 409
13653 409
13654 409
13655 409
13656 409
13657 409
13658 409
13659 409
13660 409
13661 409
13662 409
13663 409
13664 409
13665 409
13666 409
13667 410
13668 410
13669 410
13670 410
13671 410
13672 410
13673 410
13674 410
13675 410
13676 410
13677 410
13678 410
13679 410
13680 410
13681 410
13682 410
13683 410
13684 410
13685 410
13686 410
13687 410
13688 410
13689 410
13690 410
13691 410
13692 410
13693 410
13694 410
13695 410
13696 410
13697 410
13698 410
13699 410
13700 411
13701 411
13702 411
13703 411
13704 411
13705 411
13706 411
13707 411
13708 411
13709 411
13710 411
13711 411
13712 411
13713 411
13714 411
13715 411
13716 411
13717 411
13718 411
13719 411
13720 411
13721 411
13722 411
13723 411
13724 411
13725 411
13726 411
13727 411
13728 411
13729 411
13730 411
13731 411
13732 411
13733 411
13734 412
13735 412
13736 412
13737 412
13738 412
13739 412
13740 412
13741 412
13742 412
13743 412
13744 412
13745 412
13746 412
13747 412
13748 412
13749 412
13750 412
13751 412
13752 412
13753 412
13754 412
13755 412
13756 412
13757 412
13758 412
13759 412
13760 412
13761 412
13762 412
13763 412
13764 412
13765 412
13766 412
13767 413
13768 413
13769 413
13770 413
13771 413
13772 413
13773 413
13774 413
13775 413
13776 413
13777 413
13778 413
13779 413
13780 413
13781 413
13782 413
13783 413
13784 413
13785 413
13786 413
13787 413
13788 413
13789 413
13790 413
13791 413
13792 413
13793 413
13794 413
13795 413
13796 413
13797 413
13798 413
13799 413
13800 414
13801 414
13802 414
13803 414
13804 414
13805 414
13806 414
13807 414
13808 414
13809 414
13810 414
13811 414
13812 414
13813 414
13814 414
13815 414
13816 414
13817 414
13818 414
13819 414
13820 414
13821 414
13822 414
13823 414
13824 414
13825 414
13826 414
13827 414
13828 414
13829 414
13830 414
13831 414
13832 414
13833 414
13834 415
13835 415
13836 415
13837 415
13838 415
13839 415
13840 415
13841 415
13842 415
13843 415
13844 415
13845 415
13846 415
13847 415
13848 415
13849 415
13850 415
13851 415
13852 415
13853 415
13854 415
13855 415
13856 415
13857 415
13858 415
13859 415
13860 415
13861 415
13862 415
13863 415
13864 415
13865 415
13866 415
13867 416
13868 416
13869 416
13870 416
13871 416
13872 416
13873 416
13874 416
13875 416
13876 416
13877 416
13878 416
13879 416
13880 416
13881 416
13882 416
13883 416
13884 416
13885 416
13886 416
13887 416
13888 416
13889 416
13890 416
13891 416
13892 416
13893 416
13894 416
13895 416
13896 416
13897 416
13898 416
13899 416
13900 417
13901 417
13902 417
13903 417
13904 417
13905 417
13906 417
13907 417
13908 417
13909 417
13910 417
13911 417
13912 417
13913 417
13914 417
13915 417
13916 417
13917 417
13918 417
13919 417
13920 417
13921 417
13922 417
13923 417
13924 417
13925 417
13926 417
13927 417
13928 417
13929 417
13930 417
13931 417
13932 417
13933 417
13934 418
13935 418
13936 418
13937 418
13938 418
13939 418
13940 418
13941 418
13942 418
13943 418
13944 418
13945 418
13946 418
13947 418
13948 418
13949 418
13950 418
13951 418
13952 418
13953 418
13954 418
13955 418
13956 418
13957 418
13958 418
13959 418
13960 418
13961 418
13962 418
13963 418
13964 418
13965 418
13966 418
13967 419
13968 419
13969 419
13970 419
13971 419
13972 419
13973 419
13974 419
13975 419
13976 419
13977 419
13978 419
13979 419
13980 419
13981 419
13982 419
13983 419
13984 419
13985 419
13986 419
13987 419
13988 419
13989 419
13990 419
13991 419
13992 419
13993 419
13994 419
13995 419
13996 419
13997 419
13998 419
13999 419
14000 420
14001 420
14002 420
14003 420
14004 420
14005 420
14006 420
14007 420
14008 420
14009 420
14010 420
14011 420
14012 420
14013 420
14014 420
14015 420
14016 420
14017 420
14018 420
14019 420
14020 420
14021 420
14022 420
14023 420
14024 420
14025 420
14026 420
14027 420
14028 420
14029 420
14030 420
14031 420
14032 420
14033 420
14034 421
14035 421
14036 421
14037 421
14038 421
14039 421
14040 421
14041 421
14042 421
14043 421
14044 421
14045 421
14046 421
14047 421
14048 421
14049 421
14050 421
14051 421
14052 421
14053 421
14054 421
14055 421
14056 421
14057 421
14058 421
14059 421
14060 421
14061 421
14062 421
14063 421
14064 421
14065 421
14066 421
14067 422
14068 422
14069 422
14070 422
14071 422
14072 422
14073 422
14074 422
14075 422
14076 422
14077 422
14078 422
14079 422
14080 422
14081 422
14082 422
14083 422
14084 422
14085 422
14086 422
14087 422
14088 422
14089 422
14090 422
14091 422
14092 422
14093 422
14094 422
14095 422
14096 422
14097 422
14098 422
14099 422
14100 423
14101 423
14102 423
14103 423
14104 423
14105 423
14106 423
14107 423
14108 423
14109 423
14110 423
14111 423
14112 423
14113 423
14114 423
14115 423
14116 423
14117 423
14118 423
14119 423
14120 423
14121 423
14122 423
14123 423
14124 423
14125 423
14126 423
14127 423
14128 423
14129 423
14130 423
14131 423
14132 423
14133 423
14134 424
14135 424
14136 424
14137 424
14138 424
14139 424
14140 424
14141 424
14142 424
14143 424
14144 424
14145 424
14146 424
14147 424
14148 424
14149 424
14150 424
14151 424
14152 424
14153 424
14154 424
14155 424
14156 424
14157 424
14158 424
14159 424
14160 424
14161 424
14162 424
14163 424
14164 424
14165 424
14166 424
14167 425
14168 425
14169 425
14170 425
14171 425
14172 425
14173 425
14174 425
14175 425
14176 425
14177 425
14178 425
14179 425
14180 425
14181 425
14182 425
14183 425
14184 425
14185 425
14186 425
14187 425
14188 425
14189 425
14190 425
14191 425
14192 425
14193 425
14194 425
14195 425
14196 425
14197 425
14198 425
14199 425
14200 426
14201 426
14202 426
14203 426
14204 426
14205 426
14206 426
14207 426
14208 426
14209 426
14210 426
14211 426
14212 426
14213 426
14214 426
14215 426
14216 426
14217 426
14218 426
14219 426
14220 426
14221 426
14222 426
14223 426
14224 426
14225 426
14226 426
14227 426
14228 426
14229 426
14230 426
14231 426
14232 426
14233 426
14234 427
14235 427
14236 427
14237 427
14238 427
14239 427
14240 427
14241 427
14242 427
14243 427
14244 427
14245 427
14246 427
14247 427
14248 427
14249 427
14250 427
14251 427
14252 427
14253 427
14254 427
14255 427
14256 427
14257 427
14258 427
14259 427
14260 427
14261 427
14262 427
14263 427
14264 427
14265 427
14266 427
14267 428
14268 428
14269 428
14270 428
14271 428
14272 428
14273 428
14274 428
14275 428
14276 428
14277 428
14278 428
14279 428
14280 428
14281 428
14282 428
14283 428
14284 428
14285 428
14286 428
14287 428
14288 428
14289 428
14290 428
14291 428
14292 428
14293 428
14294 428
14295 428
14296 428
14297 428
14298 428
14299 428
14300 429
14301 429
14302 429
14303 429
14304 429
14305 429
14306 429
14307 429
14308 429
14309 429
14310 429
14311 429
14312 429
14313 429
14314 429
14315 429
14316 429
14317 429
14318 429
14319 429
14320 429
14321 429
14322 429
14323 429
14324 429
14325 429
14326 429
14327 429
14328 429
14329 429
14330 429
14331 429
14332 429
14333 429
14334 430
14335 430
14336 430
14337 430
14338 430
14339 430
14340 430
14341 430
14342 430
14343 430
14344 430
14345 430
14346 430
14347 430
14348 430
14349 430
14350 430
14351 430
14352 430
14353 430
14354 430
14355 430
14356 430
14357 430
14358 430
14359 430
14360 430
14361 430
14362 430
14363 430
14364 430
14365 430
14366 430
14367 431
14368 431
14369 431
14370 431
14371 431
14372 431
14373 431
14374 431
14375 431
14376 431
14377 431
14378 431
14379 431
14380 431
14381 431
14382 431
14383 431
14384 431
14385 431
14386 431
14387 431
14388 431
14389 431
14390 431
14391 431
14392 431
14393 431
14394 431
14395 431
14396 431
14397 431
14398 431
14399 431
14400 432
14401 432
14402 432
14403 432
14404 432
14405 432
14406 432
14407 432
14408 432
14409 432
14410 432
14411 432
14412 432
14413 432
14414 432
14415 432
14416 432
14417 432
14418 432
14419 432
14420 432
14421 432
14422 432
14423 432
14424 432
14425 432
14426 432
14427 432
14428 432
14429 432
14430 432
14431 432
14432 432
14433 432
14434 433
14435 433
14436 433
14437 433
14438 433
14439 433
14440 433
14441 433
14442 433
14443 433
14444 433
14445 433
14446 433
14447 433
14448 433
14449 433
14450 433
14451 433
14452 433
14453 433
14454 433
14455 433
14456 433
14457 433
14458 433
14459 433
14460 433
14461 433
14462 433
14463 433
14464 433
14465 433
14466 433
14467 434
14468 434
14469 434
14470 434
14471 434
14472 434
14473 434
14474 434
14475 434
14476 434
14477 434
14478 434
14479 434
14480 434
14481 434
14482 434
14483 434
14484 434
14485 434
14486 434
14487 434
14488 434
14489 434
14490 434
14491 434
14492 434
14493 434
14494 434
14495 434
14496 434
14497 434
14498 434
14499 434
14500 435
14501 435
14502 435
14503 435
14504 435
14505 435
14506 435
14507 435
14508 435
14509 435
14510 435
14511 435
14512 435
14513 435
14514 435
14515 435
14516 435
14517 435
14518 435
14519 435
14520 435
14521 435
14522 435
14523 435
14524 435
14525 435
14526 435
14527 435
14528 435
14529 435
14530 435
14531 435
14532 435
14533 435
14534 436
14535 436
14536 436
14537 436
14538 436
14539 436
14540 436
14541 436
14542 436
14543 436
14544 436
14545 436
14546 436
14547 436
14548 436
14549 436
14550 436
14551 436
14552 436
14553 436
14554 436
14555 436
14556 436
14557 436
14558 436
14559 436
14560 436
14561 436
14562 436
14563 436
14564 436
14565 436
14566 436
14567 437
14568 437
14569 437
14570 437
14571 437
14572 437
14573 437
14574 437
14575 437
14576 437
14577 437
14578 437
14579 437
14580 437
14581 437
14582 437
14583 437
14584 437
14585 437
14586 437
14587 437
14588 437
14589 437
14590 437
14591 437
14592 437
14593 437
14594 437
14595 437
14596 437
14597 437
14598 437
14599 437
14600 438
14601 438
14602 438
14603 438
14604 438
14605 438
14606 438
14607 438
14608 438
14609 438
14610 438
14611 438
14612 438
14613 438
14614 438
14615 438
14616 438
14617 438
14618 438
14619 438
14620 438
14621 438
14622 438
14623 438
14624 438
14625 438
14626 438
14627 438
14628 438
14629 438
14630 438
14631 438
14632 438
14633 438
14634 439
14635 439
14636 439
14637 439
14638 439
14639 439
14640 439
14641 439
14642 439
14643 439
14644 439
14645 439
14646 439
14647 439
14648 439
14649 439
14650 439
14651 439
14652 439
14653 439
14654 439
14655 439
14656 439
14657 439
14658 439
14659 439
14660 439
14661 439
14662 439
14663 439
14664 439
14665 439
14666 439
14667 440
14668 440
14669 440
14670 440
14671 440
14672 440
14673 440
14674 440
14675 440
14676 440
14677 440
14678 440
14679 440
14680 440
14681 440
14682 440
14683 440
14684 440
14685 440
14686 440
14687 440
14688 440
14689 440
14690 440
14691 440
14692 440
14693 440
14694 440
14695 440
14696 440
14697 440
14698 440
14699 440
14700 441
14701 441
14702 441
14703 441
14704 441
14705 441
14706 441
14707 441
14708 441
14709 441
14710 441
14711 441
14712 441
14713 441
14714 441
14715 441
14716 441
14717 441
14718 441
14719 441
14720 441
14721 441
14722 441
14723 441
14724 441
14725 441
14726 441
14727 441
14728 441
14729 441
14730 441
14731 441
14732 441
14733 441
14734 442
14735 442
14736 442
14737 442
14738 442
14739 442
14740 442
14741 442
14742 442
14743 442
14744 442
14745 442
14746 442
14747 442
14748 442
14749 442
14750 442
14751 442
14752 442
14753 442
14754 442
14755 442
14756 442
14757 442
14758 442
14759 442
14760 442
14761 442
14762 442
14763 442
14764 442
14765 442
14766 442
14767 443
14768 443
14769 443
14770 443
14771 443
14772 443
14773 443
14774 443
14775 443
14776 443
14777 443
14778 443
14779 443
14780 443
14781 443
14782 443
14783 443
14784 443
14785 443
14786 443
14787 443
14788 443
14789 443
14790 443
14791 443
14792 443
14793 443
14794 443
14795 443
14796 443
14797 443
14798 443
14799 443
14800 444
14801 444
14802 444
14803 444
14804 444
14805 444
14806 444
14807 444
14808 444
14809 444
14810 444
14811 444
14812 444
14813 444
14814 444
14815 444
14816 444
14817 444
14818 444
14819 444
14820 444
14821 444
14822 444
14823 444
14824 444
14825 444
14826 444
14827 444
14828 444
14829 444
14830 444
14831 444
14832 444
14833 444
14834 445
14835 445
14836 445
14837 445
14838 445
14839 445
14840 445
14841 445
14842 445
14843 445
14844 445
14845 445
14846 445
14847 445
14848 445
14849 445
14850 445
14851 445
14852 445
14853 445
14854 445
14855 445
14856 445
14857 445
14858 445
14859 445
14860 445
14861 445
14862 445
14863 445
14864 445
14865 445
14866 445
14867 446
14868 446
14869 446
14870 446
14871 446
14872 446
14873 446
14874 446
14875 446
14876 446
14877 446
14878 446
14879 446
14880 446
14881 446
14882 446
14883 446
14884 446
14885 446
14886 446
14887 446
14888 446
14889 446
14890 446
14891 446
14892 446
14893 446
14894 446
14895 446
14896 446
14897 446
14898 446
14899 446
14900 447
14901 447
14902 447
14903 447
14904 447
14905 447
14906 447
14907 447
14908 447
14909 447
14910 447
14911 447
14912 447
14913 447
14914 447
14915 447
14916 447
14917 447
14918 447
14919 447
14920 447
14921 447
14922 447
14923 447
14924 447
14925 447
14926 447
14927 447
14928 447
14929 447
14930 447
14931 447
14932 447
14933 447
14934 448
14935 448
14936 448
14937 448
14938 448
14939 448
14940 448
14941 448
14942 448
14943 448
14944 448
14945 448
14946 448
14947 448
14948 448
14949 448
14950 448
14951 448
14952 448
14953 448
14954 448
14955 448
14956 448
14957 448
14958 448
14959 448
14960 448
14961 448
14962 448
14963 448
14964 448
14965 448
14966 448
14967 449
14968 449
14969 449
14970 449
14971 449
14972 449
14973 449
14974 449
14975 449
14976 449
14977 449
14978 449
14979 449
14980 449
14981 449
14982 449
14983 449
14984 449
14985 449
14986 449
14987 449
14988 449
14989 449
14990 449
14991 449
14992 449
14993 449
14994 449
14995 449
14996 449
14997 449
14998 449
14999 449
15000 450
15001 450
15002 450
15003 450
15004 450
15005 450
15006 450
15007 450
15008 450
15009 450
15010 450
15011 450
15012 450
15013 450
15014 450
15015 450
15016 450
15017 450
15018 450
15019 450
15020 450
15021 450
15022 450
15023 450
15024 450
15025 450
15026 450
15027 450
15028 450
15029 450
15030 450
15031 450
15032 450
15033 450
15034 451
15035 451
15036 451
15037 451
15038 451
15039 451
15040 451
15041 451
15042 451
15043 451
15044 451
15045 451
15046 451
15047 451
15048 451
15049 451
15050 451
15051 451
15052 451
15053 451
15054 451
15055 451
15056 451
15057 451
15058 451
15059 451
15060 451
15061 451
15062 451
15063 451
15064 451
15065 451
15066 451
15067 452
15068 452
15069 452
15070 452
15071 452
15072 452
15073 452
15074 452
15075 452
15076 452
15077 452
15078 452
15079 452
15080 452
15081 452
15082 452
15083 452
15084 452
15085 452
15086 452
15087 452
15088 452
15089 452
15090 452
15091 452
15092 452
15093 452
15094 452
15095 452
15096 452
15097 452
15098 452
15099 452
15100 453
15101 453
15102 453
15103 453
15104 453
15105 453
15106 453
15107 453
15108 453
15109 453
15110 453
15111 453
15112 453
15113 453
15114 453
15115 453
15116 453
15117 453
15118 453
15119 453
15120 453
15121 453
15122 453
15123 453
15124 453
15125 453
15126 453
15127 453
15128 453
15129 453
15130 453
15131 453
15132 453
15133 453
15134 454
15135 454
15136 454
15137 454
15138 454
15139 454
15140 454
15141 454
15142 454
15143 454
15144 454
15145 454
15146 454
15147 454
15148 454
15149 454
15150 454
15151 454
15152 454
15153 454
15154 454
15155 454
15156 454
15157 454
15158 454
15159 454
15160 454
15161 454
15162 454
15163 454
15164 454
15165 454
15166 454
15167 455
15168 455
15169 455
15170 455
15171 455
15172 455
15173 455
15174 455
15175 455
15176 455
15177 455
15178 455
15179 455
15180 455
15181 455
15182 455
15183 455
15184 455
15185 455
15186 455
15187 455
15188 455
15189 455
15190 455
15191 455
15192 455
15193 455
15194 455
15195 455
15196 455
15197 455
15198 455
15199 455
15200 456
15201 456
15202 456
15203 456
15204 456
15205 456
15206 456
15207 456
15208 456
15209 456
15210 456
15211 456
15212 456
15213 456
15214 456
15215 456
15216 456
15217 456
15218 456
15219 456
15220 456
15221 456
15222 456
15223 456
15224 456
15225 456
15226 456
15227 456
15228 456
15229 456
15230 456
15231 456
15232 456
15233 456
15234 457
15235 457
15236 457
15237 457
15238 457
15239 457
15240 457
15241 457
15242 457
15243 457
15244 457
15245 457
15246 457
15247 457
15248 457
15249 457
15250 457
15251 457
15252 457
15253 457
15254 457
15255 457
15256 457
15257 457
15258 457
15259 457
15260 457
15261 457
15262 457
15263 457
15264 457
15265 457
15266 457
15267 458
15268 458
15269 458
15270 458
15271 458
15272 458
15273 458
15274 458
15275 458
15276 458
15277 458
15278 458
15279 458
15280 458
15281 458
15282 458
15283 458
15284 458
15285 458
15286 458
15287 458
15288 458
15289 458
15290 458
15291 458
15292 458
15293 458
15294 458
15295 458
15296 458
15297 458
15298 458
15299 458
15300 459
15301 459
15302 459
15303 459
15304 459
15305 459
15306 459
15307 459
15308 459
15309 459
15310 459
15311 459
15312 459
15313 459
15314 459
15315 459
15316 459
15317 459
15318 459
15319 459
15320 459
15321 459
15322 459
15323 459
15324 459
15325 459
15326 459
15327 459
15328 459
15329 459
15330 459
15331 459
15332 459
15333 459
15334 460
15335 460
15336 460
15337 460
15338 460
15339 460
15340 460
15341 460
15342 460
15343 460
15344 460
15345 460
15346 460
15347 460
15348 460
15349 460
15350 460
15351 460
15352 460
15353 460
15354 460
15355 460
15356 460
15357 460
15358 460
15359 460
15360 460
15361 460
15362 460
15363 460
15364 460
15365 460
15366 460
15367 461
15368 461
15369 461
15370 461
15371 461
15372 461
15373 461
15374 461
15375 461
15376 461
15377 461
15378 461
15379 461
15380 461
15381 461
15382 461
15383 461
15384 461
15385 461
15386 461
15387 461
15388 461
15389 461
15390 461
15391 461
15392 461
15393 461
15394 461
15395 461
15396 461
15397 461
15398 461
15399 461
15400 462
15401 462
15402 462
15403 462
15404 462
15405 462
15406 462
15407 462
15408 462
15409 462
15410 462
15411 462
15412 462
15413 462
15414 462
15415 462
15416 462
15417 462
15418 462
15419 462
15420 462
15421 462
15422 462
15423 462
15424 462
15425 462
15426 462
15427 462
15428 462
15429 462
15430 462
15431 462
15432 462
15433 462
15434 463
15435 463
15436 463
15437 463
15438 463
15439 463
15440 463
15441 463
15442 463
15443 463
15444 463
15445 463
15446 463
15447 463
15448 463
15449 463
15450 463
15451 463
15452 463
15453 463
15454 463
15455 463
15456 463
15457 463
15458 463
15459 463
15460 463
15461 463
15462 463
15463 463
15464 463
15465 463
15466 463
15467 464
15468 464
15469 464
15470 464
15471 464
15472 464
15473 464
15474 464
15475 464
15476 464
15477 464
15478 464
15479 464
15480 464
15481 464
15482 464
15483 464
15484 464
15485 464
15486 464
15487 464
15488 464
15489 464
15490 464
15491 464
15492 464
15493 464
15494 464
15495 464
15496 464
15497 464
15498 464
15499 464
15500 465
15501 465
15502 465
15503 465
15504 465
15505 465
15506 465
15507 465
15508 465
15509 465
15510 465
15511 465
15512 465
15513 465
15514 465
15515 465
15516 465
15517 465
15518 465
15519 465
15520 465
15521 465
15522 465
15523 465
15524 465
15525 465
15526 465
15527 465
15528 465
15529 465
15530 465
15531 465
15532 465
15533 465
15534 466
15535 466
15536 466
15537 466
15538 466
15539 466
15540 466
15541 466
15542 466
15543 466
15544 466
15545 466
15546 466
15547 466
15548 466
15549 466
15550 466
15551 466
15552 466
15553 466
15554 466
15555 466
15556 466
15557 466
15558 466
15559 466
15560 466
15561 466
15562 466
15563 466
15564 466
15565 466
15566 466
15567 467
15568 467
15569 467
15570 467
15571 467
15572 467
15573 467
15574 467
15575 467
15576 467
15577 467
15578 467
15579 467
15580 467
15581 467
15582 467
15583 467
15584 467
15585 467
15586 467
15587 467
15588 467
15589 467
15590 467
15591 467
15592 467
15593 467
15594 467
15595 467
15596 467
15597 467
15598 467
15599 467
15600 468
15601 468
15602 468
15603 468
15604 468
15605 468
15606 468
15607 468
15608 468
15609 468
15610 468
15611 468
15612 468
15613 468
15614 468
15615 468
15616 468
15617 468
15618 468
15619 468
15620 468
15621 468
15622 468
15623 468
15624 468
15625 468
15626 468
15627 468
15628 468
15629 468
15630 468
15631 468
15632 468
15633 468
15634 469
15635 469
15636 469
15637 469
15638 469
15639 469
15640 469
15641 469
15642 469
15643 469
15644 469
15645 469
15646 469
15647 469
15648 469
15649 469
15650 469
15651 469
15652 469
15653 469
15654 469
15655 469
15656 469
15657 469
15658 469
15659 469
15660 469
15661 469
15662 469
15663 469
15664 469
15665 469
15666 469
15667 470
15668 470
15669 470
15670 470
15671 470
15672 470
15673 470
15674 470
15675 470
15676 470
15677 470
15678 470
15679 470
15680 470
15681 470
15682 470
15683 470
15684 470
15685 470
15686 470
15687 470
15688 470
15689 470
15690 470
15691 470
15692 470
15693 470
15694 470
15695 470
15696 470
15697 470
15698 470
15699 470
15700 471
15701 471
15702 471
15703 471
15704 471
15705 471
15706 471
15707 471
15708 471
15709 471
15710 471
15711 471
15712 471
15713 471
15714 471
15715 471
15716 471
15717 471
15718 471
15719 471
15720 471
15721 471
15722 471
15723 471
15724 471
15725 471
15726 471
15727 471
15728 471
15729 471
15730 471
15731 471
15732 471
15733 471
15734 472
15735 472
15736 472
15737 472
15738 472
15739 472
15740 472
15741 472
15742 472
15743 472
15744 472
15745 472
15746 472
15747 472
15748 472
15749 472
15750 472
15751 472
15752 472
15753 472
15754 472
15755 472
15756 472
15757 472
15758 472
15759 472
15760 472
15761 472
15762 472
15763 472
15764 472
15765 472
15766 472
15767 473
15768 473
15769 473
15770 473
15771 473
15772 473
15773 473
15774 473
15775 473
15776 473
15777 473
15778 473
15779 473
15780 473
15781 473
15782 473
15783 473
15784 473
15785 473
15786 473
15787 473
15788 473
15789 473
15790 473
15791 473
15792 473
15793 473
15794 473
15795 473
15796 473
15797 473
15798 473
15799 473
15800 474
15801 474
15802 474
15803 474
15804 474
15805 474
15806 474
15807 474
15808 474
15809 474
15810 474
15811 474
15812 474
15813 474
15814 474
15815 474
15816 474
15817 474
15818 474
15819 474
15820 474
15821 474
15822 474
15823 474
15824 474
15825 474
15826 474
15827 474
15828 474
15829 474
15830 474
15831 474
15832 474
15833 474
15834 475
15835 475
15836 475
15837 475
15838 475
15839 475
15840 475
15841 475
15842 475
15843 475
15844 475
15845 475
15846 475
15847 475
15848 475
15849 475
15850 475
15851 475
15852 475
15853 475
15854 475
15855 475
15856 475
15857 475
15858 475
15859 475
15860 475
15861 475
15862 475
15863 475
15864 475
15865 475
15866 475
15867 476
15868 476
15869 476
15870 476
15871 476
15872 476
15873 476
15874 476
15875 476
15876 476
15877 476
15878 476
15879 476
15880 476
15881 476
15882 476
15883 476
15884 476
15885 476
15886 476
15887 476
15888 476
15889 476
15890 476
15891 476
15892 476
15893 476
15894 476
15895 476
15896 476
15897 476
15898 476
15899 476
15900 477
15901 477
15902 477
15903 477
15904 477
15905 477
15906 477
15907 477
15908 477
15909 477
15910 477
15911 477
15912 477
15913 477
15914 477
15915 477
15916 477
15917 477
15918 477
15919 477
15920 477
15921 477
15922 477
15923 477
15924 477
15925 477
15926 477
15927 477
15928 477
15929 477
15930 477
15931 477
15932 477
15933 477
15934 478
15935 478
15936 478
15937 478
15938 478
15939 478
15940 478
15941 478
15942 478
15943 478
15944 478
15945 478
15946 478
15947 478
15948 478
15949 478
15950 478
15951 478
15952 478
15953 478
15954 478
15955 478
15956 478
15957 478
15958 478
15959 478
15960 478
15961 478
15962 478
15963 478
15964 478
15965 478
15966 478
15967 479
15968 479
15969 479
15970 479
15971 479
15972 479
15973 479
15974 479
15975 479
15976 479
15977 479
15978 479
15979 479
15980 479
15981 479
15982 479
15983 479
15984 479
15985 479
15986 479
15987 479
15988 479
15989 479
15990 479
15991 479
15992 479
15993 479
15994 479
15995 479
15996 479
15997 479
15998 479
15999 479
16000 480
16001 480
16002 480
16003 480
16004 480
16005 480
16006 480
16007 480
16008 480
16009 480
16010 480
16011 480
16012 480
16013 480
16014 480
16015 480
16016 480
16017 480
16018 480
16019 480
16020 480
16021 480
16022 480
16023 480
16024 480
16025 480
16026 480
16027 480
16028 480
16029 480
16030 480
16031 480
16032 480
16033 480
16034 481
16035 481
16036 481
16037 481
16038 481
16039 481
16040 481
16041 481
16042 481
16043 481
16044 481
16045 481
16046 481
16047 481
16048 481
16049 481
16050 481
16051 481
16052 481
16053 481
16054 481
16055 481
16056 481
16057 481
16058 481
16059 481
16060 481
16061 481
16062 481
16063 481
16064 481
16065 481
16066 481
16067 482
16068 482
16069 482
16070 482
16071 482
16072 482
16073 482
16074 482
16075 482
16076 482
16077 482
16078 482
16079 482
16080 482
16081 482
16082 482
16083 482
16084 482
16085 482
16086 482
16087 482
16088 482
16089 482
16090 482
16091 482
16092 482
16093 482
16094 482
16095 482
16096 482
16097 482
16098 482
16099 482
16100 483
16101 483
16102 483
16103 483
16104 483
16105 483
16106 483
16107 483
16108 483
16109 483
16110 483
16111 483
16112 483
16113 483
16114 483
16115 483
16116 483
16117 483
16118 483
16119 483
16120 483
16121 483
16122 483
16123 483
16124 483
16125 483
16126 483
16127 483
16128 483
16129 483
16130 483
16131 483
16132 483
16133 483
16134 484
16135 484
16136 484
16137 484
16138 484
16139 484
16140 484
16141 484
16142 484
16143 484
16144 484
16145 484
16146 484
16147 484
16148 484
16149 484
16150 484
16151 484
16152 484
16153 484
16154 484
16155 484
16156 484
16157 484
16158 484
16159 484
16160 484
16161 484
16162 484
16163 484
16164 484
16165 484
16166 484
16167 485
16168 485
16169 485
16170 485
16171 485
16172 485
16173 485
16174 485
16175 485
16176 485
16177 485
16178 485
16179 485
16180 485
16181 485
16182 485
16183 485
16184 485
16185 485
16186 485
16187 485
16188 485
16189 485
16190 485
16191 485
16192 485
16193 485
16194 485
16195 485
16196 485
16197 485
16198 485
16199 485
16200 486
16201 486
16202 486
16203 486
16204 486
16205 486
16206 486
16207 486
16208 486
16209 486
16210 486
16211 486
16212 486
16213 486
16214 486
16215 486
16216 486
16217 486
16218 486
16219 486
16220 486
16221 486
16222 486
16223 486
16224 486
16225 486
16226 486
16227 486
16228 486
16229 486
16230 486
16231 486
16232 486
16233 486
16234 487
16235 487
16236 487
16237 487
16238 487
16239 487
16240 487
16241 487
16242 487
16243 487
16244 487
16245 487
16246 487
16247 487
16248 487
16249 487
16250 487
16251 487
16252 487
16253 487
16254 487
16255 487
16256 487
16257 487
16258 487
16259 487
16260 487
16261 487
16262 487
16263 487
16264 487
16265 487
16266 487
16267 488
16268 488
16269 488
16270 488
16271 488
16272 488
16273 488
16274 488
16275 488
16276 488
16277 488
16278 488
16279 488
16280 488
16281 488
16282 488
16283 488
16284 488
16285 488
16286 488
16287 488
16288 488
16289 488
16290 488
16291 488
16292 488
16293 488
16294 488
16295 488
16296 488
16297 488
16298 488
16299 488
16300 489
16301 489
16302 489
16303 489
16304 489
16305 489
16306 489
16307 489
16308 489
16309 489
16310 489
16311 489
16312 489
16313 489
16314 489
16315 489
16316 489
16317 489
16318 489
16319 489
16320 489
16321 489
16322 489
16323 489
16324 489
16325 489
16326 489
16327 489
16328 489
16329 489
16330 489
16331 489
16332 489
16333 489
16334 490
16335 490
16336 490
16337 490
16338 490
16339 490
16340 490
16341 490
16342 490
16343 490
16344 490
16345 490
16346 490
16347 490
16348 490
16349 490
16350 490
16351 490
16352 490
16353 490
16354 490
16355 490
16356 490
16357 490
16358 490
16359 490
16360 490
16361 490
16362 490
16363 490
16364 490
16365 490
16366 490
16367 491
16368 491
16369 491
16370 491
16371 491
16372 491
16373 491
16374 491
16375 491
16376 491
16377 491
16378 491
16379 491
16380 491
16381 491
16382 491
16383 491
16384 491
16385 491
16386 491
16387 491
16388 491
16389 491
16390 491
16391 491
16392 491
16393 491
16394 491
16395 491
16396 491
16397 491
16398 491
16399 491
16400 492
16401 492
16402 492
16403 492
16404 492
16405 492
16406 492
16407 492
16408 492
16409 492
16410 492
16411 492
16412 492
16413 492
16414 492
16415 492
16416 492
16417 492
16418 492
16419 492
16420 492
16421 492
16422 492
16423 492
16424 492
16425 492
16426 492
16427 492
16428 492
16429 492
16430 492
16431 492
16432 492
16433 492
16434 493
16435 493
16436 493
16437 493
16438 493
16439 493
16440 493
16441 493
16442 493
16443 493
16444 493
16445 493
16446 493
16447 493
16448 493
16449 493
16450 493
16451 493
16452 493
16453 493
16454 493
16455 493
16456 493
16457 493
16458 493
16459 493
16460 493
16461 493
16462 493
16463 493
16464 493
16465 493
16466 493
16467 494
16468 494
16469 494
16470 494
16471 494
16472 494
16473 494
16474 494
16475 494
16476 494
16477 494
16478 494
16479 494
16480 494
16481 494
16482 494
16483 494
16484 494
16485 494
16486 494
16487 494
16488 494
16489 494
16490 494
16491 494
16492 494
16493 494
16494 494
16495 494
16496 494
16497 494
16498 494
16499 494
16500 495
16501 495
16502 495
16503 495
16504 495
16505 495
16506 495
16507 495
16508 495
16509 495
16510 495
16511 495
16512 495
16513 495
16514 495
16515 495
16516 495
16517 495
16518 495
16519 495
16520 495
16521 495
16522 495
16523 495
16524 495
16525 495
16526 495
16527 495
16528 495
16529 495
16530 495
16531 495
16532 495
16533 495
16534 496
16535 496
16536 496
16537 496
16538 496
16539 496
16540 496
16541 496
16542 496
16543 496
16544 496
16545 496
16546 496
16547 496
16548 496
16549 496
16550 496
16551 496
16552 496
16553 496
16554 496
16555 496
16556 496
16557 496
16558 496
16559 496
16560 496
16561 496
16562 496
16563 496
16564 496
16565 496
16566 496
16567 497
16568 497
16569 497
16570 497
16571 497
16572 497
16573 497
16574 497
16575 497
16576 497
16577 497
16578 497
16579 497
16580 497
16581 497
16582 497
16583 497
16584 497
16585 497
16586 497
16587 497
16588 497
16589 497
16590 497
16591 497
16592 497
16593 497
16594 497
16595 497
16596 497
16597 497
16598 497
16599 497
16600 498
16601 498
16602 498
16603 498
16604 498
16605 498
16606 498
16607 498
16608 498
16609 498
16610 498
16611 498
16612 498
16613 498
16614 498
16615 498
16616 498
16617 498
16618 498
16619 498
16620 498
16621 498
16622 498
16623 498
16624 498
16625 498
16626 498
16627 498
16628 498
16629 498
16630 498
16631 498
16632 498
16633 498
16634 499
16635 499
16636 499
16637 499
16638 499
16639 499
16640 499
16641 499
16642 499
16643 499
16644 499
16645 499
16646 499
16647 499
16648 499
16649 499
16650 499
16651 499
16652 499
16653 499
16654 499
16655 499
16656 499
16657 499
16658 499
16659 499
16660 499
16661 499
16662 499
16663 499
16664 499
16665 499
16666 499
16667 500
16668 500
16669 500
16670 500
16671 500
16672 500
16673 500
16674 500
16675 500
16676 500
16677 500
16678 500
16679 500
16680 500
16681 500
16682 500
16683 500
16684 500
16685 500
16686 500
16687 500
16688 500
16689 500
16690 500
16691 500
16692 500
16693 500
16694 500
16695 500
16696 500
16697 500
16698 500
16699 500
16700 501
16701 501
16702 501
16703 501
16704 501
16705 501
16706 501
16707 501
16708 501
16709 501
16710 501
16711 501
16712 501
16713 501
16714 501
16715 501
16716 501
16717 501
16718 501
16719 501
16720 501
16721 501
16722 501
16723 501
16724 501
16725 501
16726 501
16727 501
16728 501
16729 501
16730 501
16731 501
16732 501
16733 501
16734 502
16735 502
16736 502
16737 502
16738 502
16739 502
16740 502
16741 502
16742 502
16743 502
16744 502
16745 502
16746 502
16747 502
16748 502
16749 502
16750 502
16751 502
16752 502
16753 502
16754 502
16755 502
16756 502
16757 502
16758 502
16759 502
16760 502
16761 502
16762 502
16763 502
16764 502
16765 502
16766 502
16767 503
16768 503
16769 503
16770 503
16771 503
16772 503
16773 503
16774 503
16775 503
16776 503
16777 503
16778 503
16779 503
16780 503
16781 503
16782 503
16783 503
16784 503
16785 503
16786 503
16787 503
16788 503
16789 503
16790 503
16791 503
16792 503
16793 503
16794 503
16795 503
16796 503
16797 503
16798 503
16799 503
16800 504
16801 504
16802 504
16803 504
16804 504
16805 504
16806 504
16807 504
16808 504
16809 504
16810 504
16811 504
16812 504
16813 504
16814 504
16815 504
16816 504
16817 504
16818 504
16819 504
16820 504
16821 504
16822 504
16823 504
16824 504
16825 504
16826 504
16827 504
16828 504
16829 504
16830 504
16831 504
16832 504
16833 504
16834 505
16835 505
16836 505
16837 505
16838 505
16839 505
16840 505
16841 505
16842 505
16843 505
16844 505
16845 505
16846 505
16847 505
16848 505
16849 505
16850 505
16851 505
16852 505
16853 505
16854 505
16855 505
16856 505
16857 505
16858 505
16859 505
16860 505
16861 505
16862 505
16863 505
16864 505
16865 505
16866 505
16867 506
16868 506
16869 506
16870 506
16871 506
16872 506
16873 506
16874 506
16875 506
16876 506
16877 506
16878 506
16879 506
16880 506
16881 506
16882 506
16883 506
16884 506
16885 506
16886 506
16887 506
16888 506
16889 506
16890 506
16891 506
16892 506
16893 506
16894 506
16895 506
16896 506
16897 506
16898 506
16899 506
16900 507
16901 507
16902 507
16903 507
16904 507
16905 507
16906 507
16907 507
16908 507
16909 507
16910 507
16911 507
16912 507
16913 507
16914 507
16915 507
16916 507
16917 507
16918 507
16919 507
16920 507
16921 507
16922 507
16923 507
16924 507
16925 507
16926 507
16927 507
16928 507
16929 507
16930 507
16931 507
16932 507
16933 507
16934 508
16935 508
16936 508
16937 508
16938 508
16939 508
16940 508
16941 508
16942 508
16943 508
16944 508
16945 508
16946 508
16947 508
16948 508
16949 508
16950 508
16951 508
16952 508
16953 508
16954 508
16955 508
16956 508
16957 508
16958 508
16959 508
16960 508
16961 508
16962 508
16963 508
16964 508
16965 508
16966 508
16967 509
16968 509
16969 509
16970 509
16971 509
16972 509
16973 509
16974 509
16975 509
16976 509
16977 509
16978 509
16979 509
16980 509
16981 509
16982 509
16983 509
16984 509
16985 509
16986 509
16987 509
16988 509
16989 509
16990 509
16991 509
16992 509
16993 509
16994 509
16995 509
16996 509
16997 509
16998 509
16999 509
17000 510
17001 510
17002 510
17003 510
17004 510
17005 510
17006 510
17007 510
17008 510
17009 510
17010 510
17011 510
17012 510
17013 510
17014 510
17015 510
17016 510
17017 510
17018 510
17019 510
17020 510
17021 510
17022 510
17023 510
17024 510
17025 510
17026 510
17027 510
17028 510
17029 510
17030 510
17031 510
17032 510
17033 510
17034 511
17035 511
17036 511
17037 511
17038 511
17039 511
17040 511
17041 511
17042 511
17043 511
17044 511
17045 511
17046 511
17047 511
17048 511
17049 511
17050 511
17051 511
17052 511
17053 511
17054 511
17055 511
17056 511
17057 511
17058 511
17059 511
17060 511
17061 511
17062 511
17063 511
17064 511
17065 511
17066 511
17067 512
17068 512
17069 512
17070 512
17071 512
17072 512
17073 512
17074 512
17075 512
17076 512
17077 512
17078 512
17079 512
17080 512
17081 512
17082 512
17083 512
17084 512
17085 512
17086 512
17087 512
17088 512
17089 512
17090 512
17091 512
17092 512
17093 512
17094 512
17095 512
17096 512
17097 512
17098 512
17099 512
17100 513
17101 513
17102 513
17103 513
17104 513
17105 513
17106 513
17107 513
17108 513
17109 513
17110 513
17111 513
17112 513
17113 513
17114 513
17115 513
17116 513
17117 513
17118 513
17119 513
17120 513
17121 513
17122 513
17123 513
17124 513
17125 513
17126 513
17127 513
17128 513
17129 513
17130 513
17131 513
17132 513
17133 513
17134 514
17135 514
17136 514
17137 514
17138 514
17139 514
17140 514
17141 514
17142 514
17143 514
17144 514
17145 514
17146 514
17147 514
17148 514
17149 514
17150 514
17151 514
17152 514
17153 514
17154 514
17155 514
17156 514
17157 514
17158 514
17159 514
17160 514
17161 514
17162 514
17163 514
17164 514
17165 514
17166 514
17167 515
17168 515
17169 515
17170 515
17171 515
17172 515
17173 515
17174 515
17175 515
17176 515
17177 515
17178 515
17179 515
17180 515
17181 515
17182 515
17183 515
17184 515
17185 515
17186 515
17187 515
17188 515
17189 515
17190 515
17191 515
17192 515
17193 515
17194 515
17195 515
17196 515
17197 515
17198 515
17199 515
17200 516
17201 516
17202 516
17203 516
17204 516
17205 516
17206 516
17207 516
17208 516
17209 516
17210 516
17211 516
17212 516
17213 516
17214 516
17215 516
17216 516
17217 516
17218 516
17219 516
17220 516
17221 516
17222 516
17223 516
17224 516
17225 516
17226 516
17227 516
17228 516
17229 516
17230 516
17231 516
17232 516
17233 516
17234 517
17235 517
17236 517
17237 517
17238 517
17239 517
17240 517
17241 517
17242 517
17243 517
17244 517
17245 517
17246 517
17247 517
17248 517
17249 517
17250 517
17251 517
17252 517
17253 517
17254 517
17255 517
17256 517
17257 517
17258 517
17259 517
17260 517
17261 517
17262 517
17263 517
17264 517
17265 517
17266 517
17267 518
17268 518
17269 518
17270 518
17271 518
17272 518
17273 518
17274 518
17275 518
17276 518
17277 518
17278 518
17279 518
17280 518
17281 518
17282 518
17283 518
17284 518
17285 518
17286 518
17287 518
17288 518
17289 518
17290 518
17291 518
17292 518
17293 518
17294 518
17295 518
17296 518
17297 518
17298 518
17299 518
17300 519
17301 519
17302 519
17303 519
17304 519
17305 519
17306 519
17307 519
17308 519
17309 519
17310 519
17311 519
17312 519
17313 519
17314 519
17315 519
17316 519
17317 519
17318 519
17319 519
17320 519
17321 519
17322 519
17323 519
17324 519
17325 519
17326 519
17327 519
17328 519
17329 519
17330 519
17331 519
17332 519
17333 519
17334 520
17335 520
17336 520
17337 520
17338 520
17339 520
17340 520
17341 520
17342 520
17343 520
17344 520
17345 520
17346 520
17347 520
17348 520
17349 520
17350 520
17351 520
17352 520
17353 520
17354 520
17355 520
17356 520
17357 520
17358 520
17359 520
17360 520
17361 520
17362 520
17363 520
17364 520
17365 520
17366 520
17367 521
17368 521
17369 521
17370 521
17371 521
17372 521
17373 521
17374 521
17375 521
17376 521
17377 521
17378 521
17379 521
17380 521
17381 521
17382 521
17383 521
17384 521
17385 521
17386 521
17387 521
17388 521
17389 521
17390 521
17391 521
17392 521
17393 521
17394 521
17395 521
17396 521
17397 521
17398 521
17399 521
17400 522
17401 522
17402 522
17403 522
17404 522
17405 522
17406 522
17407 522
17408 522
17409 522
17410 522
17411 522
17412 522
17413 522
17414 522
17415 522
17416 522
17417 522
17418 522
17419 522
17420 522
17421 522
17422 522
17423 522
17424 522
17425 522
17426 522
17427 522
17428 522
17429 522
17430 522
17431 522
17432 522
17433 522
17434 523
17435 523
17436 523
17437 523
17438 523
17439 523
17440 523
17441 523
17442 523
17443 523
17444 523
17445 523
17446 523
17447 523
17448 523
17449 523
17450 523
17451 523
17452 523
17453 523
17454 523
17455 523
17456 523
17457 523
17458 523
17459 523
17460 523
17461 523
17462 523
17463 523
17464 523
17465 523
17466 523
17467 524
17468 524
17469 524
17470 524
17471 524
17472 524
17473 524
17474 524
17475 524
17476 524
17477 524
17478 524
17479 524
17480 524
17481 524
17482 524
17483 524
17484 524
17485 524
17486 524
17487 524
17488 524
17489 524
17490 524
17491 524
17492 524
17493 524
17494 524
17495 524
17496 524
17497 524
17498 524
17499 524
17500 525
17501 525
17502 525
17503 525
17504 525
17505 525
17506 525
17507 525
17508 525
17509 525
17510 525
17511 525
17512 525
17513 525
17514 525
17515 525
17516 525
17517 525
17518 525
17519 525
17520 525
17521 525
17522 525
17523 525
17524 525
17525 525
17526 525
17527 525
17528 525
17529 525
17530 525
17531 525
17532 525
17533 525
17534 526
17535 526
17536 526
17537 526
17538 526
17539 526
17540 526
17541 526
17542 526
17543 526
17544 526
17545 526
17546 526
17547 526
17548 526
17549 526
17550 526
17551 526
17552 526
17553 526
17554 526
17555 526
17556 526
17557 526
17558 526
17559 526
17560 526
17561 526
17562 526
17563 526
17564 526
17565 526
17566 526
17567 527
17568 527
17569 527
17570 527
17571 527
17572 527
17573 527
17574 527
17575 527
17576 527
17577 527
17578 527
17579 527
17580 527
17581 527
17582 527
17583 527
17584 527
17585 527
17586 527
17587 527
17588 527
17589 527
17590 527
17591 527
17592 527
17593 527
17594 527
17595 527
17596 527
17597 527
17598 527
17599 527
17600 528
17601 528
17602 528
17603 528
17604 528
17605 528
17606 528
17607 528
17608 528
17609 528
17610 528
17611 528
17612 528
17613 528
17614 528
17615 528
17616 528
17617 528
17618 528
17619 528
17620 528
17621 528
17622 528
17623 528
17624 528
17625 528
17626 528
17627 528
17628 528
17629 528
17630 528
17631 528
17632 528
17633 528
17634 529
17635 529
17636 529
17637 529
17638 529
17639 529
17640 529
17641 529
17642 529
17643 529
17644 529
17645 529
17646 529
17647 529
17648 529
17649 529
17650 529
17651 529
17652 529
17653 529
17654 529
17655 529
17656 529
17657 529
17658 529
17659 529
17660 529
17661 529
17662 529
17663 529
17664 529
17665 529
17666 529
17667 530
17668 530
17669 530
17670 530
17671 530
17672 530
17673 530
17674 530
17675 530
17676 530
17677 530
17678 530
17679 530
17680 530
17681 530
17682 530
17683 530
17684 530
17685 530
17686 530
17687 530
17688 530
17689 530
17690 530
17691 530
17692 530
17693 530
17694 530
17695 530
17696 530
17697 530
17698 530
17699 530
17700 531
17701 531
17702 531
17703 531
17704 531
17705 531
17706 531
17707 531
17708 531
17709 531
17710 531
17711 531
17712 531
17713 531
17714 531
17715 531
17716 531
17717 531
17718 531
17719 531
17720 531
17721 531
17722 531
17723 531
17724 531
17725 531
17726 531
17727 531
17728 531
17729 531
17730 531
17731 531
17732 531
17733 531
17734 532
17735 532
17736 532
17737 532
17738 532
17739 532
17740 532
17741 532
17742 532
17743 532
17744 532
17745 532
17746 532
17747 532
17748 532
17749 532
17750 532
17751 532
17752 532
17753 532
17754 532
17755 532
17756 532
17757 532
17758 532
17759 532
17760 532
17761 532
17762 532
17763 532
17764 532
17765 532
17766 532
17767 533
17768 533
17769 533
17770 533
17771 533
17772 533
17773 533
17774 533
17775 533
17776 533
17777 533
17778 533
17779 533
17780 533
17781 533
17782 533
17783 533
17784 533
17785 533
17786 533
17787 533
17788 533
17789 533
17790 533
17791 533
17792 533
17793 533
17794 533
17795 533
17796 533
17797 533
17798 533
17799 533
17800 534
17801 534
17802 534
17803 534
17804 534
17805 534
17806 534
17807 534
17808 534
17809 534
17810 534
17811 534
17812 534
17813 534
17814 534
17815 534
17816 534
17817 534
17818 534
17819 534
17820 534
17821 534
17822 534
17823 534
17824 534
17825 534
17826 534
17827 534
17828 534
17829 534
17830 534
17831 534
17832 534
17833 534
17834 535
17835 535
17836 535
17837 535
17838 535
17839 535
17840 535
17841 535
17842 535
17843 535
17844 535
17845 535
17846 535
17847 535
17848 535
17849 535
17850 535
17851 535
17852 535
17853 535
17854 535
17855 535
17856 535
17857 535
17858 535
17859 535
17860 535
17861 535
17862 535
17863 535
17864 535
17865 535
17866 535
17867 536
17868 536
17869 536
17870 536
17871 536
17872 536
17873 536
17874 536
17875 536
17876 536
17877 536
17878 536
17879 536
17880 536
17881 536
17882 536
17883 536
17884 536
17885 536
17886 536
17887 536
17888 536
17889 536
17890 536
17891 536
17892 536
17893 536
17894 536
17895 536
17896 536
17897 536
17898 536
17899 536
17900 537
17901 537
17902 537
17903 537
17904 537
17905 537
17906 537
17907 537
17908 537
17909 537
17910 537
17911 537
17912 537
17913 537
17914 537
17915 537
17916 537
17917 537
17918 537
17919 537
17920 537
17921 537
17922 537
17923 537
17924 537
17925 537
17926 537
17927 537
17928 537
17929 537
17930 537
17931 537
17932 537
17933 537
17934 538
17935 538
17936 538
17937 538
17938 538
17939 538
17940 538
17941 538
17942 538
17943 538
17944 538
17945 538
17946 538
17947 538
17948 538
17949 538
17950 538
17951 538
17952 538
17953 538
17954 538
17955 538
17956 538
17957 538
17958 538
17959 538
17960 538
17961 538
17962 538
17963 538
17964 538
17965 538
17966 538
17967 539
17968 539
17969 539
17970 539
17971 539
17972 539
17973 539
17974 539
17975 539
17976 539
17977 539
17978 539
17979 539
17980 539
17981 539
17982 539
17983 539
17984 539
17985 539
17986 539
17987 539
17988 539
17989 539
17990 539
17991 539
17992 539
17993 539
17994 539
17995 539
17996 539
17997 539
17998 539
17999 539
18000 540
18001 540
18002 540
18003 540
18004 540
18005 540
18006 540
18007 540
18008 540
18009 540
18010 540
18011 540
18012 540
18013 540
18014 540
18015 540
18016 540
18017 540
18018 540
18019 540
18020 540
18021 540
18022 540
18023 540
18024 540
18025 540
18026 540
18027 540
18028 540
18029 540
18030 540
18031 540
18032 540
18033 540
18034 541
18035 541
18036 541
18037 541
18038 541
18039 541
18040 541
18041 541
18042 541
18043 541
18044 541
18045 541
18046 541
18047 541
18048 541
18049 541
18050 541
18051 541
18052 541
18053 541
18054 541
18055 541
18056 541
18057 541
18058 541
18059 541
18060 541
18061 541
18062 541
18063 541
18064 541
18065 541
18066 541
18067 542
18068 542
18069 542
18070 542
18071 542
18072 542
18073 542
18074 542
18075 542
18076 542
18077 542
18078 542
18079 542
18080 542
18081 542
18082 542
18083 542
18084 542
18085 542
18086 542
18087 542
18088 542
18089 542
18090 542
18091 542
18092 542
18093 542
18094 542
18095 542
18096 542
18097 542
18098 542
18099 542
18100 543
18101 543
18102 543
18103 543
18104 543
18105 543
18106 543
18107 543
18108 543
18109 543
18110 543
18111 543
18112 543
18113 543
18114 543
18115 543
18116 543
18117 543
18118 543
18119 543
18120 543
18121 543
18122 543
18123 543
18124 543
18125 543
18126 543
18127 543
18128 543
18129 543
18130 543
18131 543
18132 543
18133 543
18134 544
18135 544
18136 544
18137 544
18138 544
18139 544
18140 544
18141 544
18142 544
18143 544
18144 544
18145 544
18146 544
18147 544
18148 544
18149 544
18150 544
18151 544
18152 544
18153 544
18154 544
18155 544
18156 544
18157 544
18158 544
18159 544
18160 544
18161 544
18162 544
18163 544
18164 544
18165 544
18166 544
18167 545
18168 545
18169 545
18170 545
18171 545
18172 545
18173 545
18174 545
18175 545
18176 545
18177 545
18178 545
18179 545
18180 545
18181 545
18182 545
18183 545
18184 545
18185 545
18186 545
18187 545
18188 545
18189 545
18190 545
18191 545
18192 545
18193 545
18194 545
18195 545
18196 545
18197 545
18198 545
18199 545
18200 546
18201 546
18202 546
18203 546
18204 546
18205 546
18206 546
18207 546
18208 546
18209 546
18210 546
18211 546
18212 546
18213 546
18214 546
18215 546
18216 546
18217 546
18218 546
18219 546
18220 546
18221 546
18222 546
18223 546
18224 546
18225 546
18226 546
18227 546
18228 546
18229 546
18230 546
18231 546
18232 546
18233 546
18234 547
18235 547
18236 547
18237 547
18238 547
18239 547
18240 547
18241 547
18242 547
18243 547
18244 547
18245 547
18246 547
18247 547
18248 547
18249 547
18250 547
18251 547
18252 547
18253 547
18254 547
18255 547
18256 547
18257 547
18258 547
18259 547
18260 547
18261 547
18262 547
18263 547
18264 547
18265 547
18266 547
18267 548
18268 548
18269 548
18270 548
18271 548
18272 548
18273 548
18274 548
18275 548
18276 548
18277 548
18278 548
18279 548
18280 548
18281 548
18282 548
18283 548
18284 548
18285 548
18286 548
18287 548
18288 548
18289 548
18290 548
18291 548
18292 548
18293 548
18294 548
18295 548
18296 548
18297 548
18298 548
18299 548
18300 549
18301 549
18302 549
18303 549
18304 549
18305 549
18306 549
18307 549
18308 549
18309 549
18310 549
18311 549
18312 549
18313 549
18314 549
18315 549
18316 549
18317 549
18318 549
18319 549
18320 549
18321 549
18322 549
18323 549
18324 549
18325 549
18326 549
18327 549
18328 549
18329 549
18330 549
18331 549
18332 549
18333 549
18334 550
18335 550
18336 550
18337 550
18338 550
18339 550
18340 550
18341 550
18342 550
18343 550
18344 550
18345 550
18346 550
18347 550
18348 550
18349 550
18350 550
18351 550
18352 550
18353 550
18354 550
18355 550
18356 550
18357 550
18358 550
18359 550
18360 550
18361 550
18362 550
18363 550
18364 550
18365 550
18366 550
18367 551
18368 551
18369 551
18370 551
18371 551
18372 551
18373 551
18374 551
18375 551
18376 551
18377 551
18378 551
18379 551
18380 551
18381 551
18382 551
18383 551
18384 551
18385 551
18386 551
18387 551
18388 551
18389 551
18390 551
18391 551
18392 551
18393 551
18394 551
18395 551
18396 551
18397 551
18398 551
18399 551
18400 552
18401 552
18402 552
18403 552
18404 552
18405 552
18406 552
18407 552
18408 552
18409 552
18410 552
18411 552
18412 552
18413 552
18414 552
18415 552
18416 552
18417 552
18418 552
18419 552
18420 552
18421 552
18422 552
18423 552
18424 552
18425 552
18426 552
18427 552
18428 552
18429 552
18430 552
18431 552
18432 552
18433 552
18434 553
18435 553
18436 553
18437 553
18438 553
18439 553
18440 553
18441 553
18442 553
18443 553
18444 553
18445 553
18446 553
18447 553
18448 553
18449 553
18450 553
18451 553
18452 553
18453 553
18454 553
18455 553
18456 553
18457 553
18458 553
18459 553
18460 553
18461 553
18462 553
18463 553
18464 553
18465 553
18466 553
18467 554
18468 554
18469 554
18470 554
18471 554
18472 554
18473 554
18474 554
18475 554
18476 554
18477 554
18478 554
18479 554
18480 554
18481 554
18482 554
18483 554
18484 554
18485 554
18486 554
18487 554
18488 554
18489 554
18490 554
18491 554
18492 554
18493 554
18494 554
18495 554
18496 554
18497 554
18498 554
18499 554
18500 555
18501 555
18502 555
18503 555
18504 555
18505 555
18506 555
18507 555
18508 555
18509 555
18510 555
18511 555
18512 555
18513 555
18514 555
18515 555
18516 555
18517 555
18518 555
18519 555
18520 555
18521 555
18522 555
18523 555
18524 555
18525 555
18526 555
18527 555
18528 555
18529 555
18530 555
18531 555
18532 555
18533 555
18534 556
18535 556
18536 556
18537 556
18538 556
18539 556
18540 556
18541 556
18542 556
18543 556
18544 556
18545 556
18546 556
18547 556
18548 556
18549 556
18550 556
18551 556
18552 556
18553 556
18554 556
18555 556
18556 556
18557 556
18558 556
18559 556
18560 556
18561 556
18562 556
18563 556
18564 556
18565 556
18566 556
18567 557
18568 557
18569 557
18570 557
18571 557
18572 557
18573 557
18574 557
18575 557
18576 557
18577 557
18578 557
18579 557
18580 557
18581 557
18582 557
18583 557
18584 557
18585 557
18586 557
18587 557
18588 557
18589 557
18590 557
18591 557
18592 557
18593 557
18594 557
18595 557
18596 557
18597 557
18598 557
18599 557
18600 558
18601 558
18602 558
18603 558
18604 558
18605 558
18606 558
18607 558
18608 558
18609 558
18610 558
18611 558
18612 558
18613 558
18614 558
18615 558
18616 558
18617 558
18618 558
18619 558
18620 558
18621 558
18622 558
18623 558
18624 558
18625 558
18626 558
18627 558
18628 558
18629 558
18630 558
18631 558
18632 558
18633 558
18634 559
18635 559
18636 559
18637 559
18638 559
18639 559
18640 559
18641 559
18642 559
18643 559
18644 559
18645 559
18646 559
18647 559
18648 559
18649 559
18650 559
18651 559
18652 559
18653 559
18654 559
18655 559
18656 559
18657 559
18658 559
18659 559
18660 559
18661 559
18662 559
18663 559
18664 559
18665 559
18666 559
18667 560
18668 560
18669 560
18670 560
18671 560
18672 560
18673 560
18674 560
18675 560
18676 560
18677 560
18678 560
18679 560
18680 560
18681 560
18682 560
18683 560
18684 560
18685 560
18686 560
18687 560
18688 560
18689 560
18690 560
18691 560
18692 560
18693 560
18694 560
18695 560
18696 560
18697 560
18698 560
18699 560
18700 561
18701 561
18702 561
18703 561
18704 561
18705 561
18706 561
18707 561
18708 561
18709 561
18710 561
18711 561
18712 561
18713 561
18714 561
18715 561
18716 561
18717 561
18718 561
18719 561
18720 561
18721 561
18722 561
18723 561
18724 561
18725 561
18726 561
18727 561
18728 561
18729 561
18730 561
18731 561
18732 561
18733 561
18734 562
18735 562
18736 562
18737 562
18738 562
18739 562
18740 562
18741 562
18742 562
18743 562
18744 562
18745 562
18746 562
18747 562
18748 562
18749 562
18750 562
18751 562
18752 562
18753 562
18754 562
18755 562
18756 562
18757 562
18758 562
18759 562
18760 562
18761 562
18762 562
18763 562
18764 562
18765 562
18766 562
18767 563
18768 563
18769 563
18770 563
18771 563
18772 563
18773 563
18774 563
18775 563
18776 563
18777 563
18778 563
18779 563
18780 563
18781 563
18782 563
18783 563
18784 563
18785 563
18786 563
18787 563
18788 563
18789 563
18790 563
18791 563
18792 563
18793 563
18794 563
18795 563
18796 563
18797 563
18798 563
18799 563
18800 564
18801 564
18802 564
18803 564
18804 564
18805 564
18806 564
18807 564
18808 564
18809 564
18810 564
18811 564
18812 564
18813 564
18814 564
18815 564
18816 564
18817 564
18818 564
18819 564
18820 564
18821 564
18822 564
18823 564
18824 564
18825 564
18826 564
18827 564
18828 564
18829 564
18830 564
18831 564
18832 564
18833 564
18834 565
18835 565
18836 565
18837 565
18838 565
18839 565
18840 565
18841 565
18842 565
18843 565
18844 565
18845 565
18846 565
18847 565
18848 565
18849 565
18850 565
18851 565
18852 565
18853 565
18854 565
18855 565
18856 565
18857 565
18858 565
18859 565
18860 565
18861 565
18862 565
18863 565
18864 565
18865 565
18866 565
18867 566
18868 566
18869 566
18870 566
18871 566
18872 566
18873 566
18874 566
18875 566
18876 566
18877 566
18878 566
18879 566
18880 566
18881 566
18882 566
18883 566
18884 566
18885 566
18886 566
18887 566
18888 566
18889 566
18890 566
18891 566
18892 566
18893 566
18894 566
18895 566
18896 566
18897 566
18898 566
18899 566
18900 567
18901 567
18902 567
18903 567
18904 567
18905 567
18906 567
18907 567
18908 567
18909 567
18910 567
18911 567
18912 567
18913 567
18914 567
18915 567
18916 567
18917 567
18918 567
18919 567
18920 567
18921 567
18922 567
18923 567
18924 567
18925 567
18926 567
18927 567
18928 567
18929 567
18930 567
18931 567
18932 567
18933 567
18934 568
18935 568
18936 568
18937 568
18938 568
18939 568
18940 568
18941 568
18942 568
18943 568
18944 568
18945 568
18946 568
18947 568
18948 568
18949 568
18950 568
18951 568
18952 568
18953 568
18954 568
18955 568
18956 568
18957 568
18958 568
18959 568
18960 568
18961 568
18962 568
18963 568
18964 568
18965 568
18966 568
18967 569
18968 569
18969 569
18970 569
18971 569
18972 569
18973 569
18974 569
18975 569
18976 569
18977 569
18978 569
18979 569
18980 569
18981 569
18982 569
18983 569
18984 569
18985 569
18986 569
18987 569
18988 569
18989 569
18990 569
18991 569
18992 569
18993 569
18994 569
18995 569
18996 569
18997 569
18998 569
18999 569
19000 570
19001 570
19002 570
19003 570
19004 570
19005 570
19006 570
19007 570
19008 570
19009 570
19010 570
19011 570
19012 570
19013 570
19014 570
19015 570
19016 570
19017 570
19018 570
19019 570
19020 570
19021 570
19022 570
19023 570
19024 570
19025 570
19026 570
19027 570
19028 570
19029 570
19030 570
19031 570
19032 570
19033 570
19034 571
19035 571
19036 571
19037 571
19038 571
19039 571
19040 571
19041 571
19042 571
19043 571
19044 571
19045 571
19046 571
19047 571
19048 571
19049 571
19050 571
19051 571
19052 571
19053 571
19054 571
19055 571
19056 571
19057 571
19058 571
19059 571
19060 571
19061 571
19062 571
19063 571
19064 571
19065 571
19066 571
19067 572
19068 572
19069 572
19070 572
19071 572
19072 572
19073 572
19074 572
19075 572
19076 572
19077 572
19078 572
19079 572
19080 572
19081 572
19082 572
19083 572
19084 572
19085 572
19086 572
19087 572
19088 572
19089 572
19090 572
19091 572
19092 572
19093 572
19094 572
19095 572
19096 572
19097 572
19098 572
19099 572
19100 573
19101 573
19102 573
19103 573
19104 573
19105 573
19106 573
19107 573
19108 573
19109 573
19110 573
19111 573
19112 573
19113 573
19114 573
19115 573
19116 573
19117 573
19118 573
19119 573
19120 573
19121 573
19122 573
19123 573
19124 573
19125 573
19126 573
19127 573
19128 573
19129 573
19130 573
19131 573
19132 573
19133 573
19134 574
19135 574
19136 574
19137 574
19138 574
19139 574
19140 574
19141 574
19142 574
19143 574
19144 574
19145 574
19146 574
19147 574
19148 574
19149 574
19150 574
19151 574
19152 574
19153 574
19154 574
19155 574
19156 574
19157 574
19158 574
19159 574
19160 574
19161 574
19162 574
19163 574
19164 574
19165 574
19166 574
19167 575
19168 575
19169 575
19170 575
19171 575
19172 575
19173 575
19174 575
19175 575
19176 575
19177 575
19178 575
19179 575
19180 575
19181 575
19182 575
19183 575
19184 575
19185 575
19186 575
19187 575
19188 575
19189 575
19190 575
19191 575
19192 575
19193 575
19194 575
19195 575
19196 575
19197 575
19198 575
19199 575
19200 576
19201 576
19202 576
19203 576
19204 576
19205 576
19206 576
19207 576
19208 576
19209 576
19210 576
19211 576
19212 576
19213 576
19214 576
19215 576
19216 576
19217 576
19218 576
19219 576
19220 576
19221 576
19222 576
19223 576
19224 576
19225 576
19226 576
19227 576
19228 576
19229 576
19230 576
19231 576
19232 576
19233 576
19234 577
19235 577
19236 577
19237 577
19238 577
19239 577
19240 577
19241 577
19242 577
19243 577
19244 577
19245 577
19246 577
19247 577
19248 577
19249 577
19250 577
19251 577
19252 577
19253 577
19254 577
19255 577
19256 577
19257 577
19258 577
19259 577
19260 577
19261 577
19262 577
19263 577
19264 577
19265 577
19266 577
19267 578
19268 578
19269 578
19270 578
19271 578
19272 578
19273 578
19274 578
19275 578
19276 578
19277 578
19278 578
19279 578
19280 578
19281 578
19282 578
19283 578
19284 578
19285 578
19286 578
19287 578
19288 578
19289 578
19290 578
19291 578
19292 578
19293 578
19294 578
19295 578
19296 578
19297 578
19298 578
19299 578
19300 579
19301 579
19302 579
19303 579
19304 579
19305 579
19306 579
19307 579
19308 579
19309 579
19310 579
19311 579
19312 579
19313 579
19314 579
19315 579
19316 579
19317 579
19318 579
19319 579
19320 579
19321 579
19322 579
19323 579
19324 579
19325 579
19326 579
19327 579
19328 579
19329 579
19330 579
19331 579
19332 579
19333 579
19334 580
19335 580
19336 580
19337 580
19338 580
19339 580
19340 580
19341 580
19342 580
19343 580
19344 580
19345 580
19346 580
19347 580
19348 580
19349 580
19350 580
19351 580
19352 580
19353 580
19354 580
19355 580
19356 580
19357 580
19358 580
19359 580
19360 580
19361 580
19362 580
19363 580
19364 580
19365 580
19366 580
19367 581
19368 581
19369 581
19370 581
19371 581
19372 581
19373 581
19374 581
19375 581
19376 581
19377 581
19378 581
19379 581
19380 581
19381 581
19382 581
19383 581
19384 581
19385 581
19386 581
19387 581
19388 581
19389 581
19390 581
19391 581
19392 581
19393 581
19394 581
19395 581
19396 581
19397 581
19398 581
19399 581
19400 582
19401 582
19402 582
19403 582
19404 582
19405 582
19406 582
19407 582
19408 582
19409 582
19410 582
19411 582
19412 582
19413 582
19414 582
19415 582
19416 582
19417 582
19418 582
19419 582
19420 582
19421 582
19422 582
19423 582
19424 582
19425 582
19426 582
19427 582
19428 582
19429 582
19430 582
19431 582
19432 582
19433 582
19434 583
19435 583
19436 583
19437 583
19438 583
19439 583
19440 583
19441 583
19442 583
19443 583
19444 583
19445 583
19446 583
19447 583
19448 583
19449 583
19450 583
19451 583
19452 583
19453 583
19454 583
19455 583
19456 583
19457 583
19458 583
19459 583
19460 583
19461 583
19462 583
19463 583
19464 583
19465 583
19466 583
19467 584
19468 584
19469 584
19470 584
19471 584
19472 584
19473 584
19474 584
19475 584
19476 584
19477 584
19478 584
19479 584
19480 584
19481 584
19482 584
19483 584
19484 584
19485 584
19486 584
19487 584
19488 584
19489 584
19490 584
19491 584
19492 584
19493 584
19494 584
19495 584
19496 584
19497 584
19498 584
19499 584
19500 585
19501 585
19502 585
19503 585
19504 585
19505 585
19506 585
19507 585
19508 585
19509 585
19510 585
19511 585
19512 585
19513 585
19514 585
19515 585
19516 585
19517 585
19518 585
19519 585
19520 585
19521 585
19522 585
19523 585
19524 585
19525 585
19526 585
19527 585
19528 585
19529 585
19530 585
19531 585
19532 585
19533 585
19534 586
19535 586
19536 586
19537 586
19538 586
19539 586
19540 586
19541 586
19542 586
19543 586
19544 586
19545 586
19546 586
19547 586
19548 586
19549 586
19550 586
19551 586
19552 586
19553 586
19554 586
19555 586
19556 586
19557 586
19558 586
19559 586
19560 586
19561 586
19562 586
19563 586
19564 586
19565 586
19566 586
19567 587
19568 587
19569 587
19570 587
19571 587
19572 587
19573 587
19574 587
19575 587
19576 587
19577 587
19578 587
19579 587
19580 587
19581 587
19582 587
19583 587
19584 587
19585 587
19586 587
19587 587
19588 587
19589 587
19590 587
19591 587
19592 587
19593 587
19594 587
19595 587
19596 587
19597 587
19598 587
19599 587
19600 588
19601 588
19602 588
19603 588
19604 588
19605 588
19606 588
19607 588
19608 588
19609 588
19610 588
19611 588
19612 588
19613 588
19614 588
19615 588
19616 588
19617 588
19618 588
19619 588
19620 588
19621 588
19622 588
19623 588
19624 588
19625 588
19626 588
19627 588
19628 588
19629 588
19630 588
19631 588
19632 588
19633 588
19634 589
19635 589
19636 589
19637 589
19638 589
19639 589
19640 589
19641 589
19642 589
19643 589
19644 589
19645 589
19646 589
19647 589
19648 589
19649 589
19650 589
19651 589
19652 589
19653 589
19654 589
19655 589
19656 589
19657 589
19658 589
19659 589
19660 589
19661 589
19662 589
19663 589
19664 589
19665 589
19666 589
19667 590
19668 590
19669 590
19670 590
19671 590
19672 590
19673 590
19674 590
19675 590
19676 590
19677 590
19678 590
19679 590
19680 590
19681 590
19682 590
19683 590
19684 590
19685 590
19686 590
19687 590
19688 590
19689 590
19690 590
19691 590
19692 590
19693 590
19694 590
19695 590
19696 590
19697 590
19698 590
19699 590
19700 591
19701 591
19702 591
19703 591
19704 591
19705 591
19706 591
19707 591
19708 591
19709 591
19710 591
19711 591
19712 591
19713 591
19714 591
19715 591
19716 591
19717 591
19718 591
19719 591
19720 591
19721 591
19722 591
19723 591
19724 591
19725 591
19726 591
19727 591
19728 591
19729 591
19730 591
19731 591
19732 591
19733 591
19734 592
19735 592
19736 592
19737 592
19738 592
19739 592
19740 592
19741 592
19742 592
19743 592
19744 592
19745 592
19746 592
19747 592
19748 592
19749 592
19750 592
19751 592
19752 592
19753 592
19754 592
19755 592
19756 592
19757 592
19758 592
19759 592
19760 592
19761 592
19762 592
19763 592
19764 592
19765 592
19766 592
19767 593
19768 593
19769 593
19770 593
19771 593
19772 593
19773 593
19774 593
19775 593
19776 593
19777 593
19778 593
19779 593
19780 593
19781 593
19782 593
19783 593
19784 593
19785 593
19786 593
19787 593
19788 593
19789 593
19790 593
19791 593
19792 593
19793 593
19794 593
19795 593
19796 593
19797 593
19798 593
19799 593
19800 594
19801 594
19802 594
19803 594
19804 594
19805 594
19806 594
19807 594
19808 594
19809 594
19810 594
19811 594
19812 594
19813 594
19814 594
19815 594
19816 594
19817 594
19818 594
19819 594
19820 594
19821 594
19822 594
19823 594
19824 594
19825 594
19826 594
19827 594
19828 594
19829 594
19830 594
19831 594
19832 594
19833 594
19834 595
19835 595
19836 595
19837 595
19838 595
19839 595
19840 595
19841 595
19842 595
19843 595
19844 595
19845 595
19846 595
19847 595
19848 595
19849 595
19850 595
19851 595
19852 595
19853 595
19854 595
19855 595
19856 595
19857 595
19858 595
19859 595
19860 595
19861 595
19862 595
19863 595
19864 595
19865 595
19866 595
19867 596
19868 596
19869 596
19870 596
19871 596
19872 596
19873 596
19874 596
19875 596
19876 596
19877 596
19878 596
19879 596
19880 596
19881 596
19882 596
19883 596
19884 596
19885 596
19886 596
19887 596
19888 596
19889 596
19890 596
19891 596
19892 596
19893 596
19894 596
19895 596
19896 596
19897 596
19898 596
19899 596
19900 597
19901 597
19902 597
19903 597
19904 597
19905 597
19906 597
19907 597
19908 597
19909 597
19910 597
19911 597
19912 597
19913 597
19914 597
19915 597
19916 597
19917 597
19918 597
19919 597
19920 597
19921 597
19922 597
19923 597
19924 597
19925 597
19926 597
19927 597
19928 597
19929 597
19930 597
19931 597
19932 597
19933 597
19934 598
19935 598
19936 598
19937 598
19938 598
19939 598
19940 598
19941 598
19942 598
19943 598
19944 598
19945 598
19946 598
19947 598
19948 598
19949 598
19950 598
19951 598
19952 598
19953 598
19954 598
19955 598
19956 598
19957 598
19958 598
19959 598
19960 598
19961 598
19962 598
19963 598
19964 598
19965 598
19966 598
19967 599
19968 599
19969 599
19970 599
19971 599
19972 599
19973 599
19974 599
19975 599
19976 599
19977 599
19978 599
19979 599
19980 599
19981 599
19982 599
19983 599
19984 599
19985 599
19986 599
19987 599
19988 599
19989 599
19990 599
19991 599
19992 599
19993 599
19994 599
19995 599
19996 599
19997 599
19998 599
19999 599
20000 600
20001 600
20002 600
20003 600
20004 600
20005 600
20006 600
20007 600
20008 600
20009 600
20010 600
20011 600
20012 600
20013 600
20014 600
20015 600
20016 600
20017 600
20018 600
20019 600
20020 600
20021 600
20022 600
20023 600
20024 600
20025 600
20026 600
20027 600
20028 600
20029 600
20030 600
20031 600
20032 600
20033 600
20034 601
20035 601
20036 601
20037 601
20038 601
20039 601
20040 601
20041 601
20042 601
20043 601
20044 601
20045 601
20046 601
20047 601
20048 601
20049 601
20050 601
20051 601
20052 601
20053 601
20054 601
20055 601
20056 601
20057 601
20058 601
20059 601
20060 601
20061 601
20062 601
20063 601
20064 601
20065 601
20066 601
20067 602
20068 602
20069 602
20070 602
20071 602
20072 602
20073 602
20074 602
20075 602
20076 602
20077 602
20078 602
20079 602
20080 602
20081 602
20082 602
20083 602
20084 602
20085 602
20086 602
20087 602
20088 602
20089 602
20090 602
20091 602
20092 602
20093 602
20094 602
20095 602
20096 602
20097 602
20098 602
20099 602
20100 603
20101 603
20102 603
20103 603
20104 603
20105 603
20106 603
20107 603
20108 603
20109 603
20110 603
20111 603
20112 603
20113 603
20114 603
20115 603
20116 603
20117 603
20118 603
20119 603
20120 603
20121 603
20122 603
20123 603
20124 603
20125 603
20126 603
20127 603
20128 603
20129 603
20130 603
20131 603
20132 603
20133 603
20134 604
20135 604
20136 604
20137 604
20138 604
20139 604
20140 604
20141 604
20142 604
20143 604
20144 604
20145 604
20146 604
20147 604
20148 604
20149 604
20150 604
20151 604
20152 604
20153 604
20154 604
20155 604
20156 604
20157 604
20158 604
20159 604
20160 604
20161 604
20162 604
20163 604
20164 604
20165 604
20166 604
20167 605
20168 605
20169 605
20170 605
20171 605
20172 605
20173 605
20174 605
20175 605
20176 605
20177 605
20178 605
20179 605
20180 605
20181 605
20182 605
20183 605
20184 605
20185 605
20186 605
20187 605
20188 605
20189 605
20190 605
20191 605
20192 605
20193 605
20194 605
20195 605
20196 605
20197 605
20198 605
20199 605
20200 606
20201 606
20202 606
20203 606
20204 606
20205 606
20206 606
20207 606
20208 606
20209 606
20210 606
20211 606
20212 606
20213 606
20214 606
20215 606
20216 606
20217 606
20218 606
20219 606
20220 606
20221 606
20222 606
20223 606
20224 606
20225 606
20226 606
20227 606
20228 606
20229 606
20230 606
20231 606
20232 606
20233 606
20234 607
20235 607
20236 607
20237 607
20238 607
20239 607
20240 607
20241 607
20242 607
20243 607
20244 607
20245 607
20246 607
20247 607
20248 607
20249 607
20250 607
20251 607
20252 607
20253 607
20254 607
20255 607
20256 607
20257 607
20258 607
20259 607
20260 607
20261 607
20262 607
20263 607
20264 607
20265 607
20266 607
20267 608
20268 608
20269 608
20270 608
20271 608
20272 608
20273 608
20274 608
20275 608
20276 608
20277 608
20278 608
20279 608
20280 608
20281 608
20282 608
20283 608
20284 608
20285 608
20286 608
20287 608
20288 608
20289 608
20290 608
20291 608
20292 608
20293 608
20294 608
20295 608
20296 608
20297 608
20298 608
20299 608
20300 609
20301 609
20302 609
20303 609
20304 609
20305 609
20306 609
20307 609
20308 609
20309 609
20310 609
20311 609
20312 609
20313 609
20314 609
20315 609
20316 609
20317 609
20318 609
20319 609
20320 609
20321 609
20322 609
20323 609
20324 609
20325 609
20326 609
20327 609
20328 609
20329 609
20330 609
20331 609
20332 609
20333 609
20334 610
20335 610
20336 610
20337 610
20338 610
20339 610
20340 610
20341 610
20342 610
20343 610
20344 610
20345 610
20346 610
20347 610
20348 610
20349 610
20350 610
20351 610
20352 610
20353 610
20354 610
20355 610
20356 610
20357 610
20358 610
20359 610
20360 610
20361 610
20362 610
20363 610
20364 610
20365 610
20366 610
20367 611
20368 611
20369 611
20370 611
20371 611
20372 611
20373 611
20374 611
20375 611
20376 611
20377 611
20378 611
20379 611
20380 611
20381 611
20382 611
20383 611
20384 611
20385 611
20386 611
20387 611
20388 611
20389 611
20390 611
20391 611
20392 611
20393 611
20394 611
20395 611
20396 611
20397 611
20398 611
20399 611
20400 612
20401 612
20402 612
20403 612
20404 612
20405 612
20406 612
20407 612
20408 612
20409 612
20410 612
20411 612
20412 612
20413 612
20414 612
20415 612
20416 612
20417 612
20418 612
20419 612
20420 612
20421 612
20422 612
20423 612
20424 612
20425 612
20426 612
20427 612
20428 612
20429 612
20430 612
20431 612
20432 612
20433 612
20434 613
20435 613
20436 613
20437 613
20438 613
20439 613
20440 613
20441 613
20442 613
20443 613
20444 613
20445 613
20446 613
20447 613
20448 613
20449 613
20450 613
20451 613
20452 613
20453 613
20454 613
20455 613
20456 613
20457 613
20458 613
20459 613
20460 613
20461 613
20462 613
20463 613
20464 613
20465 613
20466 613
20467 614
20468 614
20469 614
20470 614
20471 614
20472 614
20473 614
20474 614
20475 614
20476 614
20477 614
20478 614
20479 614
20480 614
20481 614
20482 614
20483 614
20484 614
20485 614
20486 614
20487 614
20488 614
20489 614
20490 614
20491 614
20492 614
20493 614
20494 614
20495 614
20496 614
20497 614
20498 614
20499 614
20500 615
20501 615
20502 615
20503 615
20504 615
20505 615
20506 615
20507 615
20508 615
20509 615
20510 615
20511 615
20512 615
20513 615
20514 615
20515 615
20516 615
20517 615
20518 615
20519 615
20520 615
20521 615
20522 615
20523 615
20524 615
20525 615
20526 615
20527 615
20528 615
20529 615
20530 615
20531 615
20532 615
20533 615
20534 616
20535 616
20536 616
20537 616
20538 616
20539 616
20540 616
20541 616
20542 616
20543 616
20544 616
20545 616
20546 616
20547 616
20548 616
20549 616
20550 616
20551 616
20552 616
20553 616
20554 616
20555 616
20556 616
20557 616
20558 616
20559 616
20560 616
20561 616
20562 616
20563 616
20564 616
20565 616
20566 616
20567 617
20568 617
20569 617
20570 617
20571 617
20572 617
20573 617
20574 617
20575 617
20576 617
20577 617
20578 617
20579 617
20580 617
20581 617
20582 617
20583 617
20584 617
20585 617
20586 617
20587 617
20588 617
20589 617
20590 617
20591 617
20592 617
20593 617
20594 617
20595 617
20596 617
20597 617
20598 617
20599 617
20600 618
20601 618
20602 618
20603 618
20604 618
20605 618
20606 618
20607 618
20608 618
20609 618
20610 618
20611 618
20612 618
20613 618
20614 618
20615 618
20616 618
20617 618
20618 618
20619 618
20620 618
20621 618
20622 618
20623 618
20624 618
20625 618
20626 618
20627 618
20628 618
20629 618
20630 618
20631 618
20632 618
20633 618
20634 619
20635 619
20636 619
20637 619
20638 619
20639 619
20640 619
20641 619
20642 619
20643 619
20644 619
20645 619
20646 619
20647 619
20648 619
20649 619
20650 619
20651 619
20652 619
20653 619
20654 619
20655 619
20656 619
20657 619
20658 619
20659 619
20660 619
20661 619
20662 619
20663 619
20664 619
20665 619
20666 619
20667 620
20668 620
20669 620
20670 620
20671 620
20672 620
20673 620
20674 620
20675 620
20676 620
20677 620
20678 620
20679 620
20680 620
20681 620
20682 620
20683 620
20684 620
20685 620
20686 620
20687 620
20688 620
20689 620
20690 620
20691 620
20692 620
20693 620
20694 620
20695 620
20696 620
20697 620
20698 620
20699 620
20700 621
20701 621
20702 621
20703 621
20704 621
20705 621
20706 621
20707 621
20708 621
20709 621
20710 621
20711 621
20712 621
20713 621
20714 621
20715 621
20716 621
20717 621
20718 621
20719 621
20720 621
20721 621
20722 621
20723 621
20724 621
20725 621
20726 621
20727 621
20728 621
20729 621
20730 621
20731 621
20732 621
20733 621
20734 622
20735 622
20736 622
20737 622
20738 622
20739 622
20740 622
20741 622
20742 622
20743 622
20744 622
20745 622
20746 622
20747 622
20748 622
20749 622
20750 622
20751 622
20752 622
20753 622
20754 622
20755 622
20756 622
20757 622
20758 622
20759 622
20760 622
20761 622
20762 622
20763 622
20764 622
20765 622
20766 622
20767 623
20768 623
20769 623
20770 623
20771 623
20772 623
20773 623
20774 623
20775 623
20776 623
20777 623
20778 623
20779 623
20780 623
20781 623
20782 623
20783 623
20784 623
20785 623
20786 623
20787 623
20788 623
20789 623
20790 623
20791 623
20792 623
20793 623
20794 623
20795 623
20796 623
20797 623
20798 623
20799 623
20800 624
20801 624
20802 624
20803 624
20804 624
20805 624
20806 624
20807 624
20808 624
20809 624
20810 624
20811 624
20812 624
20813 624
20814 624
20815 624
20816 624
20817 624
20818 624
20819 624
20820 624
20821 624
20822 624
20823 624
20824 624
20825 624
20826 624
20827 624
20828 624
20829 624
20830 624
20831 624
20832 624
20833 624
20834 625
20835 625
20836 625
20837 625
20838 625
20839 625
20840 625
20841 625
20842 625
20843 625
20844 625
20845 625
20846 625
20847 625
20848 625
20849 625
20850 625
20851 625
20852 625
20853 625
20854 625
20855 625
20856 625
20857 625
20858 625
20859 625
20860 625
20861 625
20862 625
20863 625
20864 625
20865 625
20866 625
20867 626
20868 626
20869 626
20870 626
20871 626
20872 626
20873 626
20874 626
20875 626
20876 626
20877 626
20878 626
20879 626
20880 626
20881 626
20882 626
20883 626
20884 626
20885 626
20886 626
20887 626
20888 626
20889 626
20890 626
20891 626
20892 626
20893 626
20894 626
20895 626
20896 626
20897 626
20898 626
20899 626
20900 627
20901 627
20902 627
20903 627
20904 627
20905 627
20906 627
20907 627
20908 627
20909 627
20910 627
20911 627
20912 627
20913 627
20914 627
20915 627
20916 627
20917 627
20918 627
20919 627
20920 627
20921 627
20922 627
20923 627
20924 627
20925 627
20926 627
20927 627
20928 627
20929 627
20930 627
20931 627
20932 627
20933 627
20934 628
20935 628
20936 628
20937 628
20938 628
20939 628
20940 628
20941 628
20942 628
20943 628
20944 628
20945 628
20946 628
20947 628
20948 628
20949 628
20950 628
20951 628
20952 628
20953 628
20954 628
20955 628
20956 628
20957 628
20958 628
20959 628
20960 628
20961 628
20962 628
20963 628
20964 628
20965 628
20966 628
20967 629
20968 629
20969 629
20970 629
20971 629
20972 629
20973 629
20974 629
20975 629
20976 629
20977 629
20978 629
20979 629
20980 629
20981 629
20982 629
20983 629
20984 629
20985 629
20986 629
20987 629
20988 629
20989 629
20990 629
20991 629
20992 629
20993 629
20994 629
20995 629
20996 629
20997 629
20998 629
20999 629
21000 630
21001 630
21002 630
21003 630
21004 630
21005 630
21006 630
21007 630
21008 630
21009 630
21010 630
21011 630
21012 630
21013 630
21014 630
21015 630
21016 630
21017 630
21018 630
21019 630
21020 630
21021 630
21022 630
21023 630
21024 630
21025 630
21026 630
21027 630
21028 630
21029 630
21030 630
21031 630
21032 630
21033 630
21034 631
21035 631
21036 631
21037 631
21038 631
21039 631
21040 631
21041 631
21042 631
21043 631
21044 631
21045 631
21046 631
21047 631
21048 631
21049 631
21050 631
21051 631
21052 631
21053 631
21054 631
21055 631
21056 631
21057 631
21058 631
21059 631
21060 631
21061 631
21062 631
21063 631
21064 631
21065 631
21066 631
21067 632
21068 632
21069 632
21070 632
21071 632
21072 632
21073 632
21074 632
21075 632
21076 632
21077 632
21078 632
21079 632
21080 632
21081 632
21082 632
21083 632
21084 632
21085 632
21086 632
21087 632
21088 632
21089 632
21090 632
21091 632
21092 632
21093 632
21094 632
21095 632
21096 632
21097 632
21098 632
21099 632
21100 633
21101 633
21102 633
21103 633
21104 633
21105 633
21106 633
21107 633
21108 633
21109 633
21110 633
21111 633
21112 633
21113 633
21114 633
21115 633
21116 633
21117 633
21118 633
21119 633
21120 633
21121 633
21122 633
21123 633
21124 633
21125 633
21126 633
21127 633
21128 633
21129 633
21130 633
21131 633
21132 633
21133 633
21134 634
21135 634
21136 634
21137 634
21138 634
21139 634
21140 634
21141 634
21142 634
21143 634
21144 634
21145 634
21146 634
21147 634
21148 634
21149 634
21150 634
21151 634
21152 634
21153 634
21154 634
21155 634
21156 634
21157 634
21158 634
21159 634
21160 634
21161 634
21162 634
21163 634
21164 634
21165 634
21166 634
21167 635
21168 635
21169 635
21170 635
21171 635
21172 635
21173 635
21174 635
21175 635
21176 635
21177 635
21178 635
21179 635
21180 635
21181 635
21182 635
21183 635
21184 635
21185 635
21186 635
21187 635
21188 635
21189 635
21190 635
21191 635
21192 635
21193 635
21194 635
21195 635
21196 635
21197 635
21198 635
21199 635
21200 636
21201 636
21202 636
21203 636
21204 636
21205 636
21206 636
21207 636
21208 636
21209 636
21210 636
21211 636
21212 636
21213 636
21214 636
21215 636
21216 636
21217 636
21218 636
21219 636
21220 636
21221 636
21222 636
21223 636
21224 636
21225 636
21226 636
21227 636
21228 636
21229 636
21230 636
21231 636
21232 636
21233 636
21234 637
21235 637
21236 637
21237 637
21238 637
21239 637
21240 637
21241 637
21242 637
21243 637
21244 637
21245 637
21246 637
21247 637
21248 637
21249 637
21250 637
21251 637
21252 637
21253 637
21254 637
21255 637
21256 637
21257 637
21258 637
21259 637
21260 637
21261 637
21262 637
21263 637
21264 637
21265 637
21266 637
21267 638
21268 638
21269 638
21270 638
21271 638
21272 638
21273 638
21274 638
21275 638
21276 638
21277 638
21278 638
21279 638
21280 638
21281 638
21282 638
21283 638
21284 638
21285 638
21286 638
21287 638
21288 638
21289 638
21290 638
21291 638
21292 638
21293 638
21294 638
21295 638
21296 638
21297 638
21298 638
21299 638
21300 639
21301 639
21302 639
21303 639
21304 639
21305 639
21306 639
21307 639
21308 639
21309 639
21310 639
21311 639
21312 639
21313 639
21314 639
21315 639
21316 639
21317 639
21318 639
21319 639
21320 639
21321 639
21322 639
21323 639
21324 639
21325 639
21326 639
21327 639
21328 639
21329 639
21330 639
21331 639
21332 639
21333 639
21334 640
21335 640
21336 640
21337 640
21338 640
21339 640
21340 640
21341 640
21342 640
21343 640
21344 640
21345 640
21346 640
21347 640
21348 640
21349 640
21350 640
21351 640
21352 640
21353 640
21354 640
21355 640
21356 640
21357 640
21358 640
21359 640
21360 640
21361 640
21362 640
21363 640
21364 640
21365 640
21366 640
21367 641
21368 641
21369 641
21370 641
21371 641
21372 641
21373 641
21374 641
21375 641
21376 641
21377 641
21378 641
21379 641
21380 641
21381 641
21382 641
21383 641
21384 641
21385 641
21386 641
21387 641
21388 641
21389 641
21390 641
21391 641
21392 641
21393 641
21394 641
21395 641
21396 641
21397 641
21398 641
21399 641
21400 642
21401 642
21402 642
21403 642
21404 642
21405 642
21406 642
21407 642
21408 642
21409 642
21410 642
21411 642
21412 642
21413 642
21414 642
21415 642
21416 642
21417 642
21418 642
21419 642
21420 642
21421 642
21422 642
21423 642
21424 642
21425 642
21426 642
21427 642
21428 642
21429 642
21430 642
21431 642
21432 642
21433 642
21434 643
21435 643
21436 643
21437 643
21438 643
21439 643
21440 643
21441 643
21442 643
21443 643
21444 643
21445 643
21446 643
21447 643
21448 643
21449 643
21450 643
21451 643
21452 643
21453 643
21454 643
21455 643
21456 643
21457 643
21458 643
21459 643
21460 643
21461 643
21462 643
21463 643
21464 643
21465 643
21466 643
21467 644
21468 644
21469 644
21470 644
21471 644
21472 644
21473 644
21474 644
21475 644
21476 644
21477 644
21478 644
21479 644
21480 644
21481 644
21482 644
21483 644
21484 644
21485 644
21486 644
21487 644
21488 644
21489 644
21490 644
21491 644
21492 644
21493 644
21494 644
21495 644
21496 644
21497 644
21498 644
21499 644
21500 645
21501 645
21502 645
21503 645
21504 645
21505 645
21506 645
21507 645
21508 645
21509 645
21510 645
21511 645
21512 645
21513 645
21514 645
21515 645
21516 645
21517 645
21518 645
21519 645
21520 645
21521 645
21522 645
21523 645
21524 645
21525 645
21526 645
21527 645
21528 645
21529 645
21530 645
21531 645
21532 645
21533 645
21534 646
21535 646
21536 646
21537 646
21538 646
21539 646
21540 646
21541 646
21542 646
21543 646
21544 646
21545 646
21546 646
21547 646
21548 646
21549 646
21550 646
21551 646
21552 646
21553 646
21554 646
21555 646
21556 646
21557 646
21558 646
21559 646
21560 646
21561 646
21562 646
21563 646
21564 646
21565 646
21566 646
21567 647
21568 647
21569 647
21570 647
21571 647
21572 647
21573 647
21574 647
21575 647
21576 647
21577 647
21578 647
21579 647
21580 647
21581 647
21582 647
21583 647
21584 647
21585 647
21586 647
21587 647
21588 647
21589 647
21590 647
21591 647
21592 647
21593 647
21594 647
21595 647
21596 647
21597 647
21598 647
21599 647
21600 648
21601 648
21602 648
21603 648
21604 648
21605 648
21606 648
21607 648
21608 648
21609 648
21610 648
21611 648
21612 648
21613 648
21614 648
21615 648
21616 648
21617 648
21618 648
21619 648
21620 648
21621 648
21622 648
21623 648
21624 648
21625 648
21626 648
21627 648
21628 648
21629 648
21630 648
21631 648
21632 648
21633 648
21634 649
21635 649
21636 649
21637 649
21638 649
21639 649
21640 649
21641 649
21642 649
21643 649
21644 649
21645 649
21646 649
21647 649
21648 649
21649 649
21650 649
21651 649
21652 649
21653 649
21654 649
21655 649
21656 649
21657 649
21658 649
21659 649
21660 649
21661 649
21662 649
21663 649
21664 649
21665 649
21666 649
21667 650
21668 650
21669 650
21670 650
21671 650
21672 650
21673 650
21674 650
21675 650
21676 650
21677 650
21678 650
21679 650
21680 650
21681 650
21682 650
21683 650
21684 650
21685 650
21686 650
21687 650
21688 650
21689 650
21690 650
21691 650
21692 650
21693 650
21694 650
21695 650
21696 650
21697 650
21698 650
21699 650
21700 651
21701 651
21702 651
21703 651
21704 651
21705 651
21706 651
21707 651
21708 651
21709 651
21710 651
21711 651
21712 651
21713 651
21714 651
21715 651
21716 651
21717 651
21718 651
21719 651
21720 651
21721 651
21722 651
21723 651
21724 651
21725 651
21726 651
21727 651
21728 651
21729 651
21730 651
21731 651
21732 651
21733 651
21734 652
21735 652
21736 652
21737 652
21738 652
21739 652
21740 652
21741 652
21742 652
21743 652
21744 652
21745 652
21746 652
21747 652
21748 652
21749 652
21750 652
21751 652
21752 652
21753 652
21754 652
21755 652
21756 652
21757 652
21758 652
21759 652
21760 652
21761 652
21762 652
21763 652
21764 652
21765 652
21766 652
21767 653
21768 653
21769 653
21770 653
21771 653
21772 653
21773 653
21774 653
21775 653
21776 653
21777 653
21778 653
21779 653
21780 653
21781 653
21782 653
21783 653
21784 653
21785 653
21786 653
21787 653
21788 653
21789 653
21790 653
21791 653
21792 653
21793 653
21794 653
21795 653
21796 653
21797 653
21798 653
21799 653
21800 654
21801 654
21802 654
21803 654
21804 654
21805 654
21806 654
21807 654
21808 654
21809 654
21810 654
21811 654
21812 654
21813 654
21814 654
21815 654
21816 654
21817 654
21818 654
21819 654
21820 654
21821 654
21822 654
21823 654
21824 654
21825 654
21826 654
21827 654
21828 654
21829 654
21830 654
21831 654
21832 654
21833 654
21834 655
21835 655
21836 655
21837 655
21838 655
21839 655
21840 655
21841 655
21842 655
21843 655
21844 655
21845 655
21846 655
21847 655
21848 655
21849 655
21850 655
21851 655
21852 655
21853 655
21854 655
21855 655
21856 655
21857 655
21858 655
21859 655
21860 655
21861 655
21862 655
21863 655
21864 655
21865 655
21866 655
21867 656
21868 656
21869 656
21870 656
21871 656
21872 656
21873 656
21874 656
21875 656
21876 656
21877 656
21878 656
21879 656
21880 656
21881 656
21882 656
21883 656
21884 656
21885 656
21886 656
21887 656
21888 656
21889 656
21890 656
21891 656
21892 656
21893 656
21894 656
21895 656
21896 656
21897 656
21898 656
21899 656
21900 657
21901 657
21902 657
21903 657
21904 657
21905 657
21906 657
21907 657
21908 657
21909 657
21910 657
21911 657
21912 657
21913 657
21914 657
21915 657
21916 657
21917 657
21918 657
21919 657
21920 657
21921 657
21922 657
21923 657
21924 657
21925 657
21926 657
21927 657
21928 657
21929 657
21930 657
21931 657
21932 657
21933 657
21934 658
21935 658
21936 658
21937 658
21938 658
21939 658
21940 658
21941 658
21942 658
21943 658
21944 658
21945 658
21946 658
21947 658
21948 658
21949 658
21950 658
21951 658
21952 658
21953 658
21954 658
21955 658
21956 658
21957 658
21958 658
21959 658
21960 658
21961 658
21962 658
21963 658
21964 658
21965 658
21966 658
21967 659
21968 659
21969 659
21970 659
21971 659
21972 659
21973 659
21974 659
21975 659
21976 659
21977 659
21978 659
21979 659
21980 659
21981 659
21982 659
21983 659
21984 659
21985 659
21986 659
21987 659
21988 659
21989 659
21990 659
21991 659
21992 659
21993 659
21994 659
21995 659
21996 659
21997 659
21998 659
21999 659
22000 660
22001 660
22002 660
22003 660
22004 660
22005 660
22006 660
22007 660
22008 660
22009 660
22010 660
22011 660
22012 660
22013 660
22014 660
22015 660
22016 660
22017 660
22018 660
22019 660
22020 660
22021 660
22022 660
22023 660
22024 660
22025 660
22026 660
22027 660
22028 660
22029 660
22030 660
22031 660
22032 660
22033 660
22034 661
22035 661
22036 661
22037 661
22038 661
22039 661
22040 661
22041 661
22042 661
22043 661
22044 661
22045 661
22046 661
22047 661
22048 661
22049 661
22050 661
22051 661
22052 661
22053 661
22054 661
22055 661
22056 661
22057 661
22058 661
22059 661
22060 661
22061 661
22062 661
22063 661
22064 661
22065 661
22066 661
22067 662
22068 662
22069 662
22070 662
22071 662
22072 662
22073 662
22074 662
22075 662
22076 662
22077 662
22078 662
22079 662
22080 662
22081 662
22082 662
22083 662
22084 662
22085 662
22086 662
22087 662
22088 662
22089 662
22090 662
22091 662
22092 662
22093 662
22094 662
22095 662
22096 662
22097 662
22098 662
22099 662
22100 663
22101 663
22102 663
22103 663
22104 663
22105 663
22106 663
22107 663
22108 663
22109 663
22110 663
22111 663
22112 663
22113 663
22114 663
22115 663
22116 663
22117 663
22118 663
22119 663
22120 663
22121 663
22122 663
22123 663
22124 663
22125 663
22126 663
22127 663
22128 663
22129 663
22130 663
22131 663
22132 663
22133 663
22134 664
22135 664
22136 664
22137 664
22138 664
22139 664
22140 664
22141 664
22142 664
22143 664
22144 664
22145 664
22146 664
22147 664
22148 664
22149 664
22150 664
22151 664
22152 664
22153 664
22154 664
22155 664
22156 664
22157 664
22158 664
22159 664
22160 664
22161 664
22162 664
22163 664
22164 664
22165 664
22166 664
22167 665
22168 665
22169 665
22170 665
22171 665
22172 665
22173 665
22174 665
22175 665
22176 665
22177 665
22178 665
22179 665
22180 665
22181 665
22182 665
22183 665
22184 665
22185 665
22186 665
22187 665
22188 665
22189 665
22190 665
22191 665
22192 665
22193 665
22194 665
22195 665
22196 665
22197 665
22198 665
22199 665
22200 666
22201 666
22202 666
22203 666
22204 666
22205 666
22206 666
22207 666
22208 666
22209 666
22210 666
22211 666
22212 666
22213 666
22214 666
22215 666
22216 666
22217 666
22218 666
22219 666
22220 666
22221 666
22222 666
22223 666
22224 666
22225 666
22226 666
22227 666
22228 666
22229 666
22230 666
22231 666
22232 666
22233 666
22234 667
22235 667
22236 667
22237 667
22238 667
22239 667
22240 667
22241 667
22242 667
22243 667
22244 667
22245 667
22246 667
22247 667
22248 667
22249 667
22250 667
22251 667
22252 667
22253 667
22254 667
22255 667
22256 667
22257 667
22258 667
22259 667
22260 667
22261 667
22262 667
22263 667
22264 667
22265 667
22266 667
22267 668
22268 668
22269 668
22270 668
22271 668
22272 668
22273 668
22274 668
22275 668
22276 668
22277 668
22278 668
22279 668
22280 668
22281 668
22282 668
22283 668
22284 668
22285 668
22286 668
22287 668
22288 668
22289 668
22290 668
22291 668
22292 668
22293 668
22294 668
22295 668
22296 668
22297 668
22298 668
22299 668
22300 669
22301 669
22302 669
22303 669
22304 669
22305 669
22306 669
22307 669
22308 669
22309 669
22310 669
22311 669
22312 669
22313 669
22314 669
22315 669
22316 669
22317 669
22318 669
22319 669
22320 669
22321 669
22322 669
22323 669
22324 669
22325 669
22326 669
22327 669
22328 669
22329 669
22330 669
22331 669
22332 669
22333 669
22334 670
22335 670
22336 670
22337 670
22338 670
22339 670
22340 670
22341 670
22342 670
22343 670
22344 670
22345 670
22346 670
22347 670
22348 670
22349 670
22350 670
22351 670
22352 670
22353 670
22354 670
22355 670
22356 670
22357 670
22358 670
22359 670
22360 670
22361 670
22362 670
22363 670
22364 670
22365 670
22366 670
22367 671
22368 671
22369 671
22370 671
22371 671
22372 671
22373 671
22374 671
22375 671
22376 671
22377 671
22378 671
22379 671
22380 671
22381 671
22382 671
22383 671
22384 671
22385 671
22386 671
22387 671
22388 671
22389 671
22390 671
22391 671
22392 671
22393 671
22394 671
22395 671
22396 671
22397 671
22398 671
22399 671
22400 672
22401 672
22402 672
22403 672
22404 672
22405 672
22406 672
22407 672
22408 672
22409 672
22410 672
22411 672
22412 672
22413 672
22414 672
22415 672
22416 672
22417 672
22418 672
22419 672
22420 672
22421 672
22422 672
22423 672
22424 672
22425 672
22426 672
22427 672
22428 672
22429 672
22430 672
22431 672
22432 672
22433 672
22434 673
22435 673
22436 673
22437 673
22438 673
22439 673
22440 673
22441 673
22442 673
22443 673
22444 673
22445 673
22446 673
22447 673
22448 673
22449 673
22450 673
22451 673
22452 673
22453 673
22454 673
22455 673
22456 673
22457 673
22458 673
22459 673
22460 673
22461 673
22462 673
22463 673
22464 673
22465 673
22466 673
22467 674
22468 674
22469 674
22470 674
22471 674
22472 674
22473 674
22474 674
22475 674
22476 674
22477 674
22478 674
22479 674
22480 674
22481 674
22482 674
22483 674
22484 674
22485 674
22486 674
22487 674
22488 674
22489 674
22490 674
22491 674
22492 674
22493 674
22494 674
22495 674
22496 674
22497 674
22498 674
22499 674
22500 675
22501 675
22502 675
22503 675
22504 675
22505 675
22506 675
22507 675
22508 675
22509 675
22510 675
22511 675
22512 675
22513 675
22514 675
22515 675
22516 675
22517 675
22518 675
22519 675
22520 675
22521 675
22522 675
22523 675
22524 675
22525 675
22526 675
22527 675
22528 675
22529 675
22530 675
22531 675
22532 675
22533 675
22534 676
22535 676
22536 676
22537 676
22538 676
22539 676
22540 676
22541 676
22542 676
22543 676
22544 676
22545 676
22546 676
22547 676
22548 676
22549 676
22550 676
22551 676
22552 676
22553 676
22554 676
22555 676
22556 676
22557 676
22558 676
22559 676
22560 676
22561 676
22562 676
22563 676
22564 676
22565 676
22566 676
22567 677
22568 677
22569 677
22570 677
22571 677
22572 677
22573 677
22574 677
22575 677
22576 677
22577 677
22578 677
22579 677
22580 677
22581 677
22582 677
22583 677
22584 677
22585 677
22586 677
22587 677
22588 677
22589 677
22590 677
22591 677
22592 677
22593 677
22594 677
22595 677
22596 677
22597 677
22598 677
22599 677
22600 678
22601 678
22602 678
22603 678
22604 678
22605 678
22606 678
22607 678
22608 678
22609 678
22610 678
22611 678
22612 678
22613 678
22614 678
22615 678
22616 678
22617 678
22618 678
22619 678
22620 678
22621 678
22622 678
22623 678
22624 678
22625 678
22626 678
22627 678
22628 678
22629 678
22630 678
22631 678
22632 678
22633 678
22634 679
22635 679
22636 679
22637 679
22638 679
22639 679
22640 679
22641 679
22642 679
22643 679
22644 679
22645 679
22646 679
22647 679
22648 679
22649 679
22650 679
22651 679
22652 679
22653 679
22654 679
22655 679
22656 679
22657 679
22658 679
22659 679
22660 679
22661 679
22662 679
22663 679
22664 679
22665 679
22666 679
22667 680
22668 680
22669 680
22670 680
22671 680
22672 680
22673 680
22674 680
22675 680
22676 680
22677 680
22678 680
22679 680
22680 680
22681 680
22682 680
22683 680
22684 680
22685 680
22686 680
22687 680
22688 680
22689 680
22690 680
22691 680
22692 680
22693 680
22694 680
22695 680
22696 680
22697 680
22698 680
22699 680
22700 681
22701 681
22702 681
22703 681
22704 681
22705 681
22706 681
22707 681
22708 681
22709 681
22710 681
22711 681
22712 681
22713 681
22714 681
22715 681
22716 681
22717 681
22718 681
22719 681
22720 681
22721 681
22722 681
22723 681
22724 681
22725 681
22726 681
22727 681
22728 681
22729 681
22730 681
22731 681
22732 681
22733 681
22734 682
22735 682
22736 682
22737 682
22738 682
22739 682
22740 682
22741 682
22742 682
22743 682
22744 682
22745 682
22746 682
22747 682
22748 682
22749 682
22750 682
22751 682
22752 682
22753 682
22754 682
22755 682
22756 682
22757 682
22758 682
22759 682
22760 682
22761 682
22762 682
22763 682
22764 682
22765 682
22766 682
22767 683
22768 683
22769 683
22770 683
22771 683
22772 683
22773 683
22774 683
22775 683
22776 683
22777 683
22778 683
22779 683
22780 683
22781 683
22782 683
22783 683
22784 683
22785 683
22786 683
22787 683
22788 683
22789 683
22790 683
22791 683
22792 683
22793 683
22794 683
22795 683
22796 683
22797 683
22798 683
22799 683
22800 684
22801 684
22802 684
22803 684
22804 684
22805 684
22806 684
22807 684
22808 684
22809 684
22810 684
22811 684
22812 684
22813 684
22814 684
22815 684
22816 684
22817 684
22818 684
22819 684
22820 684
22821 684
22822 684
22823 684
22824 684
22825 684
22826 684
22827 684
22828 684
22829 684
22830 684
22831 684
22832 684
22833 684
22834 685
22835 685
22836 685
22837 685
22838 685
22839 685
22840 685
22841 685
22842 685
22843 685
22844 685
22845 685
22846 685
22847 685
22848 685
22849 685
22850 685
22851 685
22852 685
22853 685
22854 685
22855 685
22856 685
22857 685
22858 685
22859 685
22860 685
22861 685
22862 685
22863 685
22864 685
22865 685
22866 685
22867 686
22868 686
22869 686
22870 686
22871 686
22872 686
22873 686
22874 686
22875 686
22876 686
22877 686
22878 686
22879 686
22880 686
22881 686
22882 686
22883 686
22884 686
22885 686
22886 686
22887 686
22888 686
22889 686
22890 686
22891 686
22892 686
22893 686
22894 686
22895 686
22896 686
22897 686
22898 686
22899 686
22900 687
22901 687
22902 687
22903 687
22904 687
22905 687
22906 687
22907 687
22908 687
22909 687
22910 687
22911 687
22912 687
22913 687
22914 687
22915 687
22916 687
22917 687
22918 687
22919 687
22920 687
22921 687
22922 687
22923 687
22924 687
22925 687
22926 687
22927 687
22928 687
22929 687
22930 687
22931 687
22932 687
22933 687
22934 688
22935 688
22936 688
22937 688
22938 688
22939 688
22940 688
22941 688
22942 688
22943 688
22944 688
22945 688
22946 688
22947 688
22948 688
22949 688
22950 688
22951 688
22952 688
22953 688
22954 688
22955 688
22956 688
22957 688
22958 688
22959 688
22960 688
22961 688
22962 688
22963 688
22964 688
22965 688
22966 688
22967 689
22968 689
22969 689
22970 689
22971 689
22972 689
22973 689
22974 689
22975 689
22976 689
22977 689
22978 689
22979 689
22980 689
22981 689
22982 689
22983 689
22984 689
22985 689
22986 689
22987 689
22988 689
22989 689
22990 689
22991 689
22992 689
22993 689
22994 689
22995 689
22996 689
22997 689
22998 689
22999 689
23000 690
23001 690
23002 690
23003 690
23004 690
23005 690
23006 690
23007 690
23008 690
23009 690
23010 690
23011 690
23012 690
23013 690
23014 690
23015 690
23016 690
23017 690
23018 690
23019 690
23020 690
23021 690
23022 690
23023 690
23024 690
23025 690
23026 690
23027 690
23028 690
23029 690
23030 690
23031 690
23032 690
23033 690
23034 691
23035 691
23036 691
23037 691
23038 691
23039 691
23040 691
23041 691
23042 691
23043 691
23044 691
23045 691
23046 691
23047 691
23048 691
23049 691
23050 691
23051 691
23052 691
23053 691
23054 691
23055 691
23056 691
23057 691
23058 691
23059 691
23060 691
23061 691
23062 691
23063 691
23064 691
23065 691
23066 691
23067 692
23068 692
23069 692
23070 692
23071 692
23072 692
23073 692
23074 692
23075 692
23076 692
23077 692
23078 692
23079 692
23080 692
23081 692
23082 692
23083 692
23084 692
23085 692
23086 692
23087 692
23088 692
23089 692
23090 692
23091 692
23092 692
23093 692
23094 692
23095 692
23096 692
23097 692
23098 692
23099 692
23100 693
23101 693
23102 693
23103 693
23104 693
23105 693
23106 693
23107 693
23108 693
23109 693
23110 693
23111 693
23112 693
23113 693
23114 693
23115 693
23116 693
23117 693
23118 693
23119 693
23120 693
23121 693
23122 693
23123 693
23124 693
23125 693
23126 693
23127 693
23128 693
23129 693
23130 693
23131 693
23132 693
23133 693
23134 694
23135 694
23136 694
23137 694
23138 694
23139 694
23140 694
23141 694
23142 694
23143 694
23144 694
23145 694
23146 694
23147 694
23148 694
23149 694
23150 694
23151 694
23152 694
23153 694
23154 694
23155 694
23156 694
23157 694
23158 694
23159 694
23160 694
23161 694
23162 694
23163 694
23164 694
23165 694
23166 694
23167 695
23168 695
23169 695
23170 695
23171 695
23172 695
23173 695
23174 695
23175 695
23176 695
23177 695
23178 695
23179 695
23180 695
23181 695
23182 695
23183 695
23184 695
23185 695
23186 695
23187 695
23188 695
23189 695
23190 695
23191 695
23192 695
23193 695
23194 695
23195 695
23196 695
23197 695
23198 695
23199 695
23200 696
23201 696
23202 696
23203 696
23204 696
23205 696
23206 696
23207 696
23208 696
23209 696
23210 696
23211 696
23212 696
23213 696
23214 696
23215 696
23216 696
23217 696
23218 696
23219 696
23220 696
23221 696
23222 696
23223 696
23224 696
23225 696
23226 696
23227 696
23228 696
23229 696
23230 696
23231 696
23232 696
23233 696
23234 697
23235 697
23236 697
23237 697
23238 697
23239 697
23240 697
23241 697
23242 697
23243 697
23244 697
23245 697
23246 697
23247 697
23248 697
23249 697
23250 697
23251 697
23252 697
23253 697
23254 697
23255 697
23256 697
23257 697
23258 697
23259 697
23260 697
23261 697
23262 697
23263 697
23264 697
23265 697
23266 697
23267 698
23268 698
23269 698
23270 698
23271 698
23272 698
23273 698
23274 698
23275 698
23276 698
23277 698
23278 698
23279 698
23280 698
23281 698
23282 698
23283 698
23284 698
23285 698
23286 698
23287 698
23288 698
23289 698
23290 698
23291 698
23292 698
23293 698
23294 698
23295 698
23296 698
23297 698
23298 698
23299 698
23300 699
23301 699
23302 699
23303 699
23304 699
23305 699
23306 699
23307 699
23308 699
23309 699
23310 699
23311 699
23312 699
23313 699
23314 699
23315 699
23316 699
23317 699
23318 699
23319 699
23320 699
23321 699
23322 699
23323 699
23324 699
23325 699
23326 699
23327 699
23328 699
23329 699
23330 699
23331 699
23332 699
23333 699
23334 700
23335 700
23336 700
23337 700
23338 700
23339 700
23340 700
23341 700
23342 700
23343 700
23344 700
23345 700
23346 700
23347 700
23348 700
23349 700
23350 700
23351 700
23352 700
23353 700
23354 700
23355 700
23356 700
23357 700
23358 700
23359 700
23360 700
23361 700
23362 700
23363 700
23364 700
23365 700
23366 700
23367 701
23368 701
23369 701
23370 701
23371 701
23372 701
23373 701
23374 701
23375 701
23376 701
23377 701
23378 701
23379 701
23380 701
23381 701
23382 701
23383 701
23384 701
23385 701
23386 701
23387 701
23388 701
23389 701
23390 701
23391 701
23392 701
23393 701
23394 701
23395 701
23396 701
23397 701
23398 701
23399 701
23400 702
23401 702
23402 702
23403 702
23404 702
23405 702
23406 702
23407 702
23408 702
23409 702
23410 702
23411 702
23412 702
23413 702
23414 702
23415 702
23416 702
23417 702
23418 702
23419 702
23420 702
23421 702
23422 702
23423 702
23424 702
23425 702
23426 702
23427 702
23428 702
23429 702
23430 702
23431 702
23432 702
23433 702
23434 703
23435 703
23436 703
23437 703
23438 703
23439 703
23440 703
23441 703
23442 703
23443 703
23444 703
23445 703
23446 703
23447 703
23448 703
23449 703
23450 703
23451 703
23452 703
23453 703
23454 703
23455 703
23456 703
23457 703
23458 703
23459 703
23460 703
23461 703
23462 703
23463 703
23464 703
23465 703
23466 703
23467 704
23468 704
23469 704
23470 704
23471 704
23472 704
23473 704
23474 704
23475 704
23476 704
23477 704
23478 704
23479 704
23480 704
23481 704
23482 704
23483 704
23484 704
23485 704
23486 704
23487 704
23488 704
23489 704
23490 704
23491 704
23492 704
23493 704
23494 704
23495 704
23496 704
23497 704
23498 704
23499 704
23500 705
23501 705
23502 705
23503 705
23504 705
23505 705
23506 705
23507 705
23508 705
23509 705
23510 705
23511 705
23512 705
23513 705
23514 705
23515 705
23516 705
23517 705
23518 705
23519 705
23520 705
23521 705
23522 705
23523 705
23524 705
23525 705
23526 705
23527 705
23528 705
23529 705
23530 705
23531 705
23532 705
23533 705
23534 706
23535 706
23536 706
23537 706
23538 706
23539 706
23540 706
23541 706
23542 706
23543 706
23544 706
23545 706
23546 706
23547 706
23548 706
23549 706
23550 706
23551 706
23552 706
23553 706
23554 706
23555 706
23556 706
23557 706
23558 706
23559 706
23560 706
23561 706
23562 706
23563 706
23564 706
23565 706
23566 706
23567 707
23568 707
23569 707
23570 707
23571 707
23572 707
23573 707
23574 707
23575 707
23576 707
23577 707
23578 707
23579 707
23580 707
23581 707
23582 707
23583 707
23584 707
23585 707
23586 707
23587 707
23588 707
23589 707
23590 707
23591 707
23592 707
23593 707
23594 707
23595 707
23596 707
23597 707
23598 707
23599 707
23600 708
23601 708
23602 708
23603 708
23604 708
23605 708
23606 708
23607 708
23608 708
23609 708
23610 708
23611 708
23612 708
23613 708
23614 708
23615 708
23616 708
23617 708
23618 708
23619 708
23620 708
23621 708
23622 708
23623 708
23624 708
23625 708
23626 708
23627 708
23628 708
23629 708
23630 708
23631 708
23632 708
23633 708
23634 709
23635 709
23636 709
23637 709
23638 709
23639 709
23640 709
23641 709
23642 709
23643 709
23644 709
23645 709
23646 709
23647 709
23648 709
23649 709
23650 709
23651 709
23652 709
23653 709
23654 709
23655 709
23656 709
23657 709
23658 709
23659 709
23660 709
23661 709
23662 709
23663 709
23664 709
23665 709
23666 709
23667 710
23668 710
23669 710
23670 710
23671 710
23672 710
23673 710
23674 710
23675 710
23676 710
23677 710
23678 710
23679 710
23680 710
23681 710
23682 710
23683 710
23684 710
23685 710
23686 710
23687 710
23688 710
23689 710
23690 710
23691 710
23692 710
23693 710
23694 710
23695 710
23696 710
23697 710
23698 710
23699 710
23700 711
23701 711
23702 711
23703 711
23704 711
23705 711
23706 711
23707 711
23708 711
23709 711
23710 711
23711 711
23712 711
23713 711
23714 711
23715 711
23716 711
23717 711
23718 711
23719 711
23720 711
23721 711
23722 711
23723 711
23724 711
23725 711
23726 711
23727 711
23728 711
23729 711
23730 711
23731 711
23732 711
23733 711
23734 712
23735 712
23736 712
23737 712
23738 712
23739 712
23740 712
23741 712
23742 712
23743 712
23744 712
23745 712
23746 712
23747 712
23748 712
23749 712
23750 712
23751 712
23752 712
23753 712
23754 712
23755 712
23756 712
23757 712
23758 712
23759 712
23760 712
23761 712
23762 712
23763 712
23764 712
23765 712
23766 712
23767 713
23768 713
23769 713
23770 713
23771 713
23772 713
23773 713
23774 713
23775 713
23776 713
23777 713
23778 713
23779 713
23780 713
23781 713
23782 713
23783 713
23784 713
23785 713
23786 713
23787 713
23788 713
23789 713
23790 713
23791 713
23792 713
23793 713
23794 713
23795 713
23796 713
23797 713
23798 713
23799 713
23800 714
23801 714
23802 714
23803 714
23804 714
23805 714
23806 714
23807 714
23808 714
23809 714
23810 714
23811 714
23812 714
23813 714
23814 714
23815 714
23816 714
23817 714
23818 714
23819 714
23820 714
23821 714
23822 714
23823 714
23824 714
23825 714
23826 714
23827 714
23828 714
23829 714
23830 714
23831 714
23832 714
23833 714
23834 715
23835 715
23836 715
23837 715
23838 715
23839 715
23840 715
23841 715
23842 715
23843 715
23844 715
23845 715
23846 715
23847 715
23848 715
23849 715
23850 715
23851 715
23852 715
23853 715
23854 715
23855 715
23856 715
23857 715
23858 715
23859 715
23860 715
23861 715
23862 715
23863 715
23864 715
23865 715
23866 715
23867 716
23868 716
23869 716
23870 716
23871 716
23872 716
23873 716
23874 716
23875 716
23876 716
23877 716
23878 716
23879 716
23880 716
23881 716
23882 716
23883 716
23884 716
23885 716
23886 716
23887 716
23888 716
23889 716
23890 716
23891 716
23892 716
23893 716
23894 716
23895 716
23896 716
23897 716
23898 716
23899 716
23900 717
23901 717
23902 717
23903 717
23904 717
23905 717
23906 717
23907 717
23908 717
23909 717
23910 717
23911 717
23912 717
23913 717
23914 717
23915 717
23916 717
23917 717
23918 717
23919 717
23920 717
23921 717
23922 717
23923 717
23924 717
23925 717
23926 717
23927 717
23928 717
23929 717
23930 717
23931 717
23932 717
23933 717
23934 718
23935 718
23936 718
23937 718
23938 718
23939 718
23940 718
23941 718
23942 718
23943 718
23944 718
23945 718
23946 718
23947 718
23948 718
23949 718
23950 718
23951 718
23952 718
23953 718
23954 718
23955 718
23956 718
23957 718
23958 718
23959 718
23960 718
23961 718
23962 718
23963 718
23964 718
23965 718
23966 718
23967 719
23968 719
23969 719
23970 719
23971 719
23972 719
23973 719
23974 719
23975 719
23976 719
23977 719
23978 719
23979 719
23980 719
23981 719
23982 719
23983 719
23984 719
23985 719
23986 719
23987 719
23988 719
23989 719
23990 719
23991 719
23992 719
23993 719
23994 719
23995 719
23996 719
23997 719
23998 719
23999 719
24000 720
24001 720
24002 720
24003 720
24004 720
24005 720
24006 720
24007 720
24008 720
24009 720
24010 720
24011 720
24012 720
24013 720
24014 720
24015 720
24016 720
24017 720
24018 720
24019 720
24020 720
24021 720
24022 720
24023 720
24024 720
24025 720
24026 720
24027 720
24028 720
24029 720
24030 720
24031 720
24032 720
24033 720
24034 721
24035 721
24036 721
24037 721
24038 721
24039 721
24040 721
24041 721
24042 721
24043 721
24044 721
24045 721
24046 721
24047 721
24048 721
24049 721
24050 721
24051 721
24052 721
24053 721
24054 721
24055 721
24056 721
24057 721
24058 721
24059 721
24060 721
24061 721
24062 721
24063 721
24064 721
24065 721
24066 721
24067 722
24068 722
24069 722
24070 722
24071 722
24072 722
24073 722
24074 722
24075 722
24076 722
24077 722
24078 722
24079 722
24080 722
24081 722
24082 722
24083 722
24084 722
24085 722
24086 722
24087 722
24088 722
24089 722
24090 722
24091 722
24092 722
24093 722
24094 722
24095 722
24096 722
24097 722
24098 722
24099 722
24100 723
24101 723
24102 723
24103 723
24104 723
24105 723
24106 723
24107 723
24108 723
24109 723
24110 723
24111 723
24112 723
24113 723
24114 723
24115 723
24116 723
24117 723
24118 723
24119 723
24120 723
24121 723
24122 723
24123 723
24124 723
24125 723
24126 723
24127 723
24128 723
24129 723
24130 723
24131 723
24132 723
24133 723
24134 724
24135 724
24136 724
24137 724
24138 724
24139 724
24140 724
24141 724
24142 724
24143 724
24144 724
24145 724
24146 724
24147 724
24148 724
24149 724
24150 724
24151 724
24152 724
24153 724
24154 724
24155 724
24156 724
24157 724
24158 724
24159 724
24160 724
24161 724
24162 724
24163 724
24164 724
24165 724
24166 724
24167 725
24168 725
24169 725
24170 725
24171 725
24172 725
24173 725
24174 725
24175 725
24176 725
24177 725
24178 725
24179 725
24180 725
24181 725
24182 725
24183 725
24184 725
24185 725
24186 725
24187 725
24188 725
24189 725
24190 725
24191 725
24192 725
24193 725
24194 725
24195 725
24196 725
24197 725
24198 725
24199 725
24200 726
24201 726
24202 726
24203 726
24204 726
24205 726
24206 726
24207 726
24208 726
24209 726
24210 726
24211 726
24212 726
24213 726
24214 726
24215 726
24216 726
24217 726
24218 726
24219 726
24220 726
24221 726
24222 726
24223 726
24224 726
24225 726
24226 726
24227 726
24228 726
24229 726
24230 726
24231 726
24232 726
24233 726
24234 727
24235 727
24236 727
24237 727
24238 727
24239 727
24240 727
24241 727
24242 727
24243 727
24244 727
24245 727
24246 727
24247 727
24248 727
24249 727
24250 727
24251 727
24252 727
24253 727
24254 727
24255 727
24256 727
24257 727
24258 727
24259 727
24260 727
24261 727
24262 727
24263 727
24264 727
24265 727
24266 727
24267 728
24268 728
24269 728
24270 728
24271 728
24272 728
24273 728
24274 728
24275 728
24276 728
24277 728
24278 728
24279 728
24280 728
24281 728
24282 728
24283 728
24284 728
24285 728
24286 728
24287 728
24288 728
24289 728
24290 728
24291 728
24292 728
24293 728
24294 728
24295 728
24296 728
24297 728
24298 728
24299 728
24300 729
24301 729
24302 729
24303 729
24304 729
24305 729
24306 729
24307 729
24308 729
24309 729
24310 729
24311 729
24312 729
24313 729
24314 729
24315 729
24316 729
24317 729
24318 729
24319 729
24320 729
24321 729
24322 729
24323 729
24324 729
24325 729
24326 729
24327 729
24328 729
24329 729
24330 729
24331 729
24332 729
24333 729
24334 730
24335 730
24336 730
24337 730
24338 730
24339 730
24340 730
24341 730
24342 730
24343 730
24344 730
24345 730
24346 730
24347 730
24348 730
24349 730
24350 730
24351 730
24352 730
24353 730
24354 730
24355 730
24356 730
24357 730
24358 730
24359 730
24360 730
24361 730
24362 730
24363 730
24364 730
24365 730
24366 730
24367 731
24368 731
24369 731
24370 731
24371 731
24372 731
24373 731
24374 731
24375 731
24376 731
24377 731
24378 731
24379 731
24380 731
24381 731
24382 731
24383 731
24384 731
24385 731
24386 731
24387 731
24388 731
24389 731
24390 731
24391 731
24392 731
24393 731
24394 731
24395 731
24396 731
24397 731
24398 731
24399 731
24400 732
24401 732
24402 732
24403 732
24404 732
24405 732
24406 732
24407 732
24408 732
24409 732
24410 732
24411 732
24412 732
24413 732
24414 732
24415 732
24416 732
24417 732
24418 732
24419 732
24420 732
24421 732
24422 732
24423 732
24424 732
24425 732
24426 732
24427 732
24428 732
24429 732
24430 732
24431 732
24432 732
24433 732
24434 733
24435 733
24436 733
24437 733
24438 733
24439 733
24440 733
24441 733
24442 733
24443 733
24444 733
24445 733
24446 733
24447 733
24448 733
24449 733
24450 733
24451 733
24452 733
24453 733
24454 733
24455 733
24456 733
24457 733
24458 733
24459 733
24460 733
24461 733
24462 733
24463 733
24464 733
24465 733
24466 733
24467 734
24468 734
24469 734
24470 734
24471 734
24472 734
24473 734
24474 734
24475 734
24476 734
24477 734
24478 734
24479 734
24480 734
24481 734
24482 734
24483 734
24484 734
24485 734
24486 734
24487 734
24488 734
24489 734
24490 734
24491 734
24492 734
24493 734
24494 734
24495 734
24496 734
24497 734
24498 734
24499 734
24500 735
24501 735
24502 735
24503 735
24504 735
24505 735
24506 735
24507 735
24508 735
24509 735
24510 735
24511 735
24512 735
24513 735
24514 735
24515 735
24516 735
24517 735
24518 735
24519 735
24520 735
24521 735
24522 735
24523 735
24524 735
24525 735
24526 735
24527 735
24528 735
24529 735
24530 735
24531 735
24532 735
24533 735
24534 736
24535 736
24536 736
24537 736
24538 736
24539 736
24540 736
24541 736
24542 736
24543 736
24544 736
24545 736
24546 736
24547 736
24548 736
24549 736
24550 736
24551 736
24552 736
24553 736
24554 736
24555 736
24556 736
24557 736
24558 736
24559 736
24560 736
24561 736
24562 736
24563 736
24564 736
24565 736
24566 736
24567 737
24568 737
24569 737
24570 737
24571 737
24572 737
24573 737
24574 737
24575 737
24576 737
24577 737
24578 737
24579 737
24580 737
24581 737
24582 737
24583 737
24584 737
24585 737
24586 737
24587 737
24588 737
24589 737
24590 737
24591 737
24592 737
24593 737
24594 737
24595 737
24596 737
24597 737
24598 737
24599 737
24600 738
24601 738
24602 738
24603 738
24604 738
24605 738
24606 738
24607 738
24608 738
24609 738
24610 738
24611 738
24612 738
24613 738
24614 738
24615 738
24616 738
24617 738
24618 738
24619 738
24620 738
24621 738
24622 738
24623 738
24624 738
24625 738
24626 738
24627 738
24628 738
24629 738
24630 738
24631 738
24632 738
24633 738
24634 739
24635 739
24636 739
24637 739
24638 739
24639 739
24640 739
24641 739
24642 739
24643 739
24644 739
24645 739
24646 739
24647 739
24648 739
24649 739
24650 739
24651 739
24652 739
24653 739
24654 739
24655 739
24656 739
24657 739
24658 739
24659 739
24660 739
24661 739
24662 739
24663 739
24664 739
24665 739
24666 739
24667 740
24668 740
24669 740
24670 740
24671 740
24672 740
24673 740
24674 740
24675 740
24676 740
24677 740
24678 740
24679 740
24680 740
24681 740
24682 740
24683 740
24684 740
24685 740
24686 740
24687 740
24688 740
24689 740
24690 740
24691 740
24692 740
24693 740
24694 740
24695 740
24696 740
24697 740
24698 740
24699 740
24700 741
24701 741
24702 741
24703 741
24704 741
24705 741
24706 741
24707 741
24708 741
24709 741
24710 741
24711 741
24712 741
24713 741
24714 741
24715 741
24716 741
24717 741
24718 741
24719 741
24720 741
24721 741
24722 741
24723 741
24724 741
24725 741
24726 741
24727 741
24728 741
24729 741
24730 741
24731 741
24732 741
24733 741
24734 742
24735 742
24736 742
24737 742
24738 742
24739 742
24740 742
24741 742
24742 742
24743 742
24744 742
24745 742
24746 742
24747 742
24748 742
24749 742
24750 742
24751 742
24752 742
24753 742
24754 742
24755 742
24756 742
24757 742
24758 742
24759 742
24760 742
24761 742
24762 742
24763 742
24764 742
24765 742
24766 742
24767 743
24768 743
24769 743
24770 743
24771 743
24772 743
24773 743
24774 743
24775 743
24776 743
24777 743
24778 743
24779 743
24780 743
24781 743
24782 743
24783 743
24784 743
24785 743
24786 743
24787 743
24788 743
24789 743
24790 743
24791 743
24792 743
24793 743
24794 743
24795 743
24796 743
24797 743
24798 743
24799 743
24800 744
24801 744
24802 744
24803 744
24804 744
24805 744
24806 744
24807 744
24808 744
24809 744
24810 744
24811 744
24812 744
24813 744
24814 744
24815 744
24816 744
24817 744
24818 744
24819 744
24820 744
24821 744
24822 744
24823 744
24824 744
24825 744
24826 744
24827 744
24828 744
24829 744
24830 744
24831 744
24832 744
24833 744
24834 745
24835 745
24836 745
24837 745
24838 745
24839 745
24840 745
24841 745
24842 745
24843 745
24844 745
24845 745
24846 745
24847 745
24848 745
24849 745
24850 745
24851 745
24852 745
24853 745
24854 745
24855 745
24856 745
24857 745
24858 745
24859 745
24860 745
24861 745
24862 745
24863 745
24864 745
24865 745
24866 745
24867 746
24868 746
24869 746
24870 746
24871 746
24872 746
24873 746
24874 746
24875 746
24876 746
24877 746
24878 746
24879 746
24880 746
24881 746
24882 746
24883 746
24884 746
24885 746
24886 746
24887 746
24888 746
24889 746
24890 746
24891 746
24892 746
24893 746
24894 746
24895 746
24896 746
24897 746
24898 746
24899 746
24900 747
24901 747
24902 747
24903 747
24904 747
24905 747
24906 747
24907 747
24908 747
24909 747
24910 747
24911 747
24912 747
24913 747
24914 747
24915 747
24916 747
24917 747
24918 747
24919 747
24920 747
24921 747
24922 747
24923 747
24924 747
24925 747
24926 747
24927 747
24928 747
24929 747
24930 747
24931 747
24932 747
24933 747
24934 748
24935 748
24936 748
24937 748
24938 748
24939 748
24940 748
24941 748
24942 748
24943 748
24944 748
24945 748
24946 748
24947 748
24948 748
24949 748
24950 748
24951 748
24952 748
24953 748
24954 748
24955 748
24956 748
24957 748
24958 748
24959 748
24960 748
24961 748
24962 748
24963 748
24964 748
24965 748
24966 748
24967 749
24968 749
24969 749
24970 749
24971 749
24972 749
24973 749
24974 749
24975 749
24976 749
24977 749
24978 749
24979 749
24980 749
24981 749
24982 749
24983 749
24984 749
24985 749
24986 749
24987 749
24988 749
24989 749
24990 749
24991 749
24992 749
24993 749
24994 749
24995 749
24996 749
24997 749
24998 749
24999 749
25000 750
25001 750
25002 750
25003 750
25004 750
25005 750
25006 750
25007 750
25008 750
25009 750
25010 750
25011 750
25012 750
25013 750
25014 750
25015 750
25016 750
25017 750
25018 750
25019 750
25020 750
25021 750
25022 750
25023 750
25024 750
25025 750
25026 750
25027 750
25028 750
25029 750
25030 750
25031 750
25032 750
25033 750
25034 751
25035 751
25036 751
25037 751
25038 751
25039 751
25040 751
25041 751
25042 751
25043 751
25044 751
25045 751
25046 751
25047 751
25048 751
25049 751
25050 751
25051 751
25052 751
25053 751
25054 751
25055 751
25056 751
25057 751
25058 751
25059 751
25060 751
25061 751
25062 751
25063 751
25064 751
25065 751
25066 751
25067 752
25068 752
25069 752
25070 752
25071 752
25072 752
25073 752
25074 752
25075 752
25076 752
25077 752
25078 752
25079 752
25080 752
25081 752
25082 752
25083 752
25084 752
25085 752
25086 752
25087 752
25088 752
25089 752
25090 752
25091 752
25092 752
25093 752
25094 752
25095 752
25096 752
25097 752
25098 752
25099 752
25100 753
25101 753
25102 753
25103 753
25104 753
25105 753
25106 753
25107 753
25108 753
25109 753
25110 753
25111 753
25112 753
25113 753
25114 753
25115 753
25116 753
25117 753
25118 753
25119 753
25120 753
25121 753
25122 753
25123 753
25124 753
25125 753
25126 753
25127 753
25128 753
25129 753
25130 753
25131 753
25132 753
25133 753
25134 754
25135 754
25136 754
25137 754
25138 754
25139 754
25140 754
25141 754
25142 754
25143 754
25144 754
25145 754
25146 754
25147 754
25148 754
25149 754
25150 754
25151 754
25152 754
25153 754
25154 754
25155 754
25156 754
25157 754
25158 754
25159 754
25160 754
25161 754
25162 754
25163 754
25164 754
25165 754
25166 754
25167 755
25168 755
25169 755
25170 755
25171 755
25172 755
25173 755
25174 755
25175 755
25176 755
25177 755
25178 755
25179 755
25180 755
25181 755
25182 755
25183 755
25184 755
25185 755
25186 755
25187 755
25188 755
25189 755
25190 755
25191 755
25192 755
25193 755
25194 755
25195 755
25196 755
25197 755
25198 755
25199 755
25200 756
25201 756
25202 756
25203 756
25204 756
25205 756
25206 756
25207 756
25208 756
25209 756
25210 756
25211 756
25212 756
25213 756
25214 756
25215 756
25216 756
25217 756
25218 756
25219 756
25220 756
25221 756
25222 756
25223 756
25224 756
25225 756
25226 756
25227 756
25228 756
25229 756
25230 756
25231 756
25232 756
25233 756
25234 757
25235 757
25236 757
25237 757
25238 757
25239 757
25240 757
25241 757
25242 757
25243 757
25244 757
25245 757
25246 757
25247 757
25248 757
25249 757
25250 757
25251 757
25252 757
25253 757
25254 757
25255 757
25256 757
25257 757
25258 757
25259 757
25260 757
25261 757
25262 757
25263 757
25264 757
25265 757
25266 757
25267 758
25268 758
25269 758
25270 758
25271 758
25272 758
25273 758
25274 758
25275 758
25276 758
25277 758
25278 758
25279 758
25280 758
25281 758
25282 758
25283 758
25284 758
25285 758
25286 758
25287 758
25288 758
25289 758
25290 758
25291 758
25292 758
25293 758
25294 758
25295 758
25296 758
25297 758
25298 758
25299 758
25300 759
25301 759
25302 759
25303 759
25304 759
25305 759
25306 759
25307 759
25308 759
25309 759
25310 759
25311 759
25312 759
25313 759
25314 759
25315 759
25316 759
25317 759
25318 759
25319 759
25320 759
25321 759
25322 759
25323 759
25324 759
25325 759
25326 759
25327 759
25328 759
25329 759
25330 759
25331 759
25332 759
25333 759
25334 760
25335 760
25336 760
25337 760
25338 760
25339 760
25340 760
25341 760
25342 760
25343 760
25344 760
25345 760
25346 760
25347 760
25348 760
25349 760
25350 760
25351 760
25352 760
25353 760
25354 760
25355 760
25356 760
25357 760
25358 760
25359 760
25360 760
25361 760
25362 760
25363 760
25364 760
25365 760
25366 760
25367 761
25368 761
25369 761
25370 761
25371 761
25372 761
25373 761
25374 761
25375 761
25376 761
25377 761
25378 761
25379 761
25380 761
25381 761
25382 761
25383 761
25384 761
25385 761
25386 761
25387 761
25388 761
25389 761
25390 761
25391 761
25392 761
25393 761
25394 761
25395 761
25396 761
25397 761
25398 761
25399 761
25400 762
25401 762
25402 762
25403 762
25404 762
25405 762
25406 762
25407 762
25408 762
25409 762
25410 762
25411 762
25412 762
25413 762
25414 762
25415 762
25416 762
25417 762
25418 762
25419 762
25420 762
25421 762
25422 762
25423 762
25424 762
25425 762
25426 762
25427 762
25428 762
25429 762
25430 762
25431 762
25432 762
25433 762
25434 763
25435 763
25436 763
25437 763
25438 763
25439 763
25440 763
25441 763
25442 763
25443 763
25444 763
25445 763
25446 763
25447 763
25448 763
25449 763
25450 763
25451 763
25452 763
25453 763
25454 763
25455 763
25456 763
25457 763
25458 763
25459 763
25460 763
25461 763
25462 763
25463 763
25464 763
25465 763
25466 763
25467 764
25468 764
25469 764
25470 764
25471 764
25472 764
25473 764
25474 764
25475 764
25476 764
25477 764
25478 764
25479 764
25480 764
25481 764
25482 764
25483 764
25484 764
25485 764
25486 764
25487 764
25488 764
25489 764
25490 764
25491 764
25492 764
25493 764
25494 764
25495 764
25496 764
25497 764
25498 764
25499 764
25500 765
25501 765
25502 765
25503 765
25504 765
25505 765
25506 765
25507 765
25508 765
25509 765
25510 765
25511 765
25512 765
25513 765
25514 765
25515 765
25516 765
25517 765
25518 765
25519 765
25520 765
25521 765
25522 765
25523 765
25524 765
25525 765
25526 765
25527 765
25528 765
25529 765
25530 765
25531 765
25532 765
25533 765
25534 766
25535 766
25536 766
25537 766
25538 766
25539 766
25540 766
25541 766
25542 766
25543 766
25544 766
25545 766
25546 766
25547 766
25548 766
25549 766
25550 766
25551 766
25552 766
25553 766
25554 766
25555 766
25556 766
25557 766
25558 766
25559 766
25560 766
25561 766
25562 766
25563 766
25564 766
25565 766
25566 766
25567 767
25568 767
25569 767
25570 767
25571 767
25572 767
25573 767
25574 767
25575 767
25576 767
25577 767
25578 767
25579 767
25580 767
25581 767
25582 767
25583 767
25584 767
25585 767
25586 767
25587 767
25588 767
25589 767
25590 767
25591 767
25592 767
25593 767
25594 767
25595 767
25596 767
25597 767
25598 767
25599 767
25600 768
25601 768
25602 768
25603 768
25604 768
25605 768
25606 768
25607 768
25608 768
25609 768
25610 768
25611 768
25612 768
25613 768
25614 768
25615 768
25616 768
25617 768
25618 768
25619 768
25620 768
25621 768
25622 768
25623 768
25624 768
25625 768
25626 768
25627 768
25628 768
25629 768
25630 768
25631 768
25632 768
25633 768
25634 769
25635 769
25636 769
25637 769
25638 769
25639 769
25640 769
25641 769
25642 769
25643 769
25644 769
25645 769
25646 769
25647 769
25648 769
25649 769
25650 769
25651 769
25652 769
25653 769
25654 769
25655 769
25656 769
25657 769
25658 769
25659 769
25660 769
25661 769
25662 769
25663 769
25664 769
25665 769
25666 769
25667 770
25668 770
25669 770
25670 770
25671 770
25672 770
25673 770
25674 770
25675 770
25676 770
25677 770
25678 770
25679 770
25680 770
25681 770
25682 770
25683 770
25684 770
25685 770
25686 770
25687 770
25688 770
25689 770
25690 770
25691 770
25692 770
25693 770
25694 770
25695 770
25696 770
25697 770
25698 770
25699 770
25700 771
25701 771
25702 771
25703 771
25704 771
25705 771
25706 771
25707 771
25708 771
25709 771
25710 771
25711 771
25712 771
25713 771
25714 771
25715 771
25716 771
25717 771
25718 771
25719 771
25720 771
25721 771
25722 771
25723 771
25724 771
25725 771
25726 771
25727 771
25728 771
25729 771
25730 771
25731 771
25732 771
25733 771
25734 772
25735 772
25736 772
25737 772
25738 772
25739 772
25740 772
25741 772
25742 772
25743 772
25744 772
25745 772
25746 772
25747 772
25748 772
25749 772
25750 772
25751 772
25752 772
25753 772
25754 772
25755 772
25756 772
25757 772
25758 772
25759 772
25760 772
25761 772
25762 772
25763 772
25764 772
25765 772
25766 772
25767 773
25768 773
25769 773
25770 773
25771 773
25772 773
25773 773
25774 773
25775 773
25776 773
25777 773
25778 773
25779 773
25780 773
25781 773
25782 773
25783 773
25784 773
25785 773
25786 773
25787 773
25788 773
25789 773
25790 773
25791 773
25792 773
25793 773
25794 773
25795 773
25796 773
25797 773
25798 773
25799 773
25800 774
25801 774
25802 774
25803 774
25804 774
25805 774
25806 774
25807 774
25808 774
25809 774
25810 774
25811 774
25812 774
25813 774
25814 774
25815 774
25816 774
25817 774
25818 774
25819 774
25820 774
25821 774
25822 774
25823 774
25824 774
25825 774
25826 774
25827 774
25828 774
25829 774
25830 774
25831 774
25832 774
25833 774
25834 775
25835 775
25836 775
25837 775
25838 775
25839 775
25840 775
25841 775
25842 775
25843 775
25844 775
25845 775
25846 775
25847 775
25848 775
25849 775
25850 775
25851 775
25852 775
25853 775
25854 775
25855 775
25856 775
25857 775
25858 775
25859 775
25860 775
25861 775
25862 775
25863 775
25864 775
25865 775
25866 775
25867 776
25868 776
25869 776
25870 776
25871 776
25872 776
25873 776
25874 776
25875 776
25876 776
25877 776
25878 776
25879 776
25880 776
25881 776
25882 776
25883 776
25884 776
25885 776
25886 776
25887 776
25888 776
25889 776
25890 776
25891 776
25892 776
25893 776
25894 776
25895 776
25896 776
25897 776
25898 776
25899 776
25900 777
25901 777
25902 777
25903 777
25904 777
25905 777
25906 777
25907 777
25908 777
25909 777
25910 777
25911 777
25912 777
25913 777
25914 777
25915 777
25916 777
25917 777
25918 777
25919 777
25920 777
25921 777
25922 777
25923 777
25924 777
25925 777
25926 777
25927 777
25928 777
25929 777
25930 777
25931 777
25932 777
25933 777
25934 778
25935 778
25936 778
25937 778
25938 778
25939 778
25940 778
25941 778
25942 778
25943 778
25944 778
25945 778
25946 778
25947 778
25948 778
25949 778
25950 778
25951 778
25952 778
25953 778
25954 778
25955 778
25956 778
25957 778
25958 778
25959 778
25960 778
25961 778
25962 778
25963 778
25964 778
25965 778
25966 778
25967 779
25968 779
25969 779
25970 779
25971 779
25972 779
25973 779
25974 779
25975 779
25976 779
25977 779
25978 779
25979 779
25980 779
25981 779
25982 779
25983 779
25984 779
25985 779
25986 779
25987 779
25988 779
25989 779
25990 779
25991 779
25992 779
25993 779
25994 779
25995 779
25996 779
25997 779
25998 779
25999 779
26000 780
26001 780
26002 780
26003 780
26004 780
26005 780
26006 780
26007 780
26008 780
26009 780
26010 780
26011 780
26012 780
26013 780
26014 780
26015 780
26016 780
26017 780
26018 780
26019 780
26020 780
26021 780
26022 780
26023 780
26024 780
26025 780
26026 780
26027 780
26028 780
26029 780
26030 780
26031 780
26032 780
26033 780
26034 781
26035 781
26036 781
26037 781
26038 781
26039 781
26040 781
26041 781
26042 781
26043 781
26044 781
26045 781
26046 781
26047 781
26048 781
26049 781
26050 781
26051 781
26052 781
26053 781
26054 781
26055 781
26056 781
26057 781
26058 781
26059 781
26060 781
26061 781
26062 781
26063 781
26064 781
26065 781
26066 781
26067 782
26068 782
26069 782
26070 782
26071 782
26072 782
26073 782
26074 782
26075 782
26076 782
26077 782
26078 782
26079 782
26080 782
26081 782
26082 782
26083 782
26084 782
26085 782
26086 782
26087 782
26088 782
26089 782
26090 782
26091 782
26092 782
26093 782
26094 782
26095 782
26096 782
26097 782
26098 782
26099 782
26100 783
26101 783
26102 783
26103 783
26104 783
26105 783
26106 783
26107 783
26108 783
26109 783
26110 783
26111 783
26112 783
26113 783
26114 783
26115 783
26116 783
26117 783
26118 783
26119 783
26120 783
26121 783
26122 783
26123 783
26124 783
26125 783
26126 783
26127 783
26128 783
26129 783
26130 783
26131 783
26132 783
26133 783
26134 784
26135 784
26136 784
26137 784
26138 784
26139 784
26140 784
26141 784
26142 784
26143 784
26144 784
26145 784
26146 784
26147 784
26148 784
26149 784
26150 784
26151 784
26152 784
26153 784
26154 784
26155 784
26156 784
26157 784
26158 784
26159 784
26160 784
26161 784
26162 784
26163 784
26164 784
26165 784
26166 784
26167 785
26168 785
26169 785
26170 785
26171 785
26172 785
26173 785
26174 785
26175 785
26176 785
26177 785
26178 785
26179 785
26180 785
26181 785
26182 785
26183 785
26184 785
26185 785
26186 785
26187 785
26188 785
26189 785
26190 785
26191 785
26192 785
26193 785
26194 785
26195 785
26196 785
26197 785
26198 785
26199 785
26200 786
26201 786
26202 786
26203 786
26204 786
26205 786
26206 786
26207 786
26208 786
26209 786
26210 786
26211 786
26212 786
26213 786
26214 786
26215 786
26216 786
26217 786
26218 786
26219 786
26220 786
26221 786
26222 786
26223 786
26224 786
26225 786
26226 786
26227 786
26228 786
26229 786
26230 786
26231 786
26232 786
26233 786
26234 787
26235 787
26236 787
26237 787
26238 787
26239 787
26240 787
26241 787
26242 787
26243 787
26244 787
26245 787
26246 787
26247 787
26248 787
26249 787
26250 787
26251 787
26252 787
26253 787
26254 787
26255 787
26256 787
26257 787
26258 787
26259 787
26260 787
26261 787
26262 787
26263 787
26264 787
26265 787
26266 787
26267 788
26268 788
26269 788
26270 788
26271 788
26272 788
26273 788
26274 788
26275 788
26276 788
26277 788
26278 788
26279 788
26280 788
26281 788
26282 788
26283 788
26284 788
26285 788
26286 788
26287 788
26288 788
26289 788
26290 788
26291 788
26292 788
26293 788
26294 788
26295 788
26296 788
26297 788
26298 788
26299 788
26300 789
26301 789
26302 789
26303 789
26304 789
26305 789
26306 789
26307 789
26308 789
26309 789
26310 789
26311 789
26312 789
26313 789
26314 789
26315 789
26316 789
26317 789
26318 789
26319 789
26320 789
26321 789
26322 789
26323 789
26324 789
26325 789
26326 789
26327 789
26328 789
26329 789
26330 789
26331 789
26332 789
26333 789
26334 790
26335 790
26336 790
26337 790
26338 790
26339 790
26340 790
26341 790
26342 790
26343 790
26344 790
26345 790
26346 790
26347 790
26348 790
26349 790
26350 790
26351 790
26352 790
26353 790
26354 790
26355 790
26356 790
26357 790
26358 790
26359 790
26360 790
26361 790
26362 790
26363 790
26364 790
26365 790
26366 790
26367 791
26368 791
26369 791
26370 791
26371 791
26372 791
26373 791
26374 791
26375 791
26376 791
26377 791
26378 791
26379 791
26380 791
26381 791
26382 791
26383 791
26384 791
26385 791
26386 791
26387 791
26388 791
26389 791
26390 791
26391 791
26392 791
26393 791
26394 791
26395 791
26396 791
26397 791
26398 791
26399 791
26400 792
26401 792
26402 792
26403 792
26404 792
26405 792
26406 792
26407 792
26408 792
26409 792
26410 792
26411 792
26412 792
26413 792
26414 792
26415 792
26416 792
26417 792
26418 792
26419 792
26420 792
26421 792
26422 792
26423 792
26424 792
26425 792
26426 792
26427 792
26428 792
26429 792
26430 792
26431 792
26432 792
26433 792
26434 793
26435 793
26436 793
26437 793
26438 793
26439 793
26440 793
26441 793
26442 793
26443 793
26444 793
26445 793
26446 793
26447 793
26448 793
26449 793
26450 793
26451 793
26452 793
26453 793
26454 793
26455 793
26456 793
26457 793
26458 793
26459 793
26460 793
26461 793
26462 793
26463 793
26464 793
26465 793
26466 793
26467 794
26468 794
26469 794
26470 794
26471 794
26472 794
26473 794
26474 794
26475 794
26476 794
26477 794
26478 794
26479 794
26480 794
26481 794
26482 794
26483 794
26484 794
26485 794
26486 794
26487 794
26488 794
26489 794
26490 794
26491 794
26492 794
26493 794
26494 794
26495 794
26496 794
26497 794
26498 794
26499 794
26500 795
26501 795
26502 795
26503 795
26504 795
26505 795
26506 795
26507 795
26508 795
26509 795
26510 795
26511 795
26512 795
26513 795
26514 795
26515 795
26516 795
26517 795
26518 795
26519 795
26520 795
26521 795
26522 795
26523 795
26524 795
26525 795
26526 795
26527 795
26528 795
26529 795
26530 795
26531 795
26532 795
26533 795
26534 796
26535 796
26536 796
26537 796
26538 796
26539 796
26540 796
26541 796
26542 796
26543 796
26544 796
26545 796
26546 796
26547 796
26548 796
26549 796
26550 796
26551 796
26552 796
26553 796
26554 796
26555 796
26556 796
26557 796
26558 796
26559 796
26560 796
26561 796
26562 796
26563 796
26564 796
26565 796
26566 796
26567 797
26568 797
26569 797
26570 797
26571 797
26572 797
26573 797
26574 797
26575 797
26576 797
26577 797
26578 797
26579 797
26580 797
26581 797
26582 797
26583 797
26584 797
26585 797
26586 797
26587 797
26588 797
26589 797
26590 797
26591 797
26592 797
26593 797
26594 797
26595 797
26596 797
26597 797
26598 797
26599 797
26600 798
26601 798
26602 798
26603 798
26604 798
26605 798
26606 798
26607 798
26608 798
26609 798
26610 798
26611 798
26612 798
26613 798
26614 798
26615 798
26616 798
26617 798
26618 798
26619 798
26620 798
26621 798
26622 798
26623 798
26624 798
26625 798
26626 798
26627 798
26628 798
26629 798
26630 798
26631 798
26632 798
26633 798
26634 799
26635 799
26636 799
26637 799
26638 799
26639 799
26640 799
26641 799
26642 799
26643 799
26644 799
26645 799
26646 799
26647 799
26648 799
26649 799
26650 799
26651 799
26652 799
26653 799
26654 799
26655 799
26656 799
26657 799
26658 799
26659 799
26660 799
26661 799
26662 799
26663 799
26664 799
26665 799
26666 799
26667 800
26668 800
26669 800
26670 800
26671 800
26672 800
26673 800
26674 800
26675 800
26676 800
26677 800
26678 800
26679 800
26680 800
26681 800
26682 800
26683 800
26684 800
26685 800
26686 800
26687 800
26688 800
26689 800
26690 800
26691 800
26692 800
26693 800
26694 800
26695 800
26696 800
26697 800
26698 800
26699 800
26700 801
26701 801
26702 801
26703 801
26704 801
26705 801
26706 801
26707 801
26708 801
26709 801
26710 801
26711 801
26712 801
26713 801
26714 801
26715 801
26716 801
26717 801
26718 801
26719 801
26720 801
26721 801
26722 801
26723 801
26724 801
26725 801
26726 801
26727 801
26728 801
26729 801
26730 801
26731 801
26732 801
26733 801
26734 802
26735 802
26736 802
26737 802
26738 802
26739 802
26740 802
26741 802
26742 802
26743 802
26744 802
26745 802
26746 802
26747 802
26748 802
26749 802
26750 802
26751 802
26752 802
26753 802
26754 802
26755 802
26756 802
26757 802
26758 802
26759 802
26760 802
26761 802
26762 802
26763 802
26764 802
26765 802
26766 802
26767 803
26768 803
26769 803
26770 803
26771 803
26772 803
26773 803
26774 803
26775 803
26776 803
26777 803
26778 803
26779 803
26780 803
26781 803
26782 803
26783 803
26784 803
26785 803
26786 803
26787 803
26788 803
26789 803
26790 803
26791 803
26792 803
26793 803
26794 803
26795 803
26796 803
26797 803
26798 803
26799 803
26800 804
26801 804
26802 804
26803 804
26804 804
26805 804
26806 804
26807 804
26808 804
26809 804
26810 804
26811 804
26812 804
26813 804
26814 804
26815 804
26816 804
26817 804
26818 804
26819 804
26820 804
26821 804
26822 804
26823 804
26824 804
26825 804
26826 804
26827 804
26828 804
26829 804
26830 804
26831 804
26832 804
26833 804
26834 805
26835 805
26836 805
26837 805
26838 805
26839 805
26840 805
26841 805
26842 805
26843 805
26844 805
26845 805
26846 805
26847 805
26848 805
26849 805
26850 805
26851 805
26852 805
26853 805
26854 805
26855 805
26856 805
26857 805
26858 805
26859 805
26860 805
26861 805
26862 805
26863 805
26864 805
26865 805
26866 805
26867 806
26868 806
26869 806
26870 806
26871 806
26872 806
26873 806
26874 806
26875 806
26876 806
26877 806
26878 806
26879 806
26880 806
26881 806
26882 806
26883 806
26884 806
26885 806
26886 806
26887 806
26888 806
26889 806
26890 806
26891 806
26892 806
26893 806
26894 806
26895 806
26896 806
26897 806
26898 806
26899 806
26900 807
26901 807
26902 807
26903 807
26904 807
26905 807
26906 807
26907 807
26908 807
26909 807
26910 807
26911 807
26912 807
26913 807
26914 807
26915 807
26916 807
26917 807
26918 807
26919 807
26920 807
26921 807
26922 807
26923 807
26924 807
26925 807
26926 807
26927 807
26928 807
26929 807
26930 807
26931 807
26932 807
26933 807
26934 808
26935 808
26936 808
26937 808
26938 808
26939 808
26940 808
26941 808
26942 808
26943 808
26944 808
26945 808
26946 808
26947 808
26948 808
26949 808
26950 808
26951 808
26952 808
26953 808
26954 808
26955 808
26956 808
26957 808
26958 808
26959 808
26960 808
26961 808
26962 808
26963 808
26964 808
26965 808
26966 808
26967 809
26968 809
26969 809
26970 809
26971 809
26972 809
26973 809
26974 809
26975 809
26976 809
26977 809
26978 809
26979 809
26980 809
26981 809
26982 809
26983 809
26984 809
26985 809
26986 809
26987 809
26988 809
26989 809
26990 809
26991 809
26992 809
26993 809
26994 809
26995 809
26996 809
26997 809
26998 809
26999 809
27000 810
27001 810
27002 810
27003 810
27004 810
27005 810
27006 810
27007 810
27008 810
27009 810
27010 810
27011 810
27012 810
27013 810
27014 810
27015 810
27016 810
27017 810
27018 810
27019 810
27020 810
27021 810
27022 810
27023 810
27024 810
27025 810
27026 810
27027 810
27028 810
27029 810
27030 810
27031 810
27032 810
27033 810
27034 811
27035 811
27036 811
27037 811
27038 811
27039 811
27040 811
27041 811
27042 811
27043 811
27044 811
27045 811
27046 811
27047 811
27048 811
27049 811
27050 811
27051 811
27052 811
27053 811
27054 811
27055 811
27056 811
27057 811
27058 811
27059 811
27060 811
27061 811
27062 811
27063 811
27064 811
27065 811
27066 811
27067 812
27068 812
27069 812
27070 812
27071 812
27072 812
27073 812
27074 812
27075 812
27076 812
27077 812
27078 812
27079 812
27080 812
27081 812
27082 812
27083 812
27084 812
27085 812
27086 812
27087 812
27088 812
27089 812
27090 812
27091 812
27092 812
27093 812
27094 812
27095 812
27096 812
27097 812
27098 812
27099 812
27100 813
27101 813
27102 813
27103 813
27104 813
27105 813
27106 813
27107 813
27108 813
27109 813
27110 813
27111 813
27112 813
27113 813
27114 813
27115 813
27116 813
27117 813
27118 813
27119 813
27120 813
27121 813
27122 813
27123 813
27124 813
27125 813
27126 813
27127 813
27128 813
27129 813
27130 813
27131 813
27132 813
27133 813
27134 814
27135 814
27136 814
27137 814
27138 814
27139 814
27140 814
27141 814
27142 814
27143 814
27144 814
27145 814
27146 814
27147 814
27148 814
27149 814
27150 814
27151 814
27152 814
27153 814
27154 814
27155 814
27156 814
27157 814
27158 814
27159 814
27160 814
27161 814
27162 814
27163 814
27164 814
27165 814
27166 814
27167 815
27168 815
27169 815
27170 815
27171 815
27172 815
27173 815
27174 815
27175 815
27176 815
27177 815
27178 815
27179 815
27180 815
27181 815
27182 815
27183 815
27184 815
27185 815
27186 815
27187 815
27188 815
27189 815
27190 815
27191 815
27192 815
27193 815
27194 815
27195 815
27196 815
27197 815
27198 815
27199 815
27200 816
27201 816
27202 816
27203 816
27204 816
27205 816
27206 816
27207 816
27208 816
27209 816
27210 816
27211 816
27212 816
27213 816
27214 816
27215 816
27216 816
27217 816
27218 816
27219 816
27220 816
27221 816
27222 816
27223 816
27224 816
27225 816
27226 816
27227 816
27228 816
27229 816
27230 816
27231 816
27232 816
27233 816
27234 817
27235 817
27236 817
27237 817
27238 817
27239 817
27240 817
27241 817
27242 817
27243 817
27244 817
27245 817
27246 817
27247 817
27248 817
27249 817
27250 817
27251 817
27252 817
27253 817
27254 817
27255 817
27256 817
27257 817
27258 817
27259 817
27260 817
27261 817
27262 817
27263 817
27264 817
27265 817
27266 817
27267 818
27268 818
27269 818
27270 818
27271 818
27272 818
27273 818
27274 818
27275 818
27276 818
27277 818
27278 818
27279 818
27280 818
27281 818
27282 818
27283 818
27284 818
27285 818
27286 818
27287 818
27288 818
27289 818
27290 818
27291 818
27292 818
27293 818
27294 818
27295 818
27296 818
27297 818
27298 818
27299 818
27300 819
27301 819
27302 819
27303 819
27304 819
27305 819
27306 819
27307 819
27308 819
27309 819
27310 819
27311 819
27312 819
27313 819
27314 819
27315 819
27316 819
27317 819
27318 819
27319 819
27320 819
27321 819
27322 819
27323 819
27324 819
27325 819
27326 819
27327 819
27328 819
27329 819
27330 819
27331 819
27332 819
27333 819
27334 820
27335 820
27336 820
27337 820
27338 820
27339 820
27340 820
27341 820
27342 820
27343 820
27344 820
27345 820
27346 820
27347 820
27348 820
27349 820
27350 820
27351 820
27352 820
27353 820
27354 820
27355 820
27356 820
27357 820
27358 820
27359 820
27360 820
27361 820
27362 820
27363 820
27364 820
27365 820
27366 820
27367 821
27368 821
27369 821
27370 821
27371 821
27372 821
27373 821
27374 821
27375 821
27376 821
27377 821
27378 821
27379 821
27380 821
27381 821
27382 821
27383 821
27384 821
27385 821
27386 821
27387 821
27388 821
27389 821
27390 821
27391 821
27392 821
27393 821
27394 821
27395 821
27396 821
27397 821
27398 821
27399 821
27400 822
27401 822
27402 822
27403 822
27404 822
27405 822
27406 822
27407 822
27408 822
27409 822
27410 822
27411 822
27412 822
27413 822
27414 822
27415 822
27416 822
27417 822
27418 822
27419 822
27420 822
27421 822
27422 822
27423 822
27424 822
27425 822
27426 822
27427 822
27428 822
27429 822
27430 822
27431 822
27432 822
27433 822
27434 823
27435 823
27436 823
27437 823
27438 823
27439 823
27440 823
27441 823
27442 823
27443 823
27444 823
27445 823
27446 823
27447 823
27448 823
27449 823
27450 823
27451 823
27452 823
27453 823
27454 823
27455 823
27456 823
27457 823
27458 823
27459 823
27460 823
27461 823
27462 823
27463 823
27464 823
27465 823
27466 823
27467 824
27468 824
27469 824
27470 824
27471 824
27472 824
27473 824
27474 824
27475 824
27476 824
27477 824
27478 824
27479 824
27480 824
27481 824
27482 824
27483 824
27484 824
27485 824
27486 824
27487 824
27488 824
27489 824
27490 824
27491 824
27492 824
27493 824
27494 824
27495 824
27496 824
27497 824
27498 824
27499 824
27500 825
27501 825
27502 825
27503 825
27504 825
27505 825
27506 825
27507 825
27508 825
27509 825
27510 825
27511 825
27512 825
27513 825
27514 825
27515 825
27516 825
27517 825
27518 825
27519 825
27520 825
27521 825
27522 825
27523 825
27524 825
27525 825
27526 825
27527 825
27528 825
27529 825
27530 825
27531 825
27532 825
27533 825
27534 826
27535 826
27536 826
27537 826
27538 826
27539 826
27540 826
27541 826
27542 826
27543 826
27544 826
27545 826
27546 826
27547 826
27548 826
27549 826
27550 826
27551 826
27552 826
27553 826
27554 826
27555 826
27556 826
27557 826
27558 826
27559 826
27560 826
27561 826
27562 826
27563 826
27564 826
27565 826
27566 826
27567 827
27568 827
27569 827
27570 827
27571 827
27572 827
27573 827
27574 827
27575 827
27576 827
27577 827
27578 827
27579 827
27580 827
27581 827
27582 827
27583 827
27584 827
27585 827
27586 827
27587 827
27588 827
27589 827
27590 827
27591 827
27592 827
27593 827
27594 827
27595 827
27596 827
27597 827
27598 827
27599 827
27600 828
27601 828
27602 828
27603 828
27604 828
27605 828
27606 828
27607 828
27608 828
27609 828
27610 828
27611 828
27612 828
27613 828
27614 828
27615 828
27616 828
27617 828
27618 828
27619 828
27620 828
27621 828
27622 828
27623 828
27624 828
27625 828
27626 828
27627 828
27628 828
27629 828
27630 828
27631 828
27632 828
27633 828
27634 829
27635 829
27636 829
27637 829
27638 829
27639 829
27640 829
27641 829
27642 829
27643 829
27644 829
27645 829
27646 829
27647 829
27648 829
27649 829
27650 829
27651 829
27652 829
27653 829
27654 829
27655 829
27656 829
27657 829
27658 829
27659 829
27660 829
27661 829
27662 829
27663 829
27664 829
27665 829
27666 829
27667 830
27668 830
27669 830
27670 830
27671 830
27672 830
27673 830
27674 830
27675 830
27676 830
27677 830
27678 830
27679 830
27680 830
27681 830
27682 830
27683 830
27684 830
27685 830
27686 830
27687 830
27688 830
27689 830
27690 830
27691 830
27692 830
27693 830
27694 830
27695 830
27696 830
27697 830
27698 830
27699 830
27700 831
27701 831
27702 831
27703 831
27704 831
27705 831
27706 831
27707 831
27708 831
27709 831
27710 831
27711 831
27712 831
27713 831
27714 831
27715 831
27716 831
27717 831
27718 831
27719 831
27720 831
27721 831
27722 831
27723 831
27724 831
27725 831
27726 831
27727 831
27728 831
27729 831
27730 831
27731 831
27732 831
27733 831
27734 832
27735 832
27736 832
27737 832
27738 832
27739 832
27740 832
27741 832
27742 832
27743 832
27744 832
27745 832
27746 832
27747 832
27748 832
27749 832
27750 832
27751 832
27752 832
27753 832
27754 832
27755 832
27756 832
27757 832
27758 832
27759 832
27760 832
27761 832
27762 832
27763 832
27764 832
27765 832
27766 832
27767 833
27768 833
27769 833
27770 833
27771 833
27772 833
27773 833
27774 833
27775 833
27776 833
27777 833
27778 833
27779 833
27780 833
27781 833
27782 833
27783 833
27784 833
27785 833
27786 833
27787 833
27788 833
27789 833
27790 833
27791 833
27792 833
27793 833
27794 833
27795 833
27796 833
27797 833
27798 833
27799 833
27800 834
27801 834
27802 834
27803 834
27804 834
27805 834
27806 834
27807 834
27808 834
27809 834
27810 834
27811 834
27812 834
27813 834
27814 834
27815 834
27816 834
27817 834
27818 834
27819 834
27820 834
27821 834
27822 834
27823 834
27824 834
27825 834
27826 834
27827 834
27828 834
27829 834
27830 834
27831 834
27832 834
27833 834
27834 835
27835 835
27836 835
27837 835
27838 835
27839 835
27840 835
27841 835
27842 835
27843 835
27844 835
27845 835
27846 835
27847 835
27848 835
27849 835
27850 835
27851 835
27852 835
27853 835
27854 835
27855 835
27856 835
27857 835
27858 835
27859 835
27860 835
27861 835
27862 835
27863 835
27864 835
27865 835
27866 835
27867 836
27868 836
27869 836
27870 836
27871 836
27872 836
27873 836
27874 836
27875 836
27876 836
27877 836
27878 836
27879 836
27880 836
27881 836
27882 836
27883 836
27884 836
27885 836
27886 836
27887 836
27888 836
27889 836
27890 836
27891 836
27892 836
27893 836
27894 836
27895 836
27896 836
27897 836
27898 836
27899 836
27900 837
27901 837
27902 837
27903 837
27904 837
27905 837
27906 837
27907 837
27908 837
27909 837
27910 837
27911 837
27912 837
27913 837
27914 837
27915 837
27916 837
27917 837
27918 837
27919 837
27920 837
27921 837
27922 837
27923 837
27924 837
27925 837
27926 837
27927 837
27928 837
27929 837
27930 837
27931 837
27932 837
27933 837
27934 838
27935 838
27936 838
27937 838
27938 838
27939 838
27940 838
27941 838
27942 838
27943 838
27944 838
27945 838
27946 838
27947 838
27948 838
27949 838
27950 838
27951 838
27952 838
27953 838
27954 838
27955 838
27956 838
27957 838
27958 838
27959 838
27960 838
27961 838
27962 838
27963 838
27964 838
27965 838
27966 838
27967 839
27968 839
27969 839
27970 839
27971 839
27972 839
27973 839
27974 839
27975 839
27976 839
27977 839
27978 839
27979 839
27980 839
27981 839
27982 839
27983 839
27984 839
27985 839
27986 839
27987 839
27988 839
27989 839
27990 839
27991 839
27992 839
27993 839
27994 839
27995 839
27996 839
27997 839
27998 839
27999 839
28000 840
28001 840
28002 840
28003 840
28004 840
28005 840
28006 840
28007 840
28008 840
28009 840
28010 840
28011 840
28012 840
28013 840
28014 840
28015 840
28016 840
28017 840
28018 840
28019 840
28020 840
28021 840
28022 840
28023 840
28024 840
28025 840
28026 840
28027 840
28028 840
28029 840
28030 840
28031 840
28032 840
28033 840
28034 841
28035 841
28036 841
28037 841
28038 841
28039 841
28040 841
28041 841
28042 841
28043 841
28044 841
28045 841
28046 841
28047 841
28048 841
28049 841
28050 841
28051 841
28052 841
28053 841
28054 841
28055 841
28056 841
28057 841
28058 841
28059 841
28060 841
28061 841
28062 841
28063 841
28064 841
28065 841
28066 841
28067 842
28068 842
28069 842
28070 842
28071 842
28072 842
28073 842
28074 842
28075 842
28076 842
28077 842
28078 842
28079 842
28080 842
28081 842
28082 842
28083 842
28084 842
28085 842
28086 842
28087 842
28088 842
28089 842
28090 842
28091 842
28092 842
28093 842
28094 842
28095 842
28096 842
28097 842
28098 842
28099 842
28100 843
28101 843
28102 843
28103 843
28104 843
28105 843
28106 843
28107 843
28108 843
28109 843
28110 843
28111 843
28112 843
28113 843
28114 843
28115 843
28116 843
28117 843
28118 843
28119 843
28120 843
28121 843
28122 843
28123 843
28124 843
28125 843
28126 843
28127 843
28128 843
28129 843
28130 843
28131 843
28132 843
28133 843
28134 844
28135 844
28136 844
28137 844
28138 844
28139 844
28140 844
28141 844
28142 844
28143 844
28144 844
28145 844
28146 844
28147 844
28148 844
28149 844
28150 844
28151 844
28152 844
28153 844
28154 844
28155 844
28156 844
28157 844
28158 844
28159 844
28160 844
28161 844
28162 844
28163 844
28164 844
28165 844
28166 844
28167 845
28168 845
28169 845
28170 845
28171 845
28172 845
28173 845
28174 845
28175 845
28176 845
28177 845
28178 845
28179 845
28180 845
28181 845
28182 845
28183 845
28184 845
28185 845
28186 845
28187 845
28188 845
28189 845
28190 845
28191 845
28192 845
28193 845
28194 845
28195 845
28196 845
28197 845
28198 845
28199 845
28200 846
28201 846
28202 846
28203 846
28204 846
28205 846
28206 846
28207 846
28208 846
28209 846
28210 846
28211 846
28212 846
28213 846
28214 846
28215 846
28216 846
28217 846
28218 846
28219 846
28220 846
28221 846
28222 846
28223 846
28224 846
28225 846
28226 846
28227 846
28228 846
28229 846
28230 846
28231 846
28232 846
28233 846
28234 847
28235 847
28236 847
28237 847
28238 847
28239 847
28240 847
28241 847
28242 847
28243 847
28244 847
28245 847
28246 847
28247 847
28248 847
28249 847
28250 847
28251 847
28252 847
28253 847
28254 847
28255 847
28256 847
28257 847
28258 847
28259 847
28260 847
28261 847
28262 847
28263 847
28264 847
28265 847
28266 847
28267 848
28268 848
28269 848
28270 848
28271 848
28272 848
28273 848
28274 848
28275 848
28276 848
28277 848
28278 848
28279 848
28280 848
28281 848
28282 848
28283 848
28284 848
28285 848
28286 848
28287 848
28288 848
28289 848
28290 848
28291 848
28292 848
28293 848
28294 848
28295 848
28296 848
28297 848
28298 848
28299 848
28300 849
28301 849
28302 849
28303 849
28304 849
28305 849
28306 849
28307 849
28308 849
28309 849
28310 849
28311 849
28312 849
28313 849
28314 849
28315 849
28316 849
28317 849
28318 849
28319 849
28320 849
28321 849
28322 849
28323 849
28324 849
28325 849
28326 849
28327 849
28328 849
28329 849
28330 849
28331 849
28332 849
28333 849
28334 850
28335 850
28336 850
28337 850
28338 850
28339 850
28340 850
28341 850
28342 850
28343 850
28344 850
28345 850
28346 850
28347 850
28348 850
28349 850
28350 850
28351 850
28352 850
28353 850
28354 850
28355 850
28356 850
28357 850
28358 850
28359 850
28360 850
28361 850
28362 850
28363 850
28364 850
28365 850
28366 850
28367 851
28368 851
28369 851
28370 851
28371 851
28372 851
28373 851
28374 851
28375 851
28376 851
28377 851
28378 851
28379 851
28380 851
28381 851
28382 851
28383 851
28384 851
28385 851
28386 851
28387 851
28388 851
28389 851
28390 851
28391 851
28392 851
28393 851
28394 851
28395 851
28396 851
28397 851
28398 851
28399 851
28400 852
28401 852
28402 852
28403 852
28404 852
28405 852
28406 852
28407 852
28408 852
28409 852
28410 852
28411 852
28412 852
28413 852
28414 852
28415 852
28416 852
28417 852
28418 852
28419 852
28420 852
28421 852
28422 852
28423 852
28424 852
28425 852
28426 852
28427 852
28428 852
28429 852
28430 852
28431 852
28432 852
28433 852
28434 853
28435 853
28436 853
28437 853
28438 853
28439 853
28440 853
28441 853
28442 853
28443 853
28444 853
28445 853
28446 853
28447 853
28448 853
28449 853
28450 853
28451 853
28452 853
28453 853
28454 853
28455 853
28456 853
28457 853
28458 853
28459 853
28460 853
28461 853
28462 853
28463 853
28464 853
28465 853
28466 853
28467 854
28468 854
28469 854
28470 854
28471 854
28472 854
28473 854
28474 854
28475 854
28476 854
28477 854
28478 854
28479 854
28480 854
28481 854
28482 854
28483 854
28484 854
28485 854
28486 854
28487 854
28488 854
28489 854
28490 854
28491 854
28492 854
28493 854
28494 854
28495 854
28496 854
28497 854
28498 854
28499 854
28500 855
28501 855
28502 855
28503 855
28504 855
28505 855
28506 855
28507 855
28508 855
28509 855
28510 855
28511 855
28512 855
28513 855
28514 855
28515 855
28516 855
28517 855
28518 855
28519 855
28520 855
28521 855
28522 855
28523 855
28524 855
28525 855
28526 855
28527 855
28528 855
28529 855
28530 855
28531 855
28532 855
28533 855
28534 856
28535 856
28536 856
28537 856
28538 856
28539 856
28540 856
28541 856
28542 856
28543 856
28544 856
28545 856
28546 856
28547 856
28548 856
28549 856
28550 856
28551 856
28552 856
28553 856
28554 856
28555 856
28556 856
28557 856
28558 856
28559 856
28560 856
28561 856
28562 856
28563 856
28564 856
28565 856
28566 856
28567 857
28568 857
28569 857
28570 857
28571 857
28572 857
28573 857
28574 857
28575 857
28576 857
28577 857
28578 857
28579 857
28580 857
28581 857
28582 857
28583 857
28584 857
28585 857
28586 857
28587 857
28588 857
28589 857
28590 857
28591 857
28592 857
28593 857
28594 857
28595 857
28596 857
28597 857
28598 857
28599 857
28600 858
28601 858
28602 858
28603 858
28604 858
28605 858
28606 858
28607 858
28608 858
28609 858
28610 858
28611 858
28612 858
28613 858
28614 858
28615 858
28616 858
28617 858
28618 858
28619 858
28620 858
28621 858
28622 858
28623 858
28624 858
28625 858
28626 858
28627 858
28628 858
28629 858
28630 858
28631 858
28632 858
28633 858
28634 859
28635 859
28636 859
28637 859
28638 859
28639 859
28640 859
28641 859
28642 859
28643 859
28644 859
28645 859
28646 859
28647 859
28648 859
28649 859
28650 859
28651 859
28652 859
28653 859
28654 859
28655 859
28656 859
28657 859
28658 859
28659 859
28660 859
28661 859
28662 859
28663 859
28664 859
28665 859
28666 859
28667 860
28668 860
28669 860
28670 860
28671 860
28672 860
28673 860
28674 860
28675 860
28676 860
28677 860
28678 860
28679 860
28680 860
28681 860
28682 860
28683 860
28684 860
28685 860
28686 860
28687 860
28688 860
28689 860
28690 860
28691 860
28692 860
28693 860
28694 860
28695 860
28696 860
28697 860
28698 860
28699 860
28700 861
28701 861
28702 861
28703 861
28704 861
28705 861
28706 861
28707 861
28708 861
28709 861
28710 861
28711 861
28712 861
28713 861
28714 861
28715 861
28716 861
28717 861
28718 861
28719 861
28720 861
28721 861
28722 861
28723 861
28724 861
28725 861
28726 861
28727 861
28728 861
28729 861
28730 861
28731 861
28732 861
28733 861
28734 862
28735 862
28736 862
28737 862
28738 862
28739 862
28740 862
28741 862
28742 862
28743 862
28744 862
28745 862
28746 862
28747 862
28748 862
28749 862
28750 862
28751 862
28752 862
28753 862
28754 862
28755 862
28756 862
28757 862
28758 862
28759 862
28760 862
28761 862
28762 862
28763 862
28764 862
28765 862
28766 862
28767 863
28768 863
28769 863
28770 863
28771 863
28772 863
28773 863
28774 863
28775 863
28776 863
28777 863
28778 863
28779 863
28780 863
28781 863
28782 863
28783 863
28784 863
28785 863
28786 863
28787 863
28788 863
28789 863
28790 863
28791 863
28792 863
28793 863
28794 863
28795 863
28796 863
28797 863
28798 863
28799 863
28800 864
28801 864
28802 864
28803 864
28804 864
28805 864
28806 864
28807 864
28808 864
28809 864
28810 864
28811 864
28812 864
28813 864
28814 864
28815 864
28816 864
28817 864
28818 864
28819 864
28820 864
28821 864
28822 864
28823 864
28824 864
28825 864
28826 864
28827 864
28828 864
28829 864
28830 864
28831 864
28832 864
28833 864
28834 865
28835 865
28836 865
28837 865
28838 865
28839 865
28840 865
28841 865
28842 865
28843 865
28844 865
28845 865
28846 865
28847 865
28848 865
28849 865
28850 865
28851 865
28852 865
28853 865
28854 865
28855 865
28856 865
28857 865
28858 865
28859 865
28860 865
28861 865
28862 865
28863 865
28864 865
28865 865
28866 865
28867 866
28868 866
28869 866
28870 866
28871 866
28872 866
28873 866
28874 866
28875 866
28876 866
28877 866
28878 866
28879 866
28880 866
28881 866
28882 866
28883 866
28884 866
28885 866
28886 866
28887 866
28888 866
28889 866
28890 866
28891 866
28892 866
28893 866
28894 866
28895 866
28896 866
28897 866
28898 866
28899 866
28900 867
28901 867
28902 867
28903 867
28904 867
28905 867
28906 867
28907 867
28908 867
28909 867
28910 867
28911 867
28912 867
28913 867
28914 867
28915 867
28916 867
28917 867
28918 867
28919 867
28920 867
28921 867
28922 867
28923 867
28924 867
28925 867
28926 867
28927 867
28928 867
28929 867
28930 867
28931 867
28932 867
28933 867
28934 868
28935 868
28936 868
28937 868
28938 868
28939 868
28940 868
28941 868
28942 868
28943 868
28944 868
28945 868
28946 868
28947 868
28948 868
28949 868
28950 868
28951 868
28952 868
28953 868
28954 868
28955 868
28956 868
28957 868
28958 868
28959 868
28960 868
28961 868
28962 868
28963 868
28964 868
28965 868
28966 868
28967 869
28968 869
28969 869
28970 869
28971 869
28972 869
28973 869
28974 869
28975 869
28976 869
28977 869
28978 869
28979 869
28980 869
28981 869
28982 869
28983 869
28984 869
28985 869
28986 869
28987 869
28988 869
28989 869
28990 869
28991 869
28992 869
28993 869
28994 869
28995 869
28996 869
28997 869
28998 869
28999 869
29000 870
29001 870
29002 870
29003 870
29004 870
29005 870
29006 870
29007 870
29008 870
29009 870
29010 870
29011 870
29012 870
29013 870
29014 870
29015 870
29016 870
29017 870
29018 870
29019 870
29020 870
29021 870
29022 870
29023 870
29024 870
29025 870
29026 870
29027 870
29028 870
29029 870
29030 870
29031 870
29032 870
29033 870
29034 871
29035 871
29036 871
29037 871
29038 871
29039 871
29040 871
29041 871
29042 871
29043 871
29044 871
29045 871
29046 871
29047 871
29048 871
29049 871
29050 871
29051 871
29052 871
29053 871
29054 871
29055 871
29056 871
29057 871
29058 871
29059 871
29060 871
29061 871
29062 871
29063 871
29064 871
29065 871
29066 871
29067 872
29068 872
29069 872
29070 872
29071 872
29072 872
29073 872
29074 872
29075 872
29076 872
29077 872
29078 872
29079 872
29080 872
29081 872
29082 872
29083 872
29084 872
29085 872
29086 872
29087 872
29088 872
29089 872
29090 872
29091 872
29092 872
29093 872
29094 872
29095 872
29096 872
29097 872
29098 872
29099 872
29100 873
29101 873
29102 873
29103 873
29104 873
29105 873
29106 873
29107 873
29108 873
29109 873
29110 873
29111 873
29112 873
29113 873
29114 873
29115 873
29116 873
29117 873
29118 873
29119 873
29120 873
29121 873
29122 873
29123 873
29124 873
29125 873
29126 873
29127 873
29128 873
29129 873
29130 873
29131 873
29132 873
29133 873
29134 874
29135 874
29136 874
29137 874
29138 874
29139 874
29140 874
29141 874
29142 874
29143 874
29144 874
29145 874
29146 874
29147 874
29148 874
29149 874
29150 874
29151 874
29152 874
29153 874
29154 874
29155 874
29156 874
29157 874
29158 874
29159 874
29160 874
29161 874
29162 874
29163 874
29164 874
29165 874
29166 874
29167 875
29168 875
29169 875
29170 875
29171 875
29172 875
29173 875
29174 875
29175 875
29176 875
29177 875
29178 875
29179 875
29180 875
29181 875
29182 875
29183 875
29184 875
29185 875
29186 875
29187 875
29188 875
29189 875
29190 875
29191 875
29192 875
29193 875
29194 875
29195 875
29196 875
29197 875
29198 875
29199 875
29200 876
29201 876
29202 876
29203 876
29204 876
29205 876
29206 876
29207 876
29208 876
29209 876
29210 876
29211 876
29212 876
29213 876
29214 876
29215 876
29216 876
29217 876
29218 876
29219 876
29220 876
29221 876
29222 876
29223 876
29224 876
29225 876
29226 876
29227 876
29228 876
29229 876
29230 876
29231 876
29232 876
29233 876
29234 877
29235 877
29236 877
29237 877
29238 877
29239 877
29240 877
29241 877
29242 877
29243 877
29244 877
29245 877
29246 877
29247 877
29248 877
29249 877
29250 877
29251 877
29252 877
29253 877
29254 877
29255 877
29256 877
29257 877
29258 877
29259 877
29260 877
29261 877
29262 877
29263 877
29264 877
29265 877
29266 877
29267 878
29268 878
29269 878
29270 878
29271 878
29272 878
29273 878
29274 878
29275 878
29276 878
29277 878
29278 878
29279 878
29280 878
29281 878
29282 878
29283 878
29284 878
29285 878
29286 878
29287 878
29288 878
29289 878
29290 878
29291 878
29292 878
29293 878
29294 878
29295 878
29296 878
29297 878
29298 878
29299 878
29300 879
29301 879
29302 879
29303 879
29304 879
29305 879
29306 879
29307 879
29308 879
29309 879
29310 879
29311 879
29312 879
29313 879
29314 879
29315 879
29316 879
29317 879
29318 879
29319 879
29320 879
29321 879
29322 879
29323 879
29324 879
29325 879
29326 879
29327 879
29328 879
29329 879
29330 879
29331 879
29332 879
29333 879
29334 880
29335 880
29336 880
29337 880
29338 880
29339 880
29340 880
29341 880
29342 880
29343 880
29344 880
29345 880
29346 880
29347 880
29348 880
29349 880
29350 880
29351 880
29352 880
29353 880
29354 880
29355 880
29356 880
29357 880
29358 880
29359 880
29360 880
29361 880
29362 880
29363 880
29364 880
29365 880
29366 880
29367 881
29368 881
29369 881
29370 881
29371 881
29372 881
29373 881
29374 881
29375 881
29376 881
29377 881
29378 881
29379 881
29380 881
29381 881
29382 881
29383 881
29384 881
29385 881
29386 881
29387 881
29388 881
29389 881
29390 881
29391 881
29392 881
29393 881
29394 881
29395 881
29396 881
29397 881
29398 881
29399 881
29400 882
29401 882
29402 882
29403 882
29404 882
29405 882
29406 882
29407 882
29408 882
29409 882
29410 882
29411 882
29412 882
29413 882
29414 882
29415 882
29416 882
29417 882
29418 882
29419 882
29420 882
29421 882
29422 882
29423 882
29424 882
29425 882
29426 882
29427 882
29428 882
29429 882
29430 882
29431 882
29432 882
29433 882
29434 883
29435 883
29436 883
29437 883
29438 883
29439 883
29440 883
29441 883
29442 883
29443 883
29444 883
29445 883
29446 883
29447 883
29448 883
29449 883
29450 883
29451 883
29452 883
29453 883
29454 883
29455 883
29456 883
29457 883
29458 883
29459 883
29460 883
29461 883
29462 883
29463 883
29464 883
29465 883
29466 883
29467 884
29468 884
29469 884
29470 884
29471 884
29472 884
29473 884
29474 884
29475 884
29476 884
29477 884
29478 884
29479 884
29480 884
29481 884
29482 884
29483 884
29484 884
29485 884
29486 884
29487 884
29488 884
29489 884
29490 884
29491 884
29492 884
29493 884
29494 884
29495 884
29496 884
29497 884
29498 884
29499 884
29500 885
29501 885
29502 885
29503 885
29504 885
29505 885
29506 885
29507 885
29508 885
29509 885
29510 885
29511 885
29512 885
29513 885
29514 885
29515 885
29516 885
29517 885
29518 885
29519 885
29520 885
29521 885
29522 885
29523 885
29524 885
29525 885
29526 885
29527 885
29528 885
29529 885
29530 885
29531 885
29532 885
29533 885
29534 886
29535 886
29536 886
29537 886
29538 886
29539 886
29540 886
29541 886
29542 886
29543 886
29544 886
29545 886
29546 886
29547 886
29548 886
29549 886
29550 886
29551 886
29552 886
29553 886
29554 886
29555 886
29556 886
29557 886
29558 886
29559 886
29560 886
29561 886
29562 886
29563 886
29564 886
29565 886
29566 886
29567 887
29568 887
29569 887
29570 887
29571 887
29572 887
29573 887
29574 887
29575 887
29576 887
29577 887
29578 887
29579 887
29580 887
29581 887
29582 887
29583 887
29584 887
29585 887
29586 887
29587 887
29588 887
29589 887
29590 887
29591 887
29592 887
29593 887
29594 887
29595 887
29596 887
29597 887
29598 887
29599 887
29600 888
29601 888
29602 888
29603 888
29604 888
29605 888
29606 888
29607 888
29608 888
29609 888
29610 888
29611 888
29612 888
29613 888
29614 888
29615 888
29616 888
29617 888
29618 888
29619 888
29620 888
29621 888
29622 888
29623 888
29624 888
29625 888
29626 888
29627 888
29628 888
29629 888
29630 888
29631 888
29632 888
29633 888
29634 889
29635 889
29636 889
29637 889
29638 889
29639 889
29640 889
29641 889
29642 889
29643 889
29644 889
29645 889
29646 889
29647 889
29648 889
29649 889
29650 889
29651 889
29652 889
29653 889
29654 889
29655 889
29656 889
29657 889
29658 889
29659 889
29660 889
29661 889
29662 889
29663 889
29664 889
29665 889
29666 889
29667 890
29668 890
29669 890
29670 890
29671 890
29672 890
29673 890
29674 890
29675 890
29676 890
29677 890
29678 890
29679 890
29680 890
29681 890
29682 890
29683 890
29684 890
29685 890
29686 890
29687 890
29688 890
29689 890
29690 890
29691 890
29692 890
29693 890
29694 890
29695 890
29696 890
29697 890
29698 890
29699 890
29700 891
29701 891
29702 891
29703 891
29704 891
29705 891
29706 891
29707 891
29708 891
29709 891
29710 891
29711 891
29712 891
29713 891
29714 891
29715 891
29716 891
29717 891
29718 891
29719 891
29720 891
29721 891
29722 891
29723 891
29724 891
29725 891
29726 891
29727 891
29728 891
29729 891
29730 891
29731 891
29732 891
29733 891
29734 892
29735 892
29736 892
29737 892
29738 892
29739 892
29740 892
29741 892
29742 892
29743 892
29744 892
29745 892
29746 892
29747 892
29748 892
29749 892
29750 892
29751 892
29752 892
29753 892
29754 892
29755 892
29756 892
29757 892
29758 892
29759 892
29760 892
29761 892
29762 892
29763 892
29764 892
29765 892
29766 892
29767 893
29768 893
29769 893
29770 893
29771 893
29772 893
29773 893
29774 893
29775 893
29776 893
29777 893
29778 893
29779 893
29780 893
29781 893
29782 893
29783 893
29784 893
29785 893
29786 893
29787 893
29788 893
29789 893
29790 893
29791 893
29792 893
29793 893
29794 893
29795 893
29796 893
29797 893
29798 893
29799 893
29800 894
29801 894
29802 894
29803 894
29804 894
29805 894
29806 894
29807 894
29808 894
29809 894
29810 894
29811 894
29812 894
29813 894
29814 894
29815 894
29816 894
29817 894
29818 894
29819 894
29820 894
29821 894
29822 894
29823 894
29824 894
29825 894
29826 894
29827 894
29828 894
29829 894
29830 894
29831 894
29832 894
29833 894
29834 895
29835 895
29836 895
29837 895
29838 895
29839 895
29840 895
29841 895
29842 895
29843 895
29844 895
29845 895
29846 895
29847 895
29848 895
29849 895
29850 895
29851 895
29852 895
29853 895
29854 895
29855 895
29856 895
29857 895
29858 895
29859 895
29860 895
29861 895
29862 895
29863 895
29864 895
29865 895
29866 895
29867 896
29868 896
29869 896
29870 896
29871 896
29872 896
29873 896
29874 896
29875 896
29876 896
29877 896
29878 896
29879 896
29880 896
29881 896
29882 896
29883 896
29884 896
29885 896
29886 896
29887 896
29888 896
29889 896
29890 896
29891 896
29892 896
29893 896
29894 896
29895 896
29896 896
29897 896
29898 896
29899 896
29900 897
29901 897
29902 897
29903 897
29904 897
29905 897
29906 897
29907 897
29908 897
29909 897
29910 897
29911 897
29912 897
29913 897
29914 897
29915 897
29916 897
29917 897
29918 897
29919 897
29920 897
29921 897
29922 897
29923 897
29924 897
29925 897
29926 897
29927 897
29928 897
29929 897
29930 897
29931 897
29932 897
29933 897
29934 898
29935 898
29936 898
29937 898
29938 898
29939 898
29940 898
29941 898
29942 898
29943 898
29944 898
29945 898
29946 898
29947 898
29948 898
29949 898
29950 898
29951 898
29952 898
29953 898
29954 898
29955 898
29956 898
29957 898
29958 898
29959 898
29960 898
29961 898
29962 898
29963 898
29964 898
29965 898
29966 898
29967 899
29968 899
29969 899
29970 899
29971 899
29972 899
29973 899
29974 899
29975 899
29976 899
29977 899
29978 899
29979 899
29980 899
29981 899
29982 899
29983 899
29984 899
29985 899
29986 899
29987 899
29988 899
29989 899
29990 899
29991 899
29992 899
29993 899
29994 899
29995 899
29996 899
29997 899
29998 899
29999 899
30000 900
30001 900
30002 900
30003 900
30004 900
30005 900
30006 900
30007 900
30008 900
30009 900
30010 900
30011 900
30012 900
30013 900
30014 900
30015 900
30016 900
30017 900
30018 900
30019 900
30020 900
30021 900
30022 900
30023 900
30024 900
30025 900
30026 900
30027 900
30028 900
30029 900
30030 900
30031 900
30032 900
30033 900
30034 901
30035 901
30036 901
30037 901
30038 901
30039 901
30040 901
30041 901
30042 901
30043 901
30044 901
30045 901
30046 901
30047 901
30048 901
30049 901
30050 901
30051 901
30052 901
30053 901
30054 901
30055 901
30056 901
30057 901
30058 901
30059 901
30060 901
30061 901
30062 901
30063 901
30064 901
30065 901
30066 901
30067 902
30068 902
30069 902
30070 902
30071 902
30072 902
30073 902
30074 902
30075 902
30076 902
30077 902
30078 902
30079 902
30080 902
30081 902
30082 902
30083 902
30084 902
30085 902
30086 902
30087 902
30088 902
30089 902
30090 902
30091 902
30092 902
30093 902
30094 902
30095 902
30096 902
30097 902
30098 902
30099 902
30100 903
30101 903
30102 903
30103 903
30104 903
30105 903
30106 903
30107 903
30108 903
30109 903
30110 903
30111 903
30112 903
30113 903
30114 903
30115 903
30116 903
30117 903
30118 903
30119 903
30120 903
30121 903
30122 903
30123 903
30124 903
30125 903
30126 903
30127 903
30128 903
30129 903
30130 903
30131 903
30132 903
30133 903
30134 904
30135 904
30136 904
30137 904
30138 904
30139 904
30140 904
30141 904
30142 904
30143 904
30144 904
30145 904
30146 904
30147 904
30148 904
30149 904
30150 904
30151 904
30152 904
30153 904
30154 904
30155 904
30156 904
30157 904
30158 904
30159 904
30160 904
30161 904
30162 904
30163 904
30164 904
30165 904
30166 904
30167 905
30168 905
30169 905
30170 905
30171 905
30172 905
30173 905
30174 905
30175 905
30176 905
30177 905
30178 905
30179 905
30180 905
30181 905
30182 905
30183 905
30184 905
30185 905
30186 905
30187 905
30188 905
30189 905
30190 905
30191 905
30192 905
30193 905
30194 905
30195 905
30196 905
30197 905
30198 905
30199 905
30200 906
30201 906
30202 906
30203 906
30204 906
30205 906
30206 906
30207 906
30208 906
30209 906
30210 906
30211 906
30212 906
30213 906
30214 906
30215 906
30216 906
30217 906
30218 906
30219 906
30220 906
30221 906
30222 906
30223 906
30224 906
30225 906
30226 906
30227 906
30228 906
30229 906
30230 906
30231 906
30232 906
30233 906
30234 907
30235 907
30236 907
30237 907
30238 907
30239 907
30240 907
30241 907
30242 907
30243 907
30244 907
30245 907
30246 907
30247 907
30248 907
30249 907
30250 907
30251 907
30252 907
30253 907
30254 907
30255 907
30256 907
30257 907
30258 907
30259 907
30260 907
30261 907
30262 907
30263 907
30264 907
30265 907
30266 907
30267 908
30268 908
30269 908
30270 908
30271 908
30272 908
30273 908
30274 908
30275 908
30276 908
30277 908
30278 908
30279 908
30280 908
30281 908
30282 908
30283 908
30284 908
30285 908
30286 908
30287 908
30288 908
30289 908
30290 908
30291 908
30292 908
30293 908
30294 908
30295 908
30296 908
30297 908
30298 908
30299 908
30300 909
30301 909
30302 909
30303 909
30304 909
30305 909
30306 909
30307 909
30308 909
30309 909
30310 909
30311 909
30312 909
30313 909
30314 909
30315 909
30316 909
30317 909
30318 909
30319 909
30320 909
30321 909
30322 909
30323 909
30324 909
30325 909
30326 909
30327 909
30328 909
30329 909
30330 909
30331 909
30332 909
30333 909
30334 910
30335 910
30336 910
30337 910
30338 910
30339 910
30340 910
30341 910
30342 910
30343 910
30344 910
30345 910
30346 910
30347 910
30348 910
30349 910
30350 910
30351 910
30352 910
30353 910
30354 910
30355 910
30356 910
30357 910
30358 910
30359 910
30360 910
30361 910
30362 910
30363 910
30364 910
30365 910
30366 910
30367 911
30368 911
30369 911
30370 911
30371 911
30372 911
30373 911
30374 911
30375 911
30376 911
30377 911
30378 911
30379 911
30380 911
30381 911
30382 911
30383 911
30384 911
30385 911
30386 911
30387 911
30388 911
30389 911
30390 911
30391 911
30392 911
30393 911
30394 911
30395 911
30396 911
30397 911
30398 911
30399 911
30400 912
30401 912
30402 912
30403 912
30404 912
30405 912
30406 912
30407 912
30408 912
30409 912
30410 912
30411 912
30412 912
30413 912
30414 912
30415 912
30416 912
30417 912
30418 912
30419 912
30420 912
30421 912
30422 912
30423 912
30424 912
30425 912
30426 912
30427 912
30428 912
30429 912
30430 912
30431 912
30432 912
30433 912
30434 913
30435 913
30436 913
30437 913
30438 913
30439 913
30440 913
30441 913
30442 913
30443 913
30444 913
30445 913
30446 913
30447 913
30448 913
30449 913
30450 913
30451 913
30452 913
30453 913
30454 913
30455 913
30456 913
30457 913
30458 913
30459 913
30460 913
30461 913
30462 913
30463 913
30464 913
30465 913
30466 913
30467 914
30468 914
30469 914
30470 914
30471 914
30472 914
30473 914
30474 914
30475 914
30476 914
30477 914
30478 914
30479 914
30480 914
30481 914
30482 914
30483 914
30484 914
30485 914
30486 914
30487 914
30488 914
30489 914
30490 914
30491 914
30492 914
30493 914
30494 914
30495 914
30496 914
30497 914
30498 914
30499 914
30500 915
30501 915
30502 915
30503 915
30504 915
30505 915
30506 915
30507 915
30508 915
30509 915
30510 915
30511 915
30512 915
30513 915
30514 915
30515 915
30516 915
30517 915
30518 915
30519 915
30520 915
30521 915
30522 915
30523 915
30524 915
30525 915
30526 915
30527 915
30528 915
30529 915
30530 915
30531 915
30532 915
30533 915
30534 916
30535 916
30536 916
30537 916
30538 916
30539 916
30540 916
30541 916
30542 916
30543 916
30544 916
30545 916
30546 916
30547 916
30548 916
30549 916
30550 916
30551 916
30552 916
30553 916
30554 916
30555 916
30556 916
30557 916
30558 916
30559 916
30560 916
30561 916
30562 916
30563 916
30564 916
30565 916
30566 916
30567 917
30568 917
30569 917
30570 917
30571 917
30572 917
30573 917
30574 917
30575 917
30576 917
30577 917
30578 917
30579 917
30580 917
30581 917
30582 917
30583 917
30584 917
30585 917
30586 917
30587 917
30588 917
30589 917
30590 917
30591 917
30592 917
30593 917
30594 917
30595 917
30596 917
30597 917
30598 917
30599 917
30600 918
30601 918
30602 918
30603 918
30604 918
30605 918
30606 918
30607 918
30608 918
30609 918
30610 918
30611 918
30612 918
30613 918
30614 918
30615 918
30616 918
30617 918
30618 918
30619 918
30620 918
30621 918
30622 918
30623 918
30624 918
30625 918
30626 918
30627 918
30628 918
30629 918
30630 918
30631 918
30632 918
30633 918
30634 919
30635 919
30636 919
30637 919
30638 919
30639 919
30640 919
30641 919
30642 919
30643 919
30644 919
30645 919
30646 919
30647 919
30648 919
30649 919
30650 919
30651 919
30652 919
30653 919
30654 919
30655 919
30656 919
30657 919
30658 919
30659 919
30660 919
30661 919
30662 919
30663 919
30664 919
30665 919
30666 919
30667 920
30668 920
30669 920
30670 920
30671 920
30672 920
30673 920
30674 920
30675 920
30676 920
30677 920
30678 920
30679 920
30680 920
30681 920
30682 920
30683 920
30684 920
30685 920
30686 920
30687 920
30688 920
30689 920
30690 920
30691 920
30692 920
30693 920
30694 920
30695 920
30696 920
30697 920
30698 920
30699 920
30700 921
30701 921
30702 921
30703 921
30704 921
30705 921
30706 921
30707 921
30708 921
30709 921
30710 921
30711 921
30712 921
30713 921
30714 921
30715 921
30716 921
30717 921
30718 921
30719 921
30720 921
30721 921
30722 921
30723 921
30724 921
30725 921
30726 921
30727 921
30728 921
30729 921
30730 921
30731 921
30732 921
30733 921
30734 922
30735 922
30736 922
30737 922
30738 922
30739 922
30740 922
30741 922
30742 922
30743 922
30744 922
30745 922
30746 922
30747 922
30748 922
30749 922
30750 922
30751 922
30752 922
30753 922
30754 922
30755 922
30756 922
30757 922
30758 922
30759 922
30760 922
30761 922
30762 922
30763 922
30764 922
30765 922
30766 922
30767 923
30768 923
30769 923
30770 923
30771 923
30772 923
30773 923
30774 923
30775 923
30776 923
30777 923
30778 923
30779 923
30780 923
30781 923
30782 923
30783 923
30784 923
30785 923
30786 923
30787 923
30788 923
30789 923
30790 923
30791 923
30792 923
30793 923
30794 923
30795 923
30796 923
30797 923
30798 923
30799 923
30800 924
30801 924
30802 924
30803 924
30804 924
30805 924
30806 924
30807 924
30808 924
30809 924
30810 924
30811 924
30812 924
30813 924
30814 924
30815 924
30816 924
30817 924
30818 924
30819 924
30820 924
30821 924
30822 924
30823 924
30824 924
30825 924
30826 924
30827 924
30828 924
30829 924
30830 924
30831 924
30832 924
30833 924
30834 925
30835 925
30836 925
30837 925
30838 925
30839 925
30840 925
30841 925
30842 925
30843 925
30844 925
30845 925
30846 925
30847 925
30848 925
30849 925
30850 925
30851 925
30852 925
30853 925
30854 925
30855 925
30856 925
30857 925
30858 925
30859 925
30860 925
30861 925
30862 925
30863 925
30864 925
30865 925
30866 925
30867 926
30868 926
30869 926
30870 926
30871 926
30872 926
30873 926
30874 926
30875 926
30876 926
30877 926
30878 926
30879 926
30880 926
30881 926
30882 926
30883 926
30884 926
30885 926
30886 926
30887 926
30888 926
30889 926
30890 926
30891 926
30892 926
30893 926
30894 926
30895 926
30896 926
30897 926
30898 926
30899 926
30900 927
30901 927
30902 927
30903 927
30904 927
30905 927
30906 927
30907 927
30908 927
30909 927
30910 927
30911 927
30912 927
30913 927
30914 927
30915 927
30916 927
30917 927
30918 927
30919 927
30920 927
30921 927
30922 927
30923 927
30924 927
30925 927
30926 927
30927 927
30928 927
30929 927
30930 927
30931 927
30932 927
30933 927
30934 928
30935 928
30936 928
30937 928
30938 928
30939 928
30940 928
30941 928
30942 928
30943 928
30944 928
30945 928
30946 928
30947 928
30948 928
30949 928
30950 928
30951 928
30952 928
30953 928
30954 928
30955 928
30956 928
30957 928
30958 928
30959 928
30960 928
30961 928
30962 928
30963 928
30964 928
30965 928
30966 928
30967 929
30968 929
30969 929
30970 929
30971 929
30972 929
30973 929
30974 929
30975 929
30976 929
30977 929
30978 929
30979 929
30980 929
30981 929
30982 929
30983 929
30984 929
30985 929
30986 929
30987 929
30988 929
30989 929
30990 929
30991 929
30992 929
30993 929
30994 929
30995 929
30996 929
30997 929
30998 929
30999 929
31000 930
31001 930
31002 930
31003 930
31004 930
31005 930
31006 930
31007 930
31008 930
31009 930
31010 930
31011 930
31012 930
31013 930
31014 930
31015 930
31016 930
31017 930
31018 930
31019 930
31020 930
31021 930
31022 930
31023 930
31024 930
31025 930
31026 930
31027 930
31028 930
31029 930
31030 930
31031 930
31032 930
31033 930
31034 931
31035 931
31036 931
31037 931
31038 931
31039 931
31040 931
31041 931
31042 931
31043 931
31044 931
31045 931
31046 931
31047 931
31048 931
31049 931
31050 931
31051 931
31052 931
31053 931
31054 931
31055 931
31056 931
31057 931
31058 931
31059 931
31060 931
31061 931
31062 931
31063 931
31064 931
31065 931
31066 931
31067 932
31068 932
31069 932
31070 932
31071 932
31072 932
31073 932
31074 932
31075 932
31076 932
31077 932
31078 932
31079 932
31080 932
31081 932
31082 932
31083 932
31084 932
31085 932
31086 932
31087 932
31088 932
31089 932
31090 932
31091 932
31092 932
31093 932
31094 932
31095 932
31096 932
31097 932
31098 932
31099 932
31100 933
31101 933
31102 933
31103 933
31104 933
31105 933
31106 933
31107 933
31108 933
31109 933
31110 933
31111 933
31112 933
31113 933
31114 933
31115 933
31116 933
31117 933
31118 933
31119 933
31120 933
31121 933
31122 933
31123 933
31124 933
31125 933
31126 933
31127 933
31128 933
31129 933
31130 933
31131 933
31132 933
31133 933
31134 934
31135 934
31136 934
31137 934
31138 934
31139 934
31140 934
31141 934
31142 934
31143 934
31144 934
31145 934
31146 934
31147 934
31148 934
31149 934
31150 934
31151 934
31152 934
31153 934
31154 934
31155 934
31156 934
31157 934
31158 934
31159 934
31160 934
31161 934
31162 934
31163 934
31164 934
31165 934
31166 934
31167 935
31168 935
31169 935
31170 935
31171 935
31172 935
31173 935
31174 935
31175 935
31176 935
31177 935
31178 935
31179 935
31180 935
31181 935
31182 935
31183 935
31184 935
31185 935
31186 935
31187 935
31188 935
31189 935
31190 935
31191 935
31192 935
31193 935
31194 935
31195 935
31196 935
31197 935
31198 935
31199 935
31200 936
31201 936
31202 936
31203 936
31204 936
31205 936
31206 936
31207 936
31208 936
31209 936
31210 936
31211 936
31212 936
31213 936
31214 936
31215 936
31216 936
31217 936
31218 936
31219 936
31220 936
31221 936
31222 936
31223 936
31224 936
31225 936
31226 936
31227 936
31228 936
31229 936
31230 936
31231 936
31232 936
31233 936
31234 937
31235 937
31236 937
31237 937
31238 937
31239 937
31240 937
31241 937
31242 937
31243 937
31244 937
31245 937
31246 937
31247 937
31248 937
31249 937
31250 937
31251 937
31252 937
31253 937
31254 937
31255 937
31256 937
31257 937
31258 937
31259 937
31260 937
31261 937
31262 937
31263 937
31264 937
31265 937
31266 937
31267 938
31268 938
31269 938
31270 938
31271 938
31272 938
31273 938
31274 938
31275 938
31276 938
31277 938
31278 938
31279 938
31280 938
31281 938
31282 938
31283 938
31284 938
31285 938
31286 938
31287 938
31288 938
31289 938
31290 938
31291 938
31292 938
31293 938
31294 938
31295 938
31296 938
31297 938
31298 938
31299 938
31300 939
31301 939
31302 939
31303 939
31304 939
31305 939
31306 939
31307 939
31308 939
31309 939
31310 939
31311 939
31312 939
31313 939
31314 939
31315 939
31316 939
31317 939
31318 939
31319 939
31320 939
31321 939
31322 939
31323 939
31324 939
31325 939
31326 939
31327 939
31328 939
31329 939
31330 939
31331 939
31332 939
31333 939
31334 940
31335 940
31336 940
31337 940
31338 940
31339 940
31340 940
31341 940
31342 940
31343 940
31344 940
31345 940
31346 940
31347 940
31348 940
31349 940
31350 940
31351 940
31352 940
31353 940
31354 940
31355 940
31356 940
31357 940
31358 940
31359 940
31360 940
31361 940
31362 940
31363 940
31364 940
31365 940
31366 940
31367 941
31368 941
31369 941
31370 941
31371 941
31372 941
31373 941
31374 941
31375 941
31376 941
31377 941
31378 941
31379 941
31380 941
31381 941
31382 941
31383 941
31384 941
31385 941
31386 941
31387 941
31388 941
31389 941
31390 941
31391 941
31392 941
31393 941
31394 941
31395 941
31396 941
31397 941
31398 941
31399 941
31400 942
31401 942
31402 942
31403 942
31404 942
31405 942
31406 942
31407 942
31408 942
31409 942
31410 942
31411 942
31412 942
31413 942
31414 942
31415 942
31416 942
31417 942
31418 942
31419 942
31420 942
31421 942
31422 942
31423 942
31424 942
31425 942
31426 942
31427 942
31428 942
31429 942
31430 942
31431 942
31432 942
31433 942
31434 943
31435 943
31436 943
31437 943
31438 943
31439 943
31440 943
31441 943
31442 943
31443 943
31444 943
31445 943
31446 943
31447 943
31448 943
31449 943
31450 943
31451 943
31452 943
31453 943
31454 943
31455 943
31456 943
31457 943
31458 943
31459 943
31460 943
31461 943
31462 943
31463 943
31464 943
31465 943
31466 943
31467 944
31468 944
31469 944
31470 944
31471 944
31472 944
31473 944
31474 944
31475 944
31476 944
31477 944
31478 944
31479 944
31480 944
31481 944
31482 944
31483 944
31484 944
31485 944
31486 944
31487 944
31488 944
31489 944
31490 944
31491 944
31492 944
31493 944
31494 944
31495 944
31496 944
31497 944
31498 944
31499 944
31500 945
31501 945
31502 945
31503 945
31504 945
31505 945
31506 945
31507 945
31508 945
31509 945
31510 945
31511 945
31512 945
31513 945
31514 945
31515 945
31516 945
31517 945
31518 945
31519 945
31520 945
31521 945
31522 945
31523 945
31524 945
31525 945
31526 945
31527 945
31528 945
31529 945
31530 945
31531 945
31532 945
31533 945
31534 946
31535 946
31536 946
31537 946
31538 946
31539 946
31540 946
31541 946
31542 946
31543 946
31544 946
31545 946
31546 946
31547 946
31548 946
31549 946
31550 946
31551 946
31552 946
31553 946
31554 946
31555 946
31556 946
31557 946
31558 946
31559 946
31560 946
31561 946
31562 946
31563 946
31564 946
31565 946
31566 946
31567 947
31568 947
31569 947
31570 947
31571 947
31572 947
31573 947
31574 947
31575 947
31576 947
31577 947
31578 947
31579 947
31580 947
31581 947
31582 947
31583 947
31584 947
31585 947
31586 947
31587 947
31588 947
31589 947
31590 947
31591 947
31592 947
31593 947
31594 947
31595 947
31596 947
31597 947
31598 947
31599 947
31600 948
31601 948
31602 948
31603 948
31604 948
31605 948
31606 948
31607 948
31608 948
31609 948
31610 948
31611 948
31612 948
31613 948
31614 948
31615 948
31616 948
31617 948
31618 948
31619 948
31620 948
31621 948
31622 948
31623 948
31624 948
31625 948
31626 948
31627 948
31628 948
31629 948
31630 948
31631 948
31632 948
31633 948
31634 949
31635 949
31636 949
31637 949
31638 949
31639 949
31640 949
31641 949
31642 949
31643 949
31644 949
31645 949
31646 949
31647 949
31648 949
31649 949
31650 949
31651 949
31652 949
31653 949
31654 949
31655 949
31656 949
31657 949
31658 949
31659 949
31660 949
31661 949
31662 949
31663 949
31664 949
31665 949
31666 949
31667 950
31668 950
31669 950
31670 950
31671 950
31672 950
31673 950
31674 950
31675 950
31676 950
31677 950
31678 950
31679 950
31680 950
31681 950
31682 950
31683 950
31684 950
31685 950
31686 950
31687 950
31688 950
31689 950
31690 950
31691 950
31692 950
31693 950
31694 950
31695 950
31696 950
31697 950
31698 950
31699 950
31700 951
31701 951
31702 951
31703 951
31704 951
31705 951
31706 951
31707 951
31708 951
31709 951
31710 951
31711 951
31712 951
31713 951
31714 951
31715 951
31716 951
31717 951
31718 951
31719 951
31720 951
31721 951
31722 951
31723 951
31724 951
31725 951
31726 951
31727 951
31728 951
31729 951
31730 951
31731 951
31732 951
31733 951
31734 952
31735 952
31736 952
31737 952
31738 952
31739 952
31740 952
31741 952
31742 952
31743 952
31744 952
31745 952
31746 952
31747 952
31748 952
31749 952
31750 952
31751 952
31752 952
31753 952
31754 952
31755 952
31756 952
31757 952
31758 952
31759 952
31760 952
31761 952
31762 952
31763 952
31764 952
31765 952
31766 952
31767 953
31768 953
31769 953
31770 953
31771 953
31772 953
31773 953
31774 953
31775 953
31776 953
31777 953
31778 953
31779 953
31780 953
31781 953
31782 953
31783 953
31784 953
31785 953
31786 953
31787 953
31788 953
31789 953
31790 953
31791 953
31792 953
31793 953
31794 953
31795 953
31796 953
31797 953
31798 953
31799 953
31800 954
31801 954
31802 954
31803 954
31804 954
31805 954
31806 954
31807 954
31808 954
31809 954
31810 954
31811 954
31812 954
31813 954
31814 954
31815 954
31816 954
31817 954
31818 954
31819 954
31820 954
31821 954
31822 954
31823 954
31824 954
31825 954
31826 954
31827 954
31828 954
31829 954
31830 954
31831 954
31832 954
31833 954
31834 955
31835 955
31836 955
31837 955
31838 955
31839 955
31840 955
31841 955
31842 955
31843 955
31844 955
31845 955
31846 955
31847 955
31848 955
31849 955
31850 955
31851 955
31852 955
31853 955
31854 955
31855 955
31856 955
31857 955
31858 955
31859 955
31860 955
31861 955
31862 955
31863 955
31864 955
31865 955
31866 955
31867 956
31868 956
31869 956
31870 956
31871 956
31872 956
31873 956
31874 956
31875 956
31876 956
31877 956
31878 956
31879 956
31880 956
31881 956
31882 956
31883 956
31884 956
31885 956
31886 956
31887 956
31888 956
31889 956
31890 956
31891 956
31892 956
31893 956
31894 956
31895 956
31896 956
31897 956
31898 956
31899 956
31900 957
31901 957
31902 957
31903 957
31904 957
31905 957
31906 957
31907 957
31908 957
31909 957
31910 957
31911 957
31912 957
31913 957
31914 957
31915 957
31916 957
31917 957
31918 957
31919 957
31920 957
31921 957
31922 957
31923 957
31924 957
31925 957
31926 957
31927 957
31928 957
31929 957
31930 957
31931 957
31932 957
31933 957
31934 958
31935 958
31936 958
31937 958
31938 958
31939 958
31940 958
31941 958
31942 958
31943 958
31944 958
31945 958
31946 958
31947 958
31948 958
31949 958
31950 958
31951 958
31952 958
31953 958
31954 958
31955 958
31956 958
31957 958
31958 958
31959 958
31960 958
31961 958
31962 958
31963 958
31964 958
31965 958
31966 958
31967 959
31968 959
31969 959
31970 959
31971 959
31972 959
31973 959
31974 959
31975 959
31976 959
31977 959
31978 959
31979 959
31980 959
31981 959
31982 959
31983 959
31984 959
31985 959
31986 959
31987 959
31988 959
31989 959
31990 959
31991 959
31992 959
31993 959
31994 959
31995 959
31996 959
31997 959
31998 959
31999 959
32000 960
32001 960
32002 960
32003 960
32004 960
32005 960
32006 960
32007 960
32008 960
32009 960
32010 960
32011 960
32012 960
32013 960
32014 960
32015 960
32016 960
32017 960
32018 960
32019 960
32020 960
32021 960
32022 960
32023 960
32024 960
32025 960
32026 960
32027 960
32028 960
32029 960
32030 960
32031 960
32032 960
32033 960
32034 961
32035 961
32036 961
32037 961
32038 961
32039 961
32040 961
32041 961
32042 961
32043 961
32044 961
32045 961
32046 961
32047 961
32048 961
32049 961
32050 961
32051 961
32052 961
32053 961
32054 961
32055 961
32056 961
32057 961
32058 961
32059 961
32060 961
32061 961
32062 961
32063 961
32064 961
32065 961
32066 961
32067 962
32068 962
32069 962
32070 962
32071 962
32072 962
32073 962
32074 962
32075 962
32076 962
32077 962
32078 962
32079 962
32080 962
32081 962
32082 962
32083 962
32084 962
32085 962
32086 962
32087 962
32088 962
32089 962
32090 962
32091 962
32092 962
32093 962
32094 962
32095 962
32096 962
32097 962
32098 962
32099 962
32100 963
32101 963
32102 963
32103 963
32104 963
32105 963
32106 963
32107 963
32108 963
32109 963
32110 963
32111 963
32112 963
32113 963
32114 963
32115 963
32116 963
32117 963
32118 963
32119 963
32120 963
32121 963
32122 963
32123 963
32124 963
32125 963
32126 963
32127 963
32128 963
32129 963
32130 963
32131 963
32132 963
32133 963
32134 964
32135 964
32136 964
32137 964
32138 964
32139 964
32140 964
32141 964
32142 964
32143 964
32144 964
32145 964
32146 964
32147 964
32148 964
32149 964
32150 964
32151 964
32152 964
32153 964
32154 964
32155 964
32156 964
32157 964
32158 964
32159 964
32160 964
32161 964
32162 964
32163 964
32164 964
32165 964
32166 964
32167 965
32168 965
32169 965
32170 965
32171 965
32172 965
32173 965
32174 965
32175 965
32176 965
32177 965
32178 965
32179 965
32180 965
32181 965
32182 965
32183 965
32184 965
32185 965
32186 965
32187 965
32188 965
32189 965
32190 965
32191 965
32192 965
32193 965
32194 965
32195 965
32196 965
32197 965
32198 965
32199 965
32200 966
32201 966
32202 966
32203 966
32204 966
32205 966
32206 966
32207 966
32208 966
32209 966
32210 966
32211 966
32212 966
32213 966
32214 966
32215 966
32216 966
32217 966
32218 966
32219 966
32220 966
32221 966
32222 966
32223 966
32224 966
32225 966
32226 966
32227 966
32228 966
32229 966
32230 966
32231 966
32232 966
32233 966
32234 967
32235 967
32236 967
32237 967
32238 967
32239 967
32240 967
32241 967
32242 967
32243 967
32244 967
32245 967
32246 967
32247 967
32248 967
32249 967
32250 967
32251 967
32252 967
32253 967
32254 967
32255 967
32256 967
32257 967
32258 967
32259 967
32260 967
32261 967
32262 967
32263 967
32264 967
32265 967
32266 967
32267 968
32268 968
32269 968
32270 968
32271 968
32272 968
32273 968
32274 968
32275 968
32276 968
32277 968
32278 968
32279 968
32280 968
32281 968
32282 968
32283 968
32284 968
32285 968
32286 968
32287 968
32288 968
32289 968
32290 968
32291 968
32292 968
32293 968
32294 968
32295 968
32296 968
32297 968
32298 968
32299 968
32300 969
32301 969
32302 969
32303 969
32304 969
32305 969
32306 969
32307 969
32308 969
32309 969
32310 969
32311 969
32312 969
32313 969
32314 969
32315 969
32316 969
32317 969
32318 969
32319 969
32320 969
32321 969
32322 969
32323 969
32324 969
32325 969
32326 969
32327 969
32328 969
32329 969
32330 969
32331 969
32332 969
32333 969
32334 970
32335 970
32336 970
32337 970
32338 970
32339 970
32340 970
32341 970
32342 970
32343 970
32344 970
32345 970
32346 970
32347 970
32348 970
32349 970
32350 970
32351 970
32352 970
32353 970
32354 970
32355 970
32356 970
32357 970
32358 970
32359 970
32360 970
32361 970
32362 970
32363 970
32364 970
32365 970
32366 970
32367 971
32368 971
32369 971
32370 971
32371 971
32372 971
32373 971
32374 971
32375 971
32376 971
32377 971
32378 971
32379 971
32380 971
32381 971
32382 971
32383 971
32384 971
32385 971
32386 971
32387 971
32388 971
32389 971
32390 971
32391 971
32392 971
32393 971
32394 971
32395 971
32396 971
32397 971
32398 971
32399 971
32400 972
32401 972
32402 972
32403 972
32404 972
32405 972
32406 972
32407 972
32408 972
32409 972
32410 972
32411 972
32412 972
32413 972
32414 972
32415 972
32416 972
32417 972
32418 972
32419 972
32420 972
32421 972
32422 972
32423 972
32424 972
32425 972
32426 972
32427 972
32428 972
32429 972
32430 972
32431 972
32432 972
32433 972
32434 973
32435 973
32436 973
32437 973
32438 973
32439 973
32440 973
32441 973
32442 973
32443 973
32444 973
32445 973
32446 973
32447 973
32448 973
32449 973
32450 973
32451 973
32452 973
32453 973
32454 973
32455 973
32456 973
32457 973
32458 973
32459 973
32460 973
32461 973
32462 973
32463 973
32464 973
32465 973
32466 973
32467 974
32468 974
32469 974
32470 974
32471 974
32472 974
32473 974
32474 974
32475 974
32476 974
32477 974
32478 974
32479 974
32480 974
32481 974
32482 974
32483 974
32484 974
32485 974
32486 974
32487 974
32488 974
32489 974
32490 974
32491 974
32492 974
32493 974
32494 974
32495 974
32496 974
32497 974
32498 974
32499 974
32500 975
32501 975
32502 975
32503 975
32504 975
32505 975
32506 975
32507 975
32508 975
32509 975
32510 975
32511 975
32512 975
32513 975
32514 975
32515 975
32516 975
32517 975
32518 975
32519 975
32520 975
32521 975
32522 975
32523 975
32524 975
32525 975
32526 975
32527 975
32528 975
32529 975
32530 975
32531 975
32532 975
32533 975
32534 976
32535 976
32536 976
32537 976
32538 976
32539 976
32540 976
32541 976
32542 976
32543 976
32544 976
32545 976
32546 976
32547 976
32548 976
32549 976
32550 976
32551 976
32552 976
32553 976
32554 976
32555 976
32556 976
32557 976
32558 976
32559 976
32560 976
32561 976
32562 976
32563 976
32564 976
32565 976
32566 976
32567 977
32568 977
32569 977
32570 977
32571 977
32572 977
32573 977
32574 977
32575 977
32576 977
32577 977
32578 977
32579 977
32580 977
32581 977
32582 977
32583 977
32584 977
32585 977
32586 977
32587 977
32588 977
32589 977
32590 977
32591 977
32592 977
32593 977
32594 977
32595 977
32596 977
32597 977
32598 977
32599 977
32600 978
32601 978
32602 978
32603 978
32604 978
32605 978
32606 978
32607 978
32608 978
32609 978
32610 978
32611 978
32612 978
32613 978
32614 978
32615 978
32616 978
32617 978
32618 978
32619 978
32620 978
32621 978
32622 978
32623 978
32624 978
32625 978
32626 978
32627 978
32628 978
32629 978
32630 978
32631 978
32632 978
32633 978
32634 979
32635 979
32636 979
32637 979
32638 979
32639 979
32640 979
32641 979
32642 979
32643 979
32644 979
32645 979
32646 979
32647 979
32648 979
32649 979
32650 979
32651 979
32652 979
32653 979
32654 979
32655 979
32656 979
32657 979
32658 979
32659 979
32660 979
32661 979
32662 979
32663 979
32664 979
32665 979
32666 979
32667 980
32668 980
32669 980
32670 980
32671 980
32672 980
32673 980
32674 980
32675 980
32676 980
32677 980
32678 980
32679 980
32680 980
32681 980
32682 980
32683 980
32684 980
32685 980
32686 980
32687 980
32688 980
32689 980
32690 980
32691 980
32692 980
32693 980
32694 980
32695 980
32696 980
32697 980
32698 980
32699 980
32700 981
32701 981
32702 981
32703 981
32704 981
32705 981
32706 981
32707 981
32708 981
32709 981
32710 981
32711 981
32712 981
32713 981
32714 981
32715 981
32716 981
32717 981
32718 981
32719 981
32720 981
32721 981
32722 981
32723 981
32724 981
32725 981
32726 981
32727 981
32728 981
32729 981
32730 981
32731 981
32732 981
32733 981
32734 982
32735 982
32736 982
32737 982
32738 982
32739 982
32740 982
32741 982
32742 982
32743 982
32744 982
32745 982
32746 982
32747 982
32748 982
32749 982
32750 982
32751 982
32752 982
32753 982
32754 982
32755 982
32756 982
32757 982
32758 982
32759 982
32760 982
32761 982
32762 982
32763 982
32764 982
32765 982
32766 982
32767 983
32768 983
32769 983
32770 983
32771 983
32772 983
32773 983
32774 983
32775 983
32776 983
32777 983
32778 983
32779 983
32780 983
32781 983
32782 983
32783 983
32784 983
32785 983
32786 983
32787 983
32788 983
32789 983
32790 983
32791 983
32792 983
32793 983
32794 983
32795 983
32796 983
32797 983
32798 983
32799 983
32800 984
32801 984
32802 984
32803 984
32804 984
32805 984
32806 984
32807 984
32808 984
32809 984
32810 984
32811 984
32812 984
32813 984
32814 984
32815 984
32816 984
32817 984
32818 984
32819 984
32820 984
32821 984
32822 984
32823 984
32824 984
32825 984
32826 984
32827 984
32828 984
32829 984
32830 984
32831 984
32832 984
32833 984
32834 985
32835 985
32836 985
32837 985
32838 985
32839 985
32840 985
32841 985
32842 985
32843 985
32844 985
32845 985
32846 985
32847 985
32848 985
32849 985
32850 985
32851 985
32852 985
32853 985
32854 985
32855 985
32856 985
32857 985
32858 985
32859 985
32860 985
32861 985
32862 985
32863 985
32864 985
32865 985
32866 985
32867 986
32868 986
32869 986
32870 986
32871 986
32872 986
32873 986
32874 986
32875 986
32876 986
32877 986
32878 986
32879 986
32880 986
32881 986
32882 986
32883 986
32884 986
32885 986
32886 986
32887 986
32888 986
32889 986
32890 986
32891 986
32892 986
32893 986
32894 986
32895 986
32896 986
32897 986
32898 986
32899 986
32900 987
32901 987
32902 987
32903 987
32904 987
32905 987
32906 987
32907 987
32908 987
32909 987
32910 987
32911 987
32912 987
32913 987
32914 987
32915 987
32916 987
32917 987
32918 987
32919 987
32920 987
32921 987
32922 987
32923 987
32924 987
32925 987
32926 987
32927 987
32928 987
32929 987
32930 987
32931 987
32932 987
32933 987
32934 988
32935 988
32936 988
32937 988
32938 988
32939 988
32940 988
32941 988
32942 988
32943 988
32944 988
32945 988
32946 988
32947 988
32948 988
32949 988
32950 988
32951 988
32952 988
32953 988
32954 988
32955 988
32956 988
32957 988
32958 988
32959 988
32960 988
32961 988
32962 988
32963 988
32964 988
32965 988
32966 988
32967 989
32968 989
32969 989
32970 989
32971 989
32972 989
32973 989
32974 989
32975 989
32976 989
32977 989
32978 989
32979 989
32980 989
32981 989
32982 989
32983 989
32984 989
32985 989
32986 989
32987 989
32988 989
32989 989
32990 989
32991 989
32992 989
32993 989
32994 989
32995 989
32996 989
32997 989
32998 989
32999 989
33000 990
33001 990
33002 990
33003 990
33004 990
33005 990
33006 990
33007 990
33008 990
33009 990
33010 990
33011 990
33012 990
33013 990
33014 990
33015 990
33016 990
33017 990
33018 990
33019 990
33020 990
33021 990
33022 990
33023 990
33024 990
33025 990
33026 990
33027 990
33028 990
33029 990
33030 990
33031 990
33032 990
33033 990
33034 991
33035 991
33036 991
33037 991
33038 991
33039 991
33040 991
33041 991
33042 991
33043 991
33044 991
33045 991
33046 991
33047 991
33048 991
33049 991
33050 991
33051 991
33052 991
33053 991
33054 991
33055 991
33056 991
33057 991
33058 991
33059 991
33060 991
33061 991
33062 991
33063 991
33064 991
33065 991
33066 991
33067 992
33068 992
33069 992
33070 992
33071 992
33072 992
33073 992
33074 992
33075 992
33076 992
33077 992
33078 992
33079 992
33080 992
33081 992
33082 992
33083 992
33084 992
33085 992
33086 992
33087 992
33088 992
33089 992
33090 992
33091 992
33092 992
33093 992
33094 992
33095 992
33096 992
33097 992
33098 992
33099 992
33100 993
33101 993
33102 993
33103 993
33104 993
33105 993
33106 993
33107 993
33108 993
33109 993
33110 993
33111 993
33112 993
33113 993
33114 993
33115 993
33116 993
33117 993
33118 993
33119 993
33120 993
33121 993
33122 993
33123 993
33124 993
33125 993
33126 993
33127 993
33128 993
33129 993
33130 993
33131 993
33132 993
33133 993
33134 994
33135 994
33136 994
33137 994
33138 994
33139 994
33140 994
33141 994
33142 994
33143 994
33144 994
33145 994
33146 994
33147 994
33148 994
33149 994
33150 994
33151 994
33152 994
33153 994
33154 994
33155 994
33156 994
33157 994
33158 994
33159 994
33160 994
33161 994
33162 994
33163 994
33164 994
33165 994
33166 994
33167 995
33168 995
33169 995
33170 995
33171 995
33172 995
33173 995
33174 995
33175 995
33176 995
33177 995
33178 995
33179 995
33180 995
33181 995
33182 995
33183 995
33184 995
33185 995
33186 995
33187 995
33188 995
33189 995
33190 995
33191 995
33192 995
33193 995
33194 995
33195 995
33196 995
33197 995
33198 995
33199 995
33200 996
33201 996
33202 996
33203 996
33204 996
33205 996
33206 996
33207 996
33208 996
33209 996
33210 996
33211 996
33212 996
33213 996
33214 996
33215 996
33216 996
33217 996
33218 996
33219 996
33220 996
33221 996
33222 996
33223 996
33224 996
33225 996
33226 996
33227 996
33228 996
33229 996
33230 996
33231 996
33232 996
33233 996
33234 997
33235 997
33236 997
33237 997
33238 997
33239 997
33240 997
33241 997
33242 997
33243 997
33244 997
33245 997
33246 997
33247 997
33248 997
33249 997
33250 997
33251 997
33252 997
33253 997
33254 997
33255 997
33256 997
33257 997
33258 997
33259 997
33260 997
33261 997
33262 997
33263 997
33264 997
33265 997
33266 997
33267 998
33268 998
33269 998
33270 998
33271 998
33272 998
33273 998
33274 998
33275 998
33276 998
33277 998
33278 998
33279 998
33280 998
33281 998
33282 998
33283 998
33284 998
33285 998
33286 998
33287 998
33288 998
33289 998
33290 998
33291 998
33292 998
33293 998
33294 998
33295 998
33296 998
33297 998
33298 998
33299 998
33300 999
33301 999
33302 999
33303 999
33304 999
33305 999
33306 999
33307 999
33308 999
33309 999
33310 999
33311 999
33312 999
33313 999
33314 999
33315 999
33316 999
33317 999
33318 999
33319 999
33320 999
33321 999
33322 999
33323 999
33324 999
33325 999
33326 999
33327 999
33328 999
33329 999
33330 999
33331 999
33332 999
33333 999
33334 1000
33335 1000
33336 1000
33337 1000
33338 1000
33339 1000
33340 1000
33341 1000
33342 1000
33343 1000
33344 1000
33345 1000
33346 1000
33347 1000
33348 1000
33349 1000
33350 1000
33351 1000
33352 1000
33353 1000
33354 1000
33355 1000
33356 1000
33357 1000
33358 1000
33359 1000
33360 1000
33361 1000
33362 1000
33363 1000
33364 1000
33365 1000
33366 1000
33367 1001
33368 1001
33369 1001
33370 1001
33371 1001
33372 1001
33373 1001
33374 1001
33375 1001
33376 1001
33377 1001
33378 1001
33379 1001
33380 1001
33381 1001
33382 1001
33383 1001
33384 1001
33385 1001
33386 1001
33387 1001
33388 1001
33389 1001
33390 1001
33391 1001
33392 1001
33393 1001
33394 1001
33395 1001
33396 1001
33397 1001
33398 1001
33399 1001
33400 1002
33401 1002
33402 1002
33403 1002
33404 1002
33405 1002
33406 1002
33407 1002
33408 1002
33409 1002
33410 1002
33411 1002
33412 1002
33413 1002
33414 1002
33415 1002
33416 1002
33417 1002
33418 1002
33419 1002
33420 1002
33421 1002
33422 1002
33423 1002
33424 1002
33425 1002
33426 1002
33427 1002
33428 1002
33429 1002
33430 1002
33431 1002
33432 1002
33433 1002
33434 1003
33435 1003
33436 1003
33437 1003
33438 1003
33439 1003
33440 1003
33441 1003
33442 1003
33443 1003
33444 1003
33445 1003
33446 1003
33447 1003
33448 1003
33449 1003
33450 1003
33451 1003
33452 1003
33453 1003
33454 1003
33455 1003
33456 1003
33457 1003
33458 1003
33459 1003
33460 1003
33461 1003
33462 1003
33463 1003
33464 1003
33465 1003
33466 1003
33467 1004
33468 1004
33469 1004
33470 1004
33471 1004
33472 1004
33473 1004
33474 1004
33475 1004
33476 1004
33477 1004
33478 1004
33479 1004
33480 1004
33481 1004
33482 1004
33483 1004
33484 1004
33485 1004
33486 1004
33487 1004
33488 1004
33489 1004
33490 1004
33491 1004
33492 1004
33493 1004
33494 1004
33495 1004
33496 1004
33497 1004
33498 1004
33499 1004
33500 1005
33501 1005
33502 1005
33503 1005
33504 1005
33505 1005
33506 1005
33507 1005
33508 1005
33509 1005
33510 1005
33511 1005
33512 1005
33513 1005
33514 1005
33515 1005
33516 1005
33517 1005
33518 1005
33519 1005
33520 1005
33521 1005
33522 1005
33523 1005
33524 1005
33525 1005
33526 1005
33527 1005
33528 1005
33529 1005
33530 1005
33531 1005
33532 1005
33533 1005
33534 1006
33535 1006
33536 1006
33537 1006
33538 1006
33539 1006
33540 1006
33541 1006
33542 1006
33543 1006
33544 1006
33545 1006
33546 1006
33547 1006
33548 1006
33549 1006
33550 1006
33551 1006
33552 1006
33553 1006
33554 1006
33555 1006
33556 1006
33557 1006
33558 1006
33559 1006
33560 1006
33561 1006
33562 1006
33563 1006
33564 1006
33565 1006
33566 1006
33567 1007
33568 1007
33569 1007
33570 1007
33571 1007
33572 1007
33573 1007
33574 1007
33575 1007
33576 1007
33577 1007
33578 1007
33579 1007
33580 1007
33581 1007
33582 1007
33583 1007
33584 1007
33585 1007
33586 1007
33587 1007
33588 1007
33589 1007
33590 1007
33591 1007
33592 1007
33593 1007
33594 1007
33595 1007
33596 1007
33597 1007
33598 1007
33599 1007
33600 1008
33601 1008
33602 1008
33603 1008
33604 1008
33605 1008
33606 1008
33607 1008
33608 1008
33609 1008
33610 1008
33611 1008
33612 1008
33613 1008
33614 1008
33615 1008
33616 1008
33617 1008
33618 1008
33619 1008
33620 1008
33621 1008
33622 1008
33623 1008
33624 1008
33625 1008
33626 1008
33627 1008
33628 1008
33629 1008
33630 1008
33631 1008
33632 1008
33633 1008
33634 1009
33635 1009
33636 1009
33637 1009
33638 1009
33639 1009
33640 1009
33641 1009
33642 1009
33643 1009
33644 1009
33645 1009
33646 1009
33647 1009
33648 1009
33649 1009
33650 1009
33651 1009
33652 1009
33653 1009
33654 1009
33655 1009
33656 1009
33657 1009
33658 1009
33659 1009
33660 1009
33661 1009
33662 1009
33663 1009
33664 1009
33665 1009
33666 1009
33667 1010
33668 1010
33669 1010
33670 1010
33671 1010
33672 1010
33673 1010
33674 1010
33675 1010
33676 1010
33677 1010
33678 1010
33679 1010
33680 1010
33681 1010
33682 1010
33683 1010
33684 1010
33685 1010
33686 1010
33687 1010
33688 1010
33689 1010
33690 1010
33691 1010
33692 1010
33693 1010
33694 1010
33695 1010
33696 1010
33697 1010
33698 1010
33699 1010
33700 1011
33701 1011
33702 1011
33703 1011
33704 1011
33705 1011
33706 1011
33707 1011
33708 1011
33709 1011
33710 1011
33711 1011
33712 1011
33713 1011
33714 1011
33715 1011
33716 1011
33717 1011
33718 1011
33719 1011
33720 1011
33721 1011
33722 1011
33723 1011
33724 1011
33725 1011
33726 1011
33727 1011
33728 1011
33729 1011
33730 1011
33731 1011
33732 1011
33733 1011
33734 1012
33735 1012
33736 1012
33737 1012
33738 1012
33739 1012
33740 1012
33741 1012
33742 1012
33743 1012
33744 1012
33745 1012
33746 1012
33747 1012
33748 1012
33749 1012
33750 1012
33751 1012
33752 1012
33753 1012
33754 1012
33755 1012
33756 1012
33757 1012
33758 1012
33759 1012
33760 1012
33761 1012
33762 1012
33763 1012
33764 1012
33765 1012
33766 1012
33767 1013
33768 1013
33769 1013
33770 1013
33771 1013
33772 1013
33773 1013
33774 1013
33775 1013
33776 1013
33777 1013
33778 1013
33779 1013
33780 1013
33781 1013
33782 1013
33783 1013
33784 1013
33785 1013
33786 1013
33787 1013
33788 1013
33789 1013
33790 1013
33791 1013
33792 1013
33793 1013
33794 1013
33795 1013
33796 1013
33797 1013
33798 1013
33799 1013
33800 1014
33801 1014
33802 1014
33803 1014
33804 1014
33805 1014
33806 1014
33807 1014
33808 1014
33809 1014
33810 1014
33811 1014
33812 1014
33813 1014
33814 1014
33815 1014
33816 1014
33817 1014
33818 1014
33819 1014
33820 1014
33821 1014
33822 1014
33823 1014
33824 1014
33825 1014
33826 1014
33827 1014
33828 1014
33829 1014
33830 1014
33831 1014
33832 1014
33833 1014
33834 1015
33835 1015
33836 1015
33837 1015
33838 1015
33839 1015
33840 1015
33841 1015
33842 1015
33843 1015
33844 1015
33845 1015
33846 1015
33847 1015
33848 1015
33849 1015
33850 1015
33851 1015
33852 1015
33853 1015
33854 1015
33855 1015
33856 1015
33857 1015
33858 1015
33859 1015
33860 1015
33861 1015
33862 1015
33863 1015
33864 1015
33865 1015
33866 1015
33867 1016
33868 1016
33869 1016
33870 1016
33871 1016
33872 1016
33873 1016
33874 1016
33875 1016
33876 1016
33877 1016
33878 1016
33879 1016
33880 1016
33881 1016
33882 1016
33883 1016
33884 1016
33885 1016
33886 1016
33887 1016
33888 1016
33889 1016
33890 1016
33891 1016
33892 1016
33893 1016
33894 1016
33895 1016
33896 1016
33897 1016
33898 1016
33899 1016
33900 1017
33901 1017
33902 1017
33903 1017
33904 1017
33905 1017
33906 1017
33907 1017
33908 1017
33909 1017
33910 1017
33911 1017
33912 1017
33913 1017
33914 1017
33915 1017
33916 1017
33917 1017
33918 1017
33919 1017
33920 1017
33921 1017
33922 1017
33923 1017
33924 1017
33925 1017
33926 1017
33927 1017
33928 1017
33929 1017
33930 1017
33931 1017
33932 1017
33933 1017
33934 1018
33935 1018
33936 1018
33937 1018
33938 1018
33939 1018
33940 1018
33941 1018
33942 1018
33943 1018
33944 1018
33945 1018
33946 1018
33947 1018
33948 1018
33949 1018
33950 1018
33951 1018
33952 1018
33953 1018
33954 1018
33955 1018
33956 1018
33957 1018
33958 1018
33959 1018
33960 1018
33961 1018
33962 1018
33963 1018
33964 1018
33965 1018
33966 1018
33967 1019
33968 1019
33969 1019
33970 1019
33971 1019
33972 1019
33973 1019
33974 1019
33975 1019
33976 1019
33977 1019
33978 1019
33979 1019
33980 1019
33981 1019
33982 1019
33983 1019
33984 1019
33985 1019
33986 1019
33987 1019
33988 1019
33989 1019
33990 1019
33991 1019
33992 1019
33993 1019
33994 1019
33995 1019
33996 1019
33997 1019
33998 1019
33999 1019
34000 1020
34001 1020
34002 1020
34003 1020
34004 1020
34005 1020
34006 1020
34007 1020
34008 1020
34009 1020
34010 1020
34011 1020
34012 1020
34013 1020
34014 1020
34015 1020
34016 1020
34017 1020
34018 1020
34019 1020
34020 1020
34021 1020
34022 1020
34023 1020
34024 1020
34025 1020
34026 1020
34027 1020
34028 1020
34029 1020
34030 1020
34031 1020
34032 1020
34033 1020
34034 1021
34035 1021
34036 1021
34037 1021
34038 1021
34039 1021
34040 1021
34041 1021
34042 1021
34043 1021
34044 1021
34045 1021
34046 1021
34047 1021
34048 1021
34049 1021
34050 1021
34051 1021
34052 1021
34053 1021
34054 1021
34055 1021
34056 1021
34057 1021
34058 1021
34059 1021
34060 1021
34061 1021
34062 1021
34063 1021
34064 1021
34065 1021
34066 1021
34067 1022
34068 1022
34069 1022
34070 1022
34071 1022
34072 1022
34073 1022
34074 1022
34075 1022
34076 1022
34077 1022
34078 1022
34079 1022
34080 1022
34081 1022
34082 1022
34083 1022
34084 1022
34085 1022
34086 1022
34087 1022
34088 1022
34089 1022
34090 1022
34091 1022
34092 1022
34093 1022
34094 1022
34095 1022
34096 1022
34097 1022
34098 1022
34099 1022
34100 1023
34101 1023
34102 1023
34103 1023
34104 1023
34105 1023
34106 1023
34107 1023
34108 1023
34109 1023
34110 1023
34111 1023
34112 1023
34113 1023
34114 1023
34115 1023
34116 1023
34117 1023
34118 1023
34119 1023
34120 1023
34121 1023
34122 1023
34123 1023
34124 1023
34125 1023
34126 1023
34127 1023
34128 1023
34129 1023
34130 1023
34131 1023
34132 1023
34133 1023
34134 1024
34135 1024
34136 1024
34137 1024
34138 1024
34139 1024
34140 1024
34141 1024
34142 1024
34143 1024
34144 1024
34145 1024
34146 1024
34147 1024
34148 1024
34149 1024
34150 1024
34151 1024
34152 1024
34153 1024
34154 1024
34155 1024
34156 1024
34157 1024
34158 1024
34159 1024
34160 1024
34161 1024
34162 1024
34163 1024
34164 1024
34165 1024
34166 1024
34167 1025
34168 1025
34169 1025
34170 1025
34171 1025
34172 1025
34173 1025
34174 1025
34175 1025
34176 1025
34177 1025
34178 1025
34179 1025
34180 1025
34181 1025
34182 1025
34183 1025
34184 1025
34185 1025
34186 1025
34187 1025
34188 1025
34189 1025
34190 1025
34191 1025
34192 1025
34193 1025
34194 1025
34195 1025
34196 1025
34197 1025
34198 1025
34199 1025
34200 1026
34201 1026
34202 1026
34203 1026
34204 1026
34205 1026
34206 1026
34207 1026
34208 1026
34209 1026
34210 1026
34211 1026
34212 1026
34213 1026
34214 1026
34215 1026
34216 1026
34217 1026
34218 1026
34219 1026
34220 1026
34221 1026
34222 1026
34223 1026
34224 1026
34225 1026
34226 1026
34227 1026
34228 1026
34229 1026
34230 1026
34231 1026
34232 1026
34233 1026
34234 1027
34235 1027
34236 1027
34237 1027
34238 1027
34239 1027
34240 1027
34241 1027
34242 1027
34243 1027
34244 1027
34245 1027
34246 1027
34247 1027
34248 1027
34249 1027
34250 1027
34251 1027
34252 1027
34253 1027
34254 1027
34255 1027
34256 1027
34257 1027
34258 1027
34259 1027
34260 1027
34261 1027
34262 1027
34263 1027
34264 1027
34265 1027
34266 1027
34267 1028
34268 1028
34269 1028
34270 1028
34271 1028
34272 1028
34273 1028
34274 1028
34275 1028
34276 1028
34277 1028
34278 1028
34279 1028
34280 1028
34281 1028
34282 1028
34283 1028
34284 1028
34285 1028
34286 1028
34287 1028
34288 1028
34289 1028
34290 1028
34291 1028
34292 1028
34293 1028
34294 1028
34295 1028
34296 1028
34297 1028
34298 1028
34299 1028
34300 1029
34301 1029
34302 1029
34303 1029
34304 1029
34305 1029
34306 1029
34307 1029
34308 1029
34309 1029
34310 1029
34311 1029
34312 1029
34313 1029
34314 1029
34315 1029
34316 1029
34317 1029
34318 1029
34319 1029
34320 1029
34321 1029
34322 1029
34323 1029
34324 1029
34325 1029
34326 1029
34327 1029
34328 1029
34329 1029
34330 1029
34331 1029
34332 1029
34333 1029
34334 1030
34335 1030
34336 1030
34337 1030
34338 1030
34339 1030
34340 1030
34341 1030
34342 1030
34343 1030
34344 1030
34345 1030
34346 1030
34347 1030
34348 1030
34349 1030
34350 1030
34351 1030
34352 1030
34353 1030
34354 1030
34355 1030
34356 1030
34357 1030
34358 1030
34359 1030
34360 1030
34361 1030
34362 1030
34363 1030
34364 1030
34365 1030
34366 1030
34367 1031
34368 1031
34369 1031
34370 1031
34371 1031
34372 1031
34373 1031
34374 1031
34375 1031
34376 1031
34377 1031
34378 1031
34379 1031
34380 1031
34381 1031
34382 1031
34383 1031
34384 1031
34385 1031
34386 1031
34387 1031
34388 1031
34389 1031
34390 1031
34391 1031
34392 1031
34393 1031
34394 1031
34395 1031
34396 1031
34397 1031
34398 1031
34399 1031
34400 1032
34401 1032
34402 1032
34403 1032
34404 1032
34405 1032
34406 1032
34407 1032
34408 1032
34409 1032
34410 1032
34411 1032
34412 1032
34413 1032
34414 1032
34415 1032
34416 1032
34417 1032
34418 1032
34419 1032
34420 1032
34421 1032
34422 1032
34423 1032
34424 1032
34425 1032
34426 1032
34427 1032
34428 1032
34429 1032
34430 1032
34431 1032
34432 1032
34433 1032
34434 1033
34435 1033
34436 1033
34437 1033
34438 1033
34439 1033
34440 1033
34441 1033
34442 1033
34443 1033
34444 1033
34445 1033
34446 1033
34447 1033
34448 1033
34449 1033
34450 1033
34451 1033
34452 1033
34453 1033
34454 1033
34455 1033
34456 1033
34457 1033
34458 1033
34459 1033
34460 1033
34461 1033
34462 1033
34463 1033
34464 1033
34465 1033
34466 1033
34467 1034
34468 1034
34469 1034
34470 1034
34471 1034
34472 1034
34473 1034
34474 1034
34475 1034
34476 1034
34477 1034
34478 1034
34479 1034
34480 1034
34481 1034
34482 1034
34483 1034
34484 1034
34485 1034
34486 1034
34487 1034
34488 1034
34489 1034
34490 1034
34491 1034
34492 1034
34493 1034
34494 1034
34495 1034
34496 1034
34497 1034
34498 1034
34499 1034
34500 1035
34501 1035
34502 1035
34503 1035
34504 1035
34505 1035
34506 1035
34507 1035
34508 1035
34509 1035
34510 1035
34511 1035
34512 1035
34513 1035
34514 1035
34515 1035
34516 1035
34517 1035
34518 1035
34519 1035
34520 1035
34521 1035
34522 1035
34523 1035
34524 1035
34525 1035
34526 1035
34527 1035
34528 1035
34529 1035
34530 1035
34531 1035
34532 1035
34533 1035
34534 1036
34535 1036
34536 1036
34537 1036
34538 1036
34539 1036
34540 1036
34541 1036
34542 1036
34543 1036
34544 1036
34545 1036
34546 1036
34547 1036
34548 1036
34549 1036
34550 1036
34551 1036
34552 1036
34553 1036
34554 1036
34555 1036
34556 1036
34557 1036
34558 1036
34559 1036
34560 1036
34561 1036
34562 1036
34563 1036
34564 1036
34565 1036
34566 1036
34567 1037
34568 1037
34569 1037
34570 1037
34571 1037
34572 1037
34573 1037
34574 1037
34575 1037
34576 1037
34577 1037
34578 1037
34579 1037
34580 1037
34581 1037
34582 1037
34583 1037
34584 1037
34585 1037
34586 1037
34587 1037
34588 1037
34589 1037
34590 1037
34591 1037
34592 1037
34593 1037
34594 1037
34595 1037
34596 1037
34597 1037
34598 1037
34599 1037
34600 1038
34601 1038
34602 1038
34603 1038
34604 1038
34605 1038
34606 1038
34607 1038
34608 1038
34609 1038
34610 1038
34611 1038
34612 1038
34613 1038
34614 1038
34615 1038
34616 1038
34617 1038
34618 1038
34619 1038
34620 1038
34621 1038
34622 1038
34623 1038
34624 1038
34625 1038
34626 1038
34627 1038
34628 1038
34629 1038
34630 1038
34631 1038
34632 1038
34633 1038
34634 1039
34635 1039
34636 1039
34637 1039
34638 1039
34639 1039
34640 1039
34641 1039
34642 1039
34643 1039
34644 1039
34645 1039
34646 1039
34647 1039
34648 1039
34649 1039
34650 1039
34651 1039
34652 1039
34653 1039
34654 1039
34655 1039
34656 1039
34657 1039
34658 1039
34659 1039
34660 1039
34661 1039
34662 1039
34663 1039
34664 1039
34665 1039
34666 1039
34667 1040
34668 1040
34669 1040
34670 1040
34671 1040
34672 1040
34673 1040
34674 1040
34675 1040
34676 1040
34677 1040
34678 1040
34679 1040
34680 1040
34681 1040
34682 1040
34683 1040
34684 1040
34685 1040
34686 1040
34687 1040
34688 1040
34689 1040
34690 1040
34691 1040
34692 1040
34693 1040
34694 1040
34695 1040
34696 1040
34697 1040
34698 1040
34699 1040
34700 1041
34701 1041
34702 1041
34703 1041
34704 1041
34705 1041
34706 1041
34707 1041
34708 1041
34709 1041
34710 1041
34711 1041
34712 1041
34713 1041
34714 1041
34715 1041
34716 1041
34717 1041
34718 1041
34719 1041
34720 1041
34721 1041
34722 1041
34723 1041
34724 1041
34725 1041
34726 1041
34727 1041
34728 1041
34729 1041
34730 1041
34731 1041
34732 1041
34733 1041
34734 1042
34735 1042
34736 1042
34737 1042
34738 1042
34739 1042
34740 1042
34741 1042
34742 1042
34743 1042
34744 1042
34745 1042
34746 1042
34747 1042
34748 1042
34749 1042
34750 1042
34751 1042
34752 1042
34753 1042
34754 1042
34755 1042
34756 1042
34757 1042
34758 1042
34759 1042
34760 1042
34761 1042
34762 1042
34763 1042
34764 1042
34765 1042
34766 1042
34767 1043
34768 1043
34769 1043
34770 1043
34771 1043
34772 1043
34773 1043
34774 1043
34775 1043
34776 1043
34777 1043
34778 1043
34779 1043
34780 1043
34781 1043
34782 1043
34783 1043
34784 1043
34785 1043
34786 1043
34787 1043
34788 1043
34789 1043
34790 1043
34791 1043
34792 1043
34793 1043
34794 1043
34795 1043
34796 1043
34797 1043
34798 1043
34799 1043
34800 1044
34801 1044
34802 1044
34803 1044
34804 1044
34805 1044
34806 1044
34807 1044
34808 1044
34809 1044
34810 1044
34811 1044
34812 1044
34813 1044
34814 1044
34815 1044
34816 1044
34817 1044
34818 1044
34819 1044
34820 1044
34821 1044
34822 1044
34823 1044
34824 1044
34825 1044
34826 1044
34827 1044
34828 1044
34829 1044
34830 1044
34831 1044
34832 1044
34833 1044
34834 1045
34835 1045
34836 1045
34837 1045
34838 1045
34839 1045
34840 1045
34841 1045
34842 1045
34843 1045
34844 1045
34845 1045
34846 1045
34847 1045
34848 1045
34849 1045
34850 1045
34851 1045
34852 1045
34853 1045
34854 1045
34855 1045
34856 1045
34857 1045
34858 1045
34859 1045
34860 1045
34861 1045
34862 1045
34863 1045
34864 1045
34865 1045
34866 1045
34867 1046
34868 1046
34869 1046
34870 1046
34871 1046
34872 1046
34873 1046
34874 1046
34875 1046
34876 1046
34877 1046
34878 1046
34879 1046
34880 1046
34881 1046
34882 1046
34883 1046
34884 1046
34885 1046
34886 1046
34887 1046
34888 1046
34889 1046
34890 1046
34891 1046
34892 1046
34893 1046
34894 1046
34895 1046
34896 1046
34897 1046
34898 1046
34899 1046
34900 1047
34901 1047
34902 1047
34903 1047
34904 1047
34905 1047
34906 1047
34907 1047
34908 1047
34909 1047
34910 1047
34911 1047
34912 1047
34913 1047
34914 1047
34915 1047
34916 1047
34917 1047
34918 1047
34919 1047
34920 1047
34921 1047
34922 1047
34923 1047
34924 1047
34925 1047
34926 1047
34927 1047
34928 1047
34929 1047
34930 1047
34931 1047
34932 1047
34933 1047
34934 1048
34935 1048
34936 1048
34937 1048
34938 1048
34939 1048
34940 1048
34941 1048
34942 1048
34943 1048
34944 1048
34945 1048
34946 1048
34947 1048
34948 1048
34949 1048
34950 1048
34951 1048
34952 1048
34953 1048
34954 1048
34955 1048
34956 1048
34957 1048
34958 1048
34959 1048
34960 1048
34961 1048
34962 1048
34963 1048
34964 1048
34965 1048
34966 1048
34967 1049
34968 1049
34969 1049
34970 1049
34971 1049
34972 1049
34973 1049
34974 1049
34975 1049
34976 1049
34977 1049
34978 1049
34979 1049
34980 1049
34981 1049
34982 1049
34983 1049
34984 1049
34985 1049
34986 1049
34987 1049
34988 1049
34989 1049
34990 1049
34991 1049
34992 1049
34993 1049
34994 1049
34995 1049
34996 1049
34997 1049
34998 1049
34999 1049
35000 1050
35001 1050
35002 1050
35003 1050
35004 1050
35005 1050
35006 1050
35007 1050
35008 1050
35009 1050
35010 1050
35011 1050
35012 1050
35013 1050
35014 1050
35015 1050
35016 1050
35017 1050
35018 1050
35019 1050
35020 1050
35021 1050
35022 1050
35023 1050
35024 1050
35025 1050
35026 1050
35027 1050
35028 1050
35029 1050
35030 1050
35031 1050
35032 1050
35033 1050
35034 1051
35035 1051
35036 1051
35037 1051
35038 1051
35039 1051
35040 1051
35041 1051
35042 1051
35043 1051
35044 1051
35045 1051
35046 1051
35047 1051
35048 1051
35049 1051
35050 1051
35051 1051
35052 1051
35053 1051
35054 1051
35055 1051
35056 1051
35057 1051
35058 1051
35059 1051
35060 1051
35061 1051
35062 1051
35063 1051
35064 1051
35065 1051
35066 1051
35067 1052
35068 1052
35069 1052
35070 1052
35071 1052
35072 1052
35073 1052
35074 1052
35075 1052
35076 1052
35077 1052
35078 1052
35079 1052
35080 1052
35081 1052
35082 1052
35083 1052
35084 1052
35085 1052
35086 1052
35087 1052
35088 1052
35089 1052
35090 1052
35091 1052
35092 1052
35093 1052
35094 1052
35095 1052
35096 1052
35097 1052
35098 1052
35099 1052
35100 1053
35101 1053
35102 1053
35103 1053
35104 1053
35105 1053
35106 1053
35107 1053
35108 1053
35109 1053
35110 1053
35111 1053
35112 1053
35113 1053
35114 1053
35115 1053
35116 1053
35117 1053
35118 1053
35119 1053
35120 1053
35121 1053
35122 1053
35123 1053
35124 1053
35125 1053
35126 1053
35127 1053
35128 1053
35129 1053
35130 1053
35131 1053
35132 1053
35133 1053
35134 1054
35135 1054
35136 1054
35137 1054
35138 1054
35139 1054
35140 1054
35141 1054
35142 1054
35143 1054
35144 1054
35145 1054
35146 1054
35147 1054
35148 1054
35149 1054
35150 1054
35151 1054
35152 1054
35153 1054
35154 1054
35155 1054
35156 1054
35157 1054
35158 1054
35159 1054
35160 1054
35161 1054
35162 1054
35163 1054
35164 1054
35165 1054
35166 1054
35167 1055
35168 1055
35169 1055
35170 1055
35171 1055
35172 1055
35173 1055
35174 1055
35175 1055
35176 1055
35177 1055
35178 1055
35179 1055
35180 1055
35181 1055
35182 1055
35183 1055
35184 1055
35185 1055
35186 1055
35187 1055
35188 1055
35189 1055
35190 1055
35191 1055
35192 1055
35193 1055
35194 1055
35195 1055
35196 1055
35197 1055
35198 1055
35199 1055
35200 1056
35201 1056
35202 1056
35203 1056
35204 1056
35205 1056
35206 1056
35207 1056
35208 1056
35209 1056
35210 1056
35211 1056
35212 1056
35213 1056
35214 1056
35215 1056
35216 1056
35217 1056
35218 1056
35219 1056
35220 1056
35221 1056
35222 1056
35223 1056
35224 1056
35225 1056
35226 1056
35227 1056
35228 1056
35229 1056
35230 1056
35231 1056
35232 1056
35233 1056
35234 1057
35235 1057
35236 1057
35237 1057
35238 1057
35239 1057
35240 1057
35241 1057
35242 1057
35243 1057
35244 1057
35245 1057
35246 1057
35247 1057
35248 1057
35249 1057
35250 1057
35251 1057
35252 1057
35253 1057
35254 1057
35255 1057
35256 1057
35257 1057
35258 1057
35259 1057
35260 1057
35261 1057
35262 1057
35263 1057
35264 1057
35265 1057
35266 1057
35267 1058
35268 1058
35269 1058
35270 1058
35271 1058
35272 1058
35273 1058
35274 1058
35275 1058
35276 1058
35277 1058
35278 1058
35279 1058
35280 1058
35281 1058
35282 1058
35283 1058
35284 1058
35285 1058
35286 1058
35287 1058
35288 1058
35289 1058
35290 1058
35291 1058
35292 1058
35293 1058
35294 1058
35295 1058
35296 1058
35297 1058
35298 1058
35299 1058
35300 1059
35301 1059
35302 1059
35303 1059
35304 1059
35305 1059
35306 1059
35307 1059
35308 1059
35309 1059
35310 1059
35311 1059
35312 1059
35313 1059
35314 1059
35315 1059
35316 1059
35317 1059
35318 1059
35319 1059
35320 1059
35321 1059
35322 1059
35323 1059
35324 1059
35325 1059
35326 1059
35327 1059
35328 1059
35329 1059
35330 1059
35331 1059
35332 1059
35333 1059
35334 1060
35335 1060
35336 1060
35337 1060
35338 1060
35339 1060
35340 1060
35341 1060
35342 1060
35343 1060
35344 1060
35345 1060
35346 1060
35347 1060
35348 1060
35349 1060
35350 1060
35351 1060
35352 1060
35353 1060
35354 1060
35355 1060
35356 1060
35357 1060
35358 1060
35359 1060
35360 1060
35361 1060
35362 1060
35363 1060
35364 1060
35365 1060
35366 1060
35367 1061
35368 1061
35369 1061
35370 1061
35371 1061
35372 1061
35373 1061
35374 1061
35375 1061
35376 1061
35377 1061
35378 1061
35379 1061
35380 1061
35381 1061
35382 1061
35383 1061
35384 1061
35385 1061
35386 1061
35387 1061
35388 1061
35389 1061
35390 1061
35391 1061
35392 1061
35393 1061
35394 1061
35395 1061
35396 1061
35397 1061
35398 1061
35399 1061
35400 1062
35401 1062
35402 1062
35403 1062
35404 1062
35405 1062
35406 1062
35407 1062
35408 1062
35409 1062
35410 1062
35411 1062
35412 1062
35413 1062
35414 1062
35415 1062
35416 1062
35417 1062
35418 1062
35419 1062
35420 1062
35421 1062
35422 1062
35423 1062
35424 1062
35425 1062
35426 1062
35427 1062
35428 1062
35429 1062
35430 1062
35431 1062
35432 1062
35433 1062
35434 1063
35435 1063
35436 1063
35437 1063
35438 1063
35439 1063
35440 1063
35441 1063
35442 1063
35443 1063
35444 1063
35445 1063
35446 1063
35447 1063
35448 1063
35449 1063
35450 1063
35451 1063
35452 1063
35453 1063
35454 1063
35455 1063
35456 1063
35457 1063
35458 1063
35459 1063
35460 1063
35461 1063
35462 1063
35463 1063
35464 1063
35465 1063
35466 1063
35467 1064
35468 1064
35469 1064
35470 1064
35471 1064
35472 1064
35473 1064
35474 1064
35475 1064
35476 1064
35477 1064
35478 1064
35479 1064
35480 1064
35481 1064
35482 1064
35483 1064
35484 1064
35485 1064
35486 1064
35487 1064
35488 1064
35489 1064
35490 1064
35491 1064
35492 1064
35493 1064
35494 1064
35495 1064
35496 1064
35497 1064
35498 1064
35499 1064
35500 1065
35501 1065
35502 1065
35503 1065
35504 1065
35505 1065
35506 1065
35507 1065
35508 1065
35509 1065
35510 1065
35511 1065
35512 1065
35513 1065
35514 1065
35515 1065
35516 1065
35517 1065
35518 1065
35519 1065
35520 1065
35521 1065
35522 1065
35523 1065
35524 1065
35525 1065
35526 1065
35527 1065
35528 1065
35529 1065
35530 1065
35531 1065
35532 1065
35533 1065
35534 1066
35535 1066
35536 1066
35537 1066
35538 1066
35539 1066
35540 1066
35541 1066
35542 1066
35543 1066
35544 1066
35545 1066
35546 1066
35547 1066
35548 1066
35549 1066
35550 1066
35551 1066
35552 1066
35553 1066
35554 1066
35555 1066
35556 1066
35557 1066
35558 1066
35559 1066
35560 1066
35561 1066
35562 1066
35563 1066
35564 1066
35565 1066
35566 1066
35567 1067
35568 1067
35569 1067
35570 1067
35571 1067
35572 1067
35573 1067
35574 1067
35575 1067
35576 1067
35577 1067
35578 1067
35579 1067
35580 1067
35581 1067
35582 1067
35583 1067
35584 1067
35585 1067
35586 1067
35587 1067
35588 1067
35589 1067
35590 1067
35591 1067
35592 1067
35593 1067
35594 1067
35595 1067
35596 1067
35597 1067
35598 1067
35599 1067
35600 1068
35601 1068
35602 1068
35603 1068
35604 1068
35605 1068
35606 1068
35607 1068
35608 1068
35609 1068
35610 1068
35611 1068
35612 1068
35613 1068
35614 1068
35615 1068
35616 1068
35617 1068
35618 1068
35619 1068
35620 1068
35621 1068
35622 1068
35623 1068
35624 1068
35625 1068
35626 1068
35627 1068
35628 1068
35629 1068
35630 1068
35631 1068
35632 1068
35633 1068
35634 1069
35635 1069
35636 1069
35637 1069
35638 1069
35639 1069
35640 1069
35641 1069
35642 1069
35643 1069
35644 1069
35645 1069
35646 1069
35647 1069
35648 1069
35649 1069
35650 1069
35651 1069
35652 1069
35653 1069
35654 1069
35655 1069
35656 1069
35657 1069
35658 1069
35659 1069
35660 1069
35661 1069
35662 1069
35663 1069
35664 1069
35665 1069
35666 1069
35667 1070
35668 1070
35669 1070
35670 1070
35671 1070
35672 1070
35673 1070
35674 1070
35675 1070
35676 1070
35677 1070
35678 1070
35679 1070
35680 1070
35681 1070
35682 1070
35683 1070
35684 1070
35685 1070
35686 1070
35687 1070
35688 1070
35689 1070
35690 1070
35691 1070
35692 1070
35693 1070
35694 1070
35695 1070
35696 1070
35697 1070
35698 1070
35699 1070
35700 1071
35701 1071
35702 1071
35703 1071
35704 1071
35705 1071
35706 1071
35707 1071
35708 1071
35709 1071
35710 1071
35711 1071
35712 1071
35713 1071
35714 1071
35715 1071
35716 1071
35717 1071
35718 1071
35719 1071
35720 1071
35721 1071
35722 1071
35723 1071
35724 1071
35725 1071
35726 1071
35727 1071
35728 1071
35729 1071
35730 1071
35731 1071
35732 1071
35733 1071
35734 1072
35735 1072
35736 1072
35737 1072
35738 1072
35739 1072
35740 1072
35741 1072
35742 1072
35743 1072
35744 1072
35745 1072
35746 1072
35747 1072
35748 1072
35749 1072
35750 1072
35751 1072
35752 1072
35753 1072
35754 1072
35755 1072
35756 1072
35757 1072
35758 1072
35759 1072
35760 1072
35761 1072
35762 1072
35763 1072
35764 1072
35765 1072
35766 1072
35767 1073
35768 1073
35769 1073
35770 1073
35771 1073
35772 1073
35773 1073
35774 1073
35775 1073
35776 1073
35777 1073
35778 1073
35779 1073
35780 1073
35781 1073
35782 1073
35783 1073
35784 1073
35785 1073
35786 1073
35787 1073
35788 1073
35789 1073
35790 1073
35791 1073
35792 1073
35793 1073
35794 1073
35795 1073
35796 1073
35797 1073
35798 1073
35799 1073
35800 1074
35801 1074
35802 1074
35803 1074
35804 1074
35805 1074
35806 1074
35807 1074
35808 1074
35809 1074
35810 1074
35811 1074
35812 1074
35813 1074
35814 1074
35815 1074
35816 1074
35817 1074
35818 1074
35819 1074
35820 1074
35821 1074
35822 1074
35823 1074
35824 1074
35825 1074
35826 1074
35827 1074
35828 1074
35829 1074
35830 1074
35831 1074
35832 1074
35833 1074
35834 1075
35835 1075
35836 1075
35837 1075
35838 1075
35839 1075
35840 1075
35841 1075
35842 1075
35843 1075
35844 1075
35845 1075
35846 1075
35847 1075
35848 1075
35849 1075
35850 1075
35851 1075
35852 1075
35853 1075
35854 1075
35855 1075
35856 1075
35857 1075
35858 1075
35859 1075
35860 1075
35861 1075
35862 1075
35863 1075
35864 1075
35865 1075
35866 1075
35867 1076
35868 1076
35869 1076
35870 1076
35871 1076
35872 1076
35873 1076
35874 1076
35875 1076
35876 1076
35877 1076
35878 1076
35879 1076
35880 1076
35881 1076
35882 1076
35883 1076
35884 1076
35885 1076
35886 1076
35887 1076
35888 1076
35889 1076
35890 1076
35891 1076
35892 1076
35893 1076
35894 1076
35895 1076
35896 1076
35897 1076
35898 1076
35899 1076
35900 1077
35901 1077
35902 1077
35903 1077
35904 1077
35905 1077
35906 1077
35907 1077
35908 1077
35909 1077
35910 1077
35911 1077
35912 1077
35913 1077
35914 1077
35915 1077
35916 1077
35917 1077
35918 1077
35919 1077
35920 1077
35921 1077
35922 1077
35923 1077
35924 1077
35925 1077
35926 1077
35927 1077
35928 1077
35929 1077
35930 1077
35931 1077
35932 1077
35933 1077
35934 1078
35935 1078
35936 1078
35937 1078
35938 1078
35939 1078
35940 1078
35941 1078
35942 1078
35943 1078
35944 1078
35945 1078
35946 1078
35947 1078
35948 1078
35949 1078
35950 1078
35951 1078
35952 1078
35953 1078
35954 1078
35955 1078
35956 1078
35957 1078
35958 1078
35959 1078
35960 1078
35961 1078
35962 1078
35963 1078
35964 1078
35965 1078
35966 1078
35967 1079
35968 1079
35969 1079
35970 1079
35971 1079
35972 1079
35973 1079
35974 1079
35975 1079
35976 1079
35977 1079
35978 1079
35979 1079
35980 1079
35981 1079
35982 1079
35983 1079
35984 1079
35985 1079
35986 1079
35987 1079
35988 1079
35989 1079
35990 1079
35991 1079
35992 1079
35993 1079
35994 1079
35995 1079
35996 1079
35997 1079
35998 1079
35999 1079
36000 1080
36001 1080
36002 1080
36003 1080
36004 1080
36005 1080
36006 1080
36007 1080
36008 1080
36009 1080
36010 1080
36011 1080
36012 1080
36013 1080
36014 1080
36015 1080
36016 1080
36017 1080
36018 1080
36019 1080
36020 1080
36021 1080
36022 1080
36023 1080
36024 1080
36025 1080
36026 1080
36027 1080
36028 1080
36029 1080
36030 1080
36031 1080
36032 1080
36033 1080
36034 1081
36035 1081
36036 1081
36037 1081
36038 1081
36039 1081
36040 1081
36041 1081
36042 1081
36043 1081
36044 1081
36045 1081
36046 1081
36047 1081
36048 1081
36049 1081
36050 1081
36051 1081
36052 1081
36053 1081
36054 1081
36055 1081
36056 1081
36057 1081
36058 1081
36059 1081
36060 1081
36061 1081
36062 1081
36063 1081
36064 1081
36065 1081
36066 1081
36067 1082
36068 1082
36069 1082
36070 1082
36071 1082
36072 1082
36073 1082
36074 1082
36075 1082
36076 1082
36077 1082
36078 1082
36079 1082
36080 1082
36081 1082
36082 1082
36083 1082
36084 1082
36085 1082
36086 1082
36087 1082
36088 1082
36089 1082
36090 1082
36091 1082
36092 1082
36093 1082
36094 1082
36095 1082
36096 1082
36097 1082
36098 1082
36099 1082
36100 1083
36101 1083
36102 1083
36103 1083
36104 1083
36105 1083
36106 1083
36107 1083
36108 1083
36109 1083
36110 1083
36111 1083
36112 1083
36113 1083
36114 1083
36115 1083
36116 1083
36117 1083
36118 1083
36119 1083
36120 1083
36121 1083
36122 1083
36123 1083
36124 1083
36125 1083
36126 1083
36127 1083
36128 1083
36129 1083
36130 1083
36131 1083
36132 1083
36133 1083
36134 1084
36135 1084
36136 1084
36137 1084
36138 1084
36139 1084
36140 1084
36141 1084
36142 1084
36143 1084
36144 1084
36145 1084
36146 1084
36147 1084
36148 1084
36149 1084
36150 1084
36151 1084
36152 1084
36153 1084
36154 1084
36155 1084
36156 1084
36157 1084
36158 1084
36159 1084
36160 1084
36161 1084
36162 1084
36163 1084
36164 1084
36165 1084
36166 1084
36167 1085
36168 1085
36169 1085
36170 1085
36171 1085
36172 1085
36173 1085
36174 1085
36175 1085
36176 1085
36177 1085
36178 1085
36179 1085
36180 1085
36181 1085
36182 1085
36183 1085
36184 1085
36185 1085
36186 1085
36187 1085
36188 1085
36189 1085
36190 1085
36191 1085
36192 1085
36193 1085
36194 1085
36195 1085
36196 1085
36197 1085
36198 1085
36199 1085
36200 1086
36201 1086
36202 1086
36203 1086
36204 1086
36205 1086
36206 1086
36207 1086
36208 1086
36209 1086
36210 1086
36211 1086
36212 1086
36213 1086
36214 1086
36215 1086
36216 1086
36217 1086
36218 1086
36219 1086
36220 1086
36221 1086
36222 1086
36223 1086
36224 1086
36225 1086
36226 1086
36227 1086
36228 1086
36229 1086
36230 1086
36231 1086
36232 1086
36233 1086
36234 1087
36235 1087
36236 1087
36237 1087
36238 1087
36239 1087
36240 1087
36241 1087
36242 1087
36243 1087
36244 1087
36245 1087
36246 1087
36247 1087
36248 1087
36249 1087
36250 1087
36251 1087
36252 1087
36253 1087
36254 1087
36255 1087
36256 1087
36257 1087
36258 1087
36259 1087
36260 1087
36261 1087
36262 1087
36263 1087
36264 1087
36265 1087
36266 1087
36267 1088
36268 1088
36269 1088
36270 1088
36271 1088
36272 1088
36273 1088
36274 1088
36275 1088
36276 1088
36277 1088
36278 1088
36279 1088
36280 1088
36281 1088
36282 1088
36283 1088
36284 1088
36285 1088
36286 1088
36287 1088
36288 1088
36289 1088
36290 1088
36291 1088
36292 1088
36293 1088
36294 1088
36295 1088
36296 1088
36297 1088
36298 1088
36299 1088
36300 1089
36301 1089
36302 1089
36303 1089
36304 1089
36305 1089
36306 1089
36307 1089
36308 1089
36309 1089
36310 1089
36311 1089
36312 1089
36313 1089
36314 1089
36315 1089
36316 1089
36317 1089
36318 1089
36319 1089
36320 1089
36321 1089
36322 1089
36323 1089
36324 1089
36325 1089
36326 1089
36327 1089
36328 1089
36329 1089
36330 1089
36331 1089
36332 1089
36333 1089
36334 1090
36335 1090
36336 1090
36337 1090
36338 1090
36339 1090
36340 1090
36341 1090
36342 1090
36343 1090
36344 1090
36345 1090
36346 1090
36347 1090
36348 1090
36349 1090
36350 1090
36351 1090
36352 1090
36353 1090
36354 1090
36355 1090
36356 1090
36357 1090
36358 1090
36359 1090
36360 1090
36361 1090
36362 1090
36363 1090
36364 1090
36365 1090
36366 1090
36367 1091
36368 1091
36369 1091
36370 1091
36371 1091
36372 1091
36373 1091
36374 1091
36375 1091
36376 1091
36377 1091
36378 1091
36379 1091
36380 1091
36381 1091
36382 1091
36383 1091
36384 1091
36385 1091
36386 1091
36387 1091
36388 1091
36389 1091
36390 1091
36391 1091
36392 1091
36393 1091
36394 1091
36395 1091
36396 1091
36397 1091
36398 1091
36399 1091
36400 1092
36401 1092
36402 1092
36403 1092
36404 1092
36405 1092
36406 1092
36407 1092
36408 1092
36409 1092
36410 1092
36411 1092
36412 1092
36413 1092
36414 1092
36415 1092
36416 1092
36417 1092
36418 1092
36419 1092
36420 1092
36421 1092
36422 1092
36423 1092
36424 1092
36425 1092
36426 1092
36427 1092
36428 1092
36429 1092
36430 1092
36431 1092
36432 1092
36433 1092
36434 1093
36435 1093
36436 1093
36437 1093
36438 1093
36439 1093
36440 1093
36441 1093
36442 1093
36443 1093
36444 1093
36445 1093
36446 1093
36447 1093
36448 1093
36449 1093
36450 1093
36451 1093
36452 1093
36453 1093
36454 1093
36455 1093
36456 1093
36457 1093
36458 1093
36459 1093
36460 1093
36461 1093
36462 1093
36463 1093
36464 1093
36465 1093
36466 1093
36467 1094
36468 1094
36469 1094
36470 1094
36471 1094
36472 1094
36473 1094
36474 1094
36475 1094
36476 1094
36477 1094
36478 1094
36479 1094
36480 1094
36481 1094
36482 1094
36483 1094
36484 1094
36485 1094
36486 1094
36487 1094
36488 1094
36489 1094
36490 1094
36491 1094
36492 1094
36493 1094
36494 1094
36495 1094
36496 1094
36497 1094
36498 1094
36499 1094
36500 1095
36501 1095
36502 1095
36503 1095
36504 1095
36505 1095
36506 1095
36507 1095
36508 1095
36509 1095
36510 1095
36511 1095
36512 1095
36513 1095
36514 1095
36515 1095
36516 1095
36517 1095
36518 1095
36519 1095
36520 1095
36521 1095
36522 1095
36523 1095
36524 1095
36525 1095
36526 1095
36527 1095
36528 1095
36529 1095
36530 1095
36531 1095
36532 1095
36533 1095
36534 1096
36535 1096
36536 1096
36537 1096
36538 1096
36539 1096
36540 1096
36541 1096
36542 1096
36543 1096
36544 1096
36545 1096
36546 1096
36547 1096
36548 1096
36549 1096
36550 1096
36551 1096
36552 1096
36553 1096
36554 1096
36555 1096
36556 1096
36557 1096
36558 1096
36559 1096
36560 1096
36561 1096
36562 1096
36563 1096
36564 1096
36565 1096
36566 1096
36567 1097
36568 1097
36569 1097
36570 1097
36571 1097
36572 1097
36573 1097
36574 1097
36575 1097
36576 1097
36577 1097
36578 1097
36579 1097
36580 1097
36581 1097
36582 1097
36583 1097
36584 1097
36585 1097
36586 1097
36587 1097
36588 1097
36589 1097
36590 1097
36591 1097
36592 1097
36593 1097
36594 1097
36595 1097
36596 1097
36597 1097
36598 1097
36599 1097
36600 1098
36601 1098
36602 1098
36603 1098
36604 1098
36605 1098
36606 1098
36607 1098
36608 1098
36609 1098
36610 1098
36611 1098
36612 1098
36613 1098
36614 1098
36615 1098
36616 1098
36617 1098
36618 1098
36619 1098
36620 1098
36621 1098
36622 1098
36623 1098
36624 1098
36625 1098
36626 1098
36627 1098
36628 1098
36629 1098
36630 1098
36631 1098
36632 1098
36633 1098
36634 1099
36635 1099
36636 1099
36637 1099
36638 1099
36639 1099
36640 1099
36641 1099
36642 1099
36643 1099
36644 1099
36645 1099
36646 1099
36647 1099
36648 1099
36649 1099
36650 1099
36651 1099
36652 1099
36653 1099
36654 1099
36655 1099
36656 1099
36657 1099
36658 1099
36659 1099
36660 1099
36661 1099
36662 1099
36663 1099
36664 1099
36665 1099
36666 1099
36667 1100
36668 1100
36669 1100
36670 1100
36671 1100
36672 1100
36673 1100
36674 1100
36675 1100
36676 1100
36677 1100
36678 1100
36679 1100
36680 1100
36681 1100
36682 1100
36683 1100
36684 1100
36685 1100
36686 1100
36687 1100
36688 1100
36689 1100
36690 1100
36691 1100
36692 1100
36693 1100
36694 1100
36695 1100
36696 1100
36697 1100
36698 1100
36699 1100
36700 1101
36701 1101
36702 1101
36703 1101
36704 1101
36705 1101
36706 1101
36707 1101
36708 1101
36709 1101
36710 1101
36711 1101
36712 1101
36713 1101
36714 1101
36715 1101
36716 1101
36717 1101
36718 1101
36719 1101
36720 1101
36721 1101
36722 1101
36723 1101
36724 1101
36725 1101
36726 1101
36727 1101
36728 1101
36729 1101
36730 1101
36731 1101
36732 1101
36733 1101
36734 1102
36735 1102
36736 1102
36737 1102
36738 1102
36739 1102
36740 1102
36741 1102
36742 1102
36743 1102
36744 1102
36745 1102
36746 1102
36747 1102
36748 1102
36749 1102
36750 1102
36751 1102
36752 1102
36753 1102
36754 1102
36755 1102
36756 1102
36757 1102
36758 1102
36759 1102
36760 1102
36761 1102
36762 1102
36763 1102
36764 1102
36765 1102
36766 1102
36767 1103
36768 1103
36769 1103
36770 1103
36771 1103
36772 1103
36773 1103
36774 1103
36775 1103
36776 1103
36777 1103
36778 1103
36779 1103
36780 1103
36781 1103
36782 1103
36783 1103
36784 1103
36785 1103
36786 1103
36787 1103
36788 1103
36789 1103
36790 1103
36791 1103
36792 1103
36793 1103
36794 1103
36795 1103
36796 1103
36797 1103
36798 1103
36799 1103
36800 1104
36801 1104
36802 1104
36803 1104
36804 1104
36805 1104
36806 1104
36807 1104
36808 1104
36809 1104
36810 1104
36811 1104
36812 1104
36813 1104
36814 1104
36815 1104
36816 1104
36817 1104
36818 1104
36819 1104
36820 1104
36821 1104
36822 1104
36823 1104
36824 1104
36825 1104
36826 1104
36827 1104
36828 1104
36829 1104
36830 1104
36831 1104
36832 1104
36833 1104
36834 1105
36835 1105
36836 1105
36837 1105
36838 1105
36839 1105
36840 1105
36841 1105
36842 1105
36843 1105
36844 1105
36845 1105
36846 1105
36847 1105
36848 1105
36849 1105
36850 1105
36851 1105
36852 1105
36853 1105
36854 1105
36855 1105
36856 1105
36857 1105
36858 1105
36859 1105
36860 1105
36861 1105
36862 1105
36863 1105
36864 1105
36865 1105
36866 1105
36867 1106
36868 1106
36869 1106
36870 1106
36871 1106
36872 1106
36873 1106
36874 1106
36875 1106
36876 1106
36877 1106
36878 1106
36879 1106
36880 1106
36881 1106
36882 1106
36883 1106
36884 1106
36885 1106
36886 1106
36887 1106
36888 1106
36889 1106
36890 1106
36891 1106
36892 1106
36893 1106
36894 1106
36895 1106
36896 1106
36897 1106
36898 1106
36899 1106
36900 1107
36901 1107
36902 1107
36903 1107
36904 1107
36905 1107
36906 1107
36907 1107
36908 1107
36909 1107
36910 1107
36911 1107
36912 1107
36913 1107
36914 1107
36915 1107
36916 1107
36917 1107
36918 1107
36919 1107
36920 1107
36921 1107
36922 1107
36923 1107
36924 1107
36925 1107
36926 1107
36927 1107
36928 1107
36929 1107
36930 1107
36931 1107
36932 1107
36933 1107
36934 1108
36935 1108
36936 1108
36937 1108
36938 1108
36939 1108
36940 1108
36941 1108
36942 1108
36943 1108
36944 1108
36945 1108
36946 1108
36947 1108
36948 1108
36949 1108
36950 1108
36951 1108
36952 1108
36953 1108
36954 1108
36955 1108
36956 1108
36957 1108
36958 1108
36959 1108
36960 1108
36961 1108
36962 1108
36963 1108
36964 1108
36965 1108
36966 1108
36967 1109
36968 1109
36969 1109
36970 1109
36971 1109
36972 1109
36973 1109
36974 1109
36975 1109
36976 1109
36977 1109
36978 1109
36979 1109
36980 1109
36981 1109
36982 1109
36983 1109
36984 1109
36985 1109
36986 1109
36987 1109
36988 1109
36989 1109
36990 1109
36991 1109
36992 1109
36993 1109
36994 1109
36995 1109
36996 1109
36997 1109
36998 1109
36999 1109
37000 1110
37001 1110
37002 1110
37003 1110
37004 1110
37005 1110
37006 1110
37007 1110
37008 1110
37009 1110
37010 1110
37011 1110
37012 1110
37013 1110
37014 1110
37015 1110
37016 1110
37017 1110
37018 1110
37019 1110
37020 1110
37021 1110
37022 1110
37023 1110
37024 1110
37025 1110
37026 1110
37027 1110
37028 1110
37029 1110
37030 1110
37031 1110
37032 1110
37033 1110
37034 1111
37035 1111
37036 1111
37037 1111
37038 1111
37039 1111
37040 1111
37041 1111
37042 1111
37043 1111
37044 1111
37045 1111
37046 1111
37047 1111
37048 1111
37049 1111
37050 1111
37051 1111
37052 1111
37053 1111
37054 1111
37055 1111
37056 1111
37057 1111
37058 1111
37059 1111
37060 1111
37061 1111
37062 1111
37063 1111
37064 1111
37065 1111
37066 1111
37067 1112
37068 1112
37069 1112
37070 1112
37071 1112
37072 1112
37073 1112
37074 1112
37075 1112
37076 1112
37077 1112
37078 1112
37079 1112
37080 1112
37081 1112
37082 1112
37083 1112
37084 1112
37085 1112
37086 1112
37087 1112
37088 1112
37089 1112
37090 1112
37091 1112
37092 1112
37093 1112
37094 1112
37095 1112
37096 1112
37097 1112
37098 1112
37099 1112
37100 1113
37101 1113
37102 1113
37103 1113
37104 1113
37105 1113
37106 1113
37107 1113
37108 1113
37109 1113
37110 1113
37111 1113
37112 1113
37113 1113
37114 1113
37115 1113
37116 1113
37117 1113
37118 1113
37119 1113
37120 1113
37121 1113
37122 1113
37123 1113
37124 1113
37125 1113
37126 1113
37127 1113
37128 1113
37129 1113
37130 1113
37131 1113
37132 1113
37133 1113
37134 1114
37135 1114
37136 1114
37137 1114
37138 1114
37139 1114
37140 1114
37141 1114
37142 1114
37143 1114
37144 1114
37145 1114
37146 1114
37147 1114
37148 1114
37149 1114
37150 1114
37151 1114
37152 1114
37153 1114
37154 1114
37155 1114
37156 1114
37157 1114
37158 1114
37159 1114
37160 1114
37161 1114
37162 1114
37163 1114
37164 1114
37165 1114
37166 1114
37167 1115
37168 1115
37169 1115
37170 1115
37171 1115
37172 1115
37173 1115
37174 1115
37175 1115
37176 1115
37177 1115
37178 1115
37179 1115
37180 1115
37181 1115
37182 1115
37183 1115
37184 1115
37185 1115
37186 1115
37187 1115
37188 1115
37189 1115
37190 1115
37191 1115
37192 1115
37193 1115
37194 1115
37195 1115
37196 1115
37197 1115
37198 1115
37199 1115
37200 1116
37201 1116
37202 1116
37203 1116
37204 1116
37205 1116
37206 1116
37207 1116
37208 1116
37209 1116
37210 1116
37211 1116
37212 1116
37213 1116
37214 1116
37215 1116
37216 1116
37217 1116
37218 1116
37219 1116
37220 1116
37221 1116
37222 1116
37223 1116
37224 1116
37225 1116
37226 1116
37227 1116
37228 1116
37229 1116
37230 1116
37231 1116
37232 1116
37233 1116
37234 1117
37235 1117
37236 1117
37237 1117
37238 1117
37239 1117
37240 1117
37241 1117
37242 1117
37243 1117
37244 1117
37245 1117
37246 1117
37247 1117
37248 1117
37249 1117
37250 1117
37251 1117
37252 1117
37253 1117
37254 1117
37255 1117
37256 1117
37257 1117
37258 1117
37259 1117
37260 1117
37261 1117
37262 1117
37263 1117
37264 1117
37265 1117
37266 1117
37267 1118
37268 1118
37269 1118
37270 1118
37271 1118
37272 1118
37273 1118
37274 1118
37275 1118
37276 1118
37277 1118
37278 1118
37279 1118
37280 1118
37281 1118
37282 1118
37283 1118
37284 1118
37285 1118
37286 1118
37287 1118
37288 1118
37289 1118
37290 1118
37291 1118
37292 1118
37293 1118
37294 1118
37295 1118
37296 1118
37297 1118
37298 1118
37299 1118
37300 1119
37301 1119
37302 1119
37303 1119
37304 1119
37305 1119
37306 1119
37307 1119
37308 1119
37309 1119
37310 1119
37311 1119
37312 1119
37313 1119
37314 1119
37315 1119
37316 1119
37317 1119
37318 1119
37319 1119
37320 1119
37321 1119
37322 1119
37323 1119
37324 1119
37325 1119
37326 1119
37327 1119
37328 1119
37329 1119
37330 1119
37331 1119
37332 1119
37333 1119
37334 1120
37335 1120
37336 1120
37337 1120
37338 1120
37339 1120
37340 1120
37341 1120
37342 1120
37343 1120
37344 1120
37345 1120
37346 1120
37347 1120
37348 1120
37349 1120
37350 1120
37351 1120
37352 1120
37353 1120
37354 1120
37355 1120
37356 1120
37357 1120
37358 1120
37359 1120
37360 1120
37361 1120
37362 1120
37363 1120
37364 1120
37365 1120
37366 1120
37367 1121
37368 1121
37369 1121
37370 1121
37371 1121
37372 1121
37373 1121
37374 1121
37375 1121
37376 1121
37377 1121
37378 1121
37379 1121
37380 1121
37381 1121
37382 1121
37383 1121
37384 1121
37385 1121
37386 1121
37387 1121
37388 1121
37389 1121
37390 1121
37391 1121
37392 1121
37393 1121
37394 1121
37395 1121
37396 1121
37397 1121
37398 1121
37399 1121
37400 1122
37401 1122
37402 1122
37403 1122
37404 1122
37405 1122
37406 1122
37407 1122
37408 1122
37409 1122
37410 1122
37411 1122
37412 1122
37413 1122
37414 1122
37415 1122
37416 1122
37417 1122
37418 1122
37419 1122
37420 1122
37421 1122
37422 1122
37423 1122
37424 1122
37425 1122
37426 1122
37427 1122
37428 1122
37429 1122
37430 1122
37431 1122
37432 1122
37433 1122
37434 1123
37435 1123
37436 1123
37437 1123
37438 1123
37439 1123
37440 1123
37441 1123
37442 1123
37443 1123
37444 1123
37445 1123
37446 1123
37447 1123
37448 1123
37449 1123
37450 1123
37451 1123
37452 1123
37453 1123
37454 1123
37455 1123
37456 1123
37457 1123
37458 1123
37459 1123
37460 1123
37461 1123
37462 1123
37463 1123
37464 1123
37465 1123
37466 1123
37467 1124
37468 1124
37469 1124
37470 1124
37471 1124
37472 1124
37473 1124
37474 1124
37475 1124
37476 1124
37477 1124
37478 1124
37479 1124
37480 1124
37481 1124
37482 1124
37483 1124
37484 1124
37485 1124
37486 1124
37487 1124
37488 1124
37489 1124
37490 1124
37491 1124
37492 1124
37493 1124
37494 1124
37495 1124
37496 1124
37497 1124
37498 1124
37499 1124
37500 1125
37501 1125
37502 1125
37503 1125
37504 1125
37505 1125
37506 1125
37507 1125
37508 1125
37509 1125
37510 1125
37511 1125
37512 1125
37513 1125
37514 1125
37515 1125
37516 1125
37517 1125
37518 1125
37519 1125
37520 1125
37521 1125
37522 1125
37523 1125
37524 1125
37525 1125
37526 1125
37527 1125
37528 1125
37529 1125
37530 1125
37531 1125
37532 1125
37533 1125
37534 1126
37535 1126
37536 1126
37537 1126
37538 1126
37539 1126
37540 1126
37541 1126
37542 1126
37543 1126
37544 1126
37545 1126
37546 1126
37547 1126
37548 1126
37549 1126
37550 1126
37551 1126
37552 1126
37553 1126
37554 1126
37555 1126
37556 1126
37557 1126
37558 1126
37559 1126
37560 1126
37561 1126
37562 1126
37563 1126
37564 1126
37565 1126
37566 1126
37567 1127
37568 1127
37569 1127
37570 1127
37571 1127
37572 1127
37573 1127
37574 1127
37575 1127
37576 1127
37577 1127
37578 1127
37579 1127
37580 1127
37581 1127
37582 1127
37583 1127
37584 1127
37585 1127
37586 1127
37587 1127
37588 1127
37589 1127
37590 1127
37591 1127
37592 1127
37593 1127
37594 1127
37595 1127
37596 1127
37597 1127
37598 1127
37599 1127
37600 1128
37601 1128
37602 1128
37603 1128
37604 1128
37605 1128
37606 1128
37607 1128
37608 1128
37609 1128
37610 1128
37611 1128
37612 1128
37613 1128
37614 1128
37615 1128
37616 1128
37617 1128
37618 1128
37619 1128
37620 1128
37621 1128
37622 1128
37623 1128
37624 1128
37625 1128
37626 1128
37627 1128
37628 1128
37629 1128
37630 1128
37631 1128
37632 1128
37633 1128
37634 1129
37635 1129
37636 1129
37637 1129
37638 1129
37639 1129
37640 1129
37641 1129
37642 1129
37643 1129
37644 1129
37645 1129
37646 1129
37647 1129
37648 1129
37649 1129
37650 1129
37651 1129
37652 1129
37653 1129
37654 1129
37655 1129
37656 1129
37657 1129
37658 1129
37659 1129
37660 1129
37661 1129
37662 1129
37663 1129
37664 1129
37665 1129
37666 1129
37667 1130
37668 1130
37669 1130
37670 1130
37671 1130
37672 1130
37673 1130
37674 1130
37675 1130
37676 1130
37677 1130
37678 1130
37679 1130
37680 1130
37681 1130
37682 1130
37683 1130
37684 1130
37685 1130
37686 1130
37687 1130
37688 1130
37689 1130
37690 1130
37691 1130
37692 1130
37693 1130
37694 1130
37695 1130
37696 1130
37697 1130
37698 1130
37699 1130
37700 1131
37701 1131
37702 1131
37703 1131
37704 1131
37705 1131
37706 1131
37707 1131
37708 1131
37709 1131
37710 1131
37711 1131
37712 1131
37713 1131
37714 1131
37715 1131
37716 1131
37717 1131
37718 1131
37719 1131
37720 1131
37721 1131
37722 1131
37723 1131
37724 1131
37725 1131
37726 1131
37727 1131
37728 1131
37729 1131
37730 1131
37731 1131
37732 1131
37733 1131
37734 1132
37735 1132
37736 1132
37737 1132
37738 1132
37739 1132
37740 1132
37741 1132
37742 1132
37743 1132
37744 1132
37745 1132
37746 1132
37747 1132
37748 1132
37749 1132
37750 1132
37751 1132
37752 1132
37753 1132
37754 1132
37755 1132
37756 1132
37757 1132
37758 1132
37759 1132
37760 1132
37761 1132
37762 1132
37763 1132
37764 1132
37765 1132
37766 1132
37767 1133
37768 1133
37769 1133
37770 1133
37771 1133
37772 1133
37773 1133
37774 1133
37775 1133
37776 1133
37777 1133
37778 1133
37779 1133
37780 1133
37781 1133
37782 1133
37783 1133
37784 1133
37785 1133
37786 1133
37787 1133
37788 1133
37789 1133
37790 1133
37791 1133
37792 1133
37793 1133
37794 1133
37795 1133
37796 1133
37797 1133
37798 1133
37799 1133
37800 1134
37801 1134
37802 1134
37803 1134
37804 1134
37805 1134
37806 1134
37807 1134
37808 1134
37809 1134
37810 1134
37811 1134
37812 1134
37813 1134
37814 1134
37815 1134
37816 1134
37817 1134
37818 1134
37819 1134
37820 1134
37821 1134
37822 1134
37823 1134
37824 1134
37825 1134
37826 1134
37827 1134
37828 1134
37829 1134
37830 1134
37831 1134
37832 1134
37833 1134
37834 1135
37835 1135
37836 1135
37837 1135
37838 1135
37839 1135
37840 1135
37841 1135
37842 1135
37843 1135
37844 1135
37845 1135
37846 1135
37847 1135
37848 1135
37849 1135
37850 1135
37851 1135
37852 1135
37853 1135
37854 1135
37855 1135
37856 1135
37857 1135
37858 1135
37859 1135
37860 1135
37861 1135
37862 1135
37863 1135
37864 1135
37865 1135
37866 1135
37867 1136
37868 1136
37869 1136
37870 1136
37871 1136
37872 1136
37873 1136
37874 1136
37875 1136
37876 1136
37877 1136
37878 1136
37879 1136
37880 1136
37881 1136
37882 1136
37883 1136
37884 1136
37885 1136
37886 1136
37887 1136
37888 1136
37889 1136
37890 1136
37891 1136
37892 1136
37893 1136
37894 1136
37895 1136
37896 1136
37897 1136
37898 1136
37899 1136
37900 1137
37901 1137
37902 1137
37903 1137
37904 1137
37905 1137
37906 1137
37907 1137
37908 1137
37909 1137
37910 1137
37911 1137
37912 1137
37913 1137
37914 1137
37915 1137
37916 1137
37917 1137
37918 1137
37919 1137
37920 1137
37921 1137
37922 1137
37923 1137
37924 1137
37925 1137
37926 1137
37927 1137
37928 1137
37929 1137
37930 1137
37931 1137
37932 1137
37933 1137
37934 1138
37935 1138
37936 1138
37937 1138
37938 1138
37939 1138
37940 1138
37941 1138
37942 1138
37943 1138
37944 1138
37945 1138
37946 1138
37947 1138
37948 1138
37949 1138
37950 1138
37951 1138
37952 1138
37953 1138
37954 1138
37955 1138
37956 1138
37957 1138
37958 1138
37959 1138
37960 1138
37961 1138
37962 1138
37963 1138
37964 1138
37965 1138
37966 1138
37967 1139
37968 1139
37969 1139
37970 1139
37971 1139
37972 1139
37973 1139
37974 1139
37975 1139
37976 1139
37977 1139
37978 1139
37979 1139
37980 1139
37981 1139
37982 1139
37983 1139
37984 1139
37985 1139
37986 1139
37987 1139
37988 1139
37989 1139
37990 1139
37991 1139
37992 1139
37993 1139
37994 1139
37995 1139
37996 1139
37997 1139
37998 1139
37999 1139
38000 1140
38001 1140
38002 1140
38003 1140
38004 1140
38005 1140
38006 1140
38007 1140
38008 1140
38009 1140
38010 1140
38011 1140
38012 1140
38013 1140
38014 1140
38015 1140
38016 1140
38017 1140
38018 1140
38019 1140
38020 1140
38021 1140
38022 1140
38023 1140
38024 1140
38025 1140
38026 1140
38027 1140
38028 1140
38029 1140
38030 1140
38031 1140
38032 1140
38033 1140
38034 1141
38035 1141
38036 1141
38037 1141
38038 1141
38039 1141
38040 1141
38041 1141
38042 1141
38043 1141
38044 1141
38045 1141
38046 1141
38047 1141
38048 1141
38049 1141
38050 1141
38051 1141
38052 1141
38053 1141
38054 1141
38055 1141
38056 1141
38057 1141
38058 1141
38059 1141
38060 1141
38061 1141
38062 1141
38063 1141
38064 1141
38065 1141
38066 1141
38067 1142
38068 1142
38069 1142
38070 1142
38071 1142
38072 1142
38073 1142
38074 1142
38075 1142
38076 1142
38077 1142
38078 1142
38079 1142
38080 1142
38081 1142
38082 1142
38083 1142
38084 1142
38085 1142
38086 1142
38087 1142
38088 1142
38089 1142
38090 1142
38091 1142
38092 1142
38093 1142
38094 1142
38095 1142
38096 1142
38097 1142
38098 1142
38099 1142
38100 1143
38101 1143
38102 1143
38103 1143
38104 1143
38105 1143
38106 1143
38107 1143
38108 1143
38109 1143
38110 1143
38111 1143
38112 1143
38113 1143
38114 1143
38115 1143
38116 1143
38117 1143
38118 1143
38119 1143
38120 1143
38121 1143
38122 1143
38123 1143
38124 1143
38125 1143
38126 1143
38127 1143
38128 1143
38129 1143
38130 1143
38131 1143
38132 1143
38133 1143
38134 1144
38135 1144
38136 1144
38137 1144
38138 1144
38139 1144
38140 1144
38141 1144
38142 1144
38143 1144
38144 1144
38145 1144
38146 1144
38147 1144
38148 1144
38149 1144
38150 1144
38151 1144
38152 1144
38153 1144
38154 1144
38155 1144
38156 1144
38157 1144
38158 1144
38159 1144
38160 1144
38161 1144
38162 1144
38163 1144
38164 1144
38165 1144
38166 1144
38167 1145
38168 1145
38169 1145
38170 1145
38171 1145
38172 1145
38173 1145
38174 1145
38175 1145
38176 1145
38177 1145
38178 1145
38179 1145
38180 1145
38181 1145
38182 1145
38183 1145
38184 1145
38185 1145
38186 1145
38187 1145
38188 1145
38189 1145
38190 1145
38191 1145
38192 1145
38193 1145
38194 1145
38195 1145
38196 1145
38197 1145
38198 1145
38199 1145
38200 1146
38201 1146
38202 1146
38203 1146
38204 1146
38205 1146
38206 1146
38207 1146
38208 1146
38209 1146
38210 1146
38211 1146
38212 1146
38213 1146
38214 1146
38215 1146
38216 1146
38217 1146
38218 1146
38219 1146
38220 1146
38221 1146
38222 1146
38223 1146
38224 1146
38225 1146
38226 1146
38227 1146
38228 1146
38229 1146
38230 1146
38231 1146
38232 1146
38233 1146
38234 1147
38235 1147
38236 1147
38237 1147
38238 1147
38239 1147
38240 1147
38241 1147
38242 1147
38243 1147
38244 1147
38245 1147
38246 1147
38247 1147
38248 1147
38249 1147
38250 1147
38251 1147
38252 1147
38253 1147
38254 1147
38255 1147
38256 1147
38257 1147
38258 1147
38259 1147
38260 1147
38261 1147
38262 1147
38263 1147
38264 1147
38265 1147
38266 1147
38267 1148
38268 1148
38269 1148
38270 1148
38271 1148
38272 1148
38273 1148
38274 1148
38275 1148
38276 1148
38277 1148
38278 1148
38279 1148
38280 1148
38281 1148
38282 1148
38283 1148
38284 1148
38285 1148
38286 1148
38287 1148
38288 1148
38289 1148
38290 1148
38291 1148
38292 1148
38293 1148
38294 1148
38295 1148
38296 1148
38297 1148
38298 1148
38299 1148
38300 1149
38301 1149
38302 1149
38303 1149
38304 1149
38305 1149
38306 1149
38307 1149
38308 1149
38309 1149
38310 1149
38311 1149
38312 1149
38313 1149
38314 1149
38315 1149
38316 1149
38317 1149
38318 1149
38319 1149
38320 1149
38321 1149
38322 1149
38323 1149
38324 1149
38325 1149
38326 1149
38327 1149
38328 1149
38329 1149
38330 1149
38331 1149
38332 1149
38333 1149
38334 1150
38335 1150
38336 1150
38337 1150
38338 1150
38339 1150
38340 1150
38341 1150
38342 1150
38343 1150
38344 1150
38345 1150
38346 1150
38347 1150
38348 1150
38349 1150
38350 1150
38351 1150
38352 1150
38353 1150
38354 1150
38355 1150
38356 1150
38357 1150
38358 1150
38359 1150
38360 1150
38361 1150
38362 1150
38363 1150
38364 1150
38365 1150
38366 1150
38367 1151
38368 1151
38369 1151
38370 1151
38371 1151
38372 1151
38373 1151
38374 1151
38375 1151
38376 1151
38377 1151
38378 1151
38379 1151
38380 1151
38381 1151
38382 1151
38383 1151
38384 1151
38385 1151
38386 1151
38387 1151
38388 1151
38389 1151
38390 1151
38391 1151
38392 1151
38393 1151
38394 1151
38395 1151
38396 1151
38397 1151
38398 1151
38399 1151
38400 1152
38401 1152
38402 1152
38403 1152
38404 1152
38405 1152
38406 1152
38407 1152
38408 1152
38409 1152
38410 1152
38411 1152
38412 1152
38413 1152
38414 1152
38415 1152
38416 1152
38417 1152
38418 1152
38419 1152
38420 1152
38421 1152
38422 1152
38423 1152
38424 1152
38425 1152
38426 1152
38427 1152
38428 1152
38429 1152
38430 1152
38431 1152
38432 1152
38433 1152
38434 1153
38435 1153
38436 1153
38437 1153
38438 1153
38439 1153
38440 1153
38441 1153
38442 1153
38443 1153
38444 1153
38445 1153
38446 1153
38447 1153
38448 1153
38449 1153
38450 1153
38451 1153
38452 1153
38453 1153
38454 1153
38455 1153
38456 1153
38457 1153
38458 1153
38459 1153
38460 1153
38461 1153
38462 1153
38463 1153
38464 1153
38465 1153
38466 1153
38467 1154
38468 1154
38469 1154
38470 1154
38471 1154
38472 1154
38473 1154
38474 1154
38475 1154
38476 1154
38477 1154
38478 1154
38479 1154
38480 1154
38481 1154
38482 1154
38483 1154
38484 1154
38485 1154
38486 1154
38487 1154
38488 1154
38489 1154
38490 1154
38491 1154
38492 1154
38493 1154
38494 1154
38495 1154
38496 1154
38497 1154
38498 1154
38499 1154
38500 1155
38501 1155
38502 1155
38503 1155
38504 1155
38505 1155
38506 1155
38507 1155
38508 1155
38509 1155
38510 1155
38511 1155
38512 1155
38513 1155
38514 1155
38515 1155
38516 1155
38517 1155
38518 1155
38519 1155
38520 1155
38521 1155
38522 1155
38523 1155
38524 1155
38525 1155
38526 1155
38527 1155
38528 1155
38529 1155
38530 1155
38531 1155
38532 1155
38533 1155
38534 1156
38535 1156
38536 1156
38537 1156
38538 1156
38539 1156
38540 1156
38541 1156
38542 1156
38543 1156
38544 1156
38545 1156
38546 1156
38547 1156
38548 1156
38549 1156
38550 1156
38551 1156
38552 1156
38553 1156
38554 1156
38555 1156
38556 1156
38557 1156
38558 1156
38559 1156
38560 1156
38561 1156
38562 1156
38563 1156
38564 1156
38565 1156
38566 1156
38567 1157
38568 1157
38569 1157
38570 1157
38571 1157
38572 1157
38573 1157
38574 1157
38575 1157
38576 1157
38577 1157
38578 1157
38579 1157
38580 1157
38581 1157
38582 1157
38583 1157
38584 1157
38585 1157
38586 1157
38587 1157
38588 1157
38589 1157
38590 1157
38591 1157
38592 1157
38593 1157
38594 1157
38595 1157
38596 1157
38597 1157
38598 1157
38599 1157
38600 1158
38601 1158
38602 1158
38603 1158
38604 1158
38605 1158
38606 1158
38607 1158
38608 1158
38609 1158
38610 1158
38611 1158
38612 1158
38613 1158
38614 1158
38615 1158
38616 1158
38617 1158
38618 1158
38619 1158
38620 1158
38621 1158
38622 1158
38623 1158
38624 1158
38625 1158
38626 1158
38627 1158
38628 1158
38629 1158
38630 1158
38631 1158
38632 1158
38633 1158
38634 1159
38635 1159
38636 1159
38637 1159
38638 1159
38639 1159
38640 1159
38641 1159
38642 1159
38643 1159
38644 1159
38645 1159
38646 1159
38647 1159
38648 1159
38649 1159
38650 1159
38651 1159
38652 1159
38653 1159
38654 1159
38655 1159
38656 1159
38657 1159
38658 1159
38659 1159
38660 1159
38661 1159
38662 1159
38663 1159
38664 1159
38665 1159
38666 1159
38667 1160
38668 1160
38669 1160
38670 1160
38671 1160
38672 1160
38673 1160
38674 1160
38675 1160
38676 1160
38677 1160
38678 1160
38679 1160
38680 1160
38681 1160
38682 1160
38683 1160
38684 1160
38685 1160
38686 1160
38687 1160
38688 1160
38689 1160
38690 1160
38691 1160
38692 1160
38693 1160
38694 1160
38695 1160
38696 1160
38697 1160
38698 1160
38699 1160
38700 1161
38701 1161
38702 1161
38703 1161
38704 1161
38705 1161
38706 1161
38707 1161
38708 1161
38709 1161
38710 1161
38711 1161
38712 1161
38713 1161
38714 1161
38715 1161
38716 1161
38717 1161
38718 1161
38719 1161
38720 1161
38721 1161
38722 1161
38723 1161
38724 1161
38725 1161
38726 1161
38727 1161
38728 1161
38729 1161
38730 1161
38731 1161
38732 1161
38733 1161
38734 1162
38735 1162
38736 1162
38737 1162
38738 1162
38739 1162
38740 1162
38741 1162
38742 1162
38743 1162
38744 1162
38745 1162
38746 1162
38747 1162
38748 1162
38749 1162
38750 1162
38751 1162
38752 1162
38753 1162
38754 1162
38755 1162
38756 1162
38757 1162
38758 1162
38759 1162
38760 1162
38761 1162
38762 1162
38763 1162
38764 1162
38765 1162
38766 1162
38767 1163
38768 1163
38769 1163
38770 1163
38771 1163
38772 1163
38773 1163
38774 1163
38775 1163
38776 1163
38777 1163
38778 1163
38779 1163
38780 1163
38781 1163
38782 1163
38783 1163
38784 1163
38785 1163
38786 1163
38787 1163
38788 1163
38789 1163
38790 1163
38791 1163
38792 1163
38793 1163
38794 1163
38795 1163
38796 1163
38797 1163
38798 1163
38799 1163
38800 1164
38801 1164
38802 1164
38803 1164
38804 1164
38805 1164
38806 1164
38807 1164
38808 1164
38809 1164
38810 1164
38811 1164
38812 1164
38813 1164
38814 1164
38815 1164
38816 1164
38817 1164
38818 1164
38819 1164
38820 1164
38821 1164
38822 1164
38823 1164
38824 1164
38825 1164
38826 1164
38827 1164
38828 1164
38829 1164
38830 1164
38831 1164
38832 1164
38833 1164
38834 1165
38835 1165
38836 1165
38837 1165
38838 1165
38839 1165
38840 1165
38841 1165
38842 1165
38843 1165
38844 1165
38845 1165
38846 1165
38847 1165
38848 1165
38849 1165
38850 1165
38851 1165
38852 1165
38853 1165
38854 1165
38855 1165
38856 1165
38857 1165
38858 1165
38859 1165
38860 1165
38861 1165
38862 1165
38863 1165
38864 1165
38865 1165
38866 1165
38867 1166
38868 1166
38869 1166
38870 1166
38871 1166
38872 1166
38873 1166
38874 1166
38875 1166
38876 1166
38877 1166
38878 1166
38879 1166
38880 1166
38881 1166
38882 1166
38883 1166
38884 1166
38885 1166
38886 1166
38887 1166
38888 1166
38889 1166
38890 1166
38891 1166
38892 1166
38893 1166
38894 1166
38895 1166
38896 1166
38897 1166
38898 1166
38899 1166
38900 1167
38901 1167
38902 1167
38903 1167
38904 1167
38905 1167
38906 1167
38907 1167
38908 1167
38909 1167
38910 1167
38911 1167
38912 1167
38913 1167
38914 1167
38915 1167
38916 1167
38917 1167
38918 1167
38919 1167
38920 1167
38921 1167
38922 1167
38923 1167
38924 1167
38925 1167
38926 1167
38927 1167
38928 1167
38929 1167
38930 1167
38931 1167
38932 1167
38933 1167
38934 1168
38935 1168
38936 1168
38937 1168
38938 1168
38939 1168
38940 1168
38941 1168
38942 1168
38943 1168
38944 1168
38945 1168
38946 1168
38947 1168
38948 1168
38949 1168
38950 1168
38951 1168
38952 1168
38953 1168
38954 1168
38955 1168
38956 1168
38957 1168
38958 1168
38959 1168
38960 1168
38961 1168
38962 1168
38963 1168
38964 1168
38965 1168
38966 1168
38967 1169
38968 1169
38969 1169
38970 1169
38971 1169
38972 1169
38973 1169
38974 1169
38975 1169
38976 1169
38977 1169
38978 1169
38979 1169
38980 1169
38981 1169
38982 1169
38983 1169
38984 1169
38985 1169
38986 1169
38987 1169
38988 1169
38989 1169
38990 1169
38991 1169
38992 1169
38993 1169
38994 1169
38995 1169
38996 1169
38997 1169
38998 1169
38999 1169
39000 1170
39001 1170
39002 1170
39003 1170
39004 1170
39005 1170
39006 1170
39007 1170
39008 1170
39009 1170
39010 1170
39011 1170
39012 1170
39013 1170
39014 1170
39015 1170
39016 1170
39017 1170
39018 1170
39019 1170
39020 1170
39021 1170
39022 1170
39023 1170
39024 1170
39025 1170
39026 1170
39027 1170
39028 1170
39029 1170
39030 1170
39031 1170
39032 1170
39033 1170
39034 1171
39035 1171
39036 1171
39037 1171
39038 1171
39039 1171
39040 1171
39041 1171
39042 1171
39043 1171
39044 1171
39045 1171
39046 1171
39047 1171
39048 1171
39049 1171
39050 1171
39051 1171
39052 1171
39053 1171
39054 1171
39055 1171
39056 1171
39057 1171
39058 1171
39059 1171
39060 1171
39061 1171
39062 1171
39063 1171
39064 1171
39065 1171
39066 1171
39067 1172
39068 1172
39069 1172
39070 1172
39071 1172
39072 1172
39073 1172
39074 1172
39075 1172
39076 1172
39077 1172
39078 1172
39079 1172
39080 1172
39081 1172
39082 1172
39083 1172
39084 1172
39085 1172
39086 1172
39087 1172
39088 1172
39089 1172
39090 1172
39091 1172
39092 1172
39093 1172
39094 1172
39095 1172
39096 1172
39097 1172
39098 1172
39099 1172
39100 1173
39101 1173
39102 1173
39103 1173
39104 1173
39105 1173
39106 1173
39107 1173
39108 1173
39109 1173
39110 1173
39111 1173
39112 1173
39113 1173
39114 1173
39115 1173
39116 1173
39117 1173
39118 1173
39119 1173
39120 1173
39121 1173
39122 1173
39123 1173
39124 1173
39125 1173
39126 1173
39127 1173
39128 1173
39129 1173
39130 1173
39131 1173
39132 1173
39133 1173
39134 1174
39135 1174
39136 1174
39137 1174
39138 1174
39139 1174
39140 1174
39141 1174
39142 1174
39143 1174
39144 1174
39145 1174
39146 1174
39147 1174
39148 1174
39149 1174
39150 1174
39151 1174
39152 1174
39153 1174
39154 1174
39155 1174
39156 1174
39157 1174
39158 1174
39159 1174
39160 1174
39161 1174
39162 1174
39163 1174
39164 1174
39165 1174
39166 1174
39167 1175
39168 1175
39169 1175
39170 1175
39171 1175
39172 1175
39173 1175
39174 1175
39175 1175
39176 1175
39177 1175
39178 1175
39179 1175
39180 1175
39181 1175
39182 1175
39183 1175
39184 1175
39185 1175
39186 1175
39187 1175
39188 1175
39189 1175
39190 1175
39191 1175
39192 1175
39193 1175
39194 1175
39195 1175
39196 1175
39197 1175
39198 1175
39199 1175
39200 1176
39201 1176
39202 1176
39203 1176
39204 1176
39205 1176
39206 1176
39207 1176
39208 1176
39209 1176
39210 1176
39211 1176
39212 1176
39213 1176
39214 1176
39215 1176
39216 1176
39217 1176
39218 1176
39219 1176
39220 1176
39221 1176
39222 1176
39223 1176
39224 1176
39225 1176
39226 1176
39227 1176
39228 1176
39229 1176
39230 1176
39231 1176
39232 1176
39233 1176
39234 1177
39235 1177
39236 1177
39237 1177
39238 1177
39239 1177
39240 1177
39241 1177
39242 1177
39243 1177
39244 1177
39245 1177
39246 1177
39247 1177
39248 1177
39249 1177
39250 1177
39251 1177
39252 1177
39253 1177
39254 1177
39255 1177
39256 1177
39257 1177
39258 1177
39259 1177
39260 1177
39261 1177
39262 1177
39263 1177
39264 1177
39265 1177
39266 1177
39267 1178
39268 1178
39269 1178
39270 1178
39271 1178
39272 1178
39273 1178
39274 1178
39275 1178
39276 1178
39277 1178
39278 1178
39279 1178
39280 1178
39281 1178
39282 1178
39283 1178
39284 1178
39285 1178
39286 1178
39287 1178
39288 1178
39289 1178
39290 1178
39291 1178
39292 1178
39293 1178
39294 1178
39295 1178
39296 1178
39297 1178
39298 1178
39299 1178
39300 1179
39301 1179
39302 1179
39303 1179
39304 1179
39305 1179
39306 1179
39307 1179
39308 1179
39309 1179
39310 1179
39311 1179
39312 1179
39313 1179
39314 1179
39315 1179
39316 1179
39317 1179
39318 1179
39319 1179
39320 1179
39321 1179
39322 1179
39323 1179
39324 1179
39325 1179
39326 1179
39327 1179
39328 1179
39329 1179
39330 1179
39331 1179
39332 1179
39333 1179
39334 1180
39335 1180
39336 1180
39337 1180
39338 1180
39339 1180
39340 1180
39341 1180
39342 1180
39343 1180
39344 1180
39345 1180
39346 1180
39347 1180
39348 1180
39349 1180
39350 1180
39351 1180
39352 1180
39353 1180
39354 1180
39355 1180
39356 1180
39357 1180
39358 1180
39359 1180
39360 1180
39361 1180
39362 1180
39363 1180
39364 1180
39365 1180
39366 1180
39367 1181
39368 1181
39369 1181
39370 1181
39371 1181
39372 1181
39373 1181
39374 1181
39375 1181
39376 1181
39377 1181
39378 1181
39379 1181
39380 1181
39381 1181
39382 1181
39383 1181
39384 1181
39385 1181
39386 1181
39387 1181
39388 1181
39389 1181
39390 1181
39391 1181
39392 1181
39393 1181
39394 1181
39395 1181
39396 1181
39397 1181
39398 1181
39399 1181
39400 1182
39401 1182
39402 1182
39403 1182
39404 1182
39405 1182
39406 1182
39407 1182
39408 1182
39409 1182
39410 1182
39411 1182
39412 1182
39413 1182
39414 1182
39415 1182
39416 1182
39417 1182
39418 1182
39419 1182
39420 1182
39421 1182
39422 1182
39423 1182
39424 1182
39425 1182
39426 1182
39427 1182
39428 1182
39429 1182
39430 1182
39431 1182
39432 1182
39433 1182
39434 1183
39435 1183
39436 1183
39437 1183
39438 1183
39439 1183
39440 1183
39441 1183
39442 1183
39443 1183
39444 1183
39445 1183
39446 1183
39447 1183
39448 1183
39449 1183
39450 1183
39451 1183
39452 1183
39453 1183
39454 1183
39455 1183
39456 1183
39457 1183
39458 1183
39459 1183
39460 1183
39461 1183
39462 1183
39463 1183
39464 1183
39465 1183
39466 1183
39467 1184
39468 1184
39469 1184
39470 1184
39471 1184
39472 1184
39473 1184
39474 1184
39475 1184
39476 1184
39477 1184
39478 1184
39479 1184
39480 1184
39481 1184
39482 1184
39483 1184
39484 1184
39485 1184
39486 1184
39487 1184
39488 1184
39489 1184
39490 1184
39491 1184
39492 1184
39493 1184
39494 1184
39495 1184
39496 1184
39497 1184
39498 1184
39499 1184
39500 1185
39501 1185
39502 1185
39503 1185
39504 1185
39505 1185
39506 1185
39507 1185
39508 1185
39509 1185
39510 1185
39511 1185
39512 1185
39513 1185
39514 1185
39515 1185
39516 1185
39517 1185
39518 1185
39519 1185
39520 1185
39521 1185
39522 1185
39523 1185
39524 1185
39525 1185
39526 1185
39527 1185
39528 1185
39529 1185
39530 1185
39531 1185
39532 1185
39533 1185
39534 1186
39535 1186
39536 1186
39537 1186
39538 1186
39539 1186
39540 1186
39541 1186
39542 1186
39543 1186
39544 1186
39545 1186
39546 1186
39547 1186
39548 1186
39549 1186
39550 1186
39551 1186
39552 1186
39553 1186
39554 1186
39555 1186
39556 1186
39557 1186
39558 1186
39559 1186
39560 1186
39561 1186
39562 1186
39563 1186
39564 1186
39565 1186
39566 1186
39567 1187
39568 1187
39569 1187
39570 1187
39571 1187
39572 1187
39573 1187
39574 1187
39575 1187
39576 1187
39577 1187
39578 1187
39579 1187
39580 1187
39581 1187
39582 1187
39583 1187
39584 1187
39585 1187
39586 1187
39587 1187
39588 1187
39589 1187
39590 1187
39591 1187
39592 1187
39593 1187
39594 1187
39595 1187
39596 1187
39597 1187
39598 1187
39599 1187
39600 1188
39601 1188
39602 1188
39603 1188
39604 1188
39605 1188
39606 1188
39607 1188
39608 1188
39609 1188
39610 1188
39611 1188
39612 1188
39613 1188
39614 1188
39615 1188
39616 1188
39617 1188
39618 1188
39619 1188
39620 1188
39621 1188
39622 1188
39623 1188
39624 1188
39625 1188
39626 1188
39627 1188
39628 1188
39629 1188
39630 1188
39631 1188
39632 1188
39633 1188
39634 1189
39635 1189
39636 1189
39637 1189
39638 1189
39639 1189
39640 1189
39641 1189
39642 1189
39643 1189
39644 1189
39645 1189
39646 1189
39647 1189
39648 1189
39649 1189
39650 1189
39651 1189
39652 1189
39653 1189
39654 1189
39655 1189
39656 1189
39657 1189
39658 1189
39659 1189
39660 1189
39661 1189
39662 1189
39663 1189
39664 1189
39665 1189
39666 1189
39667 1190
39668 1190
39669 1190
39670 1190
39671 1190
39672 1190
39673 1190
39674 1190
39675 1190
39676 1190
39677 1190
39678 1190
39679 1190
39680 1190
39681 1190
39682 1190
39683 1190
39684 1190
39685 1190
39686 1190
39687 1190
39688 1190
39689 1190
39690 1190
39691 1190
39692 1190
39693 1190
39694 1190
39695 1190
39696 1190
39697 1190
39698 1190
39699 1190
39700 1191
39701 1191
39702 1191
39703 1191
39704 1191
39705 1191
39706 1191
39707 1191
39708 1191
39709 1191
39710 1191
39711 1191
39712 1191
39713 1191
39714 1191
39715 1191
39716 1191
39717 1191
39718 1191
39719 1191
39720 1191
39721 1191
39722 1191
39723 1191
39724 1191
39725 1191
39726 1191
39727 1191
39728 1191
39729 1191
39730 1191
39731 1191
39732 1191
39733 1191
39734 1192
39735 1192
39736 1192
39737 1192
39738 1192
39739 1192
39740 1192
39741 1192
39742 1192
39743 1192
39744 1192
39745 1192
39746 1192
39747 1192
39748 1192
39749 1192
39750 1192
39751 1192
39752 1192
39753 1192
39754 1192
39755 1192
39756 1192
39757 1192
39758 1192
39759 1192
39760 1192
39761 1192
39762 1192
39763 1192
39764 1192
39765 1192
39766 1192
39767 1193
39768 1193
39769 1193
39770 1193
39771 1193
39772 1193
39773 1193
39774 1193
39775 1193
39776 1193
39777 1193
39778 1193
39779 1193
39780 1193
39781 1193
39782 1193
39783 1193
39784 1193
39785 1193
39786 1193
39787 1193
39788 1193
39789 1193
39790 1193
39791 1193
39792 1193
39793 1193
39794 1193
39795 1193
39796 1193
39797 1193
39798 1193
39799 1193
39800 1194
39801 1194
39802 1194
39803 1194
39804 1194
39805 1194
39806 1194
39807 1194
39808 1194
39809 1194
39810 1194
39811 1194
39812 1194
39813 1194
39814 1194
39815 1194
39816 1194
39817 1194
39818 1194
39819 1194
39820 1194
39821 1194
39822 1194
39823 1194
39824 1194
39825 1194
39826 1194
39827 1194
39828 1194
39829 1194
39830 1194
39831 1194
39832 1194
39833 1194
39834 1195
39835 1195
39836 1195
39837 1195
39838 1195
39839 1195
39840 1195
39841 1195
39842 1195
39843 1195
39844 1195
39845 1195
39846 1195
39847 1195
39848 1195
39849 1195
39850 1195
39851 1195
39852 1195
39853 1195
39854 1195
39855 1195
39856 1195
39857 1195
39858 1195
39859 1195
39860 1195
39861 1195
39862 1195
39863 1195
39864 1195
39865 1195
39866 1195
39867 1196
39868 1196
39869 1196
39870 1196
39871 1196
39872 1196
39873 1196
39874 1196
39875 1196
39876 1196
39877 1196
39878 1196
39879 1196
39880 1196
39881 1196
39882 1196
39883 1196
39884 1196
39885 1196
39886 1196
39887 1196
39888 1196
39889 1196
39890 1196
39891 1196
39892 1196
39893 1196
39894 1196
39895 1196
39896 1196
39897 1196
39898 1196
39899 1196
39900 1197
39901 1197
39902 1197
39903 1197
39904 1197
39905 1197
39906 1197
39907 1197
39908 1197
39909 1197
39910 1197
39911 1197
39912 1197
39913 1197
39914 1197
39915 1197
39916 1197
39917 1197
39918 1197
39919 1197
39920 1197
39921 1197
39922 1197
39923 1197
39924 1197
39925 1197
39926 1197
39927 1197
39928 1197
39929 1197
39930 1197
39931 1197
39932 1197
39933 1197
39934 1198
39935 1198
39936 1198
39937 1198
39938 1198
39939 1198
39940 1198
39941 1198
39942 1198
39943 1198
39944 1198
39945 1198
39946 1198
39947 1198
39948 1198
39949 1198
39950 1198
39951 1198
39952 1198
39953 1198
39954 1198
39955 1198
39956 1198
39957 1198
39958 1198
39959 1198
39960 1198
39961 1198
39962 1198
39963 1198
39964 1198
39965 1198
39966 1198
39967 1199
39968 1199
39969 1199
39970 1199
39971 1199
39972 1199
39973 1199
39974 1199
39975 1199
39976 1199
39977 1199
39978 1199
39979 1199
39980 1199
39981 1199
39982 1199
39983 1199
39984 1199
39985 1199
39986 1199
39987 1199
39988 1199
39989 1199
39990 1199
39991 1199
39992 1199
39993 1199
39994 1199
39995 1199
39996 1199
39997 1199
39998 1199
39999 1199
40000 1200
40001 1200
40002 1200
40003 1200
40004 1200
40005 1200
40006 1200
40007 1200
40008 1200
40009 1200
40010 1200
40011 1200
40012 1200
40013 1200
40014 1200
40015 1200
40016 1200
40017 1200
40018 1200
40019 1200
40020 1200
40021 1200
40022 1200
40023 1200
40024 1200
40025 1200
40026 1200
40027 1200
40028 1200
40029 1200
40030 1200
40031 1200
40032 1200
40033 1200
40034 1201
40035 1201
40036 1201
40037 1201
40038 1201
40039 1201
40040 1201
40041 1201
40042 1201
40043 1201
40044 1201
40045 1201
40046 1201
40047 1201
40048 1201
40049 1201
40050 1201
40051 1201
40052 1201
40053 1201
40054 1201
40055 1201
40056 1201
40057 1201
40058 1201
40059 1201
40060 1201
40061 1201
40062 1201
40063 1201
40064 1201
40065 1201
40066 1201
40067 1202
40068 1202
40069 1202
40070 1202
40071 1202
40072 1202
40073 1202
40074 1202
40075 1202
40076 1202
40077 1202
40078 1202
40079 1202
40080 1202
40081 1202
40082 1202
40083 1202
40084 1202
40085 1202
40086 1202
40087 1202
40088 1202
40089 1202
40090 1202
40091 1202
40092 1202
40093 1202
40094 1202
40095 1202
40096 1202
40097 1202
40098 1202
40099 1202
40100 1203
40101 1203
40102 1203
40103 1203
40104 1203
40105 1203
40106 1203
40107 1203
40108 1203
40109 1203
40110 1203
40111 1203
40112 1203
40113 1203
40114 1203
40115 1203
40116 1203
40117 1203
40118 1203
40119 1203
40120 1203
40121 1203
40122 1203
40123 1203
40124 1203
40125 1203
40126 1203
40127 1203
40128 1203
40129 1203
40130 1203
40131 1203
40132 1203
40133 1203
40134 1204
40135 1204
40136 1204
40137 1204
40138 1204
40139 1204
40140 1204
40141 1204
40142 1204
40143 1204
40144 1204
40145 1204
40146 1204
40147 1204
40148 1204
40149 1204
40150 1204
40151 1204
40152 1204
40153 1204
40154 1204
40155 1204
40156 1204
40157 1204
40158 1204
40159 1204
40160 1204
40161 1204
40162 1204
40163 1204
40164 1204
40165 1204
40166 1204
40167 1205
40168 1205
40169 1205
40170 1205
40171 1205
40172 1205
40173 1205
40174 1205
40175 1205
40176 1205
40177 1205
40178 1205
40179 1205
40180 1205
40181 1205
40182 1205
40183 1205
40184 1205
40185 1205
40186 1205
40187 1205
40188 1205
40189 1205
40190 1205
40191 1205
40192 1205
40193 1205
40194 1205
40195 1205
40196 1205
40197 1205
40198 1205
40199 1205
40200 1206
40201 1206
40202 1206
40203 1206
40204 1206
40205 1206
40206 1206
40207 1206
40208 1206
40209 1206
40210 1206
40211 1206
40212 1206
40213 1206
40214 1206
40215 1206
40216 1206
40217 1206
40218 1206
40219 1206
40220 1206
40221 1206
40222 1206
40223 1206
40224 1206
40225 1206
40226 1206
40227 1206
40228 1206
40229 1206
40230 1206
40231 1206
40232 1206
40233 1206
40234 1207
40235 1207
40236 1207
40237 1207
40238 1207
40239 1207
40240 1207
40241 1207
40242 1207
40243 1207
40244 1207
40245 1207
40246 1207
40247 1207
40248 1207
40249 1207
40250 1207
40251 1207
40252 1207
40253 1207
40254 1207
40255 1207
40256 1207
40257 1207
40258 1207
40259 1207
40260 1207
40261 1207
40262 1207
40263 1207
40264 1207
40265 1207
40266 1207
40267 1208
40268 1208
40269 1208
40270 1208
40271 1208
40272 1208
40273 1208
40274 1208
40275 1208
40276 1208
40277 1208
40278 1208
40279 1208
40280 1208
40281 1208
40282 1208
40283 1208
40284 1208
40285 1208
40286 1208
40287 1208
40288 1208
40289 1208
40290 1208
40291 1208
40292 1208
40293 1208
40294 1208
40295 1208
40296 1208
40297 1208
40298 1208
40299 1208
40300 1209
40301 1209
40302 1209
40303 1209
40304 1209
40305 1209
40306 1209
40307 1209
40308 1209
40309 1209
40310 1209
40311 1209
40312 1209
40313 1209
40314 1209
40315 1209
40316 1209
40317 1209
40318 1209
40319 1209
40320 1209
40321 1209
40322 1209
40323 1209
40324 1209
40325 1209
40326 1209
40327 1209
40328 1209
40329 1209
40330 1209
40331 1209
40332 1209
40333 1209
40334 1210
40335 1210
40336 1210
40337 1210
40338 1210
40339 1210
40340 1210
40341 1210
40342 1210
40343 1210
40344 1210
40345 1210
40346 1210
40347 1210
40348 1210
40349 1210
40350 1210
40351 1210
40352 1210
40353 1210
40354 1210
40355 1210
40356 1210
40357 1210
40358 1210
40359 1210
40360 1210
40361 1210
40362 1210
40363 1210
40364 1210
40365 1210
40366 1210
40367 1211
40368 1211
40369 1211
40370 1211
40371 1211
40372 1211
40373 1211
40374 1211
40375 1211
40376 1211
40377 1211
40378 1211
40379 1211
40380 1211
40381 1211
40382 1211
40383 1211
40384 1211
40385 1211
40386 1211
40387 1211
40388 1211
40389 1211
40390 1211
40391 1211
40392 1211
40393 1211
40394 1211
40395 1211
40396 1211
40397 1211
40398 1211
40399 1211
40400 1212
40401 1212
40402 1212
40403 1212
40404 1212
40405 1212
40406 1212
40407 1212
40408 1212
40409 1212
40410 1212
40411 1212
40412 1212
40413 1212
40414 1212
40415 1212
40416 1212
40417 1212
40418 1212
40419 1212
40420 1212
40421 1212
40422 1212
40423 1212
40424 1212
40425 1212
40426 1212
40427 1212
40428 1212
40429 1212
40430 1212
40431 1212
40432 1212
40433 1212
40434 1213
40435 1213
40436 1213
40437 1213
40438 1213
40439 1213
40440 1213
40441 1213
40442 1213
40443 1213
40444 1213
40445 1213
40446 1213
40447 1213
40448 1213
40449 1213
40450 1213
40451 1213
40452 1213
40453 1213
40454 1213
40455 1213
40456 1213
40457 1213
40458 1213
40459 1213
40460 1213
40461 1213
40462 1213
40463 1213
40464 1213
40465 1213
40466 1213
40467 1214
40468 1214
40469 1214
40470 1214
40471 1214
40472 1214
40473 1214
40474 1214
40475 1214
40476 1214
40477 1214
40478 1214
40479 1214
40480 1214
40481 1214
40482 1214
40483 1214
40484 1214
40485 1214
40486 1214
40487 1214
40488 1214
40489 1214
40490 1214
40491 1214
40492 1214
40493 1214
40494 1214
40495 1214
40496 1214
40497 1214
40498 1214
40499 1214
40500 1215
40501 1215
40502 1215
40503 1215
40504 1215
40505 1215
40506 1215
40507 1215
40508 1215
40509 1215
40510 1215
40511 1215
40512 1215
40513 1215
40514 1215
40515 1215
40516 1215
40517 1215
40518 1215
40519 1215
40520 1215
40521 1215
40522 1215
40523 1215
40524 1215
40525 1215
40526 1215
40527 1215
40528 1215
40529 1215
40530 1215
40531 1215
40532 1215
40533 1215
40534 1216
40535 1216
40536 1216
40537 1216
40538 1216
40539 1216
40540 1216
40541 1216
40542 1216
40543 1216
40544 1216
40545 1216
40546 1216
40547 1216
40548 1216
40549 1216
40550 1216
40551 1216
40552 1216
40553 1216
40554 1216
40555 1216
40556 1216
40557 1216
40558 1216
40559 1216
40560 1216
40561 1216
40562 1216
40563 1216
40564 1216
40565 1216
40566 1216
40567 1217
40568 1217
40569 1217
40570 1217
40571 1217
40572 1217
40573 1217
40574 1217
40575 1217
40576 1217
40577 1217
40578 1217
40579 1217
40580 1217
40581 1217
40582 1217
40583 1217
40584 1217
40585 1217
40586 1217
40587 1217
40588 1217
40589 1217
40590 1217
40591 1217
40592 1217
40593 1217
40594 1217
40595 1217
40596 1217
40597 1217
40598 1217
40599 1217
40600 1218
40601 1218
40602 1218
40603 1218
40604 1218
40605 1218
40606 1218
40607 1218
40608 1218
40609 1218
40610 1218
40611 1218
40612 1218
40613 1218
40614 1218
40615 1218
40616 1218
40617 1218
40618 1218
40619 1218
40620 1218
40621 1218
40622 1218
40623 1218
40624 1218
40625 1218
40626 1218
40627 1218
40628 1218
40629 1218
40630 1218
40631 1218
40632 1218
40633 1218
40634 1219
40635 1219
40636 1219
40637 1219
40638 1219
40639 1219
40640 1219
40641 1219
40642 1219
40643 1219
40644 1219
40645 1219
40646 1219
40647 1219
40648 1219
40649 1219
40650 1219
40651 1219
40652 1219
40653 1219
40654 1219
40655 1219
40656 1219
40657 1219
40658 1219
40659 1219
40660 1219
40661 1219
40662 1219
40663 1219
40664 1219
40665 1219
40666 1219
40667 1220
40668 1220
40669 1220
40670 1220
40671 1220
40672 1220
40673 1220
40674 1220
40675 1220
40676 1220
40677 1220
40678 1220
40679 1220
40680 1220
40681 1220
40682 1220
40683 1220
40684 1220
40685 1220
40686 1220
40687 1220
40688 1220
40689 1220
40690 1220
40691 1220
40692 1220
40693 1220
40694 1220
40695 1220
40696 1220
40697 1220
40698 1220
40699 1220
40700 1221
40701 1221
40702 1221
40703 1221
40704 1221
40705 1221
40706 1221
40707 1221
40708 1221
40709 1221
40710 1221
40711 1221
40712 1221
40713 1221
40714 1221
40715 1221
40716 1221
40717 1221
40718 1221
40719 1221
40720 1221
40721 1221
40722 1221
40723 1221
40724 1221
40725 1221
40726 1221
40727 1221
40728 1221
40729 1221
40730 1221
40731 1221
40732 1221
40733 1221
40734 1222
40735 1222
40736 1222
40737 1222
40738 1222
40739 1222
40740 1222
40741 1222
40742 1222
40743 1222
40744 1222
40745 1222
40746 1222
40747 1222
40748 1222
40749 1222
40750 1222
40751 1222
40752 1222
40753 1222
40754 1222
40755 1222
40756 1222
40757 1222
40758 1222
40759 1222
40760 1222
40761 1222
40762 1222
40763 1222
40764 1222
40765 1222
40766 1222
40767 1223
40768 1223
40769 1223
40770 1223
40771 1223
40772 1223
40773 1223
40774 1223
40775 1223
40776 1223
40777 1223
40778 1223
40779 1223
40780 1223
40781 1223
40782 1223
40783 1223
40784 1223
40785 1223
40786 1223
40787 1223
40788 1223
40789 1223
40790 1223
40791 1223
40792 1223
40793 1223
40794 1223
40795 1223
40796 1223
40797 1223
40798 1223
40799 1223
40800 1224
40801 1224
40802 1224
40803 1224
40804 1224
40805 1224
40806 1224
40807 1224
40808 1224
40809 1224
40810 1224
40811 1224
40812 1224
40813 1224
40814 1224
40815 1224
40816 1224
40817 1224
40818 1224
40819 1224
40820 1224
40821 1224
40822 1224
40823 1224
40824 1224
40825 1224
40826 1224
40827 1224
40828 1224
40829 1224
40830 1224
40831 1224
40832 1224
40833 1224
40834 1225
40835 1225
40836 1225
40837 1225
40838 1225
40839 1225
40840 1225
40841 1225
40842 1225
40843 1225
40844 1225
40845 1225
40846 1225
40847 1225
40848 1225
40849 1225
40850 1225
40851 1225
40852 1225
40853 1225
40854 1225
40855 1225
40856 1225
40857 1225
40858 1225
40859 1225
40860 1225
40861 1225
40862 1225
40863 1225
40864 1225
40865 1225
40866 1225
40867 1226
40868 1226
40869 1226
40870 1226
40871 1226
40872 1226
40873 1226
40874 1226
40875 1226
40876 1226
40877 1226
40878 1226
40879 1226
40880 1226
40881 1226
40882 1226
40883 1226
40884 1226
40885 1226
40886 1226
40887 1226
40888 1226
40889 1226
40890 1226
40891 1226
40892 1226
40893 1226
40894 1226
40895 1226
40896 1226
40897 1226
40898 1226
40899 1226
40900 1227
40901 1227
40902 1227
40903 1227
40904 1227
40905 1227
40906 1227
40907 1227
40908 1227
40909 1227
40910 1227
40911 1227
40912 1227
40913 1227
40914 1227
40915 1227
40916 1227
40917 1227
40918 1227
40919 1227
40920 1227
40921 1227
40922 1227
40923 1227
40924 1227
40925 1227
40926 1227
40927 1227
40928 1227
40929 1227
40930 1227
40931 1227
40932 1227
40933 1227
40934 1228
40935 1228
40936 1228
40937 1228
40938 1228
40939 1228
40940 1228
40941 1228
40942 1228
40943 1228
40944 1228
40945 1228
40946 1228
40947 1228
40948 1228
40949 1228
40950 1228
40951 1228
40952 1228
40953 1228
40954 1228
40955 1228
40956 1228
40957 1228
40958 1228
40959 1228
40960 1228
40961 1228
40962 1228
40963 1228
40964 1228
40965 1228
40966 1228
40967 1229
40968 1229
40969 1229
40970 1229
40971 1229
40972 1229
40973 1229
40974 1229
40975 1229
40976 1229
40977 1229
40978 1229
40979 1229
40980 1229
40981 1229
40982 1229
40983 1229
40984 1229
40985 1229
40986 1229
40987 1229
40988 1229
40989 1229
40990 1229
40991 1229
40992 1229
40993 1229
40994 1229
40995 1229
40996 1229
40997 1229
40998 1229
40999 1229
41000 1230
41001 1230
41002 1230
41003 1230
41004 1230
41005 1230
41006 1230
41007 1230
41008 1230
41009 1230
41010 1230
41011 1230
41012 1230
41013 1230
41014 1230
41015 1230
41016 1230
41017 1230
41018 1230
41019 1230
41020 1230
41021 1230
41022 1230
41023 1230
41024 1230
41025 1230
41026 1230
41027 1230
41028 1230
41029 1230
41030 1230
41031 1230
41032 1230
41033 1230
41034 1231
41035 1231
41036 1231
41037 1231
41038 1231
41039 1231
41040 1231
41041 1231
41042 1231
41043 1231
41044 1231
41045 1231
41046 1231
41047 1231
41048 1231
41049 1231
41050 1231
41051 1231
41052 1231
41053 1231
41054 1231
41055 1231
41056 1231
41057 1231
41058 1231
41059 1231
41060 1231
41061 1231
41062 1231
41063 1231
41064 1231
41065 1231
41066 1231
41067 1232
41068 1232
41069 1232
41070 1232
41071 1232
41072 1232
41073 1232
41074 1232
41075 1232
41076 1232
41077 1232
41078 1232
41079 1232
41080 1232
41081 1232
41082 1232
41083 1232
41084 1232
41085 1232
41086 1232
41087 1232
41088 1232
41089 1232
41090 1232
41091 1232
41092 1232
41093 1232
41094 1232
41095 1232
41096 1232
41097 1232
41098 1232
41099 1232
41100 1233
41101 1233
41102 1233
41103 1233
41104 1233
41105 1233
41106 1233
41107 1233
41108 1233
41109 1233
41110 1233
41111 1233
41112 1233
41113 1233
41114 1233
41115 1233
41116 1233
41117 1233
41118 1233
41119 1233
41120 1233
41121 1233
41122 1233
41123 1233
41124 1233
41125 1233
41126 1233
41127 1233
41128 1233
41129 1233
41130 1233
41131 1233
41132 1233
41133 1233
41134 1234
41135 1234
41136 1234
41137 1234
41138 1234
41139 1234
41140 1234
41141 1234
41142 1234
41143 1234
41144 1234
41145 1234
41146 1234
41147 1234
41148 1234
41149 1234
41150 1234
41151 1234
41152 1234
41153 1234
41154 1234
41155 1234
41156 1234
41157 1234
41158 1234
41159 1234
41160 1234
41161 1234
41162 1234
41163 1234
41164 1234
41165 1234
41166 1234
41167 1235
41168 1235
41169 1235
41170 1235
41171 1235
41172 1235
41173 1235
41174 1235
41175 1235
41176 1235
41177 1235
41178 1235
41179 1235
41180 1235
41181 1235
41182 1235
41183 1235
41184 1235
41185 1235
41186 1235
41187 1235
41188 1235
41189 1235
41190 1235
41191 1235
41192 1235
41193 1235
41194 1235
41195 1235
41196 1235
41197 1235
41198 1235
41199 1235
41200 1236
41201 1236
41202 1236
41203 1236
41204 1236
41205 1236
41206 1236
41207 1236
41208 1236
41209 1236
41210 1236
41211 1236
41212 1236
41213 1236
41214 1236
41215 1236
41216 1236
41217 1236
41218 1236
41219 1236
41220 1236
41221 1236
41222 1236
41223 1236
41224 1236
41225 1236
41226 1236
41227 1236
41228 1236
41229 1236
41230 1236
41231 1236
41232 1236
41233 1236
41234 1237
41235 1237
41236 1237
41237 1237
41238 1237
41239 1237
41240 1237
41241 1237
41242 1237
41243 1237
41244 1237
41245 1237
41246 1237
41247 1237
41248 1237
41249 1237
41250 1237
41251 1237
41252 1237
41253 1237
41254 1237
41255 1237
41256 1237
41257 1237
41258 1237
41259 1237
41260 1237
41261 1237
41262 1237
41263 1237
41264 1237
41265 1237
41266 1237
41267 1238
41268 1238
41269 1238
41270 1238
41271 1238
41272 1238
41273 1238
41274 1238
41275 1238
41276 1238
41277 1238
41278 1238
41279 1238
41280 1238
41281 1238
41282 1238
41283 1238
41284 1238
41285 1238
41286 1238
41287 1238
41288 1238
41289 1238
41290 1238
41291 1238
41292 1238
41293 1238
41294 1238
41295 1238
41296 1238
41297 1238
41298 1238
41299 1238
41300 1239
41301 1239
41302 1239
41303 1239
41304 1239
41305 1239
41306 1239
41307 1239
41308 1239
41309 1239
41310 1239
41311 1239
41312 1239
41313 1239
41314 1239
41315 1239
41316 1239
41317 1239
41318 1239
41319 1239
41320 1239
41321 1239
41322 1239
41323 1239
41324 1239
41325 1239
41326 1239
41327 1239
41328 1239
41329 1239
41330 1239
41331 1239
41332 1239
41333 1239
41334 1240
41335 1240
41336 1240
41337 1240
41338 1240
41339 1240
41340 1240
41341 1240
41342 1240
41343 1240
41344 1240
41345 1240
41346 1240
41347 1240
41348 1240
41349 1240
41350 1240
41351 1240
41352 1240
41353 1240
41354 1240
41355 1240
41356 1240
41357 1240
41358 1240
41359 1240
41360 1240
41361 1240
41362 1240
41363 1240
41364 1240
41365 1240
41366 1240
41367 1241
41368 1241
41369 1241
41370 1241
41371 1241
41372 1241
41373 1241
41374 1241
41375 1241
41376 1241
41377 1241
41378 1241
41379 1241
41380 1241
41381 1241
41382 1241
41383 1241
41384 1241
41385 1241
41386 1241
41387 1241
41388 1241
41389 1241
41390 1241
41391 1241
41392 1241
41393 1241
41394 1241
41395 1241
41396 1241
41397 1241
41398 1241
41399 1241
41400 1242
41401 1242
41402 1242
41403 1242
41404 1242
41405 1242
41406 1242
41407 1242
41408 1242
41409 1242
41410 1242
41411 1242
41412 1242
41413 1242
41414 1242
41415 1242
41416 1242
41417 1242
41418 1242
41419 1242
41420 1242
41421 1242
41422 1242
41423 1242
41424 1242
41425 1242
41426 1242
41427 1242
41428 1242
41429 1242
41430 1242
41431 1242
41432 1242
41433 1242
41434 1243
41435 1243
41436 1243
41437 1243
41438 1243
41439 1243
41440 1243
41441 1243
41442 1243
41443 1243
41444 1243
41445 1243
41446 1243
41447 1243
41448 1243
41449 1243
41450 1243
41451 1243
41452 1243
41453 1243
41454 1243
41455 1243
41456 1243
41457 1243
41458 1243
41459 1243
41460 1243
41461 1243
41462 1243
41463 1243
41464 1243
41465 1243
41466 1243
41467 1244
41468 1244
41469 1244
41470 1244
41471 1244
41472 1244
41473 1244
41474 1244
41475 1244
41476 1244
41477 1244
41478 1244
41479 1244
41480 1244
41481 1244
41482 1244
41483 1244
41484 1244
41485 1244
41486 1244
41487 1244
41488 1244
41489 1244
41490 1244
41491 1244
41492 1244
41493 1244
41494 1244
41495 1244
41496 1244
41497 1244
41498 1244
41499 1244
41500 1245
41501 1245
41502 1245
41503 1245
41504 1245
41505 1245
41506 1245
41507 1245
41508 1245
41509 1245
41510 1245
41511 1245
41512 1245
41513 1245
41514 1245
41515 1245
41516 1245
41517 1245
41518 1245
41519 1245
41520 1245
41521 1245
41522 1245
41523 1245
41524 1245
41525 1245
41526 1245
41527 1245
41528 1245
41529 1245
41530 1245
41531 1245
41532 1245
41533 1245
41534 1246
41535 1246
41536 1246
41537 1246
41538 1246
41539 1246
41540 1246
41541 1246
41542 1246
41543 1246
41544 1246
41545 1246
41546 1246
41547 1246
41548 1246
41549 1246
41550 1246
41551 1246
41552 1246
41553 1246
41554 1246
41555 1246
41556 1246
41557 1246
41558 1246
41559 1246
41560 1246
41561 1246
41562 1246
41563 1246
41564 1246
41565 1246
41566 1246
41567 1247
41568 1247
41569 1247
41570 1247
41571 1247
41572 1247
41573 1247
41574 1247
41575 1247
41576 1247
41577 1247
41578 1247
41579 1247
41580 1247
41581 1247
41582 1247
41583 1247
41584 1247
41585 1247
41586 1247
41587 1247
41588 1247
41589 1247
41590 1247
41591 1247
41592 1247
41593 1247
41594 1247
41595 1247
41596 1247
41597 1247
41598 1247
41599 1247
41600 1248
41601 1248
41602 1248
41603 1248
41604 1248
41605 1248
41606 1248
41607 1248
41608 1248
41609 1248
41610 1248
41611 1248
41612 1248
41613 1248
41614 1248
41615 1248
41616 1248
41617 1248
41618 1248
41619 1248
41620 1248
41621 1248
41622 1248
41623 1248
41624 1248
41625 1248
41626 1248
41627 1248
41628 1248
41629 1248
41630 1248
41631 1248
41632 1248
41633 1248
41634 1249
41635 1249
41636 1249
41637 1249
41638 1249
41639 1249
41640 1249
41641 1249
41642 1249
41643 1249
41644 1249
41645 1249
41646 1249
41647 1249
41648 1249
41649 1249
41650 1249
41651 1249
41652 1249
41653 1249
41654 1249
41655 1249
41656 1249
41657 1249
41658 1249
41659 1249
41660 1249
41661 1249
41662 1249
41663 1249
41664 1249
41665 1249
41666 1249
41667 1250
41668 1250
41669 1250
41670 1250
41671 1250
41672 1250
41673 1250
41674 1250
41675 1250
41676 1250
41677 1250
41678 1250
41679 1250
41680 1250
41681 1250
41682 1250
41683 1250
41684 1250
41685 1250
41686 1250
41687 1250
41688 1250
41689 1250
41690 1250
41691 1250
41692 1250
41693 1250
41694 1250
41695 1250
41696 1250
41697 1250
41698 1250
41699 1250
41700 1251
41701 1251
41702 1251
41703 1251
41704 1251
41705 1251
41706 1251
41707 1251
41708 1251
41709 1251
41710 1251
41711 1251
41712 1251
41713 1251
41714 1251
41715 1251
41716 1251
41717 1251
41718 1251
41719 1251
41720 1251
41721 1251
41722 1251
41723 1251
41724 1251
41725 1251
41726 1251
41727 1251
41728 1251
41729 1251
41730 1251
41731 1251
41732 1251
41733 1251
41734 1252
41735 1252
41736 1252
41737 1252
41738 1252
41739 1252
41740 1252
41741 1252
41742 1252
41743 1252
41744 1252
41745 1252
41746 1252
41747 1252
41748 1252
41749 1252
41750 1252
41751 1252
41752 1252
41753 1252
41754 1252
41755 1252
41756 1252
41757 1252
41758 1252
41759 1252
41760 1252
41761 1252
41762 1252
41763 1252
41764 1252
41765 1252
41766 1252
41767 1253
41768 1253
41769 1253
41770 1253
41771 1253
41772 1253
41773 1253
41774 1253
41775 1253
41776 1253
41777 1253
41778 1253
41779 1253
41780 1253
41781 1253
41782 1253
41783 1253
41784 1253
41785 1253
41786 1253
41787 1253
41788 1253
41789 1253
41790 1253
41791 1253
41792 1253
41793 1253
41794 1253
41795 1253
41796 1253
41797 1253
41798 1253
41799 1253
41800 1254
41801 1254
41802 1254
41803 1254
41804 1254
41805 1254
41806 1254
41807 1254
41808 1254
41809 1254
41810 1254
41811 1254
41812 1254
41813 1254
41814 1254
41815 1254
41816 1254
41817 1254
41818 1254
41819 1254
41820 1254
41821 1254
41822 1254
41823 1254
41824 1254
41825 1254
41826 1254
41827 1254
41828 1254
41829 1254
41830 1254
41831 1254
41832 1254
41833 1254
41834 1255
41835 1255
41836 1255
41837 1255
41838 1255
41839 1255
41840 1255
41841 1255
41842 1255
41843 1255
41844 1255
41845 1255
41846 1255
41847 1255
41848 1255
41849 1255
41850 1255
41851 1255
41852 1255
41853 1255
41854 1255
41855 1255
41856 1255
41857 1255
41858 1255
41859 1255
41860 1255
41861 1255
41862 1255
41863 1255
41864 1255
41865 1255
41866 1255
41867 1256
41868 1256
41869 1256
41870 1256
41871 1256
41872 1256
41873 1256
41874 1256
41875 1256
41876 1256
41877 1256
41878 1256
41879 1256
41880 1256
41881 1256
41882 1256
41883 1256
41884 1256
41885 1256
41886 1256
41887 1256
41888 1256
41889 1256
41890 1256
41891 1256
41892 1256
41893 1256
41894 1256
41895 1256
41896 1256
41897 1256
41898 1256
41899 1256
41900 1257
41901 1257
41902 1257
41903 1257
41904 1257
41905 1257
41906 1257
41907 1257
41908 1257
41909 1257
41910 1257
41911 1257
41912 1257
41913 1257
41914 1257
41915 1257
41916 1257
41917 1257
41918 1257
41919 1257
41920 1257
41921 1257
41922 1257
41923 1257
41924 1257
41925 1257
41926 1257
41927 1257
41928 1257
41929 1257
41930 1257
41931 1257
41932 1257
41933 1257
41934 1258
41935 1258
41936 1258
41937 1258
41938 1258
41939 1258
41940 1258
41941 1258
41942 1258
41943 1258
41944 1258
41945 1258
41946 1258
41947 1258
41948 1258
41949 1258
41950 1258
41951 1258
41952 1258
41953 1258
41954 1258
41955 1258
41956 1258
41957 1258
41958 1258
41959 1258
41960 1258
41961 1258
41962 1258
41963 1258
41964 1258
41965 1258
41966 1258
41967 1259
41968 1259
41969 1259
41970 1259
41971 1259
41972 1259
41973 1259
41974 1259
41975 1259
41976 1259
41977 1259
41978 1259
41979 1259
41980 1259
41981 1259
41982 1259
41983 1259
41984 1259
41985 1259
41986 1259
41987 1259
41988 1259
41989 1259
41990 1259
41991 1259
41992 1259
41993 1259
41994 1259
41995 1259
41996 1259
41997 1259
41998 1259
41999 1259
42000 1260
42001 1260
42002 1260
42003 1260
42004 1260
42005 1260
42006 1260
42007 1260
42008 1260
42009 1260
42010 1260
42011 1260
42012 1260
42013 1260
42014 1260
42015 1260
42016 1260
42017 1260
42018 1260
42019 1260
42020 1260
42021 1260
42022 1260
42023 1260
42024 1260
42025 1260
42026 1260
42027 1260
42028 1260
42029 1260
42030 1260
42031 1260
42032 1260
42033 1260
42034 1261
42035 1261
42036 1261
42037 1261
42038 1261
42039 1261
42040 1261
42041 1261
42042 1261
42043 1261
42044 1261
42045 1261
42046 1261
42047 1261
42048 1261
42049 1261
42050 1261
42051 1261
42052 1261
42053 1261
42054 1261
42055 1261
42056 1261
42057 1261
42058 1261
42059 1261
42060 1261
42061 1261
42062 1261
42063 1261
42064 1261
42065 1261
42066 1261
42067 1262
42068 1262
42069 1262
42070 1262
42071 1262
42072 1262
42073 1262
42074 1262
42075 1262
42076 1262
42077 1262
42078 1262
42079 1262
42080 1262
42081 1262
42082 1262
42083 1262
42084 1262
42085 1262
42086 1262
42087 1262
42088 1262
42089 1262
42090 1262
42091 1262
42092 1262
42093 1262
42094 1262
42095 1262
42096 1262
42097 1262
42098 1262
42099 1262
42100 1263
42101 1263
42102 1263
42103 1263
42104 1263
42105 1263
42106 1263
42107 1263
42108 1263
42109 1263
42110 1263
42111 1263
42112 1263
42113 1263
42114 1263
42115 1263
42116 1263
42117 1263
42118 1263
42119 1263
42120 1263
42121 1263
42122 1263
42123 1263
42124 1263
42125 1263
42126 1263
42127 1263
42128 1263
42129 1263
42130 1263
42131 1263
42132 1263
42133 1263
42134 1264
42135 1264
42136 1264
42137 1264
42138 1264
42139 1264
42140 1264
42141 1264
42142 1264
42143 1264
42144 1264
42145 1264
42146 1264
42147 1264
42148 1264
42149 1264
42150 1264
42151 1264
42152 1264
42153 1264
42154 1264
42155 1264
42156 1264
42157 1264
42158 1264
42159 1264
42160 1264
42161 1264
42162 1264
42163 1264
42164 1264
42165 1264
42166 1264
42167 1265
42168 1265
42169 1265
42170 1265
42171 1265
42172 1265
42173 1265
42174 1265
42175 1265
42176 1265
42177 1265
42178 1265
42179 1265
42180 1265
42181 1265
42182 1265
42183 1265
42184 1265
42185 1265
42186 1265
42187 1265
42188 1265
42189 1265
42190 1265
42191 1265
42192 1265
42193 1265
42194 1265
42195 1265
42196 1265
42197 1265
42198 1265
42199 1265
42200 1266
42201 1266
42202 1266
42203 1266
42204 1266
42205 1266
42206 1266
42207 1266
42208 1266
42209 1266
42210 1266
42211 1266
42212 1266
42213 1266
42214 1266
42215 1266
42216 1266
42217 1266
42218 1266
42219 1266
42220 1266
42221 1266
42222 1266
42223 1266
42224 1266
42225 1266
42226 1266
42227 1266
42228 1266
42229 1266
42230 1266
42231 1266
42232 1266
42233 1266
42234 1267
42235 1267
42236 1267
42237 1267
42238 1267
42239 1267
42240 1267
42241 1267
42242 1267
42243 1267
42244 1267
42245 1267
42246 1267
42247 1267
42248 1267
42249 1267
42250 1267
42251 1267
42252 1267
42253 1267
42254 1267
42255 1267
42256 1267
42257 1267
42258 1267
42259 1267
42260 1267
42261 1267
42262 1267
42263 1267
42264 1267
42265 1267
42266 1267
42267 1268
42268 1268
42269 1268
42270 1268
42271 1268
42272 1268
42273 1268
42274 1268
42275 1268
42276 1268
42277 1268
42278 1268
42279 1268
42280 1268
42281 1268
42282 1268
42283 1268
42284 1268
42285 1268
42286 1268
42287 1268
42288 1268
42289 1268
42290 1268
42291 1268
42292 1268
42293 1268
42294 1268
42295 1268
42296 1268
42297 1268
42298 1268
42299 1268
42300 1269
42301 1269
42302 1269
42303 1269
42304 1269
42305 1269
42306 1269
42307 1269
42308 1269
42309 1269
42310 1269
42311 1269
42312 1269
42313 1269
42314 1269
42315 1269
42316 1269
42317 1269
42318 1269
42319 1269
42320 1269
42321 1269
42322 1269
42323 1269
42324 1269
42325 1269
42326 1269
42327 1269
42328 1269
42329 1269
42330 1269
42331 1269
42332 1269
42333 1269
42334 1270
42335 1270
42336 1270
42337 1270
42338 1270
42339 1270
42340 1270
42341 1270
42342 1270
42343 1270
42344 1270
42345 1270
42346 1270
42347 1270
42348 1270
42349 1270
42350 1270
42351 1270
42352 1270
42353 1270
42354 1270
42355 1270
42356 1270
42357 1270
42358 1270
42359 1270
42360 1270
42361 1270
42362 1270
42363 1270
42364 1270
42365 1270
42366 1270
42367 1271
42368 1271
42369 1271
42370 1271
42371 1271
42372 1271
42373 1271
42374 1271
42375 1271
42376 1271
42377 1271
42378 1271
42379 1271
42380 1271
42381 1271
42382 1271
42383 1271
42384 1271
42385 1271
42386 1271
42387 1271
42388 1271
42389 1271
42390 1271
42391 1271
42392 1271
42393 1271
42394 1271
42395 1271
42396 1271
42397 1271
42398 1271
42399 1271
42400 1272
42401 1272
42402 1272
42403 1272
42404 1272
42405 1272
42406 1272
42407 1272
42408 1272
42409 1272
42410 1272
42411 1272
42412 1272
42413 1272
42414 1272
42415 1272
42416 1272
42417 1272
42418 1272
42419 1272
42420 1272
42421 1272
42422 1272
42423 1272
42424 1272
42425 1272
42426 1272
42427 1272
42428 1272
42429 1272
42430 1272
42431 1272
42432 1272
42433 1272
42434 1273
42435 1273
42436 1273
42437 1273
42438 1273
42439 1273
42440 1273
42441 1273
42442 1273
42443 1273
42444 1273
42445 1273
42446 1273
42447 1273
42448 1273
42449 1273
42450 1273
42451 1273
42452 1273
42453 1273
42454 1273
42455 1273
42456 1273
42457 1273
42458 1273
42459 1273
42460 1273
42461 1273
42462 1273
42463 1273
42464 1273
42465 1273
42466 1273
42467 1274
42468 1274
42469 1274
42470 1274
42471 1274
42472 1274
42473 1274
42474 1274
42475 1274
42476 1274
42477 1274
42478 1274
42479 1274
42480 1274
42481 1274
42482 1274
42483 1274
42484 1274
42485 1274
42486 1274
42487 1274
42488 1274
42489 1274
42490 1274
42491 1274
42492 1274
42493 1274
42494 1274
42495 1274
42496 1274
42497 1274
42498 1274
42499 1274
42500 1275
42501 1275
42502 1275
42503 1275
42504 1275
42505 1275
42506 1275
42507 1275
42508 1275
42509 1275
42510 1275
42511 1275
42512 1275
42513 1275
42514 1275
42515 1275
42516 1275
42517 1275
42518 1275
42519 1275
42520 1275
42521 1275
42522 1275
42523 1275
42524 1275
42525 1275
42526 1275
42527 1275
42528 1275
42529 1275
42530 1275
42531 1275
42532 1275
42533 1275
42534 1276
42535 1276
42536 1276
42537 1276
42538 1276
42539 1276
42540 1276
42541 1276
42542 1276
42543 1276
42544 1276
42545 1276
42546 1276
42547 1276
42548 1276
42549 1276
42550 1276
42551 1276
42552 1276
42553 1276
42554 1276
42555 1276
42556 1276
42557 1276
42558 1276
42559 1276
42560 1276
42561 1276
42562 1276
42563 1276
42564 1276
42565 1276
42566 1276
42567 1277
42568 1277
42569 1277
42570 1277
42571 1277
42572 1277
42573 1277
42574 1277
42575 1277
42576 1277
42577 1277
42578 1277
42579 1277
42580 1277
42581 1277
42582 1277
42583 1277
42584 1277
42585 1277
42586 1277
42587 1277
42588 1277
42589 1277
42590 1277
42591 1277
42592 1277
42593 1277
42594 1277
42595 1277
42596 1277
42597 1277
42598 1277
42599 1277
42600 1278
42601 1278
42602 1278
42603 1278
42604 1278
42605 1278
42606 1278
42607 1278
42608 1278
42609 1278
42610 1278
42611 1278
42612 1278
42613 1278
42614 1278
42615 1278
42616 1278
42617 1278
42618 1278
42619 1278
42620 1278
42621 1278
42622 1278
42623 1278
42624 1278
42625 1278
42626 1278
42627 1278
42628 1278
42629 1278
42630 1278
42631 1278
42632 1278
42633 1278
42634 1279
42635 1279
42636 1279
42637 1279
42638 1279
42639 1279
42640 1279
42641 1279
42642 1279
42643 1279
42644 1279
42645 1279
42646 1279
42647 1279
42648 1279
42649 1279
42650 1279
42651 1279
42652 1279
42653 1279
42654 1279
42655 1279
42656 1279
42657 1279
42658 1279
42659 1279
42660 1279
42661 1279
42662 1279
42663 1279
42664 1279
42665 1279
42666 1279
42667 1280
42668 1280
42669 1280
42670 1280
42671 1280
42672 1280
42673 1280
42674 1280
42675 1280
42676 1280
42677 1280
42678 1280
42679 1280
42680 1280
42681 1280
42682 1280
42683 1280
42684 1280
42685 1280
42686 1280
42687 1280
42688 1280
42689 1280
42690 1280
42691 1280
42692 1280
42693 1280
42694 1280
42695 1280
42696 1280
42697 1280
42698 1280
42699 1280
42700 1281
42701 1281
42702 1281
42703 1281
42704 1281
42705 1281
42706 1281
42707 1281
42708 1281
42709 1281
42710 1281
42711 1281
42712 1281
42713 1281
42714 1281
42715 1281
42716 1281
42717 1281
42718 1281
42719 1281
42720 1281
42721 1281
42722 1281
42723 1281
42724 1281
42725 1281
42726 1281
42727 1281
42728 1281
42729 1281
42730 1281
42731 1281
42732 1281
42733 1281
42734 1282
42735 1282
42736 1282
42737 1282
42738 1282
42739 1282
42740 1282
42741 1282
42742 1282
42743 1282
42744 1282
42745 1282
42746 1282
42747 1282
42748 1282
42749 1282
42750 1282
42751 1282
42752 1282
42753 1282
42754 1282
42755 1282
42756 1282
42757 1282
42758 1282
42759 1282
42760 1282
42761 1282
42762 1282
42763 1282
42764 1282
42765 1282
42766 1282
42767 1283
42768 1283
42769 1283
42770 1283
42771 1283
42772 1283
42773 1283
42774 1283
42775 1283
42776 1283
42777 1283
42778 1283
42779 1283
42780 1283
42781 1283
42782 1283
42783 1283
42784 1283
42785 1283
42786 1283
42787 1283
42788 1283
42789 1283
42790 1283
42791 1283
42792 1283
42793 1283
42794 1283
42795 1283
42796 1283
42797 1283
42798 1283
42799 1283
42800 1284
42801 1284
42802 1284
42803 1284
42804 1284
42805 1284
42806 1284
42807 1284
42808 1284
42809 1284
42810 1284
42811 1284
42812 1284
42813 1284
42814 1284
42815 1284
42816 1284
42817 1284
42818 1284
42819 1284
42820 1284
42821 1284
42822 1284
42823 1284
42824 1284
42825 1284
42826 1284
42827 1284
42828 1284
42829 1284
42830 1284
42831 1284
42832 1284
42833 1284
42834 1285
42835 1285
42836 1285
42837 1285
42838 1285
42839 1285
42840 1285
42841 1285
42842 1285
42843 1285
42844 1285
42845 1285
42846 1285
42847 1285
42848 1285
42849 1285
42850 1285
42851 1285
42852 1285
42853 1285
42854 1285
42855 1285
42856 1285
42857 1285
42858 1285
42859 1285
42860 1285
42861 1285
42862 1285
42863 1285
42864 1285
42865 1285
42866 1285
42867 1286
42868 1286
42869 1286
42870 1286
42871 1286
42872 1286
42873 1286
42874 1286
42875 1286
42876 1286
42877 1286
42878 1286
42879 1286
42880 1286
42881 1286
42882 1286
42883 1286
42884 1286
42885 1286
42886 1286
42887 1286
42888 1286
42889 1286
42890 1286
42891 1286
42892 1286
42893 1286
42894 1286
42895 1286
42896 1286
42897 1286
42898 1286
42899 1286
42900 1287
42901 1287
42902 1287
42903 1287
42904 1287
42905 1287
42906 1287
42907 1287
42908 1287
42909 1287
42910 1287
42911 1287
42912 1287
42913 1287
42914 1287
42915 1287
42916 1287
42917 1287
42918 1287
42919 1287
42920 1287
42921 1287
42922 1287
42923 1287
42924 1287
42925 1287
42926 1287
42927 1287
42928 1287
42929 1287
42930 1287
42931 1287
42932 1287
42933 1287
42934 1288
42935 1288
42936 1288
42937 1288
42938 1288
42939 1288
42940 1288
42941 1288
42942 1288
42943 1288
42944 1288
42945 1288
42946 1288
42947 1288
42948 1288
42949 1288
42950 1288
42951 1288
42952 1288
42953 1288
42954 1288
42955 1288
42956 1288
42957 1288
42958 1288
42959 1288
42960 1288
42961 1288
42962 1288
42963 1288
42964 1288
42965 1288
42966 1288
42967 1289
42968 1289
42969 1289
42970 1289
42971 1289
42972 1289
42973 1289
42974 1289
42975 1289
42976 1289
42977 1289
42978 1289
42979 1289
42980 1289
42981 1289
42982 1289
42983 1289
42984 1289
42985 1289
42986 1289
42987 1289
42988 1289
42989 1289
42990 1289
42991 1289
42992 1289
42993 1289
42994 1289
42995 1289
42996 1289
42997 1289
42998 1289
42999 1289
43000 1290
43001 1290
43002 1290
43003 1290
43004 1290
43005 1290
43006 1290
43007 1290
43008 1290
43009 1290
43010 1290
43011 1290
43012 1290
43013 1290
43014 1290
43015 1290
43016 1290
43017 1290
43018 1290
43019 1290
43020 1290
43021 1290
43022 1290
43023 1290
43024 1290
43025 1290
43026 1290
43027 1290
43028 1290
43029 1290
43030 1290
43031 1290
43032 1290
43033 1290
43034 1291
43035 1291
43036 1291
43037 1291
43038 1291
43039 1291
43040 1291
43041 1291
43042 1291
43043 1291
43044 1291
43045 1291
43046 1291
43047 1291
43048 1291
43049 1291
43050 1291
43051 1291
43052 1291
43053 1291
43054 1291
43055 1291
43056 1291
43057 1291
43058 1291
43059 1291
43060 1291
43061 1291
43062 1291
43063 1291
43064 1291
43065 1291
43066 1291
43067 1292
43068 1292
43069 1292
43070 1292
43071 1292
43072 1292
43073 1292
43074 1292
43075 1292
43076 1292
43077 1292
43078 1292
43079 1292
43080 1292
43081 1292
43082 1292
43083 1292
43084 1292
43085 1292
43086 1292
43087 1292
43088 1292
43089 1292
43090 1292
43091 1292
43092 1292
43093 1292
43094 1292
43095 1292
43096 1292
43097 1292
43098 1292
43099 1292
43100 1293
43101 1293
43102 1293
43103 1293
43104 1293
43105 1293
43106 1293
43107 1293
43108 1293
43109 1293
43110 1293
43111 1293
43112 1293
43113 1293
43114 1293
43115 1293
43116 1293
43117 1293
43118 1293
43119 1293
43120 1293
43121 1293
43122 1293
43123 1293
43124 1293
43125 1293
43126 1293
43127 1293
43128 1293
43129 1293
43130 1293
43131 1293
43132 1293
43133 1293
43134 1294
43135 1294
43136 1294
43137 1294
43138 1294
43139 1294
43140 1294
43141 1294
43142 1294
43143 1294
43144 1294
43145 1294
43146 1294
43147 1294
43148 1294
43149 1294
43150 1294
43151 1294
43152 1294
43153 1294
43154 1294
43155 1294
43156 1294
43157 1294
43158 1294
43159 1294
43160 1294
43161 1294
43162 1294
43163 1294
43164 1294
43165 1294
43166 1294
43167 1295
43168 1295
43169 1295
43170 1295
43171 1295
43172 1295
43173 1295
43174 1295
43175 1295
43176 1295
43177 1295
43178 1295
43179 1295
43180 1295
43181 1295
43182 1295
43183 1295
43184 1295
43185 1295
43186 1295
43187 1295
43188 1295
43189 1295
43190 1295
43191 1295
43192 1295
43193 1295
43194 1295
43195 1295
43196 1295
43197 1295
43198 1295
43199 1295
43200 1296
43201 1296
43202 1296
43203 1296
43204 1296
43205 1296
43206 1296
43207 1296
43208 1296
43209 1296
43210 1296
43211 1296
43212 1296
43213 1296
43214 1296
43215 1296
43216 1296
43217 1296
43218 1296
43219 1296
43220 1296
43221 1296
43222 1296
43223 1296
43224 1296
43225 1296
43226 1296
43227 1296
43228 1296
43229 1296
43230 1296
43231 1296
43232 1296
43233 1296
43234 1297
43235 1297
43236 1297
43237 1297
43238 1297
43239 1297
43240 1297
43241 1297
43242 1297
43243 1297
43244 1297
43245 1297
43246 1297
43247 1297
43248 1297
43249 1297
43250 1297
43251 1297
43252 1297
43253 1297
43254 1297
43255 1297
43256 1297
43257 1297
43258 1297
43259 1297
43260 1297
43261 1297
43262 1297
43263 1297
43264 1297
43265 1297
43266 1297
43267 1298
43268 1298
43269 1298
43270 1298
43271 1298
43272 1298
43273 1298
43274 1298
43275 1298
43276 1298
43277 1298
43278 1298
43279 1298
43280 1298
43281 1298
43282 1298
43283 1298
43284 1298
43285 1298
43286 1298
43287 1298
43288 1298
43289 1298
43290 1298
43291 1298
43292 1298
43293 1298
43294 1298
43295 1298
43296 1298
43297 1298
43298 1298
43299 1298
43300 1299
43301 1299
43302 1299
43303 1299
43304 1299
43305 1299
43306 1299
43307 1299
43308 1299
43309 1299
43310 1299
43311 1299
43312 1299
43313 1299
43314 1299
43315 1299
43316 1299
43317 1299
43318 1299
43319 1299
43320 1299
43321 1299
43322 1299
43323 1299
43324 1299
43325 1299
43326 1299
43327 1299
43328 1299
43329 1299
43330 1299
43331 1299
43332 1299
43333 1299
43334 1300
43335 1300
43336 1300
43337 1300
43338 1300
43339 1300
43340 1300
43341 1300
43342 1300
43343 1300
43344 1300
43345 1300
43346 1300
43347 1300
43348 1300
43349 1300
43350 1300
43351 1300
43352 1300
43353 1300
43354 1300
43355 1300
43356 1300
43357 1300
43358 1300
43359 1300
43360 1300
43361 1300
43362 1300
43363 1300
43364 1300
43365 1300
43366 1300
43367 1301
43368 1301
43369 1301
43370 1301
43371 1301
43372 1301
43373 1301
43374 1301
43375 1301
43376 1301
43377 1301
43378 1301
43379 1301
43380 1301
43381 1301
43382 1301
43383 1301
43384 1301
43385 1301
43386 1301
43387 1301
43388 1301
43389 1301
43390 1301
43391 1301
43392 1301
43393 1301
43394 1301
43395 1301
43396 1301
43397 1301
43398 1301
43399 1301
43400 1302
43401 1302
43402 1302
43403 1302
43404 1302
43405 1302
43406 1302
43407 1302
43408 1302
43409 1302
43410 1302
43411 1302
43412 1302
43413 1302
43414 1302
43415 1302
43416 1302
43417 1302
43418 1302
43419 1302
43420 1302
43421 1302
43422 1302
43423 1302
43424 1302
43425 1302
43426 1302
43427 1302
43428 1302
43429 1302
43430 1302
43431 1302
43432 1302
43433 1302
43434 1303
43435 1303
43436 1303
43437 1303
43438 1303
43439 1303
43440 1303
43441 1303
43442 1303
43443 1303
43444 1303
43445 1303
43446 1303
43447 1303
43448 1303
43449 1303
43450 1303
43451 1303
43452 1303
43453 1303
43454 1303
43455 1303
43456 1303
43457 1303
43458 1303
43459 1303
43460 1303
43461 1303
43462 1303
43463 1303
43464 1303
43465 1303
43466 1303
43467 1304
43468 1304
43469 1304
43470 1304
43471 1304
43472 1304
43473 1304
43474 1304
43475 1304
43476 1304
43477 1304
43478 1304
43479 1304
43480 1304
43481 1304
43482 1304
43483 1304
43484 1304
43485 1304
43486 1304
43487 1304
43488 1304
43489 1304
43490 1304
43491 1304
43492 1304
43493 1304
43494 1304
43495 1304
43496 1304
43497 1304
43498 1304
43499 1304
43500 1305
43501 1305
43502 1305
43503 1305
43504 1305
43505 1305
43506 1305
43507 1305
43508 1305
43509 1305
43510 1305
43511 1305
43512 1305
43513 1305
43514 1305
43515 1305
43516 1305
43517 1305
43518 1305
43519 1305
43520 1305
43521 1305
43522 1305
43523 1305
43524 1305
43525 1305
43526 1305
43527 1305
43528 1305
43529 1305
43530 1305
43531 1305
43532 1305
43533 1305
43534 1306
43535 1306
43536 1306
43537 1306
43538 1306
43539 1306
43540 1306
43541 1306
43542 1306
43543 1306
43544 1306
43545 1306
43546 1306
43547 1306
43548 1306
43549 1306
43550 1306
43551 1306
43552 1306
43553 1306
43554 1306
43555 1306
43556 1306
43557 1306
43558 1306
43559 1306
43560 1306
43561 1306
43562 1306
43563 1306
43564 1306
43565 1306
43566 1306
43567 1307
43568 1307
43569 1307
43570 1307
43571 1307
43572 1307
43573 1307
43574 1307
43575 1307
43576 1307
43577 1307
43578 1307
43579 1307
43580 1307
43581 1307
43582 1307
43583 1307
43584 1307
43585 1307
43586 1307
43587 1307
43588 1307
43589 1307
43590 1307
43591 1307
43592 1307
43593 1307
43594 1307
43595 1307
43596 1307
43597 1307
43598 1307
43599 1307
43600 1308
43601 1308
43602 1308
43603 1308
43604 1308
43605 1308
43606 1308
43607 1308
43608 1308
43609 1308
43610 1308
43611 1308
43612 1308
43613 1308
43614 1308
43615 1308
43616 1308
43617 1308
43618 1308
43619 1308
43620 1308
43621 1308
43622 1308
43623 1308
43624 1308
43625 1308
43626 1308
43627 1308
43628 1308
43629 1308
43630 1308
43631 1308
43632 1308
43633 1308
43634 1309
43635 1309
43636 1309
43637 1309
43638 1309
43639 1309
43640 1309
43641 1309
43642 1309
43643 1309
43644 1309
43645 1309
43646 1309
43647 1309
43648 1309
43649 1309
43650 1309
43651 1309
43652 1309
43653 1309
43654 1309
43655 1309
43656 1309
43657 1309
43658 1309
43659 1309
43660 1309
43661 1309
43662 1309
43663 1309
43664 1309
43665 1309
43666 1309
43667 1310
43668 1310
43669 1310
43670 1310
43671 1310
43672 1310
43673 1310
43674 1310
43675 1310
43676 1310
43677 1310
43678 1310
43679 1310
43680 1310
43681 1310
43682 1310
43683 1310
43684 1310
43685 1310
43686 1310
43687 1310
43688 1310
43689 1310
43690 1310
43691 1310
43692 1310
43693 1310
43694 1310
43695 1310
43696 1310
43697 1310
43698 1310
43699 1310
43700 1311
43701 1311
43702 1311
43703 1311
43704 1311
43705 1311
43706 1311
43707 1311
43708 1311
43709 1311
43710 1311
43711 1311
43712 1311
43713 1311
43714 1311
43715 1311
43716 1311
43717 1311
43718 1311
43719 1311
43720 1311
43721 1311
43722 1311
43723 1311
43724 1311
43725 1311
43726 1311
43727 1311
43728 1311
43729 1311
43730 1311
43731 1311
43732 1311
43733 1311
43734 1312
43735 1312
43736 1312
43737 1312
43738 1312
43739 1312
43740 1312
43741 1312
43742 1312
43743 1312
43744 1312
43745 1312
43746 1312
43747 1312
43748 1312
43749 1312
43750 1312
43751 1312
43752 1312
43753 1312
43754 1312
43755 1312
43756 1312
43757 1312
43758 1312
43759 1312
43760 1312
43761 1312
43762 1312
43763 1312
43764 1312
43765 1312
43766 1312
43767 1313
43768 1313
43769 1313
43770 1313
43771 1313
43772 1313
43773 1313
43774 1313
43775 1313
43776 1313
43777 1313
43778 1313
43779 1313
43780 1313
43781 1313
43782 1313
43783 1313
43784 1313
43785 1313
43786 1313
43787 1313
43788 1313
43789 1313
43790 1313
43791 1313
43792 1313
43793 1313
43794 1313
43795 1313
43796 1313
43797 1313
43798 1313
43799 1313
43800 1314
43801 1314
43802 1314
43803 1314
43804 1314
43805 1314
43806 1314
43807 1314
43808 1314
43809 1314
43810 1314
43811 1314
43812 1314
43813 1314
43814 1314
43815 1314
43816 1314
43817 1314
43818 1314
43819 1314
43820 1314
43821 1314
43822 1314
43823 1314
43824 1314
43825 1314
43826 1314
43827 1314
43828 1314
43829 1314
43830 1314
43831 1314
43832 1314
43833 1314
43834 1315
43835 1315
43836 1315
43837 1315
43838 1315
43839 1315
43840 1315
43841 1315
43842 1315
43843 1315
43844 1315
43845 1315
43846 1315
43847 1315
43848 1315
43849 1315
43850 1315
43851 1315
43852 1315
43853 1315
43854 1315
43855 1315
43856 1315
43857 1315
43858 1315
43859 1315
43860 1315
43861 1315
43862 1315
43863 1315
43864 1315
43865 1315
43866 1315
43867 1316
43868 1316
43869 1316
43870 1316
43871 1316
43872 1316
43873 1316
43874 1316
43875 1316
43876 1316
43877 1316
43878 1316
43879 1316
43880 1316
43881 1316
43882 1316
43883 1316
43884 1316
43885 1316
43886 1316
43887 1316
43888 1316
43889 1316
43890 1316
43891 1316
43892 1316
43893 1316
43894 1316
43895 1316
43896 1316
43897 1316
43898 1316
43899 1316
43900 1317
43901 1317
43902 1317
43903 1317
43904 1317
43905 1317
43906 1317
43907 1317
43908 1317
43909 1317
43910 1317
43911 1317
43912 1317
43913 1317
43914 1317
43915 1317
43916 1317
43917 1317
43918 1317
43919 1317
43920 1317
43921 1317
43922 1317
43923 1317
43924 1317
43925 1317
43926 1317
43927 1317
43928 1317
43929 1317
43930 1317
43931 1317
43932 1317
43933 1317
43934 1318
43935 1318
43936 1318
43937 1318
43938 1318
43939 1318
43940 1318
43941 1318
43942 1318
43943 1318
43944 1318
43945 1318
43946 1318
43947 1318
43948 1318
43949 1318
43950 1318
43951 1318
43952 1318
43953 1318
43954 1318
43955 1318
43956 1318
43957 1318
43958 1318
43959 1318
43960 1318
43961 1318
43962 1318
43963 1318
43964 1318
43965 1318
43966 1318
43967 1319
43968 1319
43969 1319
43970 1319
43971 1319
43972 1319
43973 1319
43974 1319
43975 1319
43976 1319
43977 1319
43978 1319
43979 1319
43980 1319
43981 1319
43982 1319
43983 1319
43984 1319
43985 1319
43986 1319
43987 1319
43988 1319
43989 1319
43990 1319
43991 1319
43992 1319
43993 1319
43994 1319
43995 1319
43996 1319
43997 1319
43998 1319
43999 1319
44000 1320
44001 1320
44002 1320
44003 1320
44004 1320
44005 1320
44006 1320
44007 1320
44008 1320
44009 1320
44010 1320
44011 1320
44012 1320
44013 1320
44014 1320
44015 1320
44016 1320
44017 1320
44018 1320
44019 1320
44020 1320
44021 1320
44022 1320
44023 1320
44024 1320
44025 1320
44026 1320
44027 1320
44028 1320
44029 1320
44030 1320
44031 1320
44032 1320
44033 1320
44034 1321
44035 1321
44036 1321
44037 1321
44038 1321
44039 1321
44040 1321
44041 1321
44042 1321
44043 1321
44044 1321
44045 1321
44046 1321
44047 1321
44048 1321
44049 1321
44050 1321
44051 1321
44052 1321
44053 1321
44054 1321
44055 1321
44056 1321
44057 1321
44058 1321
44059 1321
44060 1321
44061 1321
44062 1321
44063 1321
44064 1321
44065 1321
44066 1321
44067 1322
44068 1322
44069 1322
44070 1322
44071 1322
44072 1322
44073 1322
44074 1322
44075 1322
44076 1322
44077 1322
44078 1322
44079 1322
44080 1322
44081 1322
44082 1322
44083 1322
44084 1322
44085 1322
44086 1322
44087 1322
44088 1322
44089 1322
44090 1322
44091 1322
44092 1322
44093 1322
44094 1322
44095 1322
44096 1322
44097 1322
44098 1322
44099 1322
44100 1323
44101 1323
44102 1323
44103 1323
44104 1323
44105 1323
44106 1323
44107 1323
44108 1323
44109 1323
44110 1323
44111 1323
44112 1323
44113 1323
44114 1323
44115 1323
44116 1323
44117 1323
44118 1323
44119 1323
44120 1323
44121 1323
44122 1323
44123 1323
44124 1323
44125 1323
44126 1323
44127 1323
44128 1323
44129 1323
44130 1323
44131 1323
44132 1323
44133 1323
44134 1324
44135 1324
44136 1324
44137 1324
44138 1324
44139 1324
44140 1324
44141 1324
44142 1324
44143 1324
44144 1324
44145 1324
44146 1324
44147 1324
44148 1324
44149 1324
44150 1324
44151 1324
44152 1324
44153 1324
44154 1324
44155 1324
44156 1324
44157 1324
44158 1324
44159 1324
44160 1324
44161 1324
44162 1324
44163 1324
44164 1324
44165 1324
44166 1324
44167 1325
44168 1325
44169 1325
44170 1325
44171 1325
44172 1325
44173 1325
44174 1325
44175 1325
44176 1325
44177 1325
44178 1325
44179 1325
44180 1325
44181 1325
44182 1325
44183 1325
44184 1325
44185 1325
44186 1325
44187 1325
44188 1325
44189 1325
44190 1325
44191 1325
44192 1325
44193 1325
44194 1325
44195 1325
44196 1325
44197 1325
44198 1325
44199 1325
44200 1326
44201 1326
44202 1326
44203 1326
44204 1326
44205 1326
44206 1326
44207 1326
44208 1326
44209 1326
44210 1326
44211 1326
44212 1326
44213 1326
44214 1326
44215 1326
44216 1326
44217 1326
44218 1326
44219 1326
44220 1326
44221 1326
44222 1326
44223 1326
44224 1326
44225 1326
44226 1326
44227 1326
44228 1326
44229 1326
44230 1326
44231 1326
44232 1326
44233 1326
44234 1327
44235 1327
44236 1327
44237 1327
44238 1327
44239 1327
44240 1327
44241 1327
44242 1327
44243 1327
44244 1327
44245 1327
44246 1327
44247 1327
44248 1327
44249 1327
44250 1327
44251 1327
44252 1327
44253 1327
44254 1327
44255 1327
44256 1327
44257 1327
44258 1327
44259 1327
44260 1327
44261 1327
44262 1327
44263 1327
44264 1327
44265 1327
44266 1327
44267 1328
44268 1328
44269 1328
44270 1328
44271 1328
44272 1328
44273 1328
44274 1328
44275 1328
44276 1328
44277 1328
44278 1328
44279 1328
44280 1328
44281 1328
44282 1328
44283 1328
44284 1328
44285 1328
44286 1328
44287 1328
44288 1328
44289 1328
44290 1328
44291 1328
44292 1328
44293 1328
44294 1328
44295 1328
44296 1328
44297 1328
44298 1328
44299 1328
44300 1329
44301 1329
44302 1329
44303 1329
44304 1329
44305 1329
44306 1329
44307 1329
44308 1329
44309 1329
44310 1329
44311 1329
44312 1329
44313 1329
44314 1329
44315 1329
44316 1329
44317 1329
44318 1329
44319 1329
44320 1329
44321 1329
44322 1329
44323 1329
44324 1329
44325 1329
44326 1329
44327 1329
44328 1329
44329 1329
44330 1329
44331 1329
44332 1329
44333 1329
44334 1330
44335 1330
44336 1330
44337 1330
44338 1330
44339 1330
44340 1330
44341 1330
44342 1330
44343 1330
44344 1330
44345 1330
44346 1330
44347 1330
44348 1330
44349 1330
44350 1330
44351 1330
44352 1330
44353 1330
44354 1330
44355 1330
44356 1330
44357 1330
44358 1330
44359 1330
44360 1330
44361 1330
44362 1330
44363 1330
44364 1330
44365 1330
44366 1330
44367 1331
44368 1331
44369 1331
44370 1331
44371 1331
44372 1331
44373 1331
44374 1331
44375 1331
44376 1331
44377 1331
44378 1331
44379 1331
44380 1331
44381 1331
44382 1331
44383 1331
44384 1331
44385 1331
44386 1331
44387 1331
44388 1331
44389 1331
44390 1331
44391 1331
44392 1331
44393 1331
44394 1331
44395 1331
44396 1331
44397 1331
44398 1331
44399 1331
44400 1332
44401 1332
44402 1332
44403 1332
44404 1332
44405 1332
44406 1332
44407 1332
44408 1332
44409 1332
44410 1332
44411 1332
44412 1332
44413 1332
44414 1332
44415 1332
44416 1332
44417 1332
44418 1332
44419 1332
44420 1332
44421 1332
44422 1332
44423 1332
44424 1332
44425 1332
44426 1332
44427 1332
44428 1332
44429 1332
44430 1332
44431 1332
44432 1332
44433 1332
44434 1333
44435 1333
44436 1333
44437 1333
44438 1333
44439 1333
44440 1333
44441 1333
44442 1333
44443 1333
44444 1333
44445 1333
44446 1333
44447 1333
44448 1333
44449 1333
44450 1333
44451 1333
44452 1333
44453 1333
44454 1333
44455 1333
44456 1333
44457 1333
44458 1333
44459 1333
44460 1333
44461 1333
44462 1333
44463 1333
44464 1333
44465 1333
44466 1333
44467 1334
44468 1334
44469 1334
44470 1334
44471 1334
44472 1334
44473 1334
44474 1334
44475 1334
44476 1334
44477 1334
44478 1334
44479 1334
44480 1334
44481 1334
44482 1334
44483 1334
44484 1334
44485 1334
44486 1334
44487 1334
44488 1334
44489 1334
44490 1334
44491 1334
44492 1334
44493 1334
44494 1334
44495 1334
44496 1334
44497 1334
44498 1334
44499 1334
44500 1335
44501 1335
44502 1335
44503 1335
44504 1335
44505 1335
44506 1335
44507 1335
44508 1335
44509 1335
44510 1335
44511 1335
44512 1335
44513 1335
44514 1335
44515 1335
44516 1335
44517 1335
44518 1335
44519 1335
44520 1335
44521 1335
44522 1335
44523 1335
44524 1335
44525 1335
44526 1335
44527 1335
44528 1335
44529 1335
44530 1335
44531 1335
44532 1335
44533 1335
44534 1336
44535 1336
44536 1336
44537 1336
44538 1336
44539 1336
44540 1336
44541 1336
44542 1336
44543 1336
44544 1336
44545 1336
44546 1336
44547 1336
44548 1336
44549 1336
44550 1336
44551 1336
44552 1336
44553 1336
44554 1336
44555 1336
44556 1336
44557 1336
44558 1336
44559 1336
44560 1336
44561 1336
44562 1336
44563 1336
44564 1336
44565 1336
44566 1336
44567 1337
44568 1337
44569 1337
44570 1337
44571 1337
44572 1337
44573 1337
44574 1337
44575 1337
44576 1337
44577 1337
44578 1337
44579 1337
44580 1337
44581 1337
44582 1337
44583 1337
44584 1337
44585 1337
44586 1337
44587 1337
44588 1337
44589 1337
44590 1337
44591 1337
44592 1337
44593 1337
44594 1337
44595 1337
44596 1337
44597 1337
44598 1337
44599 1337
44600 1338
44601 1338
44602 1338
44603 1338
44604 1338
44605 1338
44606 1338
44607 1338
44608 1338
44609 1338
44610 1338
44611 1338
44612 1338
44613 1338
44614 1338
44615 1338
44616 1338
44617 1338
44618 1338
44619 1338
44620 1338
44621 1338
44622 1338
44623 1338
44624 1338
44625 1338
44626 1338
44627 1338
44628 1338
44629 1338
44630 1338
44631 1338
44632 1338
44633 1338
44634 1339
44635 1339
44636 1339
44637 1339
44638 1339
44639 1339
44640 1339
44641 1339
44642 1339
44643 1339
44644 1339
44645 1339
44646 1339
44647 1339
44648 1339
44649 1339
44650 1339
44651 1339
44652 1339
44653 1339
44654 1339
44655 1339
44656 1339
44657 1339
44658 1339
44659 1339
44660 1339
44661 1339
44662 1339
44663 1339
44664 1339
44665 1339
44666 1339
44667 1340
44668 1340
44669 1340
44670 1340
44671 1340
44672 1340
44673 1340
44674 1340
44675 1340
44676 1340
44677 1340
44678 1340
44679 1340
44680 1340
44681 1340
44682 1340
44683 1340
44684 1340
44685 1340
44686 1340
44687 1340
44688 1340
44689 1340
44690 1340
44691 1340
44692 1340
44693 1340
44694 1340
44695 1340
44696 1340
44697 1340
44698 1340
44699 1340
44700 1341
44701 1341
44702 1341
44703 1341
44704 1341
44705 1341
44706 1341
44707 1341
44708 1341
44709 1341
44710 1341
44711 1341
44712 1341
44713 1341
44714 1341
44715 1341
44716 1341
44717 1341
44718 1341
44719 1341
44720 1341
44721 1341
44722 1341
44723 1341
44724 1341
44725 1341
44726 1341
44727 1341
44728 1341
44729 1341
44730 1341
44731 1341
44732 1341
44733 1341
44734 1342
44735 1342
44736 1342
44737 1342
44738 1342
44739 1342
44740 1342
44741 1342
44742 1342
44743 1342
44744 1342
44745 1342
44746 1342
44747 1342
44748 1342
44749 1342
44750 1342
44751 1342
44752 1342
44753 1342
44754 1342
44755 1342
44756 1342
44757 1342
44758 1342
44759 1342
44760 1342
44761 1342
44762 1342
44763 1342
44764 1342
44765 1342
44766 1342
44767 1343
44768 1343
44769 1343
44770 1343
44771 1343
44772 1343
44773 1343
44774 1343
44775 1343
44776 1343
44777 1343
44778 1343
44779 1343
44780 1343
44781 1343
44782 1343
44783 1343
44784 1343
44785 1343
44786 1343
44787 1343
44788 1343
44789 1343
44790 1343
44791 1343
44792 1343
44793 1343
44794 1343
44795 1343
44796 1343
44797 1343
44798 1343
44799 1343
44800 1344
44801 1344
44802 1344
44803 1344
44804 1344
44805 1344
44806 1344
44807 1344
44808 1344
44809 1344
44810 1344
44811 1344
44812 1344
44813 1344
44814 1344
44815 1344
44816 1344
44817 1344
44818 1344
44819 1344
44820 1344
44821 1344
44822 1344
44823 1344
44824 1344
44825 1344
44826 1344
44827 1344
44828 1344
44829 1344
44830 1344
44831 1344
44832 1344
44833 1344
44834 1345
44835 1345
44836 1345
44837 1345
44838 1345
44839 1345
44840 1345
44841 1345
44842 1345
44843 1345
44844 1345
44845 1345
44846 1345
44847 1345
44848 1345
44849 1345
44850 1345
44851 1345
44852 1345
44853 1345
44854 1345
44855 1345
44856 1345
44857 1345
44858 1345
44859 1345
44860 1345
44861 1345
44862 1345
44863 1345
44864 1345
44865 1345
44866 1345
44867 1346
44868 1346
44869 1346
44870 1346
44871 1346
44872 1346
44873 1346
44874 1346
44875 1346
44876 1346
44877 1346
44878 1346
44879 1346
44880 1346
44881 1346
44882 1346
44883 1346
44884 1346
44885 1346
44886 1346
44887 1346
44888 1346
44889 1346
44890 1346
44891 1346
44892 1346
44893 1346
44894 1346
44895 1346
44896 1346
44897 1346
44898 1346
44899 1346
44900 1347
44901 1347
44902 1347
44903 1347
44904 1347
44905 1347
44906 1347
44907 1347
44908 1347
44909 1347
44910 1347
44911 1347
44912 1347
44913 1347
44914 1347
44915 1347
44916 1347
44917 1347
44918 1347
44919 1347
44920 1347
44921 1347
44922 1347
44923 1347
44924 1347
44925 1347
44926 1347
44927 1347
44928 1347
44929 1347
44930 1347
44931 1347
44932 1347
44933 1347
44934 1348
44935 1348
44936 1348
44937 1348
44938 1348
44939 1348
44940 1348
44941 1348
44942 1348
44943 1348
44944 1348
44945 1348
44946 1348
44947 1348
44948 1348
44949 1348
44950 1348
44951 1348
44952 1348
44953 1348
44954 1348
44955 1348
44956 1348
44957 1348
44958 1348
44959 1348
44960 1348
44961 1348
44962 1348
44963 1348
44964 1348
44965 1348
44966 1348
44967 1349
44968 1349
44969 1349
44970 1349
44971 1349
44972 1349
44973 1349
44974 1349
44975 1349
44976 1349
44977 1349
44978 1349
44979 1349
44980 1349
44981 1349
44982 1349
44983 1349
44984 1349
44985 1349
44986 1349
44987 1349
44988 1349
44989 1349
44990 1349
44991 1349
44992 1349
44993 1349
44994 1349
44995 1349
44996 1349
44997 1349
44998 1349
44999 1349
45000 1350
45001 1350
45002 1350
45003 1350
45004 1350
45005 1350
45006 1350
45007 1350
45008 1350
45009 1350
45010 1350
45011 1350
45012 1350
45013 1350
45014 1350
45015 1350
45016 1350
45017 1350
45018 1350
45019 1350
45020 1350
45021 1350
45022 1350
45023 1350
45024 1350
45025 1350
45026 1350
45027 1350
45028 1350
45029 1350
45030 1350
45031 1350
45032 1350
45033 1350
45034 1351
45035 1351
45036 1351
45037 1351
45038 1351
45039 1351
45040 1351
45041 1351
45042 1351
45043 1351
45044 1351
45045 1351
45046 1351
45047 1351
45048 1351
45049 1351
45050 1351
45051 1351
45052 1351
45053 1351
45054 1351
45055 1351
45056 1351
45057 1351
45058 1351
45059 1351
45060 1351
45061 1351
45062 1351
45063 1351
45064 1351
45065 1351
45066 1351
45067 1352
45068 1352
45069 1352
45070 1352
45071 1352
45072 1352
45073 1352
45074 1352
45075 1352
45076 1352
45077 1352
45078 1352
45079 1352
45080 1352
45081 1352
45082 1352
45083 1352
45084 1352
45085 1352
45086 1352
45087 1352
45088 1352
45089 1352
45090 1352
45091 1352
45092 1352
45093 1352
45094 1352
45095 1352
45096 1352
45097 1352
45098 1352
45099 1352
45100 1353
45101 1353
45102 1353
45103 1353
45104 1353
45105 1353
45106 1353
45107 1353
45108 1353
45109 1353
45110 1353
45111 1353
45112 1353
45113 1353
45114 1353
45115 1353
45116 1353
45117 1353
45118 1353
45119 1353
45120 1353
45121 1353
45122 1353
45123 1353
45124 1353
45125 1353
45126 1353
45127 1353
45128 1353
45129 1353
45130 1353
45131 1353
45132 1353
45133 1353
45134 1354
45135 1354
45136 1354
45137 1354
45138 1354
45139 1354
45140 1354
45141 1354
45142 1354
45143 1354
45144 1354
45145 1354
45146 1354
45147 1354
45148 1354
45149 1354
45150 1354
45151 1354
45152 1354
45153 1354
45154 1354
45155 1354
45156 1354
45157 1354
45158 1354
45159 1354
45160 1354
45161 1354
45162 1354
45163 1354
45164 1354
45165 1354
45166 1354
45167 1355
45168 1355
45169 1355
45170 1355
45171 1355
45172 1355
45173 1355
45174 1355
45175 1355
45176 1355
45177 1355
45178 1355
45179 1355
45180 1355
45181 1355
45182 1355
45183 1355
45184 1355
45185 1355
45186 1355
45187 1355
45188 1355
45189 1355
45190 1355
45191 1355
45192 1355
45193 1355
45194 1355
45195 1355
45196 1355
45197 1355
45198 1355
45199 1355
45200 1356
45201 1356
45202 1356
45203 1356
45204 1356
45205 1356
45206 1356
45207 1356
45208 1356
45209 1356
45210 1356
45211 1356
45212 1356
45213 1356
45214 1356
45215 1356
45216 1356
45217 1356
45218 1356
45219 1356
45220 1356
45221 1356
45222 1356
45223 1356
45224 1356
45225 1356
45226 1356
45227 1356
45228 1356
45229 1356
45230 1356
45231 1356
45232 1356
45233 1356
45234 1357
45235 1357
45236 1357
45237 1357
45238 1357
45239 1357
45240 1357
45241 1357
45242 1357
45243 1357
45244 1357
45245 1357
45246 1357
45247 1357
45248 1357
45249 1357
45250 1357
45251 1357
45252 1357
45253 1357
45254 1357
45255 1357
45256 1357
45257 1357
45258 1357
45259 1357
45260 1357
45261 1357
45262 1357
45263 1357
45264 1357
45265 1357
45266 1357
45267 1358
45268 1358
45269 1358
45270 1358
45271 1358
45272 1358
45273 1358
45274 1358
45275 1358
45276 1358
45277 1358
45278 1358
45279 1358
45280 1358
45281 1358
45282 1358
45283 1358
45284 1358
45285 1358
45286 1358
45287 1358
45288 1358
45289 1358
45290 1358
45291 1358
45292 1358
45293 1358
45294 1358
45295 1358
45296 1358
45297 1358
45298 1358
45299 1358
45300 1359
45301 1359
45302 1359
45303 1359
45304 1359
45305 1359
45306 1359
45307 1359
45308 1359
45309 1359
45310 1359
45311 1359
45312 1359
45313 1359
45314 1359
45315 1359
45316 1359
45317 1359
45318 1359
45319 1359
45320 1359
45321 1359
45322 1359
45323 1359
45324 1359
45325 1359
45326 1359
45327 1359
45328 1359
45329 1359
45330 1359
45331 1359
45332 1359
45333 1359
45334 1360
45335 1360
45336 1360
45337 1360
45338 1360
45339 1360
45340 1360
45341 1360
45342 1360
45343 1360
45344 1360
45345 1360
45346 1360
45347 1360
45348 1360
45349 1360
45350 1360
45351 1360
45352 1360
45353 1360
45354 1360
45355 1360
45356 1360
45357 1360
45358 1360
45359 1360
45360 1360
45361 1360
45362 1360
45363 1360
45364 1360
45365 1360
45366 1360
45367 1361
45368 1361
45369 1361
45370 1361
45371 1361
45372 1361
45373 1361
45374 1361
45375 1361
45376 1361
45377 1361
45378 1361
45379 1361
45380 1361
45381 1361
45382 1361
45383 1361
45384 1361
45385 1361
45386 1361
45387 1361
45388 1361
45389 1361
45390 1361
45391 1361
45392 1361
45393 1361
45394 1361
45395 1361
45396 1361
45397 1361
45398 1361
45399 1361
45400 1362
45401 1362
45402 1362
45403 1362
45404 1362
45405 1362
45406 1362
45407 1362
45408 1362
45409 1362
45410 1362
45411 1362
45412 1362
45413 1362
45414 1362
45415 1362
45416 1362
45417 1362
45418 1362
45419 1362
45420 1362
45421 1362
45422 1362
45423 1362
45424 1362
45425 1362
45426 1362
45427 1362
45428 1362
45429 1362
45430 1362
45431 1362
45432 1362
45433 1362
45434 1363
45435 1363
45436 1363
45437 1363
45438 1363
45439 1363
45440 1363
45441 1363
45442 1363
45443 1363
45444 1363
45445 1363
45446 1363
45447 1363
45448 1363
45449 1363
45450 1363
45451 1363
45452 1363
45453 1363
45454 1363
45455 1363
45456 1363
45457 1363
45458 1363
45459 1363
45460 1363
45461 1363
45462 1363
45463 1363
45464 1363
45465 1363
45466 1363
45467 1364
45468 1364
45469 1364
45470 1364
45471 1364
45472 1364
45473 1364
45474 1364
45475 1364
45476 1364
45477 1364
45478 1364
45479 1364
45480 1364
45481 1364
45482 1364
45483 1364
45484 1364
45485 1364
45486 1364
45487 1364
45488 1364
45489 1364
45490 1364
45491 1364
45492 1364
45493 1364
45494 1364
45495 1364
45496 1364
45497 1364
45498 1364
45499 1364
45500 1365
45501 1365
45502 1365
45503 1365
45504 1365
45505 1365
45506 1365
45507 1365
45508 1365
45509 1365
45510 1365
45511 1365
45512 1365
45513 1365
45514 1365
45515 1365
45516 1365
45517 1365
45518 1365
45519 1365
45520 1365
45521 1365
45522 1365
45523 1365
45524 1365
45525 1365
45526 1365
45527 1365
45528 1365
45529 1365
45530 1365
45531 1365
45532 1365
45533 1365
45534 1366
45535 1366
45536 1366
45537 1366
45538 1366
45539 1366
45540 1366
45541 1366
45542 1366
45543 1366
45544 1366
45545 1366
45546 1366
45547 1366
45548 1366
45549 1366
45550 1366
45551 1366
45552 1366
45553 1366
45554 1366
45555 1366
45556 1366
45557 1366
45558 1366
45559 1366
45560 1366
45561 1366
45562 1366
45563 1366
45564 1366
45565 1366
45566 1366
45567 1367
45568 1367
45569 1367
45570 1367
45571 1367
45572 1367
45573 1367
45574 1367
45575 1367
45576 1367
45577 1367
45578 1367
45579 1367
45580 1367
45581 1367
45582 1367
45583 1367
45584 1367
45585 1367
45586 1367
45587 1367
45588 1367
45589 1367
45590 1367
45591 1367
45592 1367
45593 1367
45594 1367
45595 1367
45596 1367
45597 1367
45598 1367
45599 1367
45600 1368
45601 1368
45602 1368
45603 1368
45604 1368
45605 1368
45606 1368
45607 1368
45608 1368
45609 1368
45610 1368
45611 1368
45612 1368
45613 1368
45614 1368
45615 1368
45616 1368
45617 1368
45618 1368
45619 1368
45620 1368
45621 1368
45622 1368
45623 1368
45624 1368
45625 1368
45626 1368
45627 1368
45628 1368
45629 1368
45630 1368
45631 1368
45632 1368
45633 1368
45634 1369
45635 1369
45636 1369
45637 1369
45638 1369
45639 1369
45640 1369
45641 1369
45642 1369
45643 1369
45644 1369
45645 1369
45646 1369
45647 1369
45648 1369
45649 1369
45650 1369
45651 1369
45652 1369
45653 1369
45654 1369
45655 1369
45656 1369
45657 1369
45658 1369
45659 1369
45660 1369
45661 1369
45662 1369
45663 1369
45664 1369
45665 1369
45666 1369
45667 1370
45668 1370
45669 1370
45670 1370
45671 1370
45672 1370
45673 1370
45674 1370
45675 1370
45676 1370
45677 1370
45678 1370
45679 1370
45680 1370
45681 1370
45682 1370
45683 1370
45684 1370
45685 1370
45686 1370
45687 1370
45688 1370
45689 1370
45690 1370
45691 1370
45692 1370
45693 1370
45694 1370
45695 1370
45696 1370
45697 1370
45698 1370
45699 1370
45700 1371
45701 1371
45702 1371
45703 1371
45704 1371
45705 1371
45706 1371
45707 1371
45708 1371
45709 1371
45710 1371
45711 1371
45712 1371
45713 1371
45714 1371
45715 1371
45716 1371
45717 1371
45718 1371
45719 1371
45720 1371
45721 1371
45722 1371
45723 1371
45724 1371
45725 1371
45726 1371
45727 1371
45728 1371
45729 1371
45730 1371
45731 1371
45732 1371
45733 1371
45734 1372
45735 1372
45736 1372
45737 1372
45738 1372
45739 1372
45740 1372
45741 1372
45742 1372
45743 1372
45744 1372
45745 1372
45746 1372
45747 1372
45748 1372
45749 1372
45750 1372
45751 1372
45752 1372
45753 1372
45754 1372
45755 1372
45756 1372
45757 1372
45758 1372
45759 1372
45760 1372
45761 1372
45762 1372
45763 1372
45764 1372
45765 1372
45766 1372
45767 1373
45768 1373
45769 1373
45770 1373
45771 1373
45772 1373
45773 1373
45774 1373
45775 1373
45776 1373
45777 1373
45778 1373
45779 1373
45780 1373
45781 1373
45782 1373
45783 1373
45784 1373
45785 1373
45786 1373
45787 1373
45788 1373
45789 1373
45790 1373
45791 1373
45792 1373
45793 1373
45794 1373
45795 1373
45796 1373
45797 1373
45798 1373
45799 1373
45800 1374
45801 1374
45802 1374
45803 1374
45804 1374
45805 1374
45806 1374
45807 1374
45808 1374
45809 1374
45810 1374
45811 1374
45812 1374
45813 1374
45814 1374
45815 1374
45816 1374
45817 1374
45818 1374
45819 1374
45820 1374
45821 1374
45822 1374
45823 1374
45824 1374
45825 1374
45826 1374
45827 1374
45828 1374
45829 1374
45830 1374
45831 1374
45832 1374
45833 1374
45834 1375
45835 1375
45836 1375
45837 1375
45838 1375
45839 1375
45840 1375
45841 1375
45842 1375
45843 1375
45844 1375
45845 1375
45846 1375
45847 1375
45848 1375
45849 1375
45850 1375
45851 1375
45852 1375
45853 1375
45854 1375
45855 1375
45856 1375
45857 1375
45858 1375
45859 1375
45860 1375
45861 1375
45862 1375
45863 1375
45864 1375
45865 1375
45866 1375
45867 1376
45868 1376
45869 1376
45870 1376
45871 1376
45872 1376
45873 1376
45874 1376
45875 1376
45876 1376
45877 1376
45878 1376
45879 1376
45880 1376
45881 1376
45882 1376
45883 1376
45884 1376
45885 1376
45886 1376
45887 1376
45888 1376
45889 1376
45890 1376
45891 1376
45892 1376
45893 1376
45894 1376
45895 1376
45896 1376
45897 1376
45898 1376
45899 1376
45900 1377
45901 1377
45902 1377
45903 1377
45904 1377
45905 1377
45906 1377
45907 1377
45908 1377
45909 1377
45910 1377
45911 1377
45912 1377
45913 1377
45914 1377
45915 1377
45916 1377
45917 1377
45918 1377
45919 1377
45920 1377
45921 1377
45922 1377
45923 1377
45924 1377
45925 1377
45926 1377
45927 1377
45928 1377
45929 1377
45930 1377
45931 1377
45932 1377
45933 1377
45934 1378
45935 1378
45936 1378
45937 1378
45938 1378
45939 1378
45940 1378
45941 1378
45942 1378
45943 1378
45944 1378
45945 1378
45946 1378
45947 1378
45948 1378
45949 1378
45950 1378
45951 1378
45952 1378
45953 1378
45954 1378
45955 1378
45956 1378
45957 1378
45958 1378
45959 1378
45960 1378
45961 1378
45962 1378
45963 1378
45964 1378
45965 1378
45966 1378
45967 1379
45968 1379
45969 1379
45970 1379
45971 1379
45972 1379
45973 1379
45974 1379
45975 1379
45976 1379
45977 1379
45978 1379
45979 1379
45980 1379
45981 1379
45982 1379
45983 1379
45984 1379
45985 1379
45986 1379
45987 1379
45988 1379
45989 1379
45990 1379
45991 1379
45992 1379
45993 1379
45994 1379
45995 1379
45996 1379
45997 1379
45998 1379
45999 1379
46000 1380
46001 1380
46002 1380
46003 1380
46004 1380
46005 1380
46006 1380
46007 1380
46008 1380
46009 1380
46010 1380
46011 1380
46012 1380
46013 1380
46014 1380
46015 1380
46016 1380
46017 1380
46018 1380
46019 1380
46020 1380
46021 1380
46022 1380
46023 1380
46024 1380
46025 1380
46026 1380
46027 1380
46028 1380
46029 1380
46030 1380
46031 1380
46032 1380
46033 1380
46034 1381
46035 1381
46036 1381
46037 1381
46038 1381
46039 1381
46040 1381
46041 1381
46042 1381
46043 1381
46044 1381
46045 1381
46046 1381
46047 1381
46048 1381
46049 1381
46050 1381
46051 1381
46052 1381
46053 1381
46054 1381
46055 1381
46056 1381
46057 1381
46058 1381
46059 1381
46060 1381
46061 1381
46062 1381
46063 1381
46064 1381
46065 1381
46066 1381
46067 1382
46068 1382
46069 1382
46070 1382
46071 1382
46072 1382
46073 1382
46074 1382
46075 1382
46076 1382
46077 1382
46078 1382
46079 1382
46080 1382
46081 1382
46082 1382
46083 1382
46084 1382
46085 1382
46086 1382
46087 1382
46088 1382
46089 1382
46090 1382
46091 1382
46092 1382
46093 1382
46094 1382
46095 1382
46096 1382
46097 1382
46098 1382
46099 1382
46100 1383
46101 1383
46102 1383
46103 1383
46104 1383
46105 1383
46106 1383
46107 1383
46108 1383
46109 1383
46110 1383
46111 1383
46112 1383
46113 1383
46114 1383
46115 1383
46116 1383
46117 1383
46118 1383
46119 1383
46120 1383
46121 1383
46122 1383
46123 1383
46124 1383
46125 1383
46126 1383
46127 1383
46128 1383
46129 1383
46130 1383
46131 1383
46132 1383
46133 1383
46134 1384
46135 1384
46136 1384
46137 1384
46138 1384
46139 1384
46140 1384
46141 1384
46142 1384
46143 1384
46144 1384
46145 1384
46146 1384
46147 1384
46148 1384
46149 1384
46150 1384
46151 1384
46152 1384
46153 1384
46154 1384
46155 1384
46156 1384
46157 1384
46158 1384
46159 1384
46160 1384
46161 1384
46162 1384
46163 1384
46164 1384
46165 1384
46166 1384
46167 1385
46168 1385
46169 1385
46170 1385
46171 1385
46172 1385
46173 1385
46174 1385
46175 1385
46176 1385
46177 1385
46178 1385
46179 1385
46180 1385
46181 1385
46182 1385
46183 1385
46184 1385
46185 1385
46186 1385
46187 1385
46188 1385
46189 1385
46190 1385
46191 1385
46192 1385
46193 1385
46194 1385
46195 1385
46196 1385
46197 1385
46198 1385
46199 1385
46200 1386
46201 1386
46202 1386
46203 1386
46204 1386
46205 1386
46206 1386
46207 1386
46208 1386
46209 1386
46210 1386
46211 1386
46212 1386
46213 1386
46214 1386
46215 1386
46216 1386
46217 1386
46218 1386
46219 1386
46220 1386
46221 1386
46222 1386
46223 1386
46224 1386
46225 1386
46226 1386
46227 1386
46228 1386
46229 1386
46230 1386
46231 1386
46232 1386
46233 1386
46234 1387
46235 1387
46236 1387
46237 1387
46238 1387
46239 1387
46240 1387
46241 1387
46242 1387
46243 1387
46244 1387
46245 1387
46246 1387
46247 1387
46248 1387
46249 1387
46250 1387
46251 1387
46252 1387
46253 1387
46254 1387
46255 1387
46256 1387
46257 1387
46258 1387
46259 1387
46260 1387
46261 1387
46262 1387
46263 1387
46264 1387
46265 1387
46266 1387
46267 1388
46268 1388
46269 1388
46270 1388
46271 1388
46272 1388
46273 1388
46274 1388
46275 1388
46276 1388
46277 1388
46278 1388
46279 1388
46280 1388
46281 1388
46282 1388
46283 1388
46284 1388
46285 1388
46286 1388
46287 1388
46288 1388
46289 1388
46290 1388
46291 1388
46292 1388
46293 1388
46294 1388
46295 1388
46296 1388
46297 1388
46298 1388
46299 1388
46300 1389
46301 1389
46302 1389
46303 1389
46304 1389
46305 1389
46306 1389
46307 1389
46308 1389
46309 1389
46310 1389
46311 1389
46312 1389
46313 1389
46314 1389
46315 1389
46316 1389
46317 1389
46318 1389
46319 1389
46320 1389
46321 1389
46322 1389
46323 1389
46324 1389
46325 1389
46326 1389
46327 1389
46328 1389
46329 1389
46330 1389
46331 1389
46332 1389
46333 1389
46334 1390
46335 1390
46336 1390
46337 1390
46338 1390
46339 1390
46340 1390
46341 1390
46342 1390
46343 1390
46344 1390
46345 1390
46346 1390
46347 1390
46348 1390
46349 1390
46350 1390
46351 1390
46352 1390
46353 1390
46354 1390
46355 1390
46356 1390
46357 1390
46358 1390
46359 1390
46360 1390
46361 1390
46362 1390
46363 1390
46364 1390
46365 1390
46366 1390
46367 1391
46368 1391
46369 1391
46370 1391
46371 1391
46372 1391
46373 1391
46374 1391
46375 1391
46376 1391
46377 1391
46378 1391
46379 1391
46380 1391
46381 1391
46382 1391
46383 1391
46384 1391
46385 1391
46386 1391
46387 1391
46388 1391
46389 1391
46390 1391
46391 1391
46392 1391
46393 1391
46394 1391
46395 1391
46396 1391
46397 1391
46398 1391
46399 1391
46400 1392
46401 1392
46402 1392
46403 1392
46404 1392
46405 1392
46406 1392
46407 1392
46408 1392
46409 1392
46410 1392
46411 1392
46412 1392
46413 1392
46414 1392
46415 1392
46416 1392
46417 1392
46418 1392
46419 1392
46420 1392
46421 1392
46422 1392
46423 1392
46424 1392
46425 1392
46426 1392
46427 1392
46428 1392
46429 1392
46430 1392
46431 1392
46432 1392
46433 1392
46434 1393
46435 1393
46436 1393
46437 1393
46438 1393
46439 1393
46440 1393
46441 1393
46442 1393
46443 1393
46444 1393
46445 1393
46446 1393
46447 1393
46448 1393
46449 1393
46450 1393
46451 1393
46452 1393
46453 1393
46454 1393
46455 1393
46456 1393
46457 1393
46458 1393
46459 1393
46460 1393
46461 1393
46462 1393
46463 1393
46464 1393
46465 1393
46466 1393
46467 1394
46468 1394
46469 1394
46470 1394
46471 1394
46472 1394
46473 1394
46474 1394
46475 1394
46476 1394
46477 1394
46478 1394
46479 1394
46480 1394
46481 1394
46482 1394
46483 1394
46484 1394
46485 1394
46486 1394
46487 1394
46488 1394
46489 1394
46490 1394
46491 1394
46492 1394
46493 1394
46494 1394
46495 1394
46496 1394
46497 1394
46498 1394
46499 1394
46500 1395
46501 1395
46502 1395
46503 1395
46504 1395
46505 1395
46506 1395
46507 1395
46508 1395
46509 1395
46510 1395
46511 1395
46512 1395
46513 1395
46514 1395
46515 1395
46516 1395
46517 1395
46518 1395
46519 1395
46520 1395
46521 1395
46522 1395
46523 1395
46524 1395
46525 1395
46526 1395
46527 1395
46528 1395
46529 1395
46530 1395
46531 1395
46532 1395
46533 1395
46534 1396
46535 1396
46536 1396
46537 1396
46538 1396
46539 1396
46540 1396
46541 1396
46542 1396
46543 1396
46544 1396
46545 1396
46546 1396
46547 1396
46548 1396
46549 1396
46550 1396
46551 1396
46552 1396
46553 1396
46554 1396
46555 1396
46556 1396
46557 1396
46558 1396
46559 1396
46560 1396
46561 1396
46562 1396
46563 1396
46564 1396
46565 1396
46566 1396
46567 1397
46568 1397
46569 1397
46570 1397
46571 1397
46572 1397
46573 1397
46574 1397
46575 1397
46576 1397
46577 1397
46578 1397
46579 1397
46580 1397
46581 1397
46582 1397
46583 1397
46584 1397
46585 1397
46586 1397
46587 1397
46588 1397
46589 1397
46590 1397
46591 1397
46592 1397
46593 1397
46594 1397
46595 1397
46596 1397
46597 1397
46598 1397
46599 1397
46600 1398
46601 1398
46602 1398
46603 1398
46604 1398
46605 1398
46606 1398
46607 1398
46608 1398
46609 1398
46610 1398
46611 1398
46612 1398
46613 1398
46614 1398
46615 1398
46616 1398
46617 1398
46618 1398
46619 1398
46620 1398
46621 1398
46622 1398
46623 1398
46624 1398
46625 1398
46626 1398
46627 1398
46628 1398
46629 1398
46630 1398
46631 1398
46632 1398
46633 1398
46634 1399
46635 1399
46636 1399
46637 1399
46638 1399
46639 1399
46640 1399
46641 1399
46642 1399
46643 1399
46644 1399
46645 1399
46646 1399
46647 1399
46648 1399
46649 1399
46650 1399
46651 1399
46652 1399
46653 1399
46654 1399
46655 1399
46656 1399
46657 1399
46658 1399
46659 1399
46660 1399
46661 1399
46662 1399
46663 1399
46664 1399
46665 1399
46666 1399
46667 1400
46668 1400
46669 1400
46670 1400
46671 1400
46672 1400
46673 1400
46674 1400
46675 1400
46676 1400
46677 1400
46678 1400
46679 1400
46680 1400
46681 1400
46682 1400
46683 1400
46684 1400
46685 1400
46686 1400
46687 1400
46688 1400
46689 1400
46690 1400
46691 1400
46692 1400
46693 1400
46694 1400
46695 1400
46696 1400
46697 1400
46698 1400
46699 1400
46700 1401
46701 1401
46702 1401
46703 1401
46704 1401
46705 1401
46706 1401
46707 1401
46708 1401
46709 1401
46710 1401
46711 1401
46712 1401
46713 1401
46714 1401
46715 1401
46716 1401
46717 1401
46718 1401
46719 1401
46720 1401
46721 1401
46722 1401
46723 1401
46724 1401
46725 1401
46726 1401
46727 1401
46728 1401
46729 1401
46730 1401
46731 1401
46732 1401
46733 1401
46734 1402
46735 1402
46736 1402
46737 1402
46738 1402
46739 1402
46740 1402
46741 1402
46742 1402
46743 1402
46744 1402
46745 1402
46746 1402
46747 1402
46748 1402
46749 1402
46750 1402
46751 1402
46752 1402
46753 1402
46754 1402
46755 1402
46756 1402
46757 1402
46758 1402
46759 1402
46760 1402
46761 1402
46762 1402
46763 1402
46764 1402
46765 1402
46766 1402
46767 1403
46768 1403
46769 1403
46770 1403
46771 1403
46772 1403
46773 1403
46774 1403
46775 1403
46776 1403
46777 1403
46778 1403
46779 1403
46780 1403
46781 1403
46782 1403
46783 1403
46784 1403
46785 1403
46786 1403
46787 1403
46788 1403
46789 1403
46790 1403
46791 1403
46792 1403
46793 1403
46794 1403
46795 1403
46796 1403
46797 1403
46798 1403
46799 1403
46800 1404
46801 1404
46802 1404
46803 1404
46804 1404
46805 1404
46806 1404
46807 1404
46808 1404
46809 1404
46810 1404
46811 1404
46812 1404
46813 1404
46814 1404
46815 1404
46816 1404
46817 1404
46818 1404
46819 1404
46820 1404
46821 1404
46822 1404
46823 1404
46824 1404
46825 1404
46826 1404
46827 1404
46828 1404
46829 1404
46830 1404
46831 1404
46832 1404
46833 1404
46834 1405
46835 1405
46836 1405
46837 1405
46838 1405
46839 1405
46840 1405
46841 1405
46842 1405
46843 1405
46844 1405
46845 1405
46846 1405
46847 1405
46848 1405
46849 1405
46850 1405
46851 1405
46852 1405
46853 1405
46854 1405
46855 1405
46856 1405
46857 1405
46858 1405
46859 1405
46860 1405
46861 1405
46862 1405
46863 1405
46864 1405
46865 1405
46866 1405
46867 1406
46868 1406
46869 1406
46870 1406
46871 1406
46872 1406
46873 1406
46874 1406
46875 1406
46876 1406
46877 1406
46878 1406
46879 1406
46880 1406
46881 1406
46882 1406
46883 1406
46884 1406
46885 1406
46886 1406
46887 1406
46888 1406
46889 1406
46890 1406
46891 1406
46892 1406
46893 1406
46894 1406
46895 1406
46896 1406
46897 1406
46898 1406
46899 1406
46900 1407
46901 1407
46902 1407
46903 1407
46904 1407
46905 1407
46906 1407
46907 1407
46908 1407
46909 1407
46910 1407
46911 1407
46912 1407
46913 1407
46914 1407
46915 1407
46916 1407
46917 1407
46918 1407
46919 1407
46920 1407
46921 1407
46922 1407
46923 1407
46924 1407
46925 1407
46926 1407
46927 1407
46928 1407
46929 1407
46930 1407
46931 1407
46932 1407
46933 1407
46934 1408
46935 1408
46936 1408
46937 1408
46938 1408
46939 1408
46940 1408
46941 1408
46942 1408
46943 1408
46944 1408
46945 1408
46946 1408
46947 1408
46948 1408
46949 1408
46950 1408
46951 1408
46952 1408
46953 1408
46954 1408
46955 1408
46956 1408
46957 1408
46958 1408
46959 1408
46960 1408
46961 1408
46962 1408
46963 1408
46964 1408
46965 1408
46966 1408
46967 1409
46968 1409
46969 1409
46970 1409
46971 1409
46972 1409
46973 1409
46974 1409
46975 1409
46976 1409
46977 1409
46978 1409
46979 1409
46980 1409
46981 1409
46982 1409
46983 1409
46984 1409
46985 1409
46986 1409
46987 1409
46988 1409
46989 1409
46990 1409
46991 1409
46992 1409
46993 1409
46994 1409
46995 1409
46996 1409
46997 1409
46998 1409
46999 1409
47000 1410
47001 1410
47002 1410
47003 1410
47004 1410
47005 1410
47006 1410
47007 1410
47008 1410
47009 1410
47010 1410
47011 1410
47012 1410
47013 1410
47014 1410
47015 1410
47016 1410
47017 1410
47018 1410
47019 1410
47020 1410
47021 1410
47022 1410
47023 1410
47024 1410
47025 1410
47026 1410
47027 1410
47028 1410
47029 1410
47030 1410
47031 1410
47032 1410
47033 1410
47034 1411
47035 1411
47036 1411
47037 1411
47038 1411
47039 1411
47040 1411
47041 1411
47042 1411
47043 1411
47044 1411
47045 1411
47046 1411
47047 1411
47048 1411
47049 1411
47050 1411
47051 1411
47052 1411
47053 1411
47054 1411
47055 1411
47056 1411
47057 1411
47058 1411
47059 1411
47060 1411
47061 1411
47062 1411
47063 1411
47064 1411
47065 1411
47066 1411
47067 1412
47068 1412
47069 1412
47070 1412
47071 1412
47072 1412
47073 1412
47074 1412
47075 1412
47076 1412
47077 1412
47078 1412
47079 1412
47080 1412
47081 1412
47082 1412
47083 1412
47084 1412
47085 1412
47086 1412
47087 1412
47088 1412
47089 1412
47090 1412
47091 1412
47092 1412
47093 1412
47094 1412
47095 1412
47096 1412
47097 1412
47098 1412
47099 1412
47100 1413
47101 1413
47102 1413
47103 1413
47104 1413
47105 1413
47106 1413
47107 1413
47108 1413
47109 1413
47110 1413
47111 1413
47112 1413
47113 1413
47114 1413
47115 1413
47116 1413
47117 1413
47118 1413
47119 1413
47120 1413
47121 1413
47122 1413
47123 1413
47124 1413
47125 1413
47126 1413
47127 1413
47128 1413
47129 1413
47130 1413
47131 1413
47132 1413
47133 1413
47134 1414
47135 1414
47136 1414
47137 1414
47138 1414
47139 1414
47140 1414
47141 1414
47142 1414
47143 1414
47144 1414
47145 1414
47146 1414
47147 1414
47148 1414
47149 1414
47150 1414
47151 1414
47152 1414
47153 1414
47154 1414
47155 1414
47156 1414
47157 1414
47158 1414
47159 1414
47160 1414
47161 1414
47162 1414
47163 1414
47164 1414
47165 1414
47166 1414
47167 1415
47168 1415
47169 1415
47170 1415
47171 1415
47172 1415
47173 1415
47174 1415
47175 1415
47176 1415
47177 1415
47178 1415
47179 1415
47180 1415
47181 1415
47182 1415
47183 1415
47184 1415
47185 1415
47186 1415
47187 1415
47188 1415
47189 1415
47190 1415
47191 1415
47192 1415
47193 1415
47194 1415
47195 1415
47196 1415
47197 1415
47198 1415
47199 1415
47200 1416
47201 1416
47202 1416
47203 1416
47204 1416
47205 1416
47206 1416
47207 1416
47208 1416
47209 1416
47210 1416
47211 1416
47212 1416
47213 1416
47214 1416
47215 1416
47216 1416
47217 1416
47218 1416
47219 1416
47220 1416
47221 1416
47222 1416
47223 1416
47224 1416
47225 1416
47226 1416
47227 1416
47228 1416
47229 1416
47230 1416
47231 1416
47232 1416
47233 1416
47234 1417
47235 1417
47236 1417
47237 1417
47238 1417
47239 1417
47240 1417
47241 1417
47242 1417
47243 1417
47244 1417
47245 1417
47246 1417
47247 1417
47248 1417
47249 1417
47250 1417
47251 1417
47252 1417
47253 1417
47254 1417
47255 1417
47256 1417
47257 1417
47258 1417
47259 1417
47260 1417
47261 1417
47262 1417
47263 1417
47264 1417
47265 1417
47266 1417
47267 1418
47268 1418
47269 1418
47270 1418
47271 1418
47272 1418
47273 1418
47274 1418
47275 1418
47276 1418
47277 1418
47278 1418
47279 1418
47280 1418
47281 1418
47282 1418
47283 1418
47284 1418
47285 1418
47286 1418
47287 1418
47288 1418
47289 1418
47290 1418
47291 1418
47292 1418
47293 1418
47294 1418
47295 1418
47296 1418
47297 1418
47298 1418
47299 1418
47300 1419
47301 1419
47302 1419
47303 1419
47304 1419
47305 1419
47306 1419
47307 1419
47308 1419
47309 1419
47310 1419
47311 1419
47312 1419
47313 1419
47314 1419
47315 1419
47316 1419
47317 1419
47318 1419
47319 1419
47320 1419
47321 1419
47322 1419
47323 1419
47324 1419
47325 1419
47326 1419
47327 1419
47328 1419
47329 1419
47330 1419
47331 1419
47332 1419
47333 1419
47334 1420
47335 1420
47336 1420
47337 1420
47338 1420
47339 1420
47340 1420
47341 1420
47342 1420
47343 1420
47344 1420
47345 1420
47346 1420
47347 1420
47348 1420
47349 1420
47350 1420
47351 1420
47352 1420
47353 1420
47354 1420
47355 1420
47356 1420
47357 1420
47358 1420
47359 1420
47360 1420
47361 1420
47362 1420
47363 1420
47364 1420
47365 1420
47366 1420
47367 1421
47368 1421
47369 1421
47370 1421
47371 1421
47372 1421
47373 1421
47374 1421
47375 1421
47376 1421
47377 1421
47378 1421
47379 1421
47380 1421
47381 1421
47382 1421
47383 1421
47384 1421
47385 1421
47386 1421
47387 1421
47388 1421
47389 1421
47390 1421
47391 1421
47392 1421
47393 1421
47394 1421
47395 1421
47396 1421
47397 1421
47398 1421
47399 1421
47400 1422
47401 1422
47402 1422
47403 1422
47404 1422
47405 1422
47406 1422
47407 1422
47408 1422
47409 1422
47410 1422
47411 1422
47412 1422
47413 1422
47414 1422
47415 1422
47416 1422
47417 1422
47418 1422
47419 1422
47420 1422
47421 1422
47422 1422
47423 1422
47424 1422
47425 1422
47426 1422
47427 1422
47428 1422
47429 1422
47430 1422
47431 1422
47432 1422
47433 1422
47434 1423
47435 1423
47436 1423
47437 1423
47438 1423
47439 1423
47440 1423
47441 1423
47442 1423
47443 1423
47444 1423
47445 1423
47446 1423
47447 1423
47448 1423
47449 1423
47450 1423
47451 1423
47452 1423
47453 1423
47454 1423
47455 1423
47456 1423
47457 1423
47458 1423
47459 1423
47460 1423
47461 1423
47462 1423
47463 1423
47464 1423
47465 1423
47466 1423
47467 1424
47468 1424
47469 1424
47470 1424
47471 1424
47472 1424
47473 1424
47474 1424
47475 1424
47476 1424
47477 1424
47478 1424
47479 1424
47480 1424
47481 1424
47482 1424
47483 1424
47484 1424
47485 1424
47486 1424
47487 1424
47488 1424
47489 1424
47490 1424
47491 1424
47492 1424
47493 1424
47494 1424
47495 1424
47496 1424
47497 1424
47498 1424
47499 1424
47500 1425
47501 1425
47502 1425
47503 1425
47504 1425
47505 1425
47506 1425
47507 1425
47508 1425
47509 1425
47510 1425
47511 1425
47512 1425
47513 1425
47514 1425
47515 1425
47516 1425
47517 1425
47518 1425
47519 1425
47520 1425
47521 1425
47522 1425
47523 1425
47524 1425
47525 1425
47526 1425
47527 1425
47528 1425
47529 1425
47530 1425
47531 1425
47532 1425
47533 1425
47534 1426
47535 1426
47536 1426
47537 1426
47538 1426
47539 1426
47540 1426
47541 1426
47542 1426
47543 1426
47544 1426
47545 1426
47546 1426
47547 1426
47548 1426
47549 1426
47550 1426
47551 1426
47552 1426
47553 1426
47554 1426
47555 1426
47556 1426
47557 1426
47558 1426
47559 1426
47560 1426
47561 1426
47562 1426
47563 1426
47564 1426
47565 1426
47566 1426
47567 1427
47568 1427
47569 1427
47570 1427
47571 1427
47572 1427
47573 1427
47574 1427
47575 1427
47576 1427
47577 1427
47578 1427
47579 1427
47580 1427
47581 1427
47582 1427
47583 1427
47584 1427
47585 1427
47586 1427
47587 1427
47588 1427
47589 1427
47590 1427
47591 1427
47592 1427
47593 1427
47594 1427
47595 1427
47596 1427
47597 1427
47598 1427
47599 1427
47600 1428
47601 1428
47602 1428
47603 1428
47604 1428
47605 1428
47606 1428
47607 1428
47608 1428
47609 1428
47610 1428
47611 1428
47612 1428
47613 1428
47614 1428
47615 1428
47616 1428
47617 1428
47618 1428
47619 1428
47620 1428
47621 1428
47622 1428
47623 1428
47624 1428
47625 1428
47626 1428
47627 1428
47628 1428
47629 1428
47630 1428
47631 1428
47632 1428
47633 1428
47634 1429
47635 1429
47636 1429
47637 1429
47638 1429
47639 1429
47640 1429
47641 1429
47642 1429
47643 1429
47644 1429
47645 1429
47646 1429
47647 1429
47648 1429
47649 1429
47650 1429
47651 1429
47652 1429
47653 1429
47654 1429
47655 1429
47656 1429
47657 1429
47658 1429
47659 1429
47660 1429
47661 1429
47662 1429
47663 1429
47664 1429
47665 1429
47666 1429
47667 1430
47668 1430
47669 1430
47670 1430
47671 1430
47672 1430
47673 1430
47674 1430
47675 1430
47676 1430
47677 1430
47678 1430
47679 1430
47680 1430
47681 1430
47682 1430
47683 1430
47684 1430
47685 1430
47686 1430
47687 1430
47688 1430
47689 1430
47690 1430
47691 1430
47692 1430
47693 1430
47694 1430
47695 1430
47696 1430
47697 1430
47698 1430
47699 1430
47700 1431
47701 1431
47702 1431
47703 1431
47704 1431
47705 1431
47706 1431
47707 1431
47708 1431
47709 1431
47710 1431
47711 1431
47712 1431
47713 1431
47714 1431
47715 1431
47716 1431
47717 1431
47718 1431
47719 1431
47720 1431
47721 1431
47722 1431
47723 1431
47724 1431
47725 1431
47726 1431
47727 1431
47728 1431
47729 1431
47730 1431
47731 1431
47732 1431
47733 1431
47734 1432
47735 1432
47736 1432
47737 1432
47738 1432
47739 1432
47740 1432
47741 1432
47742 1432
47743 1432
47744 1432
47745 1432
47746 1432
47747 1432
47748 1432
47749 1432
47750 1432
47751 1432
47752 1432
47753 1432
47754 1432
47755 1432
47756 1432
47757 1432
47758 1432
47759 1432
47760 1432
47761 1432
47762 1432
47763 1432
47764 1432
47765 1432
47766 1432
47767 1433
47768 1433
47769 1433
47770 1433
47771 1433
47772 1433
47773 1433
47774 1433
47775 1433
47776 1433
47777 1433
47778 1433
47779 1433
47780 1433
47781 1433
47782 1433
47783 1433
47784 1433
47785 1433
47786 1433
47787 1433
47788 1433
47789 1433
47790 1433
47791 1433
47792 1433
47793 1433
47794 1433
47795 1433
47796 1433
47797 1433
47798 1433
47799 1433
47800 1434
47801 1434
47802 1434
47803 1434
47804 1434
47805 1434
47806 1434
47807 1434
47808 1434
47809 1434
47810 1434
47811 1434
47812 1434
47813 1434
47814 1434
47815 1434
47816 1434
47817 1434
47818 1434
47819 1434
47820 1434
47821 1434
47822 1434
47823 1434
47824 1434
47825 1434
47826 1434
47827 1434
47828 1434
47829 1434
47830 1434
47831 1434
47832 1434
47833 1434
47834 1435
47835 1435
47836 1435
47837 1435
47838 1435
47839 1435
47840 1435
47841 1435
47842 1435
47843 1435
47844 1435
47845 1435
47846 1435
47847 1435
47848 1435
47849 1435
47850 1435
47851 1435
47852 1435
47853 1435
47854 1435
47855 1435
47856 1435
47857 1435
47858 1435
47859 1435
47860 1435
47861 1435
47862 1435
47863 1435
47864 1435
47865 1435
47866 1435
47867 1436
47868 1436
47869 1436
47870 1436
47871 1436
47872 1436
47873 1436
47874 1436
47875 1436
47876 1436
47877 1436
47878 1436
47879 1436
47880 1436
47881 1436
47882 1436
47883 1436
47884 1436
47885 1436
47886 1436
47887 1436
47888 1436
47889 1436
47890 1436
47891 1436
47892 1436
47893 1436
47894 1436
47895 1436
47896 1436
47897 1436
47898 1436
47899 1436
47900 1437
47901 1437
47902 1437
47903 1437
47904 1437
47905 1437
47906 1437
47907 1437
47908 1437
47909 1437
47910 1437
47911 1437
47912 1437
47913 1437
47914 1437
47915 1437
47916 1437
47917 1437
47918 1437
47919 1437
47920 1437
47921 1437
47922 1437
47923 1437
47924 1437
47925 1437
47926 1437
47927 1437
47928 1437
47929 1437
47930 1437
47931 1437
47932 1437
47933 1437
47934 1438
47935 1438
47936 1438
47937 1438
47938 1438
47939 1438
47940 1438
47941 1438
47942 1438
47943 1438
47944 1438
47945 1438
47946 1438
47947 1438
47948 1438
47949 1438
47950 1438
47951 1438
47952 1438
47953 1438
47954 1438
47955 1438
47956 1438
47957 1438
47958 1438
47959 1438
47960 1438
47961 1438
47962 1438
47963 1438
47964 1438
47965 1438
47966 1438
47967 1439
47968 1439
47969 1439
47970 1439
47971 1439
47972 1439
47973 1439
47974 1439
47975 1439
47976 1439
47977 1439
47978 1439
47979 1439
47980 1439
47981 1439
47982 1439
47983 1439
47984 1439
47985 1439
47986 1439
47987 1439
47988 1439
47989 1439
47990 1439
47991 1439
47992 1439
47993 1439
47994 1439
47995 1439
47996 1439
47997 1439
47998 1439
47999 1439
48000 1440
48001 1440
48002 1440
48003 1440
48004 1440
48005 1440
48006 1440
48007 1440
48008 1440
48009 1440
48010 1440
48011 1440
48012 1440
48013 1440
48014 1440
48015 1440
48016 1440
48017 1440
48018 1440
48019 1440
48020 1440
48021 1440
48022 1440
48023 1440
48024 1440
48025 1440
48026 1440
48027 1440
48028 1440
48029 1440
48030 1440
48031 1440
48032 1440
48033 1440
48034 1441
48035 1441
48036 1441
48037 1441
48038 1441
48039 1441
48040 1441
48041 1441
48042 1441
48043 1441
48044 1441
48045 1441
48046 1441
48047 1441
48048 1441
48049 1441
48050 1441
48051 1441
48052 1441
48053 1441
48054 1441
48055 1441
48056 1441
48057 1441
48058 1441
48059 1441
48060 1441
48061 1441
48062 1441
48063 1441
48064 1441
48065 1441
48066 1441
48067 1442
48068 1442
48069 1442
48070 1442
48071 1442
48072 1442
48073 1442
48074 1442
48075 1442
48076 1442
48077 1442
48078 1442
48079 1442
48080 1442
48081 1442
48082 1442
48083 1442
48084 1442
48085 1442
48086 1442
48087 1442
48088 1442
48089 1442
48090 1442
48091 1442
48092 1442
48093 1442
48094 1442
48095 1442
48096 1442
48097 1442
48098 1442
48099 1442
48100 1443
48101 1443
48102 1443
48103 1443
48104 1443
48105 1443
48106 1443
48107 1443
48108 1443
48109 1443
48110 1443
48111 1443
48112 1443
48113 1443
48114 1443
48115 1443
48116 1443
48117 1443
48118 1443
48119 1443
48120 1443
48121 1443
48122 1443
48123 1443
48124 1443
48125 1443
48126 1443
48127 1443
48128 1443
48129 1443
48130 1443
48131 1443
48132 1443
48133 1443
48134 1444
48135 1444
48136 1444
48137 1444
48138 1444
48139 1444
48140 1444
48141 1444
48142 1444
48143 1444
48144 1444
48145 1444
48146 1444
48147 1444
48148 1444
48149 1444
48150 1444
48151 1444
48152 1444
48153 1444
48154 1444
48155 1444
48156 1444
48157 1444
48158 1444
48159 1444
48160 1444
48161 1444
48162 1444
48163 1444
48164 1444
48165 1444
48166 1444
48167 1445
48168 1445
48169 1445
48170 1445
48171 1445
48172 1445
48173 1445
48174 1445
48175 1445
48176 1445
48177 1445
48178 1445
48179 1445
48180 1445
48181 1445
48182 1445
48183 1445
48184 1445
48185 1445
48186 1445
48187 1445
48188 1445
48189 1445
48190 1445
48191 1445
48192 1445
48193 1445
48194 1445
48195 1445
48196 1445
48197 1445
48198 1445
48199 1445
48200 1446
48201 1446
48202 1446
48203 1446
48204 1446
48205 1446
48206 1446
48207 1446
48208 1446
48209 1446
48210 1446
48211 1446
48212 1446
48213 1446
48214 1446
48215 1446
48216 1446
48217 1446
48218 1446
48219 1446
48220 1446
48221 1446
48222 1446
48223 1446
48224 1446
48225 1446
48226 1446
48227 1446
48228 1446
48229 1446
48230 1446
48231 1446
48232 1446
48233 1446
48234 1447
48235 1447
48236 1447
48237 1447
48238 1447
48239 1447
48240 1447
48241 1447
48242 1447
48243 1447
48244 1447
48245 1447
48246 1447
48247 1447
48248 1447
48249 1447
48250 1447
48251 1447
48252 1447
48253 1447
48254 1447
48255 1447
48256 1447
48257 1447
48258 1447
48259 1447
48260 1447
48261 1447
48262 1447
48263 1447
48264 1447
48265 1447
48266 1447
48267 1448
48268 1448
48269 1448
48270 1448
48271 1448
48272 1448
48273 1448
48274 1448
48275 1448
48276 1448
48277 1448
48278 1448
48279 1448
48280 1448
48281 1448
48282 1448
48283 1448
48284 1448
48285 1448
48286 1448
48287 1448
48288 1448
48289 1448
48290 1448
48291 1448
48292 1448
48293 1448
48294 1448
48295 1448
48296 1448
48297 1448
48298 1448
48299 1448
48300 1449
48301 1449
48302 1449
48303 1449
48304 1449
48305 1449
48306 1449
48307 1449
48308 1449
48309 1449
48310 1449
48311 1449
48312 1449
48313 1449
48314 1449
48315 1449
48316 1449
48317 1449
48318 1449
48319 1449
48320 1449
48321 1449
48322 1449
48323 1449
48324 1449
48325 1449
48326 1449
48327 1449
48328 1449
48329 1449
48330 1449
48331 1449
48332 1449
48333 1449
48334 1450
48335 1450
48336 1450
48337 1450
48338 1450
48339 1450
48340 1450
48341 1450
48342 1450
48343 1450
48344 1450
48345 1450
48346 1450
48347 1450
48348 1450
48349 1450
48350 1450
48351 1450
48352 1450
48353 1450
48354 1450
48355 1450
48356 1450
48357 1450
48358 1450
48359 1450
48360 1450
48361 1450
48362 1450
48363 1450
48364 1450
48365 1450
48366 1450
48367 1451
48368 1451
48369 1451
48370 1451
48371 1451
48372 1451
48373 1451
48374 1451
48375 1451
48376 1451
48377 1451
48378 1451
48379 1451
48380 1451
48381 1451
48382 1451
48383 1451
48384 1451
48385 1451
48386 1451
48387 1451
48388 1451
48389 1451
48390 1451
48391 1451
48392 1451
48393 1451
48394 1451
48395 1451
48396 1451
48397 1451
48398 1451
48399 1451
48400 1452
48401 1452
48402 1452
48403 1452
48404 1452
48405 1452
48406 1452
48407 1452
48408 1452
48409 1452
48410 1452
48411 1452
48412 1452
48413 1452
48414 1452
48415 1452
48416 1452
48417 1452
48418 1452
48419 1452
48420 1452
48421 1452
48422 1452
48423 1452
48424 1452
48425 1452
48426 1452
48427 1452
48428 1452
48429 1452
48430 1452
48431 1452
48432 1452
48433 1452
48434 1453
48435 1453
48436 1453
48437 1453
48438 1453
48439 1453
48440 1453
48441 1453
48442 1453
48443 1453
48444 1453
48445 1453
48446 1453
48447 1453
48448 1453
48449 1453
48450 1453
48451 1453
48452 1453
48453 1453
48454 1453
48455 1453
48456 1453
48457 1453
48458 1453
48459 1453
48460 1453
48461 1453
48462 1453
48463 1453
48464 1453
48465 1453
48466 1453
48467 1454
48468 1454
48469 1454
48470 1454
48471 1454
48472 1454
48473 1454
48474 1454
48475 1454
48476 1454
48477 1454
48478 1454
48479 1454
48480 1454
48481 1454
48482 1454
48483 1454
48484 1454
48485 1454
48486 1454
48487 1454
48488 1454
48489 1454
48490 1454
48491 1454
48492 1454
48493 1454
48494 1454
48495 1454
48496 1454
48497 1454
48498 1454
48499 1454
48500 1455
48501 1455
48502 1455
48503 1455
48504 1455
48505 1455
48506 1455
48507 1455
48508 1455
48509 1455
48510 1455
48511 1455
48512 1455
48513 1455
48514 1455
48515 1455
48516 1455
48517 1455
48518 1455
48519 1455
48520 1455
48521 1455
48522 1455
48523 1455
48524 1455
48525 1455
48526 1455
48527 1455
48528 1455
48529 1455
48530 1455
48531 1455
48532 1455
48533 1455
48534 1456
48535 1456
48536 1456
48537 1456
48538 1456
48539 1456
48540 1456
48541 1456
48542 1456
48543 1456
48544 1456
48545 1456
48546 1456
48547 1456
48548 1456
48549 1456
48550 1456
48551 1456
48552 1456
48553 1456
48554 1456
48555 1456
48556 1456
48557 1456
48558 1456
48559 1456
48560 1456
48561 1456
48562 1456
48563 1456
48564 1456
48565 1456
48566 1456
48567 1457
48568 1457
48569 1457
48570 1457
48571 1457
48572 1457
48573 1457
48574 1457
48575 1457
48576 1457
48577 1457
48578 1457
48579 1457
48580 1457
48581 1457
48582 1457
48583 1457
48584 1457
48585 1457
48586 1457
48587 1457
48588 1457
48589 1457
48590 1457
48591 1457
48592 1457
48593 1457
48594 1457
48595 1457
48596 1457
48597 1457
48598 1457
48599 1457
48600 1458
48601 1458
48602 1458
48603 1458
48604 1458
48605 1458
48606 1458
48607 1458
48608 1458
48609 1458
48610 1458
48611 1458
48612 1458
48613 1458
48614 1458
48615 1458
48616 1458
48617 1458
48618 1458
48619 1458
48620 1458
48621 1458
48622 1458
48623 1458
48624 1458
48625 1458
48626 1458
48627 1458
48628 1458
48629 1458
48630 1458
48631 1458
48632 1458
48633 1458
48634 1459
48635 1459
48636 1459
48637 1459
48638 1459
48639 1459
48640 1459
48641 1459
48642 1459
48643 1459
48644 1459
48645 1459
48646 1459
48647 1459
48648 1459
48649 1459
48650 1459
48651 1459
48652 1459
48653 1459
48654 1459
48655 1459
48656 1459
48657 1459
48658 1459
48659 1459
48660 1459
48661 1459
48662 1459
48663 1459
48664 1459
48665 1459
48666 1459
48667 1460
48668 1460
48669 1460
48670 1460
48671 1460
48672 1460
48673 1460
48674 1460
48675 1460
48676 1460
48677 1460
48678 1460
48679 1460
48680 1460
48681 1460
48682 1460
48683 1460
48684 1460
48685 1460
48686 1460
48687 1460
48688 1460
48689 1460
48690 1460
48691 1460
48692 1460
48693 1460
48694 1460
48695 1460
48696 1460
48697 1460
48698 1460
48699 1460
48700 1461
48701 1461
48702 1461
48703 1461
48704 1461
48705 1461
48706 1461
48707 1461
48708 1461
48709 1461
48710 1461
48711 1461
48712 1461
48713 1461
48714 1461
48715 1461
48716 1461
48717 1461
48718 1461
48719 1461
48720 1461
48721 1461
48722 1461
48723 1461
48724 1461
48725 1461
48726 1461
48727 1461
48728 1461
48729 1461
48730 1461
48731 1461
48732 1461
48733 1461
48734 1462
48735 1462
48736 1462
48737 1462
48738 1462
48739 1462
48740 1462
48741 1462
48742 1462
48743 1462
48744 1462
48745 1462
48746 1462
48747 1462
48748 1462
48749 1462
48750 1462
48751 1462
48752 1462
48753 1462
48754 1462
48755 1462
48756 1462
48757 1462
48758 1462
48759 1462
48760 1462
48761 1462
48762 1462
48763 1462
48764 1462
48765 1462
48766 1462
48767 1463
48768 1463
48769 1463
48770 1463
48771 1463
48772 1463
48773 1463
48774 1463
48775 1463
48776 1463
48777 1463
48778 1463
48779 1463
48780 1463
48781 1463
48782 1463
48783 1463
48784 1463
48785 1463
48786 1463
48787 1463
48788 1463
48789 1463
48790 1463
48791 1463
48792 1463
48793 1463
48794 1463
48795 1463
48796 1463
48797 1463
48798 1463
48799 1463
48800 1464
48801 1464
48802 1464
48803 1464
48804 1464
48805 1464
48806 1464
48807 1464
48808 1464
48809 1464
48810 1464
48811 1464
48812 1464
48813 1464
48814 1464
48815 1464
48816 1464
48817 1464
48818 1464
48819 1464
48820 1464
48821 1464
48822 1464
48823 1464
48824 1464
48825 1464
48826 1464
48827 1464
48828 1464
48829 1464
48830 1464
48831 1464
48832 1464
48833 1464
48834 1465
48835 1465
48836 1465
48837 1465
48838 1465
48839 1465
48840 1465
48841 1465
48842 1465
48843 1465
48844 1465
48845 1465
48846 1465
48847 1465
48848 1465
48849 1465
48850 1465
48851 1465
48852 1465
48853 1465
48854 1465
48855 1465
48856 1465
48857 1465
48858 1465
48859 1465
48860 1465
48861 1465
48862 1465
48863 1465
48864 1465
48865 1465
48866 1465
48867 1466
48868 1466
48869 1466
48870 1466
48871 1466
48872 1466
48873 1466
48874 1466
48875 1466
48876 1466
48877 1466
48878 1466
48879 1466
48880 1466
48881 1466
48882 1466
48883 1466
48884 1466
48885 1466
48886 1466
48887 1466
48888 1466
48889 1466
48890 1466
48891 1466
48892 1466
48893 1466
48894 1466
48895 1466
48896 1466
48897 1466
48898 1466
48899 1466
48900 1467
48901 1467
48902 1467
48903 1467
48904 1467
48905 1467
48906 1467
48907 1467
48908 1467
48909 1467
48910 1467
48911 1467
48912 1467
48913 1467
48914 1467
48915 1467
48916 1467
48917 1467
48918 1467
48919 1467
48920 1467
48921 1467
48922 1467
48923 1467
48924 1467
48925 1467
48926 1467
48927 1467
48928 1467
48929 1467
48930 1467
48931 1467
48932 1467
48933 1467
48934 1468
48935 1468
48936 1468
48937 1468
48938 1468
48939 1468
48940 1468
48941 1468
48942 1468
48943 1468
48944 1468
48945 1468
48946 1468
48947 1468
48948 1468
48949 1468
48950 1468
48951 1468
48952 1468
48953 1468
48954 1468
48955 1468
48956 1468
48957 1468
48958 1468
48959 1468
48960 1468
48961 1468
48962 1468
48963 1468
48964 1468
48965 1468
48966 1468
48967 1469
48968 1469
48969 1469
48970 1469
48971 1469
48972 1469
48973 1469
48974 1469
48975 1469
48976 1469
48977 1469
48978 1469
48979 1469
48980 1469
48981 1469
48982 1469
48983 1469
48984 1469
48985 1469
48986 1469
48987 1469
48988 1469
48989 1469
48990 1469
48991 1469
48992 1469
48993 1469
48994 1469
48995 1469
48996 1469
48997 1469
48998 1469
48999 1469
49000 1470
49001 1470
49002 1470
49003 1470
49004 1470
49005 1470
49006 1470
49007 1470
49008 1470
49009 1470
49010 1470
49011 1470
49012 1470
49013 1470
49014 1470
49015 1470
49016 1470
49017 1470
49018 1470
49019 1470
49020 1470
49021 1470
49022 1470
49023 1470
49024 1470
49025 1470
49026 1470
49027 1470
49028 1470
49029 1470
49030 1470
49031 1470
49032 1470
49033 1470
49034 1471
49035 1471
49036 1471
49037 1471
49038 1471
49039 1471
49040 1471
49041 1471
49042 1471
49043 1471
49044 1471
49045 1471
49046 1471
49047 1471
49048 1471
49049 1471
49050 1471
49051 1471
49052 1471
49053 1471
49054 1471
49055 1471
49056 1471
49057 1471
49058 1471
49059 1471
49060 1471
49061 1471
49062 1471
49063 1471
49064 1471
49065 1471
49066 1471
49067 1472
49068 1472
49069 1472
49070 1472
49071 1472
49072 1472
49073 1472
49074 1472
49075 1472
49076 1472
49077 1472
49078 1472
49079 1472
49080 1472
49081 1472
49082 1472
49083 1472
49084 1472
49085 1472
49086 1472
49087 1472
49088 1472
49089 1472
49090 1472
49091 1472
49092 1472
49093 1472
49094 1472
49095 1472
49096 1472
49097 1472
49098 1472
49099 1472
49100 1473
49101 1473
49102 1473
49103 1473
49104 1473
49105 1473
49106 1473
49107 1473
49108 1473
49109 1473
49110 1473
49111 1473
49112 1473
49113 1473
49114 1473
49115 1473
49116 1473
49117 1473
49118 1473
49119 1473
49120 1473
49121 1473
49122 1473
49123 1473
49124 1473
49125 1473
49126 1473
49127 1473
49128 1473
49129 1473
49130 1473
49131 1473
49132 1473
49133 1473
49134 1474
49135 1474
49136 1474
49137 1474
49138 1474
49139 1474
49140 1474
49141 1474
49142 1474
49143 1474
49144 1474
49145 1474
49146 1474
49147 1474
49148 1474
49149 1474
49150 1474
49151 1474
49152 1474
49153 1474
49154 1474
49155 1474
49156 1474
49157 1474
49158 1474
49159 1474
49160 1474
49161 1474
49162 1474
49163 1474
49164 1474
49165 1474
49166 1474
49167 1475
49168 1475
49169 1475
49170 1475
49171 1475
49172 1475
49173 1475
49174 1475
49175 1475
49176 1475
49177 1475
49178 1475
49179 1475
49180 1475
49181 1475
49182 1475
49183 1475
49184 1475
49185 1475
49186 1475
49187 1475
49188 1475
49189 1475
49190 1475
49191 1475
49192 1475
49193 1475
49194 1475
49195 1475
49196 1475
49197 1475
49198 1475
49199 1475
49200 1476
49201 1476
49202 1476
49203 1476
49204 1476
49205 1476
49206 1476
49207 1476
49208 1476
49209 1476
49210 1476
49211 1476
49212 1476
49213 1476
49214 1476
49215 1476
49216 1476
49217 1476
49218 1476
49219 1476
49220 1476
49221 1476
49222 1476
49223 1476
49224 1476
49225 1476
49226 1476
49227 1476
49228 1476
49229 1476
49230 1476
49231 1476
49232 1476
49233 1476
49234 1477
49235 1477
49236 1477
49237 1477
49238 1477
49239 1477
49240 1477
49241 1477
49242 1477
49243 1477
49244 1477
49245 1477
49246 1477
49247 1477
49248 1477
49249 1477
49250 1477
49251 1477
49252 1477
49253 1477
49254 1477
49255 1477
49256 1477
49257 1477
49258 1477
49259 1477
49260 1477
49261 1477
49262 1477
49263 1477
49264 1477
49265 1477
49266 1477
49267 1478
49268 1478
49269 1478
49270 1478
49271 1478
49272 1478
49273 1478
49274 1478
49275 1478
49276 1478
49277 1478
49278 1478
49279 1478
49280 1478
49281 1478
49282 1478
49283 1478
49284 1478
49285 1478
49286 1478
49287 1478
49288 1478
49289 1478
49290 1478
49291 1478
49292 1478
49293 1478
49294 1478
49295 1478
49296 1478
49297 1478
49298 1478
49299 1478
49300 1479
49301 1479
49302 1479
49303 1479
49304 1479
49305 1479
49306 1479
49307 1479
49308 1479
49309 1479
49310 1479
49311 1479
49312 1479
49313 1479
49314 1479
49315 1479
49316 1479
49317 1479
49318 1479
49319 1479
49320 1479
49321 1479
49322 1479
49323 1479
49324 1479
49325 1479
49326 1479
49327 1479
49328 1479
49329 1479
49330 1479
49331 1479
49332 1479
49333 1479
49334 1480
49335 1480
49336 1480
49337 1480
49338 1480
49339 1480
49340 1480
49341 1480
49342 1480
49343 1480
49344 1480
49345 1480
49346 1480
49347 1480
49348 1480
49349 1480
49350 1480
49351 1480
49352 1480
49353 1480
49354 1480
49355 1480
49356 1480
49357 1480
49358 1480
49359 1480
49360 1480
49361 1480
49362 1480
49363 1480
49364 1480
49365 1480
49366 1480
49367 1481
49368 1481
49369 1481
49370 1481
49371 1481
49372 1481
49373 1481
49374 1481
49375 1481
49376 1481
49377 1481
49378 1481
49379 1481
49380 1481
49381 1481
49382 1481
49383 1481
49384 1481
49385 1481
49386 1481
49387 1481
49388 1481
49389 1481
49390 1481
49391 1481
49392 1481
49393 1481
49394 1481
49395 1481
49396 1481
49397 1481
49398 1481
49399 1481
49400 1482
49401 1482
49402 1482
49403 1482
49404 1482
49405 1482
49406 1482
49407 1482
49408 1482
49409 1482
49410 1482
49411 1482
49412 1482
49413 1482
49414 1482
49415 1482
49416 1482
49417 1482
49418 1482
49419 1482
49420 1482
49421 1482
49422 1482
49423 1482
49424 1482
49425 1482
49426 1482
49427 1482
49428 1482
49429 1482
49430 1482
49431 1482
49432 1482
49433 1482
49434 1483
49435 1483
49436 1483
49437 1483
49438 1483
49439 1483
49440 1483
49441 1483
49442 1483
49443 1483
49444 1483
49445 1483
49446 1483
49447 1483
49448 1483
49449 1483
49450 1483
49451 1483
49452 1483
49453 1483
49454 1483
49455 1483
49456 1483
49457 1483
49458 1483
49459 1483
49460 1483
49461 1483
49462 1483
49463 1483
49464 1483
49465 1483
49466 1483
49467 1484
49468 1484
49469 1484
49470 1484
49471 1484
49472 1484
49473 1484
49474 1484
49475 1484
49476 1484
49477 1484
49478 1484
49479 1484
49480 1484
49481 1484
49482 1484
49483 1484
49484 1484
49485 1484
49486 1484
49487 1484
49488 1484
49489 1484
49490 1484
49491 1484
49492 1484
49493 1484
49494 1484
49495 1484
49496 1484
49497 1484
49498 1484
49499 1484
49500 1485
49501 1485
49502 1485
49503 1485
49504 1485
49505 1485
49506 1485
49507 1485
49508 1485
49509 1485
49510 1485
49511 1485
49512 1485
49513 1485
49514 1485
49515 1485
49516 1485
49517 1485
49518 1485
49519 1485
49520 1485
49521 1485
49522 1485
49523 1485
49524 1485
49525 1485
49526 1485
49527 1485
49528 1485
49529 1485
49530 1485
49531 1485
49532 1485
49533 1485
49534 1486
49535 1486
49536 1486
49537 1486
49538 1486
49539 1486
49540 1486
49541 1486
49542 1486
49543 1486
49544 1486
49545 1486
49546 1486
49547 1486
49548 1486
49549 1486
49550 1486
49551 1486
49552 1486
49553 1486
49554 1486
49555 1486
49556 1486
49557 1486
49558 1486
49559 1486
49560 1486
49561 1486
49562 1486
49563 1486
49564 1486
49565 1486
49566 1486
49567 1487
49568 1487
49569 1487
49570 1487
49571 1487
49572 1487
49573 1487
49574 1487
49575 1487
49576 1487
49577 1487
49578 1487
49579 1487
49580 1487
49581 1487
49582 1487
49583 1487
49584 1487
49585 1487
49586 1487
49587 1487
49588 1487
49589 1487
49590 1487
49591 1487
49592 1487
49593 1487
49594 1487
49595 1487
49596 1487
49597 1487
49598 1487
49599 1487
49600 1488
49601 1488
49602 1488
49603 1488
49604 1488
49605 1488
49606 1488
49607 1488
49608 1488
49609 1488
49610 1488
49611 1488
49612 1488
49613 1488
49614 1488
49615 1488
49616 1488
49617 1488
49618 1488
49619 1488
49620 1488
49621 1488
49622 1488
49623 1488
49624 1488
49625 1488
49626 1488
49627 1488
49628 1488
49629 1488
49630 1488
49631 1488
49632 1488
49633 1488
49634 1489
49635 1489
49636 1489
49637 1489
49638 1489
49639 1489
49640 1489
49641 1489
49642 1489
49643 1489
49644 1489
49645 1489
49646 1489
49647 1489
49648 1489
49649 1489
49650 1489
49651 1489
49652 1489
49653 1489
49654 1489
49655 1489
49656 1489
49657 1489
49658 1489
49659 1489
49660 1489
49661 1489
49662 1489
49663 1489
49664 1489
49665 1489
49666 1489
49667 1490
49668 1490
49669 1490
49670 1490
49671 1490
49672 1490
49673 1490
49674 1490
49675 1490
49676 1490
49677 1490
49678 1490
49679 1490
49680 1490
49681 1490
49682 1490
49683 1490
49684 1490
49685 1490
49686 1490
49687 1490
49688 1490
49689 1490
49690 1490
49691 1490
49692 1490
49693 1490
49694 1490
49695 1490
49696 1490
49697 1490
49698 1490
49699 1490
49700 1491
49701 1491
49702 1491
49703 1491
49704 1491
49705 1491
49706 1491
49707 1491
49708 1491
49709 1491
49710 1491
49711 1491
49712 1491
49713 1491
49714 1491
49715 1491
49716 1491
49717 1491
49718 1491
49719 1491
49720 1491
49721 1491
49722 1491
49723 1491
49724 1491
49725 1491
49726 1491
49727 1491
49728 1491
49729 1491
49730 1491
49731 1491
49732 1491
49733 1491
49734 1492
49735 1492
49736 1492
49737 1492
49738 1492
49739 1492
49740 1492
49741 1492
49742 1492
49743 1492
49744 1492
49745 1492
49746 1492
49747 1492
49748 1492
49749 1492
49750 1492
49751 1492
49752 1492
49753 1492
49754 1492
49755 1492
49756 1492
49757 1492
49758 1492
49759 1492
49760 1492
49761 1492
49762 1492
49763 1492
49764 1492
49765 1492
49766 1492
49767 1493
49768 1493
49769 1493
49770 1493
49771 1493
49772 1493
49773 1493
49774 1493
49775 1493
49776 1493
49777 1493
49778 1493
49779 1493
49780 1493
49781 1493
49782 1493
49783 1493
49784 1493
49785 1493
49786 1493
49787 1493
49788 1493
49789 1493
49790 1493
49791 1493
49792 1493
49793 1493
49794 1493
49795 1493
49796 1493
49797 1493
49798 1493
49799 1493
49800 1494
49801 1494
49802 1494
49803 1494
49804 1494
49805 1494
49806 1494
49807 1494
49808 1494
49809 1494
49810 1494
49811 1494
49812 1494
49813 1494
49814 1494
49815 1494
49816 1494
49817 1494
49818 1494
49819 1494
49820 1494
49821 1494
49822 1494
49823 1494
49824 1494
49825 1494
49826 1494
49827 1494
49828 1494
49829 1494
49830 1494
49831 1494
49832 1494
49833 1494
49834 1495
49835 1495
49836 1495
49837 1495
49838 1495
49839 1495
49840 1495
49841 1495
49842 1495
49843 1495
49844 1495
49845 1495
49846 1495
49847 1495
49848 1495
49849 1495
49850 1495
49851 1495
49852 1495
49853 1495
49854 1495
49855 1495
49856 1495
49857 1495
49858 1495
49859 1495
49860 1495
49861 1495
49862 1495
49863 1495
49864 1495
49865 1495
49866 1495
49867 1496
49868 1496
49869 1496
49870 1496
49871 1496
49872 1496
49873 1496
49874 1496
49875 1496
49876 1496
49877 1496
49878 1496
49879 1496
49880 1496
49881 1496
49882 1496
49883 1496
49884 1496
49885 1496
49886 1496
49887 1496
49888 1496
49889 1496
49890 1496
49891 1496
49892 1496
49893 1496
49894 1496
49895 1496
49896 1496
49897 1496
49898 1496
49899 1496
49900 1497
49901 1497
49902 1497
49903 1497
49904 1497
49905 1497
49906 1497
49907 1497
49908 1497
49909 1497
49910 1497
49911 1497
49912 1497
49913 1497
49914 1497
49915 1497
49916 1497
49917 1497
49918 1497
49919 1497
49920 1497
49921 1497
49922 1497
49923 1497
49924 1497
49925 1497
49926 1497
49927 1497
49928 1497
49929 1497
49930 1497
49931 1497
49932 1497
49933 1497
49934 1498
49935 1498
49936 1498
49937 1498
49938 1498
49939 1498
49940 1498
49941 1498
49942 1498
49943 1498
49944 1498
49945 1498
49946 1498
49947 1498
49948 1498
49949 1498
49950 1498
49951 1498
49952 1498
49953 1498
49954 1498
49955 1498
49956 1498
49957 1498
49958 1498
49959 1498
49960 1498
49961 1498
49962 1498
49963 1498
49964 1498
49965 1498
49966 1498
49967 1499
49968 1499
49969 1499
49970 1499
49971 1499
49972 1499
49973 1499
49974 1499
49975 1499
49976 1499
49977 1499
49978 1499
49979 1499
49980 1499
49981 1499
49982 1499
49983 1499
49984 1499
49985 1499
49986 1499
49987 1499
49988 1499
49989 1499
49990 1499
49991 1499
49992 1499
49993 1499
49994 1499
49995 1499
49996 1499
49997 1499
49998 1499
49999 1499
Execution time: 3.636 ms
