Algorithm: K-Means Clustering
K: 10

Point assignments:
0 0
1 1
2 2
3 3
4 4
5 5
6 6
7 7
8 8
9 9
10 0
11 1
12 2
13 3
14 4
15 5
16 6
17 7
18 8
19 9
20 0
21 1
22 2
23 3
24 4
25 5
26 6
27 7
28 8
29 9
30 0
31 1
32 2
33 3
34 4
35 5
36 6
37 7
38 8
39 9
40 0
41 1
42 2
43 3
44 4
45 5
46 6
47 7
48 8
49 9
50 0
51 1
52 2
53 3
54 4
55 5
56 6
57 7
58 8
59 9
60 0
61 1
62 2
63 3
64 4
65 5
66 6
67 7
68 8
69 9
70 0
71 1
72 2
73 3
74 4
75 5
76 6
77 7
78 8
79 9
80 0
81 1
82 2
83 3
84 4
85 5
86 6
87 7
88 8
89 9
90 0
91 1
92 2
93 3
94 4
95 5
96 6
97 7
98 8
99 9
100 0
101 1
102 2
103 3
104 4
105 5
106 6
107 7
108 8
109 9
110 0
111 1
112 2
113 3
114 4
115 5
116 6
117 7
118 8
119 9
120 0
121 1
122 2
123 3
124 4
125 5
126 6
127 7
128 8
129 9
130 0
131 1
132 2
133 3
134 4
135 5
136 6
137 7
138 8
139 9
140 0
141 1
142 2
143 3
144 4
145 5
146 6
147 7
148 8
149 9
150 0
151 1
152 2
153 3
154 4
155 5
156 6
157 7
158 8
159 9
160 0
161 1
162 2
163 3
164 4
165 5
166 6
167 7
168 8
169 9
170 0
171 1
172 2
173 3
174 4
175 5
176 6
177 7
178 8
179 9
180 0
181 1
182 2
183 3
184 4
185 5
186 6
187 7
188 8
189 9
190 0
191 1
192 2
193 3
194 4
195 5
196 6
197 7
198 8
199 9
200 0
201 1
202 2
203 3
204 4
205 5
206 6
207 7
208 8
209 9
210 0
211 1
212 2
213 3
214 4
215 5
216 6
217 7
218 8
219 9
220 0
221 1
222 2
223 3
224 4
225 5
226 6
227 7
228 8
229 9
230 0
231 1
232 2
233 3
234 4
235 5
236 6
237 7
238 8
239 9
240 0
241 1
242 2
243 3
244 4
245 5
246 6
247 7
248 8
249 9
250 0
251 1
252 2
253 3
254 4
255 5
256 6
257 7
258 8
259 9
260 0
261 1
262 2
263 3
264 4
265 5
266 6
267 7
268 8
269 9
270 0
271 1
272 2
273 3
274 4
275 5
276 6
277 7
278 8
279 9
280 0
281 1
282 2
283 3
284 4
285 5
286 6
287 7
288 8
289 9
290 0
291 1
292 2
293 3
294 4
295 5
296 6
297 7
298 8
299 9
300 0
301 1
302 2
303 3
304 4
305 5
306 6
307 7
308 8
309 9
310 0
311 1
312 2
313 3
314 4
315 5
316 6
317 7
318 8
319 9
320 0
321 1
322 2
323 3
324 4
325 5
326 6
327 7
328 8
329 9
330 0
331 1
332 2
333 3
334 4
335 5
336 6
337 7
338 8
339 9
340 0
341 1
342 2
343 3
344 4
345 5
346 6
347 7
348 8
349 9
350 0
351 1
352 2
353 3
354 4
355 5
356 6
357 7
358 8
359 9
360 0
361 1
362 2
363 3
364 4
365 5
366 6
367 7
368 8
369 9
370 0
371 1
372 2
373 3
374 4
375 5
376 6
377 7
378 8
379 9
380 0
381 1
382 2
383 3
384 4
385 5
386 6
387 7
388 8
389 9
390 0
391 1
392 2
393 3
394 4
395 5
396 6
397 7
398 8
399 9
400 0
401 1
402 2
403 3
404 4
405 5
406 6
407 7
408 8
409 9
410 0
411 1
412 2
413 3
414 4
415 5
416 6
417 7
418 8
419 9
420 0
421 1
422 2
423 3
424 4
425 5
426 6
427 7
428 8
429 9
430 0
431 1
432 2
433 3
434 4
435 5
436 6
437 7
438 8
439 9
440 0
441 1
442 2
443 3
444 4
445 5
446 6
447 7
448 8
449 9
450 0
451 1
452 2
453 3
454 4
455 5
456 6
457 7
458 8
459 9
460 0
461 1
462 2
463 3
464 4
465 5
466 6
467 7
468 8
469 9
470 0
471 1
472 2
473 3
474 4
475 5
476 6
477 7
478 8
479 9
480 0
481 1
482 2
483 3
484 4
485 5
486 6
487 7
488 8
489 9
490 0
491 1
492 2
493 3
494 4
495 5
496 6
497 7
498 8
499 9
500 0
501 1
502 2
503 3
504 4
505 5
506 6
507 7
508 8
509 9
510 0
511 1
512 2
513 3
514 4
515 5
516 6
517 7
518 8
519 9
520 0
521 1
522 2
523 3
524 4
525 5
526 6
527 7
528 8
529 9
530 0
531 1
532 2
533 3
534 4
535 5
536 6
537 7
538 8
539 9
540 0
541 1
542 2
543 3
544 4
545 5
546 6
547 7
548 8
549 9
550 0
551 1
552 2
553 3
554 4
555 5
556 6
557 7
558 8
559 9
560 0
561 1
562 2
563 3
564 4
565 5
566 6
567 7
568 8
569 9
570 0
571 1
572 2
573 3
574 4
575 5
576 6
577 7
578 8
579 9
580 0
581 1
582 2
583 3
584 4
585 5
586 6
587 7
588 8
589 9
590 0
591 1
592 2
593 3
594 4
595 5
596 6
597 7
598 8
599 9
600 0
601 1
602 2
603 3
604 4
605 5
606 6
607 7
608 8
609 9
610 0
611 1
612 2
613 3
614 4
615 5
616 6
617 7
618 8
619 9
620 0
621 1
622 2
623 3
624 4
625 5
626 6
627 7
628 8
629 9
630 0
631 1
632 2
633 3
634 4
635 5
636 6
637 7
638 8
639 9
640 0
641 1
642 2
643 3
644 4
645 5
646 6
647 7
648 8
649 9
650 0
651 1
652 2
653 3
654 4
655 5
656 6
657 7
658 8
659 9
660 0
661 1
662 2
663 3
664 4
665 5
666 6
667 7
668 8
669 9
670 0
671 1
672 2
673 3
674 4
675 5
676 6
677 7
678 8
679 9
680 0
681 1
682 2
683 3
684 4
685 5
686 6
687 7
688 8
689 9
690 0
691 1
692 2
693 3
694 4
695 5
696 6
697 7
698 8
699 9
700 0
701 1
702 2
703 3
704 4
705 5
706 6
707 7
708 8
709 9
710 0
711 1
712 2
713 3
714 4
715 5
716 6
717 7
718 8
719 9
720 0
721 1
722 2
723 3
724 4
725 5
726 6
727 7
728 8
729 9
730 0
731 1
732 2
733 3
734 4
735 5
736 6
737 7
738 8
739 9
740 0
741 1
742 2
743 3
744 4
745 5
746 6
747 7
748 8
749 9
750 0
751 1
752 2
753 3
754 4
755 5
756 6
757 7
758 8
759 9
760 0
761 1
762 2
763 3
764 4
765 5
766 6
767 7
768 8
769 9
770 0
771 1
772 2
773 3
774 4
775 5
776 6
777 7
778 8
779 9
780 0
781 1
782 2
783 3
784 4
785 5
786 6
787 7
788 8
789 9
790 0
791 1
792 2
793 3
794 4
795 5
796 6
797 7
798 8
799 9
800 0
801 1
802 2
803 3
804 4
805 5
806 6
807 7
808 8
809 9
810 0
811 1
812 2
813 3
814 4
815 5
816 6
817 7
818 8
819 9
820 0
821 1
822 2
823 3
824 4
825 5
826 6
827 7
828 8
829 9
830 0
831 1
832 2
833 3
834 4
835 5
836 6
837 7
838 8
839 9
840 0
841 1
842 2
843 3
844 4
845 5
846 6
847 7
848 8
849 9
850 0
851 1
852 2
853 3
854 4
855 5
856 6
857 7
858 8
859 9
860 0
861 1
862 2
863 3
864 4
865 5
866 6
867 7
868 8
869 9
870 0
871 1
872 2
873 3
874 4
875 5
876 6
877 7
878 8
879 9
880 0
881 1
882 2
883 3
884 4
885 5
886 6
887 7
888 8
889 9
890 0
891 1
892 2
893 3
894 4
895 5
896 6
897 7
898 8
899 9
900 0
901 1
902 2
903 3
904 4
905 5
906 6
907 7
908 8
909 9
910 0
911 1
912 2
913 3
914 4
915 5
916 6
917 7
918 8
919 9
920 0
921 1
922 2
923 3
924 4
925 5
926 6
927 7
928 8
929 9
930 0
931 1
932 2
933 3
934 4
935 5
936 6
937 7
938 8
939 9
940 0
941 1
942 2
943 3
944 4
945 5
946 6
947 7
948 8
949 9
950 0
951 1
952 2
953 3
954 4
955 5
956 6
957 7
958 8
959 9
960 0
961 1
962 2
963 3
964 4
965 5
966 6
967 7
968 8
969 9
970 0
971 1
972 2
973 3
974 4
975 5
976 6
977 7
978 8
979 9
980 0
981 1
982 2
983 3
984 4
985 5
986 6
987 7
988 8
989 9
990 0
991 1
992 2
993 3
994 4
995 5
996 6
997 7
998 8
999 9
1000 0
1001 1
1002 2
1003 3
1004 4
1005 5
1006 6
1007 7
1008 8
1009 9
1010 0
1011 1
1012 2
1013 3
1014 4
1015 5
1016 6
1017 7
1018 8
1019 9
1020 0
1021 1
1022 2
1023 3
1024 4
1025 5
1026 6
1027 7
1028 8
1029 9
1030 0
1031 1
1032 2
1033 3
1034 4
1035 5
1036 6
1037 7
1038 8
1039 9
1040 0
1041 1
1042 2
1043 3
1044 4
1045 5
1046 6
1047 7
1048 8
1049 9
1050 0
1051 1
1052 2
1053 3
1054 4
1055 5
1056 6
1057 7
1058 8
1059 9
1060 0
1061 1
1062 2
1063 3
1064 4
1065 5
1066 6
1067 7
1068 8
1069 9
1070 0
1071 1
1072 2
1073 3
1074 4
1075 5
1076 6
1077 7
1078 8
1079 9
1080 0
1081 1
1082 2
1083 3
1084 4
1085 5
1086 6
1087 7
1088 8
1089 9
1090 0
1091 1
1092 2
1093 3
1094 4
1095 5
1096 6
1097 7
1098 8
1099 9
1100 0
1101 1
1102 2
1103 3
1104 4
1105 5
1106 6
1107 7
1108 8
1109 9
1110 0
1111 1
1112 2
1113 3
1114 4
1115 5
1116 6
1117 7
1118 8
1119 9
1120 0
1121 1
1122 2
1123 3
1124 4
1125 5
1126 6
1127 7
1128 8
1129 9
1130 0
1131 1
1132 2
1133 3
1134 4
1135 5
1136 6
1137 7
1138 8
1139 9
1140 0
1141 1
1142 2
1143 3
1144 4
1145 5
1146 6
1147 7
1148 8
1149 9
1150 0
1151 1
1152 2
1153 3
1154 4
1155 5
1156 6
1157 7
1158 8
1159 9
1160 0
1161 1
1162 2
1163 3
1164 4
1165 5
1166 6
1167 7
1168 8
1169 9
1170 0
1171 1
1172 2
1173 3
1174 4
1175 5
1176 6
1177 7
1178 8
1179 9
1180 0
1181 1
1182 2
1183 3
1184 4
1185 5
1186 6
1187 7
1188 8
1189 9
1190 0
1191 1
1192 2
1193 3
1194 4
1195 5
1196 6
1197 7
1198 8
1199 9
1200 0
1201 1
1202 2
1203 3
1204 4
1205 5
1206 6
1207 7
1208 8
1209 9
1210 0
1211 1
1212 2
1213 3
1214 4
1215 5
1216 6
1217 7
1218 8
1219 9
1220 0
1221 1
1222 2
1223 3
1224 4
1225 5
1226 6
1227 7
1228 8
1229 9
1230 0
1231 1
1232 2
1233 3
1234 4
1235 5
1236 6
1237 7
1238 8
1239 9
1240 0
1241 1
1242 2
1243 3
1244 4
1245 5
1246 6
1247 7
1248 8
1249 9
1250 0
1251 1
1252 2
1253 3
1254 4
1255 5
1256 6
1257 7
1258 8
1259 9
1260 0
1261 1
1262 2
1263 3
1264 4
1265 5
1266 6
1267 7
1268 8
1269 9
1270 0
1271 1
1272 2
1273 3
1274 4
1275 5
1276 6
1277 7
1278 8
1279 9
1280 0
1281 1
1282 2
1283 3
1284 4
1285 5
1286 6
1287 7
1288 8
1289 9
1290 0
1291 1
1292 2
1293 3
1294 4
1295 5
1296 6
1297 7
1298 8
1299 9
1300 0
1301 1
1302 2
1303 3
1304 4
1305 5
1306 6
1307 7
1308 8
1309 9
1310 0
1311 1
1312 2
1313 3
1314 4
1315 5
1316 6
1317 7
1318 8
1319 9
1320 0
1321 1
1322 2
1323 3
1324 4
1325 5
1326 6
1327 7
1328 8
1329 9
1330 0
1331 1
1332 2
1333 3
1334 4
1335 5
1336 6
1337 7
1338 8
1339 9
1340 0
1341 1
1342 2
1343 3
1344 4
1345 5
1346 6
1347 7
1348 8
1349 9
1350 0
1351 1
1352 2
1353 3
1354 4
1355 5
1356 6
1357 7
1358 8
1359 9
1360 0
1361 1
1362 2
1363 3
1364 4
1365 5
1366 6
1367 7
1368 8
1369 9
1370 0
1371 1
1372 2
1373 3
1374 4
1375 5
1376 6
1377 7
1378 8
1379 9
1380 0
1381 1
1382 2
1383 3
1384 4
1385 5
1386 6
1387 7
1388 8
1389 9
1390 0
1391 1
1392 2
1393 3
1394 4
1395 5
1396 6
1397 7
1398 8
1399 9
1400 0
1401 1
1402 2
1403 3
1404 4
1405 5
1406 6
1407 7
1408 8
1409 9
1410 0
1411 1
1412 2
1413 3
1414 4
1415 5
1416 6
1417 7
1418 8
1419 9
1420 0
1421 1
1422 2
1423 3
1424 4
1425 5
1426 6
1427 7
1428 8
1429 9
1430 0
1431 1
1432 2
1433 3
1434 4
1435 5
1436 6
1437 7
1438 8
1439 9
1440 0
1441 1
1442 2
1443 3
1444 4
1445 5
1446 6
1447 7
1448 8
1449 9
1450 0
1451 1
1452 2
1453 3
1454 4
1455 5
1456 6
1457 7
1458 8
1459 9
1460 0
1461 1
1462 2
1463 3
1464 4
1465 5
1466 6
1467 7
1468 8
1469 9
1470 0
1471 1
1472 2
1473 3
1474 4
1475 5
1476 6
1477 7
1478 8
1479 9
1480 0
1481 1
1482 2
1483 3
1484 4
1485 5
1486 6
1487 7
1488 8
1489 9
1490 0
1491 1
1492 2
1493 3
1494 4
1495 5
1496 6
1497 7
1498 8
1499 9
1500 0
1501 1
1502 2
1503 3
1504 4
1505 5
1506 6
1507 7
1508 8
1509 9
1510 0
1511 1
1512 2
1513 3
1514 4
1515 5
1516 6
1517 7
1518 8
1519 9
1520 0
1521 1
1522 2
1523 3
1524 4
1525 5
1526 6
1527 7
1528 8
1529 9
1530 0
1531 1
1532 2
1533 3
1534 4
1535 5
1536 6
1537 7
1538 8
1539 9
1540 0
1541 1
1542 2
1543 3
1544 4
1545 5
1546 6
1547 7
1548 8
1549 9
1550 0
1551 1
1552 2
1553 3
1554 4
1555 5
1556 6
1557 7
1558 8
1559 9
1560 0
1561 1
1562 2
1563 3
1564 4
1565 5
1566 6
1567 7
1568 8
1569 9
1570 0
1571 1
1572 2
1573 3
1574 4
1575 5
1576 6
1577 7
1578 8
1579 9
1580 0
1581 1
1582 2
1583 3
1584 4
1585 5
1586 6
1587 7
1588 8
1589 9
1590 0
1591 1
1592 2
1593 3
1594 4
1595 5
1596 6
1597 7
1598 8
1599 9
1600 0
1601 1
1602 2
1603 3
1604 4
1605 5
1606 6
1607 7
1608 8
1609 9
1610 0
1611 1
1612 2
1613 3
1614 4
1615 5
1616 6
1617 7
1618 8
1619 9
1620 0
1621 1
1622 2
1623 3
1624 4
1625 5
1626 6
1627 7
1628 8
1629 9
1630 0
1631 1
1632 2
1633 3
1634 4
1635 5
1636 6
1637 7
1638 8
1639 9
1640 0
1641 1
1642 2
1643 3
1644 4
1645 5
1646 6
1647 7
1648 8
1649 9
1650 0
1651 1
1652 2
1653 3
1654 4
1655 5
1656 6
1657 7
1658 8
1659 9
1660 0
1661 1
1662 2
1663 3
1664 4
1665 5
1666 6
1667 7
1668 8
1669 9
1670 0
1671 1
1672 2
1673 3
1674 4
1675 5
1676 6
1677 7
1678 8
1679 9
1680 0
1681 1
1682 2
1683 3
1684 4
1685 5
1686 6
1687 7
1688 8
1689 9
1690 0
1691 1
1692 2
1693 3
1694 4
1695 5
1696 6
1697 7
1698 8
1699 9
1700 0
1701 1
1702 2
1703 3
1704 4
1705 5
1706 6
1707 7
1708 8
1709 9
1710 0
1711 1
1712 2
1713 3
1714 4
1715 5
1716 6
1717 7
1718 8
1719 9
1720 0
1721 1
1722 2
1723 3
1724 4
1725 5
1726 6
1727 7
1728 8
1729 9
1730 0
1731 1
1732 2
1733 3
1734 4
1735 5
1736 6
1737 7
1738 8
1739 9
1740 0
1741 1
1742 2
1743 3
1744 4
1745 5
1746 6
1747 7
1748 8
1749 9
1750 0
1751 1
1752 2
1753 3
1754 4
1755 5
1756 6
1757 7
1758 8
1759 9
1760 0
1761 1
1762 2
1763 3
1764 4
1765 5
1766 6
1767 7
1768 8
1769 9
1770 0
1771 1
1772 2
1773 3
1774 4
1775 5
1776 6
1777 7
1778 8
1779 9
1780 0
1781 1
1782 2
1783 3
1784 4
1785 5
1786 6
1787 7
1788 8
1789 9
1790 0
1791 1
1792 2
1793 3
1794 4
1795 5
1796 6
1797 7
1798 8
1799 9
1800 0
1801 1
1802 2
1803 3
1804 4
1805 5
1806 6
1807 7
1808 8
1809 9
1810 0
1811 1
1812 2
1813 3
1814 4
1815 5
1816 6
1817 7
1818 8
1819 9
1820 0
1821 1
1822 2
1823 3
1824 4
1825 5
1826 6
1827 7
1828 8
1829 9
1830 0
1831 1
1832 2
1833 3
1834 4
1835 5
1836 6
1837 7
1838 8
1839 9
1840 0
1841 1
1842 2
1843 3
1844 4
1845 5
1846 6
1847 7
1848 8
1849 9
1850 0
1851 1
1852 2
1853 3
1854 4
1855 5
1856 6
1857 7
1858 8
1859 9
1860 0
1861 1
1862 2
1863 3
1864 4
1865 5
1866 6
1867 7
1868 8
1869 9
1870 0
1871 1
1872 2
1873 3
1874 4
1875 5
1876 6
1877 7
1878 8
1879 9
1880 0
1881 1
1882 2
1883 3
1884 4
1885 5
1886 6
1887 7
1888 8
1889 9
1890 0
1891 1
1892 2
1893 3
1894 4
1895 5
1896 6
1897 7
1898 8
1899 9
1900 0
1901 1
1902 2
1903 3
1904 4
1905 5
1906 6
1907 7
1908 8
1909 9
1910 0
1911 1
1912 2
1913 3
1914 4
1915 5
1916 6
1917 7
1918 8
1919 9
1920 0
1921 1
1922 2
1923 3
1924 4
1925 5
1926 6
1927 7
1928 8
1929 9
1930 0
1931 1
1932 2
1933 3
1934 4
1935 5
1936 6
1937 7
1938 8
1939 9
1940 0
1941 1
1942 2
1943 3
1944 4
1945 5
1946 6
1947 7
1948 8
1949 9
1950 0
1951 1
1952 2
1953 3
1954 4
1955 5
1956 6
1957 7
1958 8
1959 9
1960 0
1961 1
1962 2
1963 3
1964 4
1965 5
1966 6
1967 7
1968 8
1969 9
1970 0
1971 1
1972 2
1973 3
1974 4
1975 5
1976 6
1977 7
1978 8
1979 9
1980 0
1981 1
1982 2
1983 3
1984 4
1985 5
1986 6
1987 7
1988 8
1989 9
1990 0
1991 1
1992 2
1993 3
1994 4
1995 5
1996 6
1997 7
1998 8
1999 9
2000 0
2001 1
2002 2
2003 3
2004 4
2005 5
2006 6
2007 7
2008 8
2009 9
2010 0
2011 1
2012 2
2013 3
2014 4
2015 5
2016 6
2017 7
2018 8
2019 9
2020 0
2021 1
2022 2
2023 3
2024 4
2025 5
2026 6
2027 7
2028 8
2029 9
2030 0
2031 1
2032 2
2033 3
2034 4
2035 5
2036 6
2037 7
2038 8
2039 9
2040 0
2041 1
2042 2
2043 3
2044 4
2045 5
2046 6
2047 7
2048 8
2049 9
2050 0
2051 1
2052 2
2053 3
2054 4
2055 5
2056 6
2057 7
2058 8
2059 9
2060 0
2061 1
2062 2
2063 3
2064 4
2065 5
2066 6
2067 7
2068 8
2069 9
2070 0
2071 1
2072 2
2073 3
2074 4
2075 5
2076 6
2077 7
2078 8
2079 9
2080 0
2081 1
2082 2
2083 3
2084 4
2085 5
2086 6
2087 7
2088 8
2089 9
2090 0
2091 1
2092 2
2093 3
2094 4
2095 5
2096 6
2097 7
2098 8
2099 9
2100 0
2101 1
2102 2
2103 3
2104 4
2105 5
2106 6
2107 7
2108 8
2109 9
2110 0
2111 1
2112 2
2113 3
2114 4
2115 5
2116 6
2117 7
2118 8
2119 9
2120 0
2121 1
2122 2
2123 3
2124 4
2125 5
2126 6
2127 7
2128 8
2129 9
2130 0
2131 1
2132 2
2133 3
2134 4
2135 5
2136 6
2137 7
2138 8
2139 9
2140 0
2141 1
2142 2
2143 3
2144 4
2145 5
2146 6
2147 7
2148 8
2149 9
2150 0
2151 1
2152 2
2153 3
2154 4
2155 5
2156 6
2157 7
2158 8
2159 9
2160 0
2161 1
2162 2
2163 3
2164 4
2165 5
2166 6
2167 7
2168 8
2169 9
2170 0
2171 1
2172 2
2173 3
2174 4
2175 5
2176 6
2177 7
2178 8
2179 9
2180 0
2181 1
2182 2
2183 3
2184 4
2185 5
2186 6
2187 7
2188 8
2189 9
2190 0
2191 1
2192 2
2193 3
2194 4
2195 5
2196 6
2197 7
2198 8
2199 9
2200 0
2201 1
2202 2
2203 3
2204 4
2205 5
2206 6
2207 7
2208 8
2209 9
2210 0
2211 1
2212 2
2213 3
2214 4
2215 5
2216 6
2217 7
2218 8
2219 9
2220 0
2221 1
2222 2
2223 3
2224 4
2225 5
2226 6
2227 7
2228 8
2229 9
2230 0
2231 1
2232 2
2233 3
2234 4
2235 5
2236 6
2237 7
2238 8
2239 9
2240 0
2241 1
2242 2
2243 3
2244 4
2245 5
2246 6
2247 7
2248 8
2249 9
2250 0
2251 1
2252 2
2253 3
2254 4
2255 5
2256 6
2257 7
2258 8
2259 9
2260 0
2261 1
2262 2
2263 3
2264 4
2265 5
2266 6
2267 7
2268 8
2269 9
2270 0
2271 1
2272 2
2273 3
2274 4
2275 5
2276 6
2277 7
2278 8
2279 9
2280 0
2281 1
2282 2
2283 3
2284 4
2285 5
2286 6
2287 7
2288 8
2289 9
2290 0
2291 1
2292 2
2293 3
2294 4
2295 5
2296 6
2297 7
2298 8
2299 9
2300 0
2301 1
2302 2
2303 3
2304 4
2305 5
2306 6
2307 7
2308 8
2309 9
2310 0
2311 1
2312 2
2313 3
2314 4
2315 5
2316 6
2317 7
2318 8
2319 9
2320 0
2321 1
2322 2
2323 3
2324 4
2325 5
2326 6
2327 7
2328 8
2329 9
2330 0
2331 1
2332 2
2333 3
2334 4
2335 5
2336 6
2337 7
2338 8
2339 9
2340 0
2341 1
2342 2
2343 3
2344 4
2345 5
2346 6
2347 7
2348 8
2349 9
2350 0
2351 1
2352 2
2353 3
2354 4
2355 5
2356 6
2357 7
2358 8
2359 9
2360 0
2361 1
2362 2
2363 3
2364 4
2365 5
2366 6
2367 7
2368 8
2369 9
2370 0
2371 1
2372 2
2373 3
2374 4
2375 5
2376 6
2377 7
2378 8
2379 9
2380 0
2381 1
2382 2
2383 3
2384 4
2385 5
2386 6
2387 7
2388 8
2389 9
2390 0
2391 1
2392 2
2393 3
2394 4
2395 5
2396 6
2397 7
2398 8
2399 9
2400 0
2401 1
2402 2
2403 3
2404 4
2405 5
2406 6
2407 7
2408 8
2409 9
2410 0
2411 1
2412 2
2413 3
2414 4
2415 5
2416 6
2417 7
2418 8
2419 9
2420 0
2421 1
2422 2
2423 3
2424 4
2425 5
2426 6
2427 7
2428 8
2429 9
2430 0
2431 1
2432 2
2433 3
2434 4
2435 5
2436 6
2437 7
2438 8
2439 9
2440 0
2441 1
2442 2
2443 3
2444 4
2445 5
2446 6
2447 7
2448 8
2449 9
2450 0
2451 1
2452 2
2453 3
2454 4
2455 5
2456 6
2457 7
2458 8
2459 9
2460 0
2461 1
2462 2
2463 3
2464 4
2465 5
2466 6
2467 7
2468 8
2469 9
2470 0
2471 1
2472 2
2473 3
2474 4
2475 5
2476 6
2477 7
2478 8
2479 9
2480 0
2481 1
2482 2
2483 3
2484 4
2485 5
2486 6
2487 7
2488 8
2489 9
2490 0
2491 1
2492 2
2493 3
2494 4
2495 5
2496 6
2497 7
2498 8
2499 9
2500 0
2501 1
2502 2
2503 3
2504 4
2505 5
2506 6
2507 7
2508 8
2509 9
2510 0
2511 1
2512 2
2513 3
2514 4
2515 5
2516 6
2517 7
2518 8
2519 9
2520 0
2521 1
2522 2
2523 3
2524 4
2525 5
2526 6
2527 7
2528 8
2529 9
2530 0
2531 1
2532 2
2533 3
2534 4
2535 5
2536 6
2537 7
2538 8
2539 9
2540 0
2541 1
2542 2
2543 3
2544 4
2545 5
2546 6
2547 7
2548 8
2549 9
2550 0
2551 1
2552 2
2553 3
2554 4
2555 5
2556 6
2557 7
2558 8
2559 9
2560 0
2561 1
2562 2
2563 3
2564 4
2565 5
2566 6
2567 7
2568 8
2569 9
2570 0
2571 1
2572 2
2573 3
2574 4
2575 5
2576 6
2577 7
2578 8
2579 9
2580 0
2581 1
2582 2
2583 3
2584 4
2585 5
2586 6
2587 7
2588 8
2589 9
2590 0
2591 1
2592 2
2593 3
2594 4
2595 5
2596 6
2597 7
2598 8
2599 9
2600 0
2601 1
2602 2
2603 3
2604 4
2605 5
2606 6
2607 7
2608 8
2609 9
2610 0
2611 1
2612 2
2613 3
2614 4
2615 5
2616 6
2617 7
2618 8
2619 9
2620 0
2621 1
2622 2
2623 3
2624 4
2625 5
2626 6
2627 7
2628 8
2629 9
2630 0
2631 1
2632 2
2633 3
2634 4
2635 5
2636 6
2637 7
2638 8
2639 9
2640 0
2641 1
2642 2
2643 3
2644 4
2645 5
2646 6
2647 7
2648 8
2649 9
2650 0
2651 1
2652 2
2653 3
2654 4
2655 5
2656 6
2657 7
2658 8
2659 9
2660 0
2661 1
2662 2
2663 3
2664 4
2665 5
2666 6
2667 7
2668 8
2669 9
2670 0
2671 1
2672 2
2673 3
2674 4
2675 5
2676 6
2677 7
2678 8
2679 9
2680 0
2681 1
2682 2
2683 3
2684 4
2685 5
2686 6
2687 7
2688 8
2689 9
2690 0
2691 1
2692 2
2693 3
2694 4
2695 5
2696 6
2697 7
2698 8
2699 9
2700 0
2701 1
2702 2
2703 3
2704 4
2705 5
2706 6
2707 7
2708 8
2709 9
2710 0
2711 1
2712 2
2713 3
2714 4
2715 5
2716 6
2717 7
2718 8
2719 9
2720 0
2721 1
2722 2
2723 3
2724 4
2725 5
2726 6
2727 7
2728 8
2729 9
2730 0
2731 1
2732 2
2733 3
2734 4
2735 5
2736 6
2737 7
2738 8
2739 9
2740 0
2741 1
2742 2
2743 3
2744 4
2745 5
2746 6
2747 7
2748 8
2749 9
2750 0
2751 1
2752 2
2753 3
2754 4
2755 5
2756 6
2757 7
2758 8
2759 9
2760 0
2761 1
2762 2
2763 3
2764 4
2765 5
2766 6
2767 7
2768 8
2769 9
2770 0
2771 1
2772 2
2773 3
2774 4
2775 5
2776 6
2777 7
2778 8
2779 9
2780 0
2781 1
2782 2
2783 3
2784 4
2785 5
2786 6
2787 7
2788 8
2789 9
2790 0
2791 1
2792 2
2793 3
2794 4
2795 5
2796 6
2797 7
2798 8
2799 9
2800 0
2801 1
2802 2
2803 3
2804 4
2805 5
2806 6
2807 7
2808 8
2809 9
2810 0
2811 1
2812 2
2813 3
2814 4
2815 5
2816 6
2817 7
2818 8
2819 9
2820 0
2821 1
2822 2
2823 3
2824 4
2825 5
2826 6
2827 7
2828 8
2829 9
2830 0
2831 1
2832 2
2833 3
2834 4
2835 5
2836 6
2837 7
2838 8
2839 9
2840 0
2841 1
2842 2
2843 3
2844 4
2845 5
2846 6
2847 7
2848 8
2849 9
2850 0
2851 1
2852 2
2853 3
2854 4
2855 5
2856 6
2857 7
2858 8
2859 9
2860 0
2861 1
2862 2
2863 3
2864 4
2865 5
2866 6
2867 7
2868 8
2869 9
2870 0
2871 1
2872 2
2873 3
2874 4
2875 5
2876 6
2877 7
2878 8
2879 9
2880 0
2881 1
2882 2
2883 3
2884 4
2885 5
2886 6
2887 7
2888 8
2889 9
2890 0
2891 1
2892 2
2893 3
2894 4
2895 5
2896 6
2897 7
2898 8
2899 9
2900 0
2901 1
2902 2
2903 3
2904 4
2905 5
2906 6
2907 7
2908 8
2909 9
2910 0
2911 1
2912 2
2913 3
2914 4
2915 5
2916 6
2917 7
2918 8
2919 9
2920 0
2921 1
2922 2
2923 3
2924 4
2925 5
2926 6
2927 7
2928 8
2929 9
2930 0
2931 1
2932 2
2933 3
2934 4
2935 5
2936 6
2937 7
2938 8
2939 9
2940 0
2941 1
2942 2
2943 3
2944 4
2945 5
2946 6
2947 7
2948 8
2949 9
2950 0
2951 1
2952 2
2953 3
2954 4
2955 5
2956 6
2957 7
2958 8
2959 9
2960 0
2961 1
2962 2
2963 3
2964 4
2965 5
2966 6
2967 7
2968 8
2969 9
2970 0
2971 1
2972 2
2973 3
2974 4
2975 5
2976 6
2977 7
2978 8
2979 9
2980 0
2981 1
2982 2
2983 3
2984 4
2985 5
2986 6
2987 7
2988 8
2989 9
2990 0
2991 1
2992 2
2993 3
2994 4
2995 5
2996 6
2997 7
2998 8
2999 9
3000 0
3001 1
3002 2
3003 3
3004 4
3005 5
3006 6
3007 7
3008 8
3009 9
3010 0
3011 1
3012 2
3013 3
3014 4
3015 5
3016 6
3017 7
3018 8
3019 9
3020 0
3021 1
3022 2
3023 3
3024 4
3025 5
3026 6
3027 7
3028 8
3029 9
3030 0
3031 1
3032 2
3033 3
3034 4
3035 5
3036 6
3037 7
3038 8
3039 9
3040 0
3041 1
3042 2
3043 3
3044 4
3045 5
3046 6
3047 7
3048 8
3049 9
3050 0
3051 1
3052 2
3053 3
3054 4
3055 5
3056 6
3057 7
3058 8
3059 9
3060 0
3061 1
3062 2
3063 3
3064 4
3065 5
3066 6
3067 7
3068 8
3069 9
3070 0
3071 1
3072 2
3073 3
3074 4
3075 5
3076 6
3077 7
3078 8
3079 9
3080 0
3081 1
3082 2
3083 3
3084 4
3085 5
3086 6
3087 7
3088 8
3089 9
3090 0
3091 1
3092 2
3093 3
3094 4
3095 5
3096 6
3097 7
3098 8
3099 9
3100 0
3101 1
3102 2
3103 3
3104 4
3105 5
3106 6
3107 7
3108 8
3109 9
3110 0
3111 1
3112 2
3113 3
3114 4
3115 5
3116 6
3117 7
3118 8
3119 9
3120 0
3121 1
3122 2
3123 3
3124 4
3125 5
3126 6
3127 7
3128 8
3129 9
3130 0
3131 1
3132 2
3133 3
3134 4
3135 5
3136 6
3137 7
3138 8
3139 9
3140 0
3141 1
3142 2
3143 3
3144 4
3145 5
3146 6
3147 7
3148 8
3149 9
3150 0
3151 1
3152 2
3153 3
3154 4
3155 5
3156 6
3157 7
3158 8
3159 9
3160 0
3161 1
3162 2
3163 3
3164 4
3165 5
3166 6
3167 7
3168 8
3169 9
3170 0
3171 1
3172 2
3173 3
3174 4
3175 5
3176 6
3177 7
3178 8
3179 9
3180 0
3181 1
3182 2
3183 3
3184 4
3185 5
3186 6
3187 7
3188 8
3189 9
3190 0
3191 1
3192 2
3193 3
3194 4
3195 5
3196 6
3197 7
3198 8
3199 9
3200 0
3201 1
3202 2
3203 3
3204 4
3205 5
3206 6
3207 7
3208 8
3209 9
3210 0
3211 1
3212 2
3213 3
3214 4
3215 5
3216 6
3217 7
3218 8
3219 9
3220 0
3221 1
3222 2
3223 3
3224 4
3225 5
3226 6
3227 7
3228 8
3229 9
3230 0
3231 1
3232 2
3233 3
3234 4
3235 5
3236 6
3237 7
3238 8
3239 9
3240 0
3241 1
3242 2
3243 3
3244 4
3245 5
3246 6
3247 7
3248 8
3249 9
3250 0
3251 1
3252 2
3253 3
3254 4
3255 5
3256 6
3257 7
3258 8
3259 9
3260 0
3261 1
3262 2
3263 3
3264 4
3265 5
3266 6
3267 7
3268 8
3269 9
3270 0
3271 1
3272 2
3273 3
3274 4
3275 5
3276 6
3277 7
3278 8
3279 9
3280 0
3281 1
3282 2
3283 3
3284 4
3285 5
3286 6
3287 7
3288 8
3289 9
3290 0
3291 1
3292 2
3293 3
3294 4
3295 5
3296 6
3297 7
3298 8
3299 9
3300 0
3301 1
3302 2
3303 3
3304 4
3305 5
3306 6
3307 7
3308 8
3309 9
3310 0
3311 1
3312 2
3313 3
3314 4
3315 5
3316 6
3317 7
3318 8
3319 9
3320 0
3321 1
3322 2
3323 3
3324 4
3325 5
3326 6
3327 7
3328 8
3329 9
3330 0
3331 1
3332 2
3333 3
3334 4
3335 5
3336 6
3337 7
3338 8
3339 9
3340 0
3341 1
3342 2
3343 3
3344 4
3345 5
3346 6
3347 7
3348 8
3349 9
3350 0
3351 1
3352 2
3353 3
3354 4
3355 5
3356 6
3357 7
3358 8
3359 9
3360 0
3361 1
3362 2
3363 3
3364 4
3365 5
3366 6
3367 7
3368 8
3369 9
3370 0
3371 1
3372 2
3373 3
3374 4
3375 5
3376 6
3377 7
3378 8
3379 9
3380 0
3381 1
3382 2
3383 3
3384 4
3385 5
3386 6
3387 7
3388 8
3389 9
3390 0
3391 1
3392 2
3393 3
3394 4
3395 5
3396 6
3397 7
3398 8
3399 9
3400 0
3401 1
3402 2
3403 3
3404 4
3405 5
3406 6
3407 7
3408 8
3409 9
3410 0
3411 1
3412 2
3413 3
3414 4
3415 5
3416 6
3417 7
3418 8
3419 9
3420 0
3421 1
3422 2
3423 3
3424 4
3425 5
3426 6
3427 7
3428 8
3429 9
3430 0
3431 1
3432 2
3433 3
3434 4
3435 5
3436 6
3437 7
3438 8
3439 9
3440 0
3441 1
3442 2
3443 3
3444 4
3445 5
3446 6
3447 7
3448 8
3449 9
3450 0
3451 1
3452 2
3453 3
3454 4
3455 5
3456 6
3457 7
3458 8
3459 9
3460 0
3461 1
3462 2
3463 3
3464 4
3465 5
3466 6
3467 7
3468 8
3469 9
3470 0
3471 1
3472 2
3473 3
3474 4
3475 5
3476 6
3477 7
3478 8
3479 9
3480 0
3481 1
3482 2
3483 3
3484 4
3485 5
3486 6
3487 7
3488 8
3489 9
3490 0
3491 1
3492 2
3493 3
3494 4
3495 5
3496 6
3497 7
3498 8
3499 9
3500 0
3501 1
3502 2
3503 3
3504 4
3505 5
3506 6
3507 7
3508 8
3509 9
3510 0
3511 1
3512 2
3513 3
3514 4
3515 5
3516 6
3517 7
3518 8
3519 9
3520 0
3521 1
3522 2
3523 3
3524 4
3525 5
3526 6
3527 7
3528 8
3529 9
3530 0
3531 1
3532 2
3533 3
3534 4
3535 5
3536 6
3537 7
3538 8
3539 9
3540 0
3541 1
3542 2
3543 3
3544 4
3545 5
3546 6
3547 7
3548 8
3549 9
3550 0
3551 1
3552 2
3553 3
3554 4
3555 5
3556 6
3557 7
3558 8
3559 9
3560 0
3561 1
3562 2
3563 3
3564 4
3565 5
3566 6
3567 7
3568 8
3569 9
3570 0
3571 1
3572 2
3573 3
3574 4
3575 5
3576 6
3577 7
3578 8
3579 9
3580 0
3581 1
3582 2
3583 3
3584 4
3585 5
3586 6
3587 7
3588 8
3589 9
3590 0
3591 1
3592 2
3593 3
3594 4
3595 5
3596 6
3597 7
3598 8
3599 9
3600 0
3601 1
3602 2
3603 3
3604 4
3605 5
3606 6
3607 7
3608 8
3609 9
3610 0
3611 1
3612 2
3613 3
3614 4
3615 5
3616 6
3617 7
3618 8
3619 9
3620 0
3621 1
3622 2
3623 3
3624 4
3625 5
3626 6
3627 7
3628 8
3629 9
3630 0
3631 1
3632 2
3633 3
3634 4
3635 5
3636 6
3637 7
3638 8
3639 9
3640 0
3641 1
3642 2
3643 3
3644 4
3645 5
3646 6
3647 7
3648 8
3649 9
3650 0
3651 1
3652 2
3653 3
3654 4
3655 5
3656 6
3657 7
3658 8
3659 9
3660 0
3661 1
3662 2
3663 3
3664 4
3665 5
3666 6
3667 7
3668 8
3669 9
3670 0
3671 1
3672 2
3673 3
3674 4
3675 5
3676 6
3677 7
3678 8
3679 9
3680 0
3681 1
3682 2
3683 3
3684 4
3685 5
3686 6
3687 7
3688 8
3689 9
3690 0
3691 1
3692 2
3693 3
3694 4
3695 5
3696 6
3697 7
3698 8
3699 9
3700 0
3701 1
3702 2
3703 3
3704 4
3705 5
3706 6
3707 7
3708 8
3709 9
3710 0
3711 1
3712 2
3713 3
3714 4
3715 5
3716 6
3717 7
3718 8
3719 9
3720 0
3721 1
3722 2
3723 3
3724 4
3725 5
3726 6
3727 7
3728 8
3729 9
3730 0
3731 1
3732 2
3733 3
3734 4
3735 5
3736 6
3737 7
3738 8
3739 9
3740 0
3741 1
3742 2
3743 3
3744 4
3745 5
3746 6
3747 7
3748 8
3749 9
3750 0
3751 1
3752 2
3753 3
3754 4
3755 5
3756 6
3757 7
3758 8
3759 9
3760 0
3761 1
3762 2
3763 3
3764 4
3765 5
3766 6
3767 7
3768 8
3769 9
3770 0
3771 1
3772 2
3773 3
3774 4
3775 5
3776 6
3777 7
3778 8
3779 9
3780 0
3781 1
3782 2
3783 3
3784 4
3785 5
3786 6
3787 7
3788 8
3789 9
3790 0
3791 1
3792 2
3793 3
3794 4
3795 5
3796 6
3797 7
3798 8
3799 9
3800 0
3801 1
3802 2
3803 3
3804 4
3805 5
3806 6
3807 7
3808 8
3809 9
3810 0
3811 1
3812 2
3813 3
3814 4
3815 5
3816 6
3817 7
3818 8
3819 9
3820 0
3821 1
3822 2
3823 3
3824 4
3825 5
3826 6
3827 7
3828 8
3829 9
3830 0
3831 1
3832 2
3833 3
3834 4
3835 5
3836 6
3837 7
3838 8
3839 9
3840 0
3841 1
3842 2
3843 3
3844 4
3845 5
3846 6
3847 7
3848 8
3849 9
3850 0
3851 1
3852 2
3853 3
3854 4
3855 5
3856 6
3857 7
3858 8
3859 9
3860 0
3861 1
3862 2
3863 3
3864 4
3865 5
3866 6
3867 7
3868 8
3869 9
3870 0
3871 1
3872 2
3873 3
3874 4
3875 5
3876 6
3877 7
3878 8
3879 9
3880 0
3881 1
3882 2
3883 3
3884 4
3885 5
3886 6
3887 7
3888 8
3889 9
3890 0
3891 1
3892 2
3893 3
3894 4
3895 5
3896 6
3897 7
3898 8
3899 9
3900 0
3901 1
3902 2
3903 3
3904 4
3905 5
3906 6
3907 7
3908 8
3909 9
3910 0
3911 1
3912 2
3913 3
3914 4
3915 5
3916 6
3917 7
3918 8
3919 9
3920 0
3921 1
3922 2
3923 3
3924 4
3925 5
3926 6
3927 7
3928 8
3929 9
3930 0
3931 1
3932 2
3933 3
3934 4
3935 5
3936 6
3937 7
3938 8
3939 9
3940 0
3941 1
3942 2
3943 3
3944 4
3945 5
3946 6
3947 7
3948 8
3949 9
3950 0
3951 1
3952 2
3953 3
3954 4
3955 5
3956 6
3957 7
3958 8
3959 9
3960 0
3961 1
3962 2
3963 3
3964 4
3965 5
3966 6
3967 7
3968 8
3969 9
3970 0
3971 1
3972 2
3973 3
3974 4
3975 5
3976 6
3977 7
3978 8
3979 9
3980 0
3981 1
3982 2
3983 3
3984 4
3985 5
3986 6
3987 7
3988 8
3989 9
3990 0
3991 1
3992 2
3993 3
3994 4
3995 5
3996 6
3997 7
3998 8
3999 9
4000 0
4001 1
4002 2
4003 3
4004 4
4005 5
4006 6
4007 7
4008 8
4009 9
4010 0
4011 1
4012 2
4013 3
4014 4
4015 5
4016 6
4017 7
4018 8
4019 9
4020 0
4021 1
4022 2
4023 3
4024 4
4025 5
4026 6
4027 7
4028 8
4029 9
4030 0
4031 1
4032 2
4033 3
4034 4
4035 5
4036 6
4037 7
4038 8
4039 9
4040 0
4041 1
4042 2
4043 3
4044 4
4045 5
4046 6
4047 7
4048 8
4049 9
4050 0
4051 1
4052 2
4053 3
4054 4
4055 5
4056 6
4057 7
4058 8
4059 9
4060 0
4061 1
4062 2
4063 3
4064 4
4065 5
4066 6
4067 7
4068 8
4069 9
4070 0
4071 1
4072 2
4073 3
4074 4
4075 5
4076 6
4077 7
4078 8
4079 9
4080 0
4081 1
4082 2
4083 3
4084 4
4085 5
4086 6
4087 7
4088 8
4089 9
4090 0
4091 1
4092 2
4093 3
4094 4
4095 5
4096 6
4097 7
4098 8
4099 9
4100 0
4101 1
4102 2
4103 3
4104 4
4105 5
4106 6
4107 7
4108 8
4109 9
4110 0
4111 1
4112 2
4113 3
4114 4
4115 5
4116 6
4117 7
4118 8
4119 9
4120 0
4121 1
4122 2
4123 3
4124 4
4125 5
4126 6
4127 7
4128 8
4129 9
4130 0
4131 1
4132 2
4133 3
4134 4
4135 5
4136 6
4137 7
4138 8
4139 9
4140 0
4141 1
4142 2
4143 3
4144 4
4145 5
4146 6
4147 7
4148 8
4149 9
4150 0
4151 1
4152 2
4153 3
4154 4
4155 5
4156 6
4157 7
4158 8
4159 9
4160 0
4161 1
4162 2
4163 3
4164 4
4165 5
4166 6
4167 7
4168 8
4169 9
4170 0
4171 1
4172 2
4173 3
4174 4
4175 5
4176 6
4177 7
4178 8
4179 9
4180 0
4181 1
4182 2
4183 3
4184 4
4185 5
4186 6
4187 7
4188 8
4189 9
4190 0
4191 1
4192 2
4193 3
4194 4
4195 5
4196 6
4197 7
4198 8
4199 9
4200 0
4201 1
4202 2
4203 3
4204 4
4205 5
4206 6
4207 7
4208 8
4209 9
4210 0
4211 1
4212 2
4213 3
4214 4
4215 5
4216 6
4217 7
4218 8
4219 9
4220 0
4221 1
4222 2
4223 3
4224 4
4225 5
4226 6
4227 7
4228 8
4229 9
4230 0
4231 1
4232 2
4233 3
4234 4
4235 5
4236 6
4237 7
4238 8
4239 9
4240 0
4241 1
4242 2
4243 3
4244 4
4245 5
4246 6
4247 7
4248 8
4249 9
4250 0
4251 1
4252 2
4253 3
4254 4
4255 5
4256 6
4257 7
4258 8
4259 9
4260 0
4261 1
4262 2
4263 3
4264 4
4265 5
4266 6
4267 7
4268 8
4269 9
4270 0
4271 1
4272 2
4273 3
4274 4
4275 5
4276 6
4277 7
4278 8
4279 9
4280 0
4281 1
4282 2
4283 3
4284 4
4285 5
4286 6
4287 7
4288 8
4289 9
4290 0
4291 1
4292 2
4293 3
4294 4
4295 5
4296 6
4297 7
4298 8
4299 9
4300 0
4301 1
4302 2
4303 3
4304 4
4305 5
4306 6
4307 7
4308 8
4309 9
4310 0
4311 1
4312 2
4313 3
4314 4
4315 5
4316 6
4317 7
4318 8
4319 9
4320 0
4321 1
4322 2
4323 3
4324 4
4325 5
4326 6
4327 7
4328 8
4329 9
4330 0
4331 1
4332 2
4333 3
4334 4
4335 5
4336 6
4337 7
4338 8
4339 9
4340 0
4341 1
4342 2
4343 3
4344 4
4345 5
4346 6
4347 7
4348 8
4349 9
4350 0
4351 1
4352 2
4353 3
4354 4
4355 5
4356 6
4357 7
4358 8
4359 9
4360 0
4361 1
4362 2
4363 3
4364 4
4365 5
4366 6
4367 7
4368 8
4369 9
4370 0
4371 1
4372 2
4373 3
4374 4
4375 5
4376 6
4377 7
4378 8
4379 9
4380 0
4381 1
4382 2
4383 3
4384 4
4385 5
4386 6
4387 7
4388 8
4389 9
4390 0
4391 1
4392 2
4393 3
4394 4
4395 5
4396 6
4397 7
4398 8
4399 9
4400 0
4401 1
4402 2
4403 3
4404 4
4405 5
4406 6
4407 7
4408 8
4409 9
4410 0
4411 1
4412 2
4413 3
4414 4
4415 5
4416 6
4417 7
4418 8
4419 9
4420 0
4421 1
4422 2
4423 3
4424 4
4425 5
4426 6
4427 7
4428 8
4429 9
4430 0
4431 1
4432 2
4433 3
4434 4
4435 5
4436 6
4437 7
4438 8
4439 9
4440 0
4441 1
4442 2
4443 3
4444 4
4445 5
4446 6
4447 7
4448 8
4449 9
4450 0
4451 1
4452 2
4453 3
4454 4
4455 5
4456 6
4457 7
4458 8
4459 9
4460 0
4461 1
4462 2
4463 3
4464 4
4465 5
4466 6
4467 7
4468 8
4469 9
4470 0
4471 1
4472 2
4473 3
4474 4
4475 5
4476 6
4477 7
4478 8
4479 9
4480 0
4481 1
4482 2
4483 3
4484 4
4485 5
4486 6
4487 7
4488 8
4489 9
4490 0
4491 1
4492 2
4493 3
4494 4
4495 5
4496 6
4497 7
4498 8
4499 9
4500 0
4501 1
4502 2
4503 3
4504 4
4505 5
4506 6
4507 7
4508 8
4509 9
4510 0
4511 1
4512 2
4513 3
4514 4
4515 5
4516 6
4517 7
4518 8
4519 9
4520 0
4521 1
4522 2
4523 3
4524 4
4525 5
4526 6
4527 7
4528 8
4529 9
4530 0
4531 1
4532 2
4533 3
4534 4
4535 5
4536 6
4537 7
4538 8
4539 9
4540 0
4541 1
4542 2
4543 3
4544 4
4545 5
4546 6
4547 7
4548 8
4549 9
4550 0
4551 1
4552 2
4553 3
4554 4
4555 5
4556 6
4557 7
4558 8
4559 9
4560 0
4561 1
4562 2
4563 3
4564 4
4565 5
4566 6
4567 7
4568 8
4569 9
4570 0
4571 1
4572 2
4573 3
4574 4
4575 5
4576 6
4577 7
4578 8
4579 9
4580 0
4581 1
4582 2
4583 3
4584 4
4585 5
4586 6
4587 7
4588 8
4589 9
4590 0
4591 1
4592 2
4593 3
4594 4
4595 5
4596 6
4597 7
4598 8
4599 9
4600 0
4601 1
4602 2
4603 3
4604 4
4605 5
4606 6
4607 7
4608 8
4609 9
4610 0
4611 1
4612 2
4613 3
4614 4
4615 5
4616 6
4617 7
4618 8
4619 9
4620 0
4621 1
4622 2
4623 3
4624 4
4625 5
4626 6
4627 7
4628 8
4629 9
4630 0
4631 1
4632 2
4633 3
4634 4
4635 5
4636 6
4637 7
4638 8
4639 9
4640 0
4641 1
4642 2
4643 3
4644 4
4645 5
4646 6
4647 7
4648 8
4649 9
4650 0
4651 1
4652 2
4653 3
4654 4
4655 5
4656 6
4657 7
4658 8
4659 9
4660 0
4661 1
4662 2
4663 3
4664 4
4665 5
4666 6
4667 7
4668 8
4669 9
4670 0
4671 1
4672 2
4673 3
4674 4
4675 5
4676 6
4677 7
4678 8
4679 9
4680 0
4681 1
4682 2
4683 3
4684 4
4685 5
4686 6
4687 7
4688 8
4689 9
4690 0
4691 1
4692 2
4693 3
4694 4
4695 5
4696 6
4697 7
4698 8
4699 9
4700 0
4701 1
4702 2
4703 3
4704 4
4705 5
4706 6
4707 7
4708 8
4709 9
4710 0
4711 1
4712 2
4713 3
4714 4
4715 5
4716 6
4717 7
4718 8
4719 9
4720 0
4721 1
4722 2
4723 3
4724 4
4725 5
4726 6
4727 7
4728 8
4729 9
4730 0
4731 1
4732 2
4733 3
4734 4
4735 5
4736 6
4737 7
4738 8
4739 9
4740 0
4741 1
4742 2
4743 3
4744 4
4745 5
4746 6
4747 7
4748 8
4749 9
4750 0
4751 1
4752 2
4753 3
4754 4
4755 5
4756 6
4757 7
4758 8
4759 9
4760 0
4761 1
4762 2
4763 3
4764 4
4765 5
4766 6
4767 7
4768 8
4769 9
4770 0
4771 1
4772 2
4773 3
4774 4
4775 5
4776 6
4777 7
4778 8
4779 9
4780 0
4781 1
4782 2
4783 3
4784 4
4785 5
4786 6
4787 7
4788 8
4789 9
4790 0
4791 1
4792 2
4793 3
4794 4
4795 5
4796 6
4797 7
4798 8
4799 9
4800 0
4801 1
4802 2
4803 3
4804 4
4805 5
4806 6
4807 7
4808 8
4809 9
4810 0
4811 1
4812 2
4813 3
4814 4
4815 5
4816 6
4817 7
4818 8
4819 9
4820 0
4821 1
4822 2
4823 3
4824 4
4825 5
4826 6
4827 7
4828 8
4829 9
4830 0
4831 1
4832 2
4833 3
4834 4
4835 5
4836 6
4837 7
4838 8
4839 9
4840 0
4841 1
4842 2
4843 3
4844 4
4845 5
4846 6
4847 7
4848 8
4849 9
4850 0
4851 1
4852 2
4853 3
4854 4
4855 5
4856 6
4857 7
4858 8
4859 9
4860 0
4861 1
4862 2
4863 3
4864 4
4865 5
4866 6
4867 7
4868 8
4869 9
4870 0
4871 1
4872 2
4873 3
4874 4
4875 5
4876 6
4877 7
4878 8
4879 9
4880 0
4881 1
4882 2
4883 3
4884 4
4885 5
4886 6
4887 7
4888 8
4889 9
4890 0
4891 1
4892 2
4893 3
4894 4
4895 5
4896 6
4897 7
4898 8
4899 9
4900 0
4901 1
4902 2
4903 3
4904 4
4905 5
4906 6
4907 7
4908 8
4909 9
4910 0
4911 1
4912 2
4913 3
4914 4
4915 5
4916 6
4917 7
4918 8
4919 9
4920 0
4921 1
4922 2
4923 3
4924 4
4925 5
4926 6
4927 7
4928 8
4929 9
4930 0
4931 1
4932 2
4933 3
4934 4
4935 5
4936 6
4937 7
4938 8
4939 9
4940 0
4941 1
4942 2
4943 3
4944 4
4945 5
4946 6
4947 7
4948 8
4949 9
4950 0
4951 1
4952 2
4953 3
4954 4
4955 5
4956 6
4957 7
4958 8
4959 9
4960 0
4961 1
4962 2
4963 3
4964 4
4965 5
4966 6
4967 7
4968 8
4969 9
4970 0
4971 1
4972 2
4973 3
4974 4
4975 5
4976 6
4977 7
4978 8
4979 9
4980 0
4981 1
4982 2
4983 3
4984 4
4985 5
4986 6
4987 7
4988 8
4989 9
4990 0
4991 1
4992 2
4993 3
4994 4
4995 5
4996 6
4997 7
4998 8
4999 9
5000 0
5001 1
5002 2
5003 3
5004 4
5005 5
5006 6
5007 7
5008 8
5009 9
5010 0
5011 1
5012 2
5013 3
5014 4
5015 5
5016 6
5017 7
5018 8
5019 9
5020 0
5021 1
5022 2
5023 3
5024 4
5025 5
5026 6
5027 7
5028 8
5029 9
5030 0
5031 1
5032 2
5033 3
5034 4
5035 5
5036 6
5037 7
5038 8
5039 9
5040 0
5041 1
5042 2
5043 3
5044 4
5045 5
5046 6
5047 7
5048 8
5049 9
5050 0
5051 1
5052 2
5053 3
5054 4
5055 5
5056 6
5057 7
5058 8
5059 9
5060 0
5061 1
5062 2
5063 3
5064 4
5065 5
5066 6
5067 7
5068 8
5069 9
5070 0
5071 1
5072 2
5073 3
5074 4
5075 5
5076 6
5077 7
5078 8
5079 9
5080 0
5081 1
5082 2
5083 3
5084 4
5085 5
5086 6
5087 7
5088 8
5089 9
5090 0
5091 1
5092 2
5093 3
5094 4
5095 5
5096 6
5097 7
5098 8
5099 9
5100 0
5101 1
5102 2
5103 3
5104 4
5105 5
5106 6
5107 7
5108 8
5109 9
5110 0
5111 1
5112 2
5113 3
5114 4
5115 5
5116 6
5117 7
5118 8
5119 9
5120 0
5121 1
5122 2
5123 3
5124 4
5125 5
5126 6
5127 7
5128 8
5129 9
5130 0
5131 1
5132 2
5133 3
5134 4
5135 5
5136 6
5137 7
5138 8
5139 9
5140 0
5141 1
5142 2
5143 3
5144 4
5145 5
5146 6
5147 7
5148 8
5149 9
5150 0
5151 1
5152 2
5153 3
5154 4
5155 5
5156 6
5157 7
5158 8
5159 9
5160 0
5161 1
5162 2
5163 3
5164 4
5165 5
5166 6
5167 7
5168 8
5169 9
5170 0
5171 1
5172 2
5173 3
5174 4
5175 5
5176 6
5177 7
5178 8
5179 9
5180 0
5181 1
5182 2
5183 3
5184 4
5185 5
5186 6
5187 7
5188 8
5189 9
5190 0
5191 1
5192 2
5193 3
5194 4
5195 5
5196 6
5197 7
5198 8
5199 9
5200 0
5201 1
5202 2
5203 3
5204 4
5205 5
5206 6
5207 7
5208 8
5209 9
5210 0
5211 1
5212 2
5213 3
5214 4
5215 5
5216 6
5217 7
5218 8
5219 9
5220 0
5221 1
5222 2
5223 3
5224 4
5225 5
5226 6
5227 7
5228 8
5229 9
5230 0
5231 1
5232 2
5233 3
5234 4
5235 5
5236 6
5237 7
5238 8
5239 9
5240 0
5241 1
5242 2
5243 3
5244 4
5245 5
5246 6
5247 7
5248 8
5249 9
5250 0
5251 1
5252 2
5253 3
5254 4
5255 5
5256 6
5257 7
5258 8
5259 9
5260 0
5261 1
5262 2
5263 3
5264 4
5265 5
5266 6
5267 7
5268 8
5269 9
5270 0
5271 1
5272 2
5273 3
5274 4
5275 5
5276 6
5277 7
5278 8
5279 9
5280 0
5281 1
5282 2
5283 3
5284 4
5285 5
5286 6
5287 7
5288 8
5289 9
5290 0
5291 1
5292 2
5293 3
5294 4
5295 5
5296 6
5297 7
5298 8
5299 9
5300 0
5301 1
5302 2
5303 3
5304 4
5305 5
5306 6
5307 7
5308 8
5309 9
5310 0
5311 1
5312 2
5313 3
5314 4
5315 5
5316 6
5317 7
5318 8
5319 9
5320 0
5321 1
5322 2
5323 3
5324 4
5325 5
5326 6
5327 7
5328 8
5329 9
5330 0
5331 1
5332 2
5333 3
5334 4
5335 5
5336 6
5337 7
5338 8
5339 9
5340 0
5341 1
5342 2
5343 3
5344 4
5345 5
5346 6
5347 7
5348 8
5349 9
5350 0
5351 1
5352 2
5353 3
5354 4
5355 5
5356 6
5357 7
5358 8
5359 9
5360 0
5361 1
5362 2
5363 3
5364 4
5365 5
5366 6
5367 7
5368 8
5369 9
5370 0
5371 1
5372 2
5373 3
5374 4
5375 5
5376 6
5377 7
5378 8
5379 9
5380 0
5381 1
5382 2
5383 3
5384 4
5385 5
5386 6
5387 7
5388 8
5389 9
5390 0
5391 1
5392 2
5393 3
5394 4
5395 5
5396 6
5397 7
5398 8
5399 9
5400 0
5401 1
5402 2
5403 3
5404 4
5405 5
5406 6
5407 7
5408 8
5409 9
5410 0
5411 1
5412 2
5413 3
5414 4
5415 5
5416 6
5417 7
5418 8
5419 9
5420 0
5421 1
5422 2
5423 3
5424 4
5425 5
5426 6
5427 7
5428 8
5429 9
5430 0
5431 1
5432 2
5433 3
5434 4
5435 5
5436 6
5437 7
5438 8
5439 9
5440 0
5441 1
5442 2
5443 3
5444 4
5445 5
5446 6
5447 7
5448 8
5449 9
5450 0
5451 1
5452 2
5453 3
5454 4
5455 5
5456 6
5457 7
5458 8
5459 9
5460 0
5461 1
5462 2
5463 3
5464 4
5465 5
5466 6
5467 7
5468 8
5469 9
5470 0
5471 1
5472 2
5473 3
5474 4
5475 5
5476 6
5477 7
5478 8
5479 9
5480 0
5481 1
5482 2
5483 3
5484 4
5485 5
5486 6
5487 7
5488 8
5489 9
5490 0
5491 1
5492 2
5493 3
5494 4
5495 5
5496 6
5497 7
5498 8
5499 9
5500 0
5501 1
5502 2
5503 3
5504 4
5505 5
5506 6
5507 7
5508 8
5509 9
5510 0
5511 1
5512 2
5513 3
5514 4
5515 5
5516 6
5517 7
5518 8
5519 9
5520 0
5521 1
5522 2
5523 3
5524 4
5525 5
5526 6
5527 7
5528 8
5529 9
5530 0
5531 1
5532 2
5533 3
5534 4
5535 5
5536 6
5537 7
5538 8
5539 9
5540 0
5541 1
5542 2
5543 3
5544 4
5545 5
5546 6
5547 7
5548 8
5549 9
5550 0
5551 1
5552 2
5553 3
5554 4
5555 5
5556 6
5557 7
5558 8
5559 9
5560 0
5561 1
5562 2
5563 3
5564 4
5565 5
5566 6
5567 7
5568 8
5569 9
5570 0
5571 1
5572 2
5573 3
5574 4
5575 5
5576 6
5577 7
5578 8
5579 9
5580 0
5581 1
5582 2
5583 3
5584 4
5585 5
5586 6
5587 7
5588 8
5589 9
5590 0
5591 1
5592 2
5593 3
5594 4
5595 5
5596 6
5597 7
5598 8
5599 9
5600 0
5601 1
5602 2
5603 3
5604 4
5605 5
5606 6
5607 7
5608 8
5609 9
5610 0
5611 1
5612 2
5613 3
5614 4
5615 5
5616 6
5617 7
5618 8
5619 9
5620 0
5621 1
5622 2
5623 3
5624 4
5625 5
5626 6
5627 7
5628 8
5629 9
5630 0
5631 1
5632 2
5633 3
5634 4
5635 5
5636 6
5637 7
5638 8
5639 9
5640 0
5641 1
5642 2
5643 3
5644 4
5645 5
5646 6
5647 7
5648 8
5649 9
5650 0
5651 1
5652 2
5653 3
5654 4
5655 5
5656 6
5657 7
5658 8
5659 9
5660 0
5661 1
5662 2
5663 3
5664 4
5665 5
5666 6
5667 7
5668 8
5669 9
5670 0
5671 1
5672 2
5673 3
5674 4
5675 5
5676 6
5677 7
5678 8
5679 9
5680 0
5681 1
5682 2
5683 3
5684 4
5685 5
5686 6
5687 7
5688 8
5689 9
5690 0
5691 1
5692 2
5693 3
5694 4
5695 5
5696 6
5697 7
5698 8
5699 9
5700 0
5701 1
5702 2
5703 3
5704 4
5705 5
5706 6
5707 7
5708 8
5709 9
5710 0
5711 1
5712 2
5713 3
5714 4
5715 5
5716 6
5717 7
5718 8
5719 9
5720 0
5721 1
5722 2
5723 3
5724 4
5725 5
5726 6
5727 7
5728 8
5729 9
5730 0
5731 1
5732 2
5733 3
5734 4
5735 5
5736 6
5737 7
5738 8
5739 9
5740 0
5741 1
5742 2
5743 3
5744 4
5745 5
5746 6
5747 7
5748 8
5749 9
5750 0
5751 1
5752 2
5753 3
5754 4
5755 5
5756 6
5757 7
5758 8
5759 9
5760 0
5761 1
5762 2
5763 3
5764 4
5765 5
5766 6
5767 7
5768 8
5769 9
5770 0
5771 1
5772 2
5773 3
5774 4
5775 5
5776 6
5777 7
5778 8
5779 9
5780 0
5781 1
5782 2
5783 3
5784 4
5785 5
5786 6
5787 7
5788 8
5789 9
5790 0
5791 1
5792 2
5793 3
5794 4
5795 5
5796 6
5797 7
5798 8
5799 9
5800 0
5801 1
5802 2
5803 3
5804 4
5805 5
5806 6
5807 7
5808 8
5809 9
5810 0
5811 1
5812 2
5813 3
5814 4
5815 5
5816 6
5817 7
5818 8
5819 9
5820 0
5821 1
5822 2
5823 3
5824 4
5825 5
5826 6
5827 7
5828 8
5829 9
5830 0
5831 1
5832 2
5833 3
5834 4
5835 5
5836 6
5837 7
5838 8
5839 9
5840 0
5841 1
5842 2
5843 3
5844 4
5845 5
5846 6
5847 7
5848 8
5849 9
5850 0
5851 1
5852 2
5853 3
5854 4
5855 5
5856 6
5857 7
5858 8
5859 9
5860 0
5861 1
5862 2
5863 3
5864 4
5865 5
5866 6
5867 7
5868 8
5869 9
5870 0
5871 1
5872 2
5873 3
5874 4
5875 5
5876 6
5877 7
5878 8
5879 9
5880 0
5881 1
5882 2
5883 3
5884 4
5885 5
5886 6
5887 7
5888 8
5889 9
5890 0
5891 1
5892 2
5893 3
5894 4
5895 5
5896 6
5897 7
5898 8
5899 9
5900 0
5901 1
5902 2
5903 3
5904 4
5905 5
5906 6
5907 7
5908 8
5909 9
5910 0
5911 1
5912 2
5913 3
5914 4
5915 5
5916 6
5917 7
5918 8
5919 9
5920 0
5921 1
5922 2
5923 3
5924 4
5925 5
5926 6
5927 7
5928 8
5929 9
5930 0
5931 1
5932 2
5933 3
5934 4
5935 5
5936 6
5937 7
5938 8
5939 9
5940 0
5941 1
5942 2
5943 3
5944 4
5945 5
5946 6
5947 7
5948 8
5949 9
5950 0
5951 1
5952 2
5953 3
5954 4
5955 5
5956 6
5957 7
5958 8
5959 9
5960 0
5961 1
5962 2
5963 3
5964 4
5965 5
5966 6
5967 7
5968 8
5969 9
5970 0
5971 1
5972 2
5973 3
5974 4
5975 5
5976 6
5977 7
5978 8
5979 9
5980 0
5981 1
5982 2
5983 3
5984 4
5985 5
5986 6
5987 7
5988 8
5989 9
5990 0
5991 1
5992 2
5993 3
5994 4
5995 5
5996 6
5997 7
5998 8
5999 9
6000 0
6001 1
6002 2
6003 3
6004 4
6005 5
6006 6
6007 7
6008 8
6009 9
6010 0
6011 1
6012 2
6013 3
6014 4
6015 5
6016 6
6017 7
6018 8
6019 9
6020 0
6021 1
6022 2
6023 3
6024 4
6025 5
6026 6
6027 7
6028 8
6029 9
6030 0
6031 1
6032 2
6033 3
6034 4
6035 5
6036 6
6037 7
6038 8
6039 9
6040 0
6041 1
6042 2
6043 3
6044 4
6045 5
6046 6
6047 7
6048 8
6049 9
6050 0
6051 1
6052 2
6053 3
6054 4
6055 5
6056 6
6057 7
6058 8
6059 9
6060 0
6061 1
6062 2
6063 3
6064 4
6065 5
6066 6
6067 7
6068 8
6069 9
6070 0
6071 1
6072 2
6073 3
6074 4
6075 5
6076 6
6077 7
6078 8
6079 9
6080 0
6081 1
6082 2
6083 3
6084 4
6085 5
6086 6
6087 7
6088 8
6089 9
6090 0
6091 1
6092 2
6093 3
6094 4
6095 5
6096 6
6097 7
6098 8
6099 9
6100 0
6101 1
6102 2
6103 3
6104 4
6105 5
6106 6
6107 7
6108 8
6109 9
6110 0
6111 1
6112 2
6113 3
6114 4
6115 5
6116 6
6117 7
6118 8
6119 9
6120 0
6121 1
6122 2
6123 3
6124 4
6125 5
6126 6
6127 7
6128 8
6129 9
6130 0
6131 1
6132 2
6133 3
6134 4
6135 5
6136 6
6137 7
6138 8
6139 9
6140 0
6141 1
6142 2
6143 3
6144 4
6145 5
6146 6
6147 7
6148 8
6149 9
6150 0
6151 1
6152 2
6153 3
6154 4
6155 5
6156 6
6157 7
6158 8
6159 9
6160 0
6161 1
6162 2
6163 3
6164 4
6165 5
6166 6
6167 7
6168 8
6169 9
6170 0
6171 1
6172 2
6173 3
6174 4
6175 5
6176 6
6177 7
6178 8
6179 9
6180 0
6181 1
6182 2
6183 3
6184 4
6185 5
6186 6
6187 7
6188 8
6189 9
6190 0
6191 1
6192 2
6193 3
6194 4
6195 5
6196 6
6197 7
6198 8
6199 9
6200 0
6201 1
6202 2
6203 3
6204 4
6205 5
6206 6
6207 7
6208 8
6209 9
6210 0
6211 1
6212 2
6213 3
6214 4
6215 5
6216 6
6217 7
6218 8
6219 9
6220 0
6221 1
6222 2
6223 3
6224 4
6225 5
6226 6
6227 7
6228 8
6229 9
6230 0
6231 1
6232 2
6233 3
6234 4
6235 5
6236 6
6237 7
6238 8
6239 9
6240 0
6241 1
6242 2
6243 3
6244 4
6245 5
6246 6
6247 7
6248 8
6249 9
6250 0
6251 1
6252 2
6253 3
6254 4
6255 5
6256 6
6257 7
6258 8
6259 9
6260 0
6261 1
6262 2
6263 3
6264 4
6265 5
6266 6
6267 7
6268 8
6269 9
6270 0
6271 1
6272 2
6273 3
6274 4
6275 5
6276 6
6277 7
6278 8
6279 9
6280 0
6281 1
6282 2
6283 3
6284 4
6285 5
6286 6
6287 7
6288 8
6289 9
6290 0
6291 1
6292 2
6293 3
6294 4
6295 5
6296 6
6297 7
6298 8
6299 9
6300 0
6301 1
6302 2
6303 3
6304 4
6305 5
6306 6
6307 7
6308 8
6309 9
6310 0
6311 1
6312 2
6313 3
6314 4
6315 5
6316 6
6317 7
6318 8
6319 9
6320 0
6321 1
6322 2
6323 3
6324 4
6325 5
6326 6
6327 7
6328 8
6329 9
6330 0
6331 1
6332 2
6333 3
6334 4
6335 5
6336 6
6337 7
6338 8
6339 9
6340 0
6341 1
6342 2
6343 3
6344 4
6345 5
6346 6
6347 7
6348 8
6349 9
6350 0
6351 1
6352 2
6353 3
6354 4
6355 5
6356 6
6357 7
6358 8
6359 9
6360 0
6361 1
6362 2
6363 3
6364 4
6365 5
6366 6
6367 7
6368 8
6369 9
6370 0
6371 1
6372 2
6373 3
6374 4
6375 5
6376 6
6377 7
6378 8
6379 9
6380 0
6381 1
6382 2
6383 3
6384 4
6385 5
6386 6
6387 7
6388 8
6389 9
6390 0
6391 1
6392 2
6393 3
6394 4
6395 5
6396 6
6397 7
6398 8
6399 9
6400 0
6401 1
6402 2
6403 3
6404 4
6405 5
6406 6
6407 7
6408 8
6409 9
6410 0
6411 1
6412 2
6413 3
6414 4
6415 5
6416 6
6417 7
6418 8
6419 9
6420 0
6421 1
6422 2
6423 3
6424 4
6425 5
6426 6
6427 7
6428 8
6429 9
6430 0
6431 1
6432 2
6433 3
6434 4
6435 5
6436 6
6437 7
6438 8
6439 9
6440 0
6441 1
6442 2
6443 3
6444 4
6445 5
6446 6
6447 7
6448 8
6449 9
6450 0
6451 1
6452 2
6453 3
6454 4
6455 5
6456 6
6457 7
6458 8
6459 9
6460 0
6461 1
6462 2
6463 3
6464 4
6465 5
6466 6
6467 7
6468 8
6469 9
6470 0
6471 1
6472 2
6473 3
6474 4
6475 5
6476 6
6477 7
6478 8
6479 9
6480 0
6481 1
6482 2
6483 3
6484 4
6485 5
6486 6
6487 7
6488 8
6489 9
6490 0
6491 1
6492 2
6493 3
6494 4
6495 5
6496 6
6497 7
6498 8
6499 9
6500 0
6501 1
6502 2
6503 3
6504 4
6505 5
6506 6
6507 7
6508 8
6509 9
6510 0
6511 1
6512 2
6513 3
6514 4
6515 5
6516 6
6517 7
6518 8
6519 9
6520 0
6521 1
6522 2
6523 3
6524 4
6525 5
6526 6
6527 7
6528 8
6529 9
6530 0
6531 1
6532 2
6533 3
6534 4
6535 5
6536 6
6537 7
6538 8
6539 9
6540 0
6541 1
6542 2
6543 3
6544 4
6545 5
6546 6
6547 7
6548 8
6549 9
6550 0
6551 1
6552 2
6553 3
6554 4
6555 5
6556 6
6557 7
6558 8
6559 9
6560 0
6561 1
6562 2
6563 3
6564 4
6565 5
6566 6
6567 7
6568 8
6569 9
6570 0
6571 1
6572 2
6573 3
6574 4
6575 5
6576 6
6577 7
6578 8
6579 9
6580 0
6581 1
6582 2
6583 3
6584 4
6585 5
6586 6
6587 7
6588 8
6589 9
6590 0
6591 1
6592 2
6593 3
6594 4
6595 5
6596 6
6597 7
6598 8
6599 9
6600 0
6601 1
6602 2
6603 3
6604 4
6605 5
6606 6
6607 7
6608 8
6609 9
6610 0
6611 1
6612 2
6613 3
6614 4
6615 5
6616 6
6617 7
6618 8
6619 9
6620 0
6621 1
6622 2
6623 3
6624 4
6625 5
6626 6
6627 7
6628 8
6629 9
6630 0
6631 1
6632 2
6633 3
6634 4
6635 5
6636 6
6637 7
6638 8
6639 9
6640 0
6641 1
6642 2
6643 3
6644 4
6645 5
6646 6
6647 7
6648 8
6649 9
6650 0
6651 1
6652 2
6653 3
6654 4
6655 5
6656 6
6657 7
6658 8
6659 9
6660 0
6661 1
6662 2
6663 3
6664 4
6665 5
6666 6
6667 7
6668 8
6669 9
6670 0
6671 1
6672 2
6673 3
6674 4
6675 5
6676 6
6677 7
6678 8
6679 9
6680 0
6681 1
6682 2
6683 3
6684 4
6685 5
6686 6
6687 7
6688 8
6689 9
6690 0
6691 1
6692 2
6693 3
6694 4
6695 5
6696 6
6697 7
6698 8
6699 9
6700 0
6701 1
6702 2
6703 3
6704 4
6705 5
6706 6
6707 7
6708 8
6709 9
6710 0
6711 1
6712 2
6713 3
6714 4
6715 5
6716 6
6717 7
6718 8
6719 9
6720 0
6721 1
6722 2
6723 3
6724 4
6725 5
6726 6
6727 7
6728 8
6729 9
6730 0
6731 1
6732 2
6733 3
6734 4
6735 5
6736 6
6737 7
6738 8
6739 9
6740 0
6741 1
6742 2
6743 3
6744 4
6745 5
6746 6
6747 7
6748 8
6749 9
6750 0
6751 1
6752 2
6753 3
6754 4
6755 5
6756 6
6757 7
6758 8
6759 9
6760 0
6761 1
6762 2
6763 3
6764 4
6765 5
6766 6
6767 7
6768 8
6769 9
6770 0
6771 1
6772 2
6773 3
6774 4
6775 5
6776 6
6777 7
6778 8
6779 9
6780 0
6781 1
6782 2
6783 3
6784 4
6785 5
6786 6
6787 7
6788 8
6789 9
6790 0
6791 1
6792 2
6793 3
6794 4
6795 5
6796 6
6797 7
6798 8
6799 9
6800 0
6801 1
6802 2
6803 3
6804 4
6805 5
6806 6
6807 7
6808 8
6809 9
6810 0
6811 1
6812 2
6813 3
6814 4
6815 5
6816 6
6817 7
6818 8
6819 9
6820 0
6821 1
6822 2
6823 3
6824 4
6825 5
6826 6
6827 7
6828 8
6829 9
6830 0
6831 1
6832 2
6833 3
6834 4
6835 5
6836 6
6837 7
6838 8
6839 9
6840 0
6841 1
6842 2
6843 3
6844 4
6845 5
6846 6
6847 7
6848 8
6849 9
6850 0
6851 1
6852 2
6853 3
6854 4
6855 5
6856 6
6857 7
6858 8
6859 9
6860 0
6861 1
6862 2
6863 3
6864 4
6865 5
6866 6
6867 7
6868 8
6869 9
6870 0
6871 1
6872 2
6873 3
6874 4
6875 5
6876 6
6877 7
6878 8
6879 9
6880 0
6881 1
6882 2
6883 3
6884 4
6885 5
6886 6
6887 7
6888 8
6889 9
6890 0
6891 1
6892 2
6893 3
6894 4
6895 5
6896 6
6897 7
6898 8
6899 9
6900 0
6901 1
6902 2
6903 3
6904 4
6905 5
6906 6
6907 7
6908 8
6909 9
6910 0
6911 1
6912 2
6913 3
6914 4
6915 5
6916 6
6917 7
6918 8
6919 9
6920 0
6921 1
6922 2
6923 3
6924 4
6925 5
6926 6
6927 7
6928 8
6929 9
6930 0
6931 1
6932 2
6933 3
6934 4
6935 5
6936 6
6937 7
6938 8
6939 9
6940 0
6941 1
6942 2
6943 3
6944 4
6945 5
6946 6
6947 7
6948 8
6949 9
6950 0
6951 1
6952 2
6953 3
6954 4
6955 5
6956 6
6957 7
6958 8
6959 9
6960 0
6961 1
6962 2
6963 3
6964 4
6965 5
6966 6
6967 7
6968 8
6969 9
6970 0
6971 1
6972 2
6973 3
6974 4
6975 5
6976 6
6977 7
6978 8
6979 9
6980 0
6981 1
6982 2
6983 3
6984 4
6985 5
6986 6
6987 7
6988 8
6989 9
6990 0
6991 1
6992 2
6993 3
6994 4
6995 5
6996 6
6997 7
6998 8
6999 9
7000 0
7001 1
7002 2
7003 3
7004 4
7005 5
7006 6
7007 7
7008 8
7009 9
7010 0
7011 1
7012 2
7013 3
7014 4
7015 5
7016 6
7017 7
7018 8
7019 9
7020 0
7021 1
7022 2
7023 3
7024 4
7025 5
7026 6
7027 7
7028 8
7029 9
7030 0
7031 1
7032 2
7033 3
7034 4
7035 5
7036 6
7037 7
7038 8
7039 9
7040 0
7041 1
7042 2
7043 3
7044 4
7045 5
7046 6
7047 7
7048 8
7049 9
7050 0
7051 1
7052 2
7053 3
7054 4
7055 5
7056 6
7057 7
7058 8
7059 9
7060 0
7061 1
7062 2
7063 3
7064 4
7065 5
7066 6
7067 7
7068 8
7069 9
7070 0
7071 1
7072 2
7073 3
7074 4
7075 5
7076 6
7077 7
7078 8
7079 9
7080 0
7081 1
7082 2
7083 3
7084 4
7085 5
7086 6
7087 7
7088 8
7089 9
7090 0
7091 1
7092 2
7093 3
7094 4
7095 5
7096 6
7097 7
7098 8
7099 9
7100 0
7101 1
7102 2
7103 3
7104 4
7105 5
7106 6
7107 7
7108 8
7109 9
7110 0
7111 1
7112 2
7113 3
7114 4
7115 5
7116 6
7117 7
7118 8
7119 9
7120 0
7121 1
7122 2
7123 3
7124 4
7125 5
7126 6
7127 7
7128 8
7129 9
7130 0
7131 1
7132 2
7133 3
7134 4
7135 5
7136 6
7137 7
7138 8
7139 9
7140 0
7141 1
7142 2
7143 3
7144 4
7145 5
7146 6
7147 7
7148 8
7149 9
7150 0
7151 1
7152 2
7153 3
7154 4
7155 5
7156 6
7157 7
7158 8
7159 9
7160 0
7161 1
7162 2
7163 3
7164 4
7165 5
7166 6
7167 7
7168 8
7169 9
7170 0
7171 1
7172 2
7173 3
7174 4
7175 5
7176 6
7177 7
7178 8
7179 9
7180 0
7181 1
7182 2
7183 3
7184 4
7185 5
7186 6
7187 7
7188 8
7189 9
7190 0
7191 1
7192 2
7193 3
7194 4
7195 5
7196 6
7197 7
7198 8
7199 9
7200 0
7201 1
7202 2
7203 3
7204 4
7205 5
7206 6
7207 7
7208 8
7209 9
7210 0
7211 1
7212 2
7213 3
7214 4
7215 5
7216 6
7217 7
7218 8
7219 9
7220 0
7221 1
7222 2
7223 3
7224 4
7225 5
7226 6
7227 7
7228 8
7229 9
7230 0
7231 1
7232 2
7233 3
7234 4
7235 5
7236 6
7237 7
7238 8
7239 9
7240 0
7241 1
7242 2
7243 3
7244 4
7245 5
7246 6
7247 7
7248 8
7249 9
7250 0
7251 1
7252 2
7253 3
7254 4
7255 5
7256 6
7257 7
7258 8
7259 9
7260 0
7261 1
7262 2
7263 3
7264 4
7265 5
7266 6
7267 7
7268 8
7269 9
7270 0
7271 1
7272 2
7273 3
7274 4
7275 5
7276 6
7277 7
7278 8
7279 9
7280 0
7281 1
7282 2
7283 3
7284 4
7285 5
7286 6
7287 7
7288 8
7289 9
7290 0
7291 1
7292 2
7293 3
7294 4
7295 5
7296 6
7297 7
7298 8
7299 9
7300 0
7301 1
7302 2
7303 3
7304 4
7305 5
7306 6
7307 7
7308 8
7309 9
7310 0
7311 1
7312 2
7313 3
7314 4
7315 5
7316 6
7317 7
7318 8
7319 9
7320 0
7321 1
7322 2
7323 3
7324 4
7325 5
7326 6
7327 7
7328 8
7329 9
7330 0
7331 1
7332 2
7333 3
7334 4
7335 5
7336 6
7337 7
7338 8
7339 9
7340 0
7341 1
7342 2
7343 3
7344 4
7345 5
7346 6
7347 7
7348 8
7349 9
7350 0
7351 1
7352 2
7353 3
7354 4
7355 5
7356 6
7357 7
7358 8
7359 9
7360 0
7361 1
7362 2
7363 3
7364 4
7365 5
7366 6
7367 7
7368 8
7369 9
7370 0
7371 1
7372 2
7373 3
7374 4
7375 5
7376 6
7377 7
7378 8
7379 9
7380 0
7381 1
7382 2
7383 3
7384 4
7385 5
7386 6
7387 7
7388 8
7389 9
7390 0
7391 1
7392 2
7393 3
7394 4
7395 5
7396 6
7397 7
7398 8
7399 9
7400 0
7401 1
7402 2
7403 3
7404 4
7405 5
7406 6
7407 7
7408 8
7409 9
7410 0
7411 1
7412 2
7413 3
7414 4
7415 5
7416 6
7417 7
7418 8
7419 9
7420 0
7421 1
7422 2
7423 3
7424 4
7425 5
7426 6
7427 7
7428 8
7429 9
7430 0
7431 1
7432 2
7433 3
7434 4
7435 5
7436 6
7437 7
7438 8
7439 9
7440 0
7441 1
7442 2
7443 3
7444 4
7445 5
7446 6
7447 7
7448 8
7449 9
7450 0
7451 1
7452 2
7453 3
7454 4
7455 5
7456 6
7457 7
7458 8
7459 9
7460 0
7461 1
7462 2
7463 3
7464 4
7465 5
7466 6
7467 7
7468 8
7469 9
7470 0
7471 1
7472 2
7473 3
7474 4
7475 5
7476 6
7477 7
7478 8
7479 9
7480 0
7481 1
7482 2
7483 3
7484 4
7485 5
7486 6
7487 7
7488 8
7489 9
7490 0
7491 1
7492 2
7493 3
7494 4
7495 5
7496 6
7497 7
7498 8
7499 9
7500 0
7501 1
7502 2
7503 3
7504 4
7505 5
7506 6
7507 7
7508 8
7509 9
7510 0
7511 1
7512 2
7513 3
7514 4
7515 5
7516 6
7517 7
7518 8
7519 9
7520 0
7521 1
7522 2
7523 3
7524 4
7525 5
7526 6
7527 7
7528 8
7529 9
7530 0
7531 1
7532 2
7533 3
7534 4
7535 5
7536 6
7537 7
7538 8
7539 9
7540 0
7541 1
7542 2
7543 3
7544 4
7545 5
7546 6
7547 7
7548 8
7549 9
7550 0
7551 1
7552 2
7553 3
7554 4
7555 5
7556 6
7557 7
7558 8
7559 9
7560 0
7561 1
7562 2
7563 3
7564 4
7565 5
7566 6
7567 7
7568 8
7569 9
7570 0
7571 1
7572 2
7573 3
7574 4
7575 5
7576 6
7577 7
7578 8
7579 9
7580 0
7581 1
7582 2
7583 3
7584 4
7585 5
7586 6
7587 7
7588 8
7589 9
7590 0
7591 1
7592 2
7593 3
7594 4
7595 5
7596 6
7597 7
7598 8
7599 9
7600 0
7601 1
7602 2
7603 3
7604 4
7605 5
7606 6
7607 7
7608 8
7609 9
7610 0
7611 1
7612 2
7613 3
7614 4
7615 5
7616 6
7617 7
7618 8
7619 9
7620 0
7621 1
7622 2
7623 3
7624 4
7625 5
7626 6
7627 7
7628 8
7629 9
7630 0
7631 1
7632 2
7633 3
7634 4
7635 5
7636 6
7637 7
7638 8
7639 9
7640 0
7641 1
7642 2
7643 3
7644 4
7645 5
7646 6
7647 7
7648 8
7649 9
7650 0
7651 1
7652 2
7653 3
7654 4
7655 5
7656 6
7657 7
7658 8
7659 9
7660 0
7661 1
7662 2
7663 3
7664 4
7665 5
7666 6
7667 7
7668 8
7669 9
7670 0
7671 1
7672 2
7673 3
7674 4
7675 5
7676 6
7677 7
7678 8
7679 9
7680 0
7681 1
7682 2
7683 3
7684 4
7685 5
7686 6
7687 7
7688 8
7689 9
7690 0
7691 1
7692 2
7693 3
7694 4
7695 5
7696 6
7697 7
7698 8
7699 9
7700 0
7701 1
7702 2
7703 3
7704 4
7705 5
7706 6
7707 7
7708 8
7709 9
7710 0
7711 1
7712 2
7713 3
7714 4
7715 5
7716 6
7717 7
7718 8
7719 9
7720 0
7721 1
7722 2
7723 3
7724 4
7725 5
7726 6
7727 7
7728 8
7729 9
7730 0
7731 1
7732 2
7733 3
7734 4
7735 5
7736 6
7737 7
7738 8
7739 9
7740 0
7741 1
7742 2
7743 3
7744 4
7745 5
7746 6
7747 7
7748 8
7749 9
7750 0
7751 1
7752 2
7753 3
7754 4
7755 5
7756 6
7757 7
7758 8
7759 9
7760 0
7761 1
7762 2
7763 3
7764 4
7765 5
7766 6
7767 7
7768 8
7769 9
7770 0
7771 1
7772 2
7773 3
7774 4
7775 5
7776 6
7777 7
7778 8
7779 9
7780 0
7781 1
7782 2
7783 3
7784 4
7785 5
7786 6
7787 7
7788 8
7789 9
7790 0
7791 1
7792 2
7793 3
7794 4
7795 5
7796 6
7797 7
7798 8
7799 9
7800 0
7801 1
7802 2
7803 3
7804 4
7805 5
7806 6
7807 7
7808 8
7809 9
7810 0
7811 1
7812 2
7813 3
7814 4
7815 5
7816 6
7817 7
7818 8
7819 9
7820 0
7821 1
7822 2
7823 3
7824 4
7825 5
7826 6
7827 7
7828 8
7829 9
7830 0
7831 1
7832 2
7833 3
7834 4
7835 5
7836 6
7837 7
7838 8
7839 9
7840 0
7841 1
7842 2
7843 3
7844 4
7845 5
7846 6
7847 7
7848 8
7849 9
7850 0
7851 1
7852 2
7853 3
7854 4
7855 5
7856 6
7857 7
7858 8
7859 9
7860 0
7861 1
7862 2
7863 3
7864 4
7865 5
7866 6
7867 7
7868 8
7869 9
7870 0
7871 1
7872 2
7873 3
7874 4
7875 5
7876 6
7877 7
7878 8
7879 9
7880 0
7881 1
7882 2
7883 3
7884 4
7885 5
7886 6
7887 7
7888 8
7889 9
7890 0
7891 1
7892 2
7893 3
7894 4
7895 5
7896 6
7897 7
7898 8
7899 9
7900 0
7901 1
7902 2
7903 3
7904 4
7905 5
7906 6
7907 7
7908 8
7909 9
7910 0
7911 1
7912 2
7913 3
7914 4
7915 5
7916 6
7917 7
7918 8
7919 9
7920 0
7921 1
7922 2
7923 3
7924 4
7925 5
7926 6
7927 7
7928 8
7929 9
7930 0
7931 1
7932 2
7933 3
7934 4
7935 5
7936 6
7937 7
7938 8
7939 9
7940 0
7941 1
7942 2
7943 3
7944 4
7945 5
7946 6
7947 7
7948 8
7949 9
7950 0
7951 1
7952 2
7953 3
7954 4
7955 5
7956 6
7957 7
7958 8
7959 9
7960 0
7961 1
7962 2
7963 3
7964 4
7965 5
7966 6
7967 7
7968 8
7969 9
7970 0
7971 1
7972 2
7973 3
7974 4
7975 5
7976 6
7977 7
7978 8
7979 9
7980 0
7981 1
7982 2
7983 3
7984 4
7985 5
7986 6
7987 7
7988 8
7989 9
7990 0
7991 1
7992 2
7993 3
7994 4
7995 5
7996 6
7997 7
7998 8
7999 9
8000 0
8001 1
8002 2
8003 3
8004 4
8005 5
8006 6
8007 7
8008 8
8009 9
8010 0
8011 1
8012 2
8013 3
8014 4
8015 5
8016 6
8017 7
8018 8
8019 9
8020 0
8021 1
8022 2
8023 3
8024 4
8025 5
8026 6
8027 7
8028 8
8029 9
8030 0
8031 1
8032 2
8033 3
8034 4
8035 5
8036 6
8037 7
8038 8
8039 9
8040 0
8041 1
8042 2
8043 3
8044 4
8045 5
8046 6
8047 7
8048 8
8049 9
8050 0
8051 1
8052 2
8053 3
8054 4
8055 5
8056 6
8057 7
8058 8
8059 9
8060 0
8061 1
8062 2
8063 3
8064 4
8065 5
8066 6
8067 7
8068 8
8069 9
8070 0
8071 1
8072 2
8073 3
8074 4
8075 5
8076 6
8077 7
8078 8
8079 9
8080 0
8081 1
8082 2
8083 3
8084 4
8085 5
8086 6
8087 7
8088 8
8089 9
8090 0
8091 1
8092 2
8093 3
8094 4
8095 5
8096 6
8097 7
8098 8
8099 9
8100 0
8101 1
8102 2
8103 3
8104 4
8105 5
8106 6
8107 7
8108 8
8109 9
8110 0
8111 1
8112 2
8113 3
8114 4
8115 5
8116 6
8117 7
8118 8
8119 9
8120 0
8121 1
8122 2
8123 3
8124 4
8125 5
8126 6
8127 7
8128 8
8129 9
8130 0
8131 1
8132 2
8133 3
8134 4
8135 5
8136 6
8137 7
8138 8
8139 9
8140 0
8141 1
8142 2
8143 3
8144 4
8145 5
8146 6
8147 7
8148 8
8149 9
8150 0
8151 1
8152 2
8153 3
8154 4
8155 5
8156 6
8157 7
8158 8
8159 9
8160 0
8161 1
8162 2
8163 3
8164 4
8165 5
8166 6
8167 7
8168 8
8169 9
8170 0
8171 1
8172 2
8173 3
8174 4
8175 5
8176 6
8177 7
8178 8
8179 9
8180 0
8181 1
8182 2
8183 3
8184 4
8185 5
8186 6
8187 7
8188 8
8189 9
8190 0
8191 1
8192 2
8193 3
8194 4
8195 5
8196 6
8197 7
8198 8
8199 9
8200 0
8201 1
8202 2
8203 3
8204 4
8205 5
8206 6
8207 7
8208 8
8209 9
8210 0
8211 1
8212 2
8213 3
8214 4
8215 5
8216 6
8217 7
8218 8
8219 9
8220 0
8221 1
8222 2
8223 3
8224 4
8225 5
8226 6
8227 7
8228 8
8229 9
8230 0
8231 1
8232 2
8233 3
8234 4
8235 5
8236 6
8237 7
8238 8
8239 9
8240 0
8241 1
8242 2
8243 3
8244 4
8245 5
8246 6
8247 7
8248 8
8249 9
8250 0
8251 1
8252 2
8253 3
8254 4
8255 5
8256 6
8257 7
8258 8
8259 9
8260 0
8261 1
8262 2
8263 3
8264 4
8265 5
8266 6
8267 7
8268 8
8269 9
8270 0
8271 1
8272 2
8273 3
8274 4
8275 5
8276 6
8277 7
8278 8
8279 9
8280 0
8281 1
8282 2
8283 3
8284 4
8285 5
8286 6
8287 7
8288 8
8289 9
8290 0
8291 1
8292 2
8293 3
8294 4
8295 5
8296 6
8297 7
8298 8
8299 9
8300 0
8301 1
8302 2
8303 3
8304 4
8305 5
8306 6
8307 7
8308 8
8309 9
8310 0
8311 1
8312 2
8313 3
8314 4
8315 5
8316 6
8317 7
8318 8
8319 9
8320 0
8321 1
8322 2
8323 3
8324 4
8325 5
8326 6
8327 7
8328 8
8329 9
8330 0
8331 1
8332 2
8333 3
8334 4
8335 5
8336 6
8337 7
8338 8
8339 9
8340 0
8341 1
8342 2
8343 3
8344 4
8345 5
8346 6
8347 7
8348 8
8349 9
8350 0
8351 1
8352 2
8353 3
8354 4
8355 5
8356 6
8357 7
8358 8
8359 9
8360 0
8361 1
8362 2
8363 3
8364 4
8365 5
8366 6
8367 7
8368 8
8369 9
8370 0
8371 1
8372 2
8373 3
8374 4
8375 5
8376 6
8377 7
8378 8
8379 9
8380 0
8381 1
8382 2
8383 3
8384 4
8385 5
8386 6
8387 7
8388 8
8389 9
8390 0
8391 1
8392 2
8393 3
8394 4
8395 5
8396 6
8397 7
8398 8
8399 9
8400 0
8401 1
8402 2
8403 3
8404 4
8405 5
8406 6
8407 7
8408 8
8409 9
8410 0
8411 1
8412 2
8413 3
8414 4
8415 5
8416 6
8417 7
8418 8
8419 9
8420 0
8421 1
8422 2
8423 3
8424 4
8425 5
8426 6
8427 7
8428 8
8429 9
8430 0
8431 1
8432 2
8433 3
8434 4
8435 5
8436 6
8437 7
8438 8
8439 9
8440 0
8441 1
8442 2
8443 3
8444 4
8445 5
8446 6
8447 7
8448 8
8449 9
8450 0
8451 1
8452 2
8453 3
8454 4
8455 5
8456 6
8457 7
8458 8
8459 9
8460 0
8461 1
8462 2
8463 3
8464 4
8465 5
8466 6
8467 7
8468 8
8469 9
8470 0
8471 1
8472 2
8473 3
8474 4
8475 5
8476 6
8477 7
8478 8
8479 9
8480 0
8481 1
8482 2
8483 3
8484 4
8485 5
8486 6
8487 7
8488 8
8489 9
8490 0
8491 1
8492 2
8493 3
8494 4
8495 5
8496 6
8497 7
8498 8
8499 9
8500 0
8501 1
8502 2
8503 3
8504 4
8505 5
8506 6
8507 7
8508 8
8509 9
8510 0
8511 1
8512 2
8513 3
8514 4
8515 5
8516 6
8517 7
8518 8
8519 9
8520 0
8521 1
8522 2
8523 3
8524 4
8525 5
8526 6
8527 7
8528 8
8529 9
8530 0
8531 1
8532 2
8533 3
8534 4
8535 5
8536 6
8537 7
8538 8
8539 9
8540 0
8541 1
8542 2
8543 3
8544 4
8545 5
8546 6
8547 7
8548 8
8549 9
8550 0
8551 1
8552 2
8553 3
8554 4
8555 5
8556 6
8557 7
8558 8
8559 9
8560 0
8561 1
8562 2
8563 3
8564 4
8565 5
8566 6
8567 7
8568 8
8569 9
8570 0
8571 1
8572 2
8573 3
8574 4
8575 5
8576 6
8577 7
8578 8
8579 9
8580 0
8581 1
8582 2
8583 3
8584 4
8585 5
8586 6
8587 7
8588 8
8589 9
8590 0
8591 1
8592 2
8593 3
8594 4
8595 5
8596 6
8597 7
8598 8
8599 9
8600 0
8601 1
8602 2
8603 3
8604 4
8605 5
8606 6
8607 7
8608 8
8609 9
8610 0
8611 1
8612 2
8613 3
8614 4
8615 5
8616 6
8617 7
8618 8
8619 9
8620 0
8621 1
8622 2
8623 3
8624 4
8625 5
8626 6
8627 7
8628 8
8629 9
8630 0
8631 1
8632 2
8633 3
8634 4
8635 5
8636 6
8637 7
8638 8
8639 9
8640 0
8641 1
8642 2
8643 3
8644 4
8645 5
8646 6
8647 7
8648 8
8649 9
8650 0
8651 1
8652 2
8653 3
8654 4
8655 5
8656 6
8657 7
8658 8
8659 9
8660 0
8661 1
8662 2
8663 3
8664 4
8665 5
8666 6
8667 7
8668 8
8669 9
8670 0
8671 1
8672 2
8673 3
8674 4
8675 5
8676 6
8677 7
8678 8
8679 9
8680 0
8681 1
8682 2
8683 3
8684 4
8685 5
8686 6
8687 7
8688 8
8689 9
8690 0
8691 1
8692 2
8693 3
8694 4
8695 5
8696 6
8697 7
8698 8
8699 9
8700 0
8701 1
8702 2
8703 3
8704 4
8705 5
8706 6
8707 7
8708 8
8709 9
8710 0
8711 1
8712 2
8713 3
8714 4
8715 5
8716 6
8717 7
8718 8
8719 9
8720 0
8721 1
8722 2
8723 3
8724 4
8725 5
8726 6
8727 7
8728 8
8729 9
8730 0
8731 1
8732 2
8733 3
8734 4
8735 5
8736 6
8737 7
8738 8
8739 9
8740 0
8741 1
8742 2
8743 3
8744 4
8745 5
8746 6
8747 7
8748 8
8749 9
8750 0
8751 1
8752 2
8753 3
8754 4
8755 5
8756 6
8757 7
8758 8
8759 9
8760 0
8761 1
8762 2
8763 3
8764 4
8765 5
8766 6
8767 7
8768 8
8769 9
8770 0
8771 1
8772 2
8773 3
8774 4
8775 5
8776 6
8777 7
8778 8
8779 9
8780 0
8781 1
8782 2
8783 3
8784 4
8785 5
8786 6
8787 7
8788 8
8789 9
8790 0
8791 1
8792 2
8793 3
8794 4
8795 5
8796 6
8797 7
8798 8
8799 9
8800 0
8801 1
8802 2
8803 3
8804 4
8805 5
8806 6
8807 7
8808 8
8809 9
8810 0
8811 1
8812 2
8813 3
8814 4
8815 5
8816 6
8817 7
8818 8
8819 9
8820 0
8821 1
8822 2
8823 3
8824 4
8825 5
8826 6
8827 7
8828 8
8829 9
8830 0
8831 1
8832 2
8833 3
8834 4
8835 5
8836 6
8837 7
8838 8
8839 9
8840 0
8841 1
8842 2
8843 3
8844 4
8845 5
8846 6
8847 7
8848 8
8849 9
8850 0
8851 1
8852 2
8853 3
8854 4
8855 5
8856 6
8857 7
8858 8
8859 9
8860 0
8861 1
8862 2
8863 3
8864 4
8865 5
8866 6
8867 7
8868 8
8869 9
8870 0
8871 1
8872 2
8873 3
8874 4
8875 5
8876 6
8877 7
8878 8
8879 9
8880 0
8881 1
8882 2
8883 3
8884 4
8885 5
8886 6
8887 7
8888 8
8889 9
8890 0
8891 1
8892 2
8893 3
8894 4
8895 5
8896 6
8897 7
8898 8
8899 9
8900 0
8901 1
8902 2
8903 3
8904 4
8905 5
8906 6
8907 7
8908 8
8909 9
8910 0
8911 1
8912 2
8913 3
8914 4
8915 5
8916 6
8917 7
8918 8
8919 9
8920 0
8921 1
8922 2
8923 3
8924 4
8925 5
8926 6
8927 7
8928 8
8929 9
8930 0
8931 1
8932 2
8933 3
8934 4
8935 5
8936 6
8937 7
8938 8
8939 9
8940 0
8941 1
8942 2
8943 3
8944 4
8945 5
8946 6
8947 7
8948 8
8949 9
8950 0
8951 1
8952 2
8953 3
8954 4
8955 5
8956 6
8957 7
8958 8
8959 9
8960 0
8961 1
8962 2
8963 3
8964 4
8965 5
8966 6
8967 7
8968 8
8969 9
8970 0
8971 1
8972 2
8973 3
8974 4
8975 5
8976 6
8977 7
8978 8
8979 9
8980 0
8981 1
8982 2
8983 3
8984 4
8985 5
8986 6
8987 7
8988 8
8989 9
8990 0
8991 1
8992 2
8993 3
8994 4
8995 5
8996 6
8997 7
8998 8
8999 9
9000 0
9001 1
9002 2
9003 3
9004 4
9005 5
9006 6
9007 7
9008 8
9009 9
9010 0
9011 1
9012 2
9013 3
9014 4
9015 5
9016 6
9017 7
9018 8
9019 9
9020 0
9021 1
9022 2
9023 3
9024 4
9025 5
9026 6
9027 7
9028 8
9029 9
9030 0
9031 1
9032 2
9033 3
9034 4
9035 5
9036 6
9037 7
9038 8
9039 9
9040 0
9041 1
9042 2
9043 3
9044 4
9045 5
9046 6
9047 7
9048 8
9049 9
9050 0
9051 1
9052 2
9053 3
9054 4
9055 5
9056 6
9057 7
9058 8
9059 9
9060 0
9061 1
9062 2
9063 3
9064 4
9065 5
9066 6
9067 7
9068 8
9069 9
9070 0
9071 1
9072 2
9073 3
9074 4
9075 5
9076 6
9077 7
9078 8
9079 9
9080 0
9081 1
9082 2
9083 3
9084 4
9085 5
9086 6
9087 7
9088 8
9089 9
9090 0
9091 1
9092 2
9093 3
9094 4
9095 5
9096 6
9097 7
9098 8
9099 9
9100 0
9101 1
9102 2
9103 3
9104 4
9105 5
9106 6
9107 7
9108 8
9109 9
9110 0
9111 1
9112 2
9113 3
9114 4
9115 5
9116 6
9117 7
9118 8
9119 9
9120 0
9121 1
9122 2
9123 3
9124 4
9125 5
9126 6
9127 7
9128 8
9129 9
9130 0
9131 1
9132 2
9133 3
9134 4
9135 5
9136 6
9137 7
9138 8
9139 9
9140 0
9141 1
9142 2
9143 3
9144 4
9145 5
9146 6
9147 7
9148 8
9149 9
9150 0
9151 1
9152 2
9153 3
9154 4
9155 5
9156 6
9157 7
9158 8
9159 9
9160 0
9161 1
9162 2
9163 3
9164 4
9165 5
9166 6
9167 7
9168 8
9169 9
9170 0
9171 1
9172 2
9173 3
9174 4
9175 5
9176 6
9177 7
9178 8
9179 9
9180 0
9181 1
9182 2
9183 3
9184 4
9185 5
9186 6
9187 7
9188 8
9189 9
9190 0
9191 1
9192 2
9193 3
9194 4
9195 5
9196 6
9197 7
9198 8
9199 9
9200 0
9201 1
9202 2
9203 3
9204 4
9205 5
9206 6
9207 7
9208 8
9209 9
9210 0
9211 1
9212 2
9213 3
9214 4
9215 5
9216 6
9217 7
9218 8
9219 9
9220 0
9221 1
9222 2
9223 3
9224 4
9225 5
9226 6
9227 7
9228 8
9229 9
9230 0
9231 1
9232 2
9233 3
9234 4
9235 5
9236 6
9237 7
9238 8
9239 9
9240 0
9241 1
9242 2
9243 3
9244 4
9245 5
9246 6
9247 7
9248 8
9249 9
9250 0
9251 1
9252 2
9253 3
9254 4
9255 5
9256 6
9257 7
9258 8
9259 9
9260 0
9261 1
9262 2
9263 3
9264 4
9265 5
9266 6
9267 7
9268 8
9269 9
9270 0
9271 1
9272 2
9273 3
9274 4
9275 5
9276 6
9277 7
9278 8
9279 9
9280 0
9281 1
9282 2
9283 3
9284 4
9285 5
9286 6
9287 7
9288 8
9289 9
9290 0
9291 1
9292 2
9293 3
9294 4
9295 5
9296 6
9297 7
9298 8
9299 9
9300 0
9301 1
9302 2
9303 3
9304 4
9305 5
9306 6
9307 7
9308 8
9309 9
9310 0
9311 1
9312 2
9313 3
9314 4
9315 5
9316 6
9317 7
9318 8
9319 9
9320 0
9321 1
9322 2
9323 3
9324 4
9325 5
9326 6
9327 7
9328 8
9329 9
9330 0
9331 1
9332 2
9333 3
9334 4
9335 5
9336 6
9337 7
9338 8
9339 9
9340 0
9341 1
9342 2
9343 3
9344 4
9345 5
9346 6
9347 7
9348 8
9349 9
9350 0
9351 1
9352 2
9353 3
9354 4
9355 5
9356 6
9357 7
9358 8
9359 9
9360 0
9361 1
9362 2
9363 3
9364 4
9365 5
9366 6
9367 7
9368 8
9369 9
9370 0
9371 1
9372 2
9373 3
9374 4
9375 5
9376 6
9377 7
9378 8
9379 9
9380 0
9381 1
9382 2
9383 3
9384 4
9385 5
9386 6
9387 7
9388 8
9389 9
9390 0
9391 1
9392 2
9393 3
9394 4
9395 5
9396 6
9397 7
9398 8
9399 9
9400 0
9401 1
9402 2
9403 3
9404 4
9405 5
9406 6
9407 7
9408 8
9409 9
9410 0
9411 1
9412 2
9413 3
9414 4
9415 5
9416 6
9417 7
9418 8
9419 9
9420 0
9421 1
9422 2
9423 3
9424 4
9425 5
9426 6
9427 7
9428 8
9429 9
9430 0
9431 1
9432 2
9433 3
9434 4
9435 5
9436 6
9437 7
9438 8
9439 9
9440 0
9441 1
9442 2
9443 3
9444 4
9445 5
9446 6
9447 7
9448 8
9449 9
9450 0
9451 1
9452 2
9453 3
9454 4
9455 5
9456 6
9457 7
9458 8
9459 9
9460 0
9461 1
9462 2
9463 3
9464 4
9465 5
9466 6
9467 7
9468 8
9469 9
9470 0
9471 1
9472 2
9473 3
9474 4
9475 5
9476 6
9477 7
9478 8
9479 9
9480 0
9481 1
9482 2
9483 3
9484 4
9485 5
9486 6
9487 7
9488 8
9489 9
9490 0
9491 1
9492 2
9493 3
9494 4
9495 5
9496 6
9497 7
9498 8
9499 9
9500 0
9501 1
9502 2
9503 3
9504 4
9505 5
9506 6
9507 7
9508 8
9509 9
9510 0
9511 1
9512 2
9513 3
9514 4
9515 5
9516 6
9517 7
9518 8
9519 9
9520 0
9521 1
9522 2
9523 3
9524 4
9525 5
9526 6
9527 7
9528 8
9529 9
9530 0
9531 1
9532 2
9533 3
9534 4
9535 5
9536 6
9537 7
9538 8
9539 9
9540 0
9541 1
9542 2
9543 3
9544 4
9545 5
9546 6
9547 7
9548 8
9549 9
9550 0
9551 1
9552 2
9553 3
9554 4
9555 5
9556 6
9557 7
9558 8
9559 9
9560 0
9561 1
9562 2
9563 3
9564 4
9565 5
9566 6
9567 7
9568 8
9569 9
9570 0
9571 1
9572 2
9573 3
9574 4
9575 5
9576 6
9577 7
9578 8
9579 9
9580 0
9581 1
9582 2
9583 3
9584 4
9585 5
9586 6
9587 7
9588 8
9589 9
9590 0
9591 1
9592 2
9593 3
9594 4
9595 5
9596 6
9597 7
9598 8
9599 9
9600 0
9601 1
9602 2
9603 3
9604 4
9605 5
9606 6
9607 7
9608 8
9609 9
9610 0
9611 1
9612 2
9613 3
9614 4
9615 5
9616 6
9617 7
9618 8
9619 9
9620 0
9621 1
9622 2
9623 3
9624 4
9625 5
9626 6
9627 7
9628 8
9629 9
9630 0
9631 1
9632 2
9633 3
9634 4
9635 5
9636 6
9637 7
9638 8
9639 9
9640 0
9641 1
9642 2
9643 3
9644 4
9645 5
9646 6
9647 7
9648 8
9649 9
9650 0
9651 1
9652 2
9653 3
9654 4
9655 5
9656 6
9657 7
9658 8
9659 9
9660 0
9661 1
9662 2
9663 3
9664 4
9665 5
9666 6
9667 7
9668 8
9669 9
9670 0
9671 1
9672 2
9673 3
9674 4
9675 5
9676 6
9677 7
9678 8
9679 9
9680 0
9681 1
9682 2
9683 3
9684 4
9685 5
9686 6
9687 7
9688 8
9689 9
9690 0
9691 1
9692 2
9693 3
9694 4
9695 5
9696 6
9697 7
9698 8
9699 9
9700 0
9701 1
9702 2
9703 3
9704 4
9705 5
9706 6
9707 7
9708 8
9709 9
9710 0
9711 1
9712 2
9713 3
9714 4
9715 5
9716 6
9717 7
9718 8
9719 9
9720 0
9721 1
9722 2
9723 3
9724 4
9725 5
9726 6
9727 7
9728 8
9729 9
9730 0
9731 1
9732 2
9733 3
9734 4
9735 5
9736 6
9737 7
9738 8
9739 9
9740 0
9741 1
9742 2
9743 3
9744 4
9745 5
9746 6
9747 7
9748 8
9749 9
9750 0
9751 1
9752 2
9753 3
9754 4
9755 5
9756 6
9757 7
9758 8
9759 9
9760 0
9761 1
9762 2
9763 3
9764 4
9765 5
9766 6
9767 7
9768 8
9769 9
9770 0
9771 1
9772 2
9773 3
9774 4
9775 5
9776 6
9777 7
9778 8
9779 9
9780 0
9781 1
9782 2
9783 3
9784 4
9785 5
9786 6
9787 7
9788 8
9789 9
9790 0
9791 1
9792 2
9793 3
9794 4
9795 5
9796 6
9797 7
9798 8
9799 9
9800 0
9801 1
9802 2
9803 3
9804 4
9805 5
9806 6
9807 7
9808 8
9809 9
9810 0
9811 1
9812 2
9813 3
9814 4
9815 5
9816 6
9817 7
9818 8
9819 9
9820 0
9821 1
9822 2
9823 3
9824 4
9825 5
9826 6
9827 7
9828 8
9829 9
9830 0
9831 1
9832 2
9833 3
9834 4
9835 5
9836 6
9837 7
9838 8
9839 9
9840 0
9841 1
9842 2
9843 3
9844 4
9845 5
9846 6
9847 7
9848 8
9849 9
9850 0
9851 1
9852 2
9853 3
9854 4
9855 5
9856 6
9857 7
9858 8
9859 9
9860 0
9861 1
9862 2
9863 3
9864 4
9865 5
9866 6
9867 7
9868 8
9869 9
9870 0
9871 1
9872 2
9873 3
9874 4
9875 5
9876 6
9877 7
9878 8
9879 9
9880 0
9881 1
9882 2
9883 3
9884 4
9885 5
9886 6
9887 7
9888 8
9889 9
9890 0
9891 1
9892 2
9893 3
9894 4
9895 5
9896 6
9897 7
9898 8
9899 9
9900 0
9901 1
9902 2
9903 3
9904 4
9905 5
9906 6
9907 7
9908 8
9909 9
9910 0
9911 1
9912 2
9913 3
9914 4
9915 5
9916 6
9917 7
9918 8
9919 9
9920 0
9921 1
9922 2
9923 3
9924 4
9925 5
9926 6
9927 7
9928 8
9929 9
9930 0
9931 1
9932 2
9933 3
9934 4
9935 5
9936 6
9937 7
9938 8
9939 9
9940 0
9941 1
9942 2
9943 3
9944 4
9945 5
9946 6
9947 7
9948 8
9949 9
9950 0
9951 1
9952 2
9953 3
9954 4
9955 5
9956 6
9957 7
9958 8
9959 9
9960 0
9961 1
9962 2
9963 3
9964 4
9965 5
9966 6
9967 7
9968 8
9969 9
9970 0
9971 1
9972 2
9973 3
9974 4
9975 5
9976 6
9977 7
9978 8
9979 9
9980 0
9981 1
9982 2
9983 3
9984 4
9985 5
9986 6
9987 7
9988 8
9989 9
9990 0
9991 1
9992 2
9993 3
9994 4
9995 5
9996 6
9997 7
9998 8
9999 9
10000 0
10001 1
10002 2
10003 3
10004 4
10005 5
10006 6
10007 7
10008 8
10009 9
10010 0
10011 1
10012 2
10013 3
10014 4
10015 5
10016 6
10017 7
10018 8
10019 9
10020 0
10021 1
10022 2
10023 3
10024 4
10025 5
10026 6
10027 7
10028 8
10029 9
10030 0
10031 1
10032 2
10033 3
10034 4
10035 5
10036 6
10037 7
10038 8
10039 9
10040 0
10041 1
10042 2
10043 3
10044 4
10045 5
10046 6
10047 7
10048 8
10049 9
10050 0
10051 1
10052 2
10053 3
10054 4
10055 5
10056 6
10057 7
10058 8
10059 9
10060 0
10061 1
10062 2
10063 3
10064 4
10065 5
10066 6
10067 7
10068 8
10069 9
10070 0
10071 1
10072 2
10073 3
10074 4
10075 5
10076 6
10077 7
10078 8
10079 9
10080 0
10081 1
10082 2
10083 3
10084 4
10085 5
10086 6
10087 7
10088 8
10089 9
10090 0
10091 1
10092 2
10093 3
10094 4
10095 5
10096 6
10097 7
10098 8
10099 9
10100 0
10101 1
10102 2
10103 3
10104 4
10105 5
10106 6
10107 7
10108 8
10109 9
10110 0
10111 1
10112 2
10113 3
10114 4
10115 5
10116 6
10117 7
10118 8
10119 9
10120 0
10121 1
10122 2
10123 3
10124 4
10125 5
10126 6
10127 7
10128 8
10129 9
10130 0
10131 1
10132 2
10133 3
10134 4
10135 5
10136 6
10137 7
10138 8
10139 9
10140 0
10141 1
10142 2
10143 3
10144 4
10145 5
10146 6
10147 7
10148 8
10149 9
10150 0
10151 1
10152 2
10153 3
10154 4
10155 5
10156 6
10157 7
10158 8
10159 9
10160 0
10161 1
10162 2
10163 3
10164 4
10165 5
10166 6
10167 7
10168 8
10169 9
10170 0
10171 1
10172 2
10173 3
10174 4
10175 5
10176 6
10177 7
10178 8
10179 9
10180 0
10181 1
10182 2
10183 3
10184 4
10185 5
10186 6
10187 7
10188 8
10189 9
10190 0
10191 1
10192 2
10193 3
10194 4
10195 5
10196 6
10197 7
10198 8
10199 9
10200 0
10201 1
10202 2
10203 3
10204 4
10205 5
10206 6
10207 7
10208 8
10209 9
10210 0
10211 1
10212 2
10213 3
10214 4
10215 5
10216 6
10217 7
10218 8
10219 9
10220 0
10221 1
10222 2
10223 3
10224 4
10225 5
10226 6
10227 7
10228 8
10229 9
10230 0
10231 1
10232 2
10233 3
10234 4
10235 5
10236 6
10237 7
10238 8
10239 9
10240 0
10241 1
10242 2
10243 3
10244 4
10245 5
10246 6
10247 7
10248 8
10249 9
10250 0
10251 1
10252 2
10253 3
10254 4
10255 5
10256 6
10257 7
10258 8
10259 9
10260 0
10261 1
10262 2
10263 3
10264 4
10265 5
10266 6
10267 7
10268 8
10269 9
10270 0
10271 1
10272 2
10273 3
10274 4
10275 5
10276 6
10277 7
10278 8
10279 9
10280 0
10281 1
10282 2
10283 3
10284 4
10285 5
10286 6
10287 7
10288 8
10289 9
10290 0
10291 1
10292 2
10293 3
10294 4
10295 5
10296 6
10297 7
10298 8
10299 9
10300 0
10301 1
10302 2
10303 3
10304 4
10305 5
10306 6
10307 7
10308 8
10309 9
10310 0
10311 1
10312 2
10313 3
10314 4
10315 5
10316 6
10317 7
10318 8
10319 9
10320 0
10321 1
10322 2
10323 3
10324 4
10325 5
10326 6
10327 7
10328 8
10329 9
10330 0
10331 1
10332 2
10333 3
10334 4
10335 5
10336 6
10337 7
10338 8
10339 9
10340 0
10341 1
10342 2
10343 3
10344 4
10345 5
10346 6
10347 7
10348 8
10349 9
10350 0
10351 1
10352 2
10353 3
10354 4
10355 5
10356 6
10357 7
10358 8
10359 9
10360 0
10361 1
10362 2
10363 3
10364 4
10365 5
10366 6
10367 7
10368 8
10369 9
10370 0
10371 1
10372 2
10373 3
10374 4
10375 5
10376 6
10377 7
10378 8
10379 9
10380 0
10381 1
10382 2
10383 3
10384 4
10385 5
10386 6
10387 7
10388 8
10389 9
10390 0
10391 1
10392 2
10393 3
10394 4
10395 5
10396 6
10397 7
10398 8
10399 9
10400 0
10401 1
10402 2
10403 3
10404 4
10405 5
10406 6
10407 7
10408 8
10409 9
10410 0
10411 1
10412 2
10413 3
10414 4
10415 5
10416 6
10417 7
10418 8
10419 9
10420 0
10421 1
10422 2
10423 3
10424 4
10425 5
10426 6
10427 7
10428 8
10429 9
10430 0
10431 1
10432 2
10433 3
10434 4
10435 5
10436 6
10437 7
10438 8
10439 9
10440 0
10441 1
10442 2
10443 3
10444 4
10445 5
10446 6
10447 7
10448 8
10449 9
10450 0
10451 1
10452 2
10453 3
10454 4
10455 5
10456 6
10457 7
10458 8
10459 9
10460 0
10461 1
10462 2
10463 3
10464 4
10465 5
10466 6
10467 7
10468 8
10469 9
10470 0
10471 1
10472 2
10473 3
10474 4
10475 5
10476 6
10477 7
10478 8
10479 9
10480 0
10481 1
10482 2
10483 3
10484 4
10485 5
10486 6
10487 7
10488 8
10489 9
10490 0
10491 1
10492 2
10493 3
10494 4
10495 5
10496 6
10497 7
10498 8
10499 9
10500 0
10501 1
10502 2
10503 3
10504 4
10505 5
10506 6
10507 7
10508 8
10509 9
10510 0
10511 1
10512 2
10513 3
10514 4
10515 5
10516 6
10517 7
10518 8
10519 9
10520 0
10521 1
10522 2
10523 3
10524 4
10525 5
10526 6
10527 7
10528 8
10529 9
10530 0
10531 1
10532 2
10533 3
10534 4
10535 5
10536 6
10537 7
10538 8
10539 9
10540 0
10541 1
10542 2
10543 3
10544 4
10545 5
10546 6
10547 7
10548 8
10549 9
10550 0
10551 1
10552 2
10553 3
10554 4
10555 5
10556 6
10557 7
10558 8
10559 9
10560 0
10561 1
10562 2
10563 3
10564 4
10565 5
10566 6
10567 7
10568 8
10569 9
10570 0
10571 1
10572 2
10573 3
10574 4
10575 5
10576 6
10577 7
10578 8
10579 9
10580 0
10581 1
10582 2
10583 3
10584 4
10585 5
10586 6
10587 7
10588 8
10589 9
10590 0
10591 1
10592 2
10593 3
10594 4
10595 5
10596 6
10597 7
10598 8
10599 9
10600 0
10601 1
10602 2
10603 3
10604 4
10605 5
10606 6
10607 7
10608 8
10609 9
10610 0
10611 1
10612 2
10613 3
10614 4
10615 5
10616 6
10617 7
10618 8
10619 9
10620 0
10621 1
10622 2
10623 3
10624 4
10625 5
10626 6
10627 7
10628 8
10629 9
10630 0
10631 1
10632 2
10633 3
10634 4
10635 5
10636 6
10637 7
10638 8
10639 9
10640 0
10641 1
10642 2
10643 3
10644 4
10645 5
10646 6
10647 7
10648 8
10649 9
10650 0
10651 1
10652 2
10653 3
10654 4
10655 5
10656 6
10657 7
10658 8
10659 9
10660 0
10661 1
10662 2
10663 3
10664 4
10665 5
10666 6
10667 7
10668 8
10669 9
10670 0
10671 1
10672 2
10673 3
10674 4
10675 5
10676 6
10677 7
10678 8
10679 9
10680 0
10681 1
10682 2
10683 3
10684 4
10685 5
10686 6
10687 7
10688 8
10689 9
10690 0
10691 1
10692 2
10693 3
10694 4
10695 5
10696 6
10697 7
10698 8
10699 9
10700 0
10701 1
10702 2
10703 3
10704 4
10705 5
10706 6
10707 7
10708 8
10709 9
10710 0
10711 1
10712 2
10713 3
10714 4
10715 5
10716 6
10717 7
10718 8
10719 9
10720 0
10721 1
10722 2
10723 3
10724 4
10725 5
10726 6
10727 7
10728 8
10729 9
10730 0
10731 1
10732 2
10733 3
10734 4
10735 5
10736 6
10737 7
10738 8
10739 9
10740 0
10741 1
10742 2
10743 3
10744 4
10745 5
10746 6
10747 7
10748 8
10749 9
10750 0
10751 1
10752 2
10753 3
10754 4
10755 5
10756 6
10757 7
10758 8
10759 9
10760 0
10761 1
10762 2
10763 3
10764 4
10765 5
10766 6
10767 7
10768 8
10769 9
10770 0
10771 1
10772 2
10773 3
10774 4
10775 5
10776 6
10777 7
10778 8
10779 9
10780 0
10781 1
10782 2
10783 3
10784 4
10785 5
10786 6
10787 7
10788 8
10789 9
10790 0
10791 1
10792 2
10793 3
10794 4
10795 5
10796 6
10797 7
10798 8
10799 9
10800 0
10801 1
10802 2
10803 3
10804 4
10805 5
10806 6
10807 7
10808 8
10809 9
10810 0
10811 1
10812 2
10813 3
10814 4
10815 5
10816 6
10817 7
10818 8
10819 9
10820 0
10821 1
10822 2
10823 3
10824 4
10825 5
10826 6
10827 7
10828 8
10829 9
10830 0
10831 1
10832 2
10833 3
10834 4
10835 5
10836 6
10837 7
10838 8
10839 9
10840 0
10841 1
10842 2
10843 3
10844 4
10845 5
10846 6
10847 7
10848 8
10849 9
10850 0
10851 1
10852 2
10853 3
10854 4
10855 5
10856 6
10857 7
10858 8
10859 9
10860 0
10861 1
10862 2
10863 3
10864 4
10865 5
10866 6
10867 7
10868 8
10869 9
10870 0
10871 1
10872 2
10873 3
10874 4
10875 5
10876 6
10877 7
10878 8
10879 9
10880 0
10881 1
10882 2
10883 3
10884 4
10885 5
10886 6
10887 7
10888 8
10889 9
10890 0
10891 1
10892 2
10893 3
10894 4
10895 5
10896 6
10897 7
10898 8
10899 9
10900 0
10901 1
10902 2
10903 3
10904 4
10905 5
10906 6
10907 7
10908 8
10909 9
10910 0
10911 1
10912 2
10913 3
10914 4
10915 5
10916 6
10917 7
10918 8
10919 9
10920 0
10921 1
10922 2
10923 3
10924 4
10925 5
10926 6
10927 7
10928 8
10929 9
10930 0
10931 1
10932 2
10933 3
10934 4
10935 5
10936 6
10937 7
10938 8
10939 9
10940 0
10941 1
10942 2
10943 3
10944 4
10945 5
10946 6
10947 7
10948 8
10949 9
10950 0
10951 1
10952 2
10953 3
10954 4
10955 5
10956 6
10957 7
10958 8
10959 9
10960 0
10961 1
10962 2
10963 3
10964 4
10965 5
10966 6
10967 7
10968 8
10969 9
10970 0
10971 1
10972 2
10973 3
10974 4
10975 5
10976 6
10977 7
10978 8
10979 9
10980 0
10981 1
10982 2
10983 3
10984 4
10985 5
10986 6
10987 7
10988 8
10989 9
10990 0
10991 1
10992 2
10993 3
10994 4
10995 5
10996 6
10997 7
10998 8
10999 9
11000 0
11001 1
11002 2
11003 3
11004 4
11005 5
11006 6
11007 7
11008 8
11009 9
11010 0
11011 1
11012 2
11013 3
11014 4
11015 5
11016 6
11017 7
11018 8
11019 9
11020 0
11021 1
11022 2
11023 3
11024 4
11025 5
11026 6
11027 7
11028 8
11029 9
11030 0
11031 1
11032 2
11033 3
11034 4
11035 5
11036 6
11037 7
11038 8
11039 9
11040 0
11041 1
11042 2
11043 3
11044 4
11045 5
11046 6
11047 7
11048 8
11049 9
11050 0
11051 1
11052 2
11053 3
11054 4
11055 5
11056 6
11057 7
11058 8
11059 9
11060 0
11061 1
11062 2
11063 3
11064 4
11065 5
11066 6
11067 7
11068 8
11069 9
11070 0
11071 1
11072 2
11073 3
11074 4
11075 5
11076 6
11077 7
11078 8
11079 9
11080 0
11081 1
11082 2
11083 3
11084 4
11085 5
11086 6
11087 7
11088 8
11089 9
11090 0
11091 1
11092 2
11093 3
11094 4
11095 5
11096 6
11097 7
11098 8
11099 9
11100 0
11101 1
11102 2
11103 3
11104 4
11105 5
11106 6
11107 7
11108 8
11109 9
11110 0
11111 1
11112 2
11113 3
11114 4
11115 5
11116 6
11117 7
11118 8
11119 9
11120 0
11121 1
11122 2
11123 3
11124 4
11125 5
11126 6
11127 7
11128 8
11129 9
11130 0
11131 1
11132 2
11133 3
11134 4
11135 5
11136 6
11137 7
11138 8
11139 9
11140 0
11141 1
11142 2
11143 3
11144 4
11145 5
11146 6
11147 7
11148 8
11149 9
11150 0
11151 1
11152 2
11153 3
11154 4
11155 5
11156 6
11157 7
11158 8
11159 9
11160 0
11161 1
11162 2
11163 3
11164 4
11165 5
11166 6
11167 7
11168 8
11169 9
11170 0
11171 1
11172 2
11173 3
11174 4
11175 5
11176 6
11177 7
11178 8
11179 9
11180 0
11181 1
11182 2
11183 3
11184 4
11185 5
11186 6
11187 7
11188 8
11189 9
11190 0
11191 1
11192 2
11193 3
11194 4
11195 5
11196 6
11197 7
11198 8
11199 9
11200 0
11201 1
11202 2
11203 3
11204 4
11205 5
11206 6
11207 7
11208 8
11209 9
11210 0
11211 1
11212 2
11213 3
11214 4
11215 5
11216 6
11217 7
11218 8
11219 9
11220 0
11221 1
11222 2
11223 3
11224 4
11225 5
11226 6
11227 7
11228 8
11229 9
11230 0
11231 1
11232 2
11233 3
11234 4
11235 5
11236 6
11237 7
11238 8
11239 9
11240 0
11241 1
11242 2
11243 3
11244 4
11245 5
11246 6
11247 7
11248 8
11249 9
11250 0
11251 1
11252 2
11253 3
11254 4
11255 5
11256 6
11257 7
11258 8
11259 9
11260 0
11261 1
11262 2
11263 3
11264 4
11265 5
11266 6
11267 7
11268 8
11269 9
11270 0
11271 1
11272 2
11273 3
11274 4
11275 5
11276 6
11277 7
11278 8
11279 9
11280 0
11281 1
11282 2
11283 3
11284 4
11285 5
11286 6
11287 7
11288 8
11289 9
11290 0
11291 1
11292 2
11293 3
11294 4
11295 5
11296 6
11297 7
11298 8
11299 9
11300 0
11301 1
11302 2
11303 3
11304 4
11305 5
11306 6
11307 7
11308 8
11309 9
11310 0
11311 1
11312 2
11313 3
11314 4
11315 5
11316 6
11317 7
11318 8
11319 9
11320 0
11321 1
11322 2
11323 3
11324 4
11325 5
11326 6
11327 7
11328 8
11329 9
11330 0
11331 1
11332 2
11333 3
11334 4
11335 5
11336 6
11337 7
11338 8
11339 9
11340 0
11341 1
11342 2
11343 3
11344 4
11345 5
11346 6
11347 7
11348 8
11349 9
11350 0
11351 1
11352 2
11353 3
11354 4
11355 5
11356 6
11357 7
11358 8
11359 9
11360 0
11361 1
11362 2
11363 3
11364 4
11365 5
11366 6
11367 7
11368 8
11369 9
11370 0
11371 1
11372 2
11373 3
11374 4
11375 5
11376 6
11377 7
11378 8
11379 9
11380 0
11381 1
11382 2
11383 3
11384 4
11385 5
11386 6
11387 7
11388 8
11389 9
11390 0
11391 1
11392 2
11393 3
11394 4
11395 5
11396 6
11397 7
11398 8
11399 9
11400 0
11401 1
11402 2
11403 3
11404 4
11405 5
11406 6
11407 7
11408 8
11409 9
11410 0
11411 1
11412 2
11413 3
11414 4
11415 5
11416 6
11417 7
11418 8
11419 9
11420 0
11421 1
11422 2
11423 3
11424 4
11425 5
11426 6
11427 7
11428 8
11429 9
11430 0
11431 1
11432 2
11433 3
11434 4
11435 5
11436 6
11437 7
11438 8
11439 9
11440 0
11441 1
11442 2
11443 3
11444 4
11445 5
11446 6
11447 7
11448 8
11449 9
11450 0
11451 1
11452 2
11453 3
11454 4
11455 5
11456 6
11457 7
11458 8
11459 9
11460 0
11461 1
11462 2
11463 3
11464 4
11465 5
11466 6
11467 7
11468 8
11469 9
11470 0
11471 1
11472 2
11473 3
11474 4
11475 5
11476 6
11477 7
11478 8
11479 9
11480 0
11481 1
11482 2
11483 3
11484 4
11485 5
11486 6
11487 7
11488 8
11489 9
11490 0
11491 1
11492 2
11493 3
11494 4
11495 5
11496 6
11497 7
11498 8
11499 9
11500 0
11501 1
11502 2
11503 3
11504 4
11505 5
11506 6
11507 7
11508 8
11509 9
11510 0
11511 1
11512 2
11513 3
11514 4
11515 5
11516 6
11517 7
11518 8
11519 9
11520 0
11521 1
11522 2
11523 3
11524 4
11525 5
11526 6
11527 7
11528 8
11529 9
11530 0
11531 1
11532 2
11533 3
11534 4
11535 5
11536 6
11537 7
11538 8
11539 9
11540 0
11541 1
11542 2
11543 3
11544 4
11545 5
11546 6
11547 7
11548 8
11549 9
11550 0
11551 1
11552 2
11553 3
11554 4
11555 5
11556 6
11557 7
11558 8
11559 9
11560 0
11561 1
11562 2
11563 3
11564 4
11565 5
11566 6
11567 7
11568 8
11569 9
11570 0
11571 1
11572 2
11573 3
11574 4
11575 5
11576 6
11577 7
11578 8
11579 9
11580 0
11581 1
11582 2
11583 3
11584 4
11585 5
11586 6
11587 7
11588 8
11589 9
11590 0
11591 1
11592 2
11593 3
11594 4
11595 5
11596 6
11597 7
11598 8
11599 9
11600 0
11601 1
11602 2
11603 3
11604 4
11605 5
11606 6
11607 7
11608 8
11609 9
11610 0
11611 1
11612 2
11613 3
11614 4
11615 5
11616 6
11617 7
11618 8
11619 9
11620 0
11621 1
11622 2
11623 3
11624 4
11625 5
11626 6
11627 7
11628 8
11629 9
11630 0
11631 1
11632 2
11633 3
11634 4
11635 5
11636 6
11637 7
11638 8
11639 9
11640 0
11641 1
11642 2
11643 3
11644 4
11645 5
11646 6
11647 7
11648 8
11649 9
11650 0
11651 1
11652 2
11653 3
11654 4
11655 5
11656 6
11657 7
11658 8
11659 9
11660 0
11661 1
11662 2
11663 3
11664 4
11665 5
11666 6
11667 7
11668 8
11669 9
11670 0
11671 1
11672 2
11673 3
11674 4
11675 5
11676 6
11677 7
11678 8
11679 9
11680 0
11681 1
11682 2
11683 3
11684 4
11685 5
11686 6
11687 7
11688 8
11689 9
11690 0
11691 1
11692 2
11693 3
11694 4
11695 5
11696 6
11697 7
11698 8
11699 9
11700 0
11701 1
11702 2
11703 3
11704 4
11705 5
11706 6
11707 7
11708 8
11709 9
11710 0
11711 1
11712 2
11713 3
11714 4
11715 5
11716 6
11717 7
11718 8
11719 9
11720 0
11721 1
11722 2
11723 3
11724 4
11725 5
11726 6
11727 7
11728 8
11729 9
11730 0
11731 1
11732 2
11733 3
11734 4
11735 5
11736 6
11737 7
11738 8
11739 9
11740 0
11741 1
11742 2
11743 3
11744 4
11745 5
11746 6
11747 7
11748 8
11749 9
11750 0
11751 1
11752 2
11753 3
11754 4
11755 5
11756 6
11757 7
11758 8
11759 9
11760 0
11761 1
11762 2
11763 3
11764 4
11765 5
11766 6
11767 7
11768 8
11769 9
11770 0
11771 1
11772 2
11773 3
11774 4
11775 5
11776 6
11777 7
11778 8
11779 9
11780 0
11781 1
11782 2
11783 3
11784 4
11785 5
11786 6
11787 7
11788 8
11789 9
11790 0
11791 1
11792 2
11793 3
11794 4
11795 5
11796 6
11797 7
11798 8
11799 9
11800 0
11801 1
11802 2
11803 3
11804 4
11805 5
11806 6
11807 7
11808 8
11809 9
11810 0
11811 1
11812 2
11813 3
11814 4
11815 5
11816 6
11817 7
11818 8
11819 9
11820 0
11821 1
11822 2
11823 3
11824 4
11825 5
11826 6
11827 7
11828 8
11829 9
11830 0
11831 1
11832 2
11833 3
11834 4
11835 5
11836 6
11837 7
11838 8
11839 9
11840 0
11841 1
11842 2
11843 3
11844 4
11845 5
11846 6
11847 7
11848 8
11849 9
11850 0
11851 1
11852 2
11853 3
11854 4
11855 5
11856 6
11857 7
11858 8
11859 9
11860 0
11861 1
11862 2
11863 3
11864 4
11865 5
11866 6
11867 7
11868 8
11869 9
11870 0
11871 1
11872 2
11873 3
11874 4
11875 5
11876 6
11877 7
11878 8
11879 9
11880 0
11881 1
11882 2
11883 3
11884 4
11885 5
11886 6
11887 7
11888 8
11889 9
11890 0
11891 1
11892 2
11893 3
11894 4
11895 5
11896 6
11897 7
11898 8
11899 9
11900 0
11901 1
11902 2
11903 3
11904 4
11905 5
11906 6
11907 7
11908 8
11909 9
11910 0
11911 1
11912 2
11913 3
11914 4
11915 5
11916 6
11917 7
11918 8
11919 9
11920 0
11921 1
11922 2
11923 3
11924 4
11925 5
11926 6
11927 7
11928 8
11929 9
11930 0
11931 1
11932 2
11933 3
11934 4
11935 5
11936 6
11937 7
11938 8
11939 9
11940 0
11941 1
11942 2
11943 3
11944 4
11945 5
11946 6
11947 7
11948 8
11949 9
11950 0
11951 1
11952 2
11953 3
11954 4
11955 5
11956 6
11957 7
11958 8
11959 9
11960 0
11961 1
11962 2
11963 3
11964 4
11965 5
11966 6
11967 7
11968 8
11969 9
11970 0
11971 1
11972 2
11973 3
11974 4
11975 5
11976 6
11977 7
11978 8
11979 9
11980 0
11981 1
11982 2
11983 3
11984 4
11985 5
11986 6
11987 7
11988 8
11989 9
11990 0
11991 1
11992 2
11993 3
11994 4
11995 5
11996 6
11997 7
11998 8
11999 9
12000 0
12001 1
12002 2
12003 3
12004 4
12005 5
12006 6
12007 7
12008 8
12009 9
12010 0
12011 1
12012 2
12013 3
12014 4
12015 5
12016 6
12017 7
12018 8
12019 9
12020 0
12021 1
12022 2
12023 3
12024 4
12025 5
12026 6
12027 7
12028 8
12029 9
12030 0
12031 1
12032 2
12033 3
12034 4
12035 5
12036 6
12037 7
12038 8
12039 9
12040 0
12041 1
12042 2
12043 3
12044 4
12045 5
12046 6
12047 7
12048 8
12049 9
12050 0
12051 1
12052 2
12053 3
12054 4
12055 5
12056 6
12057 7
12058 8
12059 9
12060 0
12061 1
12062 2
12063 3
12064 4
12065 5
12066 6
12067 7
12068 8
12069 9
12070 0
12071 1
12072 2
12073 3
12074 4
12075 5
12076 6
12077 7
12078 8
12079 9
12080 0
12081 1
12082 2
12083 3
12084 4
12085 5
12086 6
12087 7
12088 8
12089 9
12090 0
12091 1
12092 2
12093 3
12094 4
12095 5
12096 6
12097 7
12098 8
12099 9
12100 0
12101 1
12102 2
12103 3
12104 4
12105 5
12106 6
12107 7
12108 8
12109 9
12110 0
12111 1
12112 2
12113 3
12114 4
12115 5
12116 6
12117 7
12118 8
12119 9
12120 0
12121 1
12122 2
12123 3
12124 4
12125 5
12126 6
12127 7
12128 8
12129 9
12130 0
12131 1
12132 2
12133 3
12134 4
12135 5
12136 6
12137 7
12138 8
12139 9
12140 0
12141 1
12142 2
12143 3
12144 4
12145 5
12146 6
12147 7
12148 8
12149 9
12150 0
12151 1
12152 2
12153 3
12154 4
12155 5
12156 6
12157 7
12158 8
12159 9
12160 0
12161 1
12162 2
12163 3
12164 4
12165 5
12166 6
12167 7
12168 8
12169 9
12170 0
12171 1
12172 2
12173 3
12174 4
12175 5
12176 6
12177 7
12178 8
12179 9
12180 0
12181 1
12182 2
12183 3
12184 4
12185 5
12186 6
12187 7
12188 8
12189 9
12190 0
12191 1
12192 2
12193 3
12194 4
12195 5
12196 6
12197 7
12198 8
12199 9
12200 0
12201 1
12202 2
12203 3
12204 4
12205 5
12206 6
12207 7
12208 8
12209 9
12210 0
12211 1
12212 2
12213 3
12214 4
12215 5
12216 6
12217 7
12218 8
12219 9
12220 0
12221 1
12222 2
12223 3
12224 4
12225 5
12226 6
12227 7
12228 8
12229 9
12230 0
12231 1
12232 2
12233 3
12234 4
12235 5
12236 6
12237 7
12238 8
12239 9
12240 0
12241 1
12242 2
12243 3
12244 4
12245 5
12246 6
12247 7
12248 8
12249 9
12250 0
12251 1
12252 2
12253 3
12254 4
12255 5
12256 6
12257 7
12258 8
12259 9
12260 0
12261 1
12262 2
12263 3
12264 4
12265 5
12266 6
12267 7
12268 8
12269 9
12270 0
12271 1
12272 2
12273 3
12274 4
12275 5
12276 6
12277 7
12278 8
12279 9
12280 0
12281 1
12282 2
12283 3
12284 4
12285 5
12286 6
12287 7
12288 8
12289 9
12290 0
12291 1
12292 2
12293 3
12294 4
12295 5
12296 6
12297 7
12298 8
12299 9
12300 0
12301 1
12302 2
12303 3
12304 4
12305 5
12306 6
12307 7
12308 8
12309 9
12310 0
12311 1
12312 2
12313 3
12314 4
12315 5
12316 6
12317 7
12318 8
12319 9
12320 0
12321 1
12322 2
12323 3
12324 4
12325 5
12326 6
12327 7
12328 8
12329 9
12330 0
12331 1
12332 2
12333 3
12334 4
12335 5
12336 6
12337 7
12338 8
12339 9
12340 0
12341 1
12342 2
12343 3
12344 4
12345 5
12346 6
12347 7
12348 8
12349 9
12350 0
12351 1
12352 2
12353 3
12354 4
12355 5
12356 6
12357 7
12358 8
12359 9
12360 0
12361 1
12362 2
12363 3
12364 4
12365 5
12366 6
12367 7
12368 8
12369 9
12370 0
12371 1
12372 2
12373 3
12374 4
12375 5
12376 6
12377 7
12378 8
12379 9
12380 0
12381 1
12382 2
12383 3
12384 4
12385 5
12386 6
12387 7
12388 8
12389 9
12390 0
12391 1
12392 2
12393 3
12394 4
12395 5
12396 6
12397 7
12398 8
12399 9
12400 0
12401 1
12402 2
12403 3
12404 4
12405 5
12406 6
12407 7
12408 8
12409 9
12410 0
12411 1
12412 2
12413 3
12414 4
12415 5
12416 6
12417 7
12418 8
12419 9
12420 0
12421 1
12422 2
12423 3
12424 4
12425 5
12426 6
12427 7
12428 8
12429 9
12430 0
12431 1
12432 2
12433 3
12434 4
12435 5
12436 6
12437 7
12438 8
12439 9
12440 0
12441 1
12442 2
12443 3
12444 4
12445 5
12446 6
12447 7
12448 8
12449 9
12450 0
12451 1
12452 2
12453 3
12454 4
12455 5
12456 6
12457 7
12458 8
12459 9
12460 0
12461 1
12462 2
12463 3
12464 4
12465 5
12466 6
12467 7
12468 8
12469 9
12470 0
12471 1
12472 2
12473 3
12474 4
12475 5
12476 6
12477 7
12478 8
12479 9
12480 0
12481 1
12482 2
12483 3
12484 4
12485 5
12486 6
12487 7
12488 8
12489 9
12490 0
12491 1
12492 2
12493 3
12494 4
12495 5
12496 6
12497 7
12498 8
12499 9
12500 0
12501 1
12502 2
12503 3
12504 4
12505 5
12506 6
12507 7
12508 8
12509 9
12510 0
12511 1
12512 2
12513 3
12514 4
12515 5
12516 6
12517 7
12518 8
12519 9
12520 0
12521 1
12522 2
12523 3
12524 4
12525 5
12526 6
12527 7
12528 8
12529 9
12530 0
12531 1
12532 2
12533 3
12534 4
12535 5
12536 6
12537 7
12538 8
12539 9
12540 0
12541 1
12542 2
12543 3
12544 4
12545 5
12546 6
12547 7
12548 8
12549 9
12550 0
12551 1
12552 2
12553 3
12554 4
12555 5
12556 6
12557 7
12558 8
12559 9
12560 0
12561 1
12562 2
12563 3
12564 4
12565 5
12566 6
12567 7
12568 8
12569 9
12570 0
12571 1
12572 2
12573 3
12574 4
12575 5
12576 6
12577 7
12578 8
12579 9
12580 0
12581 1
12582 2
12583 3
12584 4
12585 5
12586 6
12587 7
12588 8
12589 9
12590 0
12591 1
12592 2
12593 3
12594 4
12595 5
12596 6
12597 7
12598 8
12599 9
12600 0
12601 1
12602 2
12603 3
12604 4
12605 5
12606 6
12607 7
12608 8
12609 9
12610 0
12611 1
12612 2
12613 3
12614 4
12615 5
12616 6
12617 7
12618 8
12619 9
12620 0
12621 1
12622 2
12623 3
12624 4
12625 5
12626 6
12627 7
12628 8
12629 9
12630 0
12631 1
12632 2
12633 3
12634 4
12635 5
12636 6
12637 7
12638 8
12639 9
12640 0
12641 1
12642 2
12643 3
12644 4
12645 5
12646 6
12647 7
12648 8
12649 9
12650 0
12651 1
12652 2
12653 3
12654 4
12655 5
12656 6
12657 7
12658 8
12659 9
12660 0
12661 1
12662 2
12663 3
12664 4
12665 5
12666 6
12667 7
12668 8
12669 9
12670 0
12671 1
12672 2
12673 3
12674 4
12675 5
12676 6
12677 7
12678 8
12679 9
12680 0
12681 1
12682 2
12683 3
12684 4
12685 5
12686 6
12687 7
12688 8
12689 9
12690 0
12691 1
12692 2
12693 3
12694 4
12695 5
12696 6
12697 7
12698 8
12699 9
12700 0
12701 1
12702 2
12703 3
12704 4
12705 5
12706 6
12707 7
12708 8
12709 9
12710 0
12711 1
12712 2
12713 3
12714 4
12715 5
12716 6
12717 7
12718 8
12719 9
12720 0
12721 1
12722 2
12723 3
12724 4
12725 5
12726 6
12727 7
12728 8
12729 9
12730 0
12731 1
12732 2
12733 3
12734 4
12735 5
12736 6
12737 7
12738 8
12739 9
12740 0
12741 1
12742 2
12743 3
12744 4
12745 5
12746 6
12747 7
12748 8
12749 9
12750 0
12751 1
12752 2
12753 3
12754 4
12755 5
12756 6
12757 7
12758 8
12759 9
12760 0
12761 1
12762 2
12763 3
12764 4
12765 5
12766 6
12767 7
12768 8
12769 9
12770 0
12771 1
12772 2
12773 3
12774 4
12775 5
12776 6
12777 7
12778 8
12779 9
12780 0
12781 1
12782 2
12783 3
12784 4
12785 5
12786 6
12787 7
12788 8
12789 9
12790 0
12791 1
12792 2
12793 3
12794 4
12795 5
12796 6
12797 7
12798 8
12799 9
12800 0
12801 1
12802 2
12803 3
12804 4
12805 5
12806 6
12807 7
12808 8
12809 9
12810 0
12811 1
12812 2
12813 3
12814 4
12815 5
12816 6
12817 7
12818 8
12819 9
12820 0
12821 1
12822 2
12823 3
12824 4
12825 5
12826 6
12827 7
12828 8
12829 9
12830 0
12831 1
12832 2
12833 3
12834 4
12835 5
12836 6
12837 7
12838 8
12839 9
12840 0
12841 1
12842 2
12843 3
12844 4
12845 5
12846 6
12847 7
12848 8
12849 9
12850 0
12851 1
12852 2
12853 3
12854 4
12855 5
12856 6
12857 7
12858 8
12859 9
12860 0
12861 1
12862 2
12863 3
12864 4
12865 5
12866 6
12867 7
12868 8
12869 9
12870 0
12871 1
12872 2
12873 3
12874 4
12875 5
12876 6
12877 7
12878 8
12879 9
12880 0
12881 1
12882 2
12883 3
12884 4
12885 5
12886 6
12887 7
12888 8
12889 9
12890 0
12891 1
12892 2
12893 3
12894 4
12895 5
12896 6
12897 7
12898 8
12899 9
12900 0
12901 1
12902 2
12903 3
12904 4
12905 5
12906 6
12907 7
12908 8
12909 9
12910 0
12911 1
12912 2
12913 3
12914 4
12915 5
12916 6
12917 7
12918 8
12919 9
12920 0
12921 1
12922 2
12923 3
12924 4
12925 5
12926 6
12927 7
12928 8
12929 9
12930 0
12931 1
12932 2
12933 3
12934 4
12935 5
12936 6
12937 7
12938 8
12939 9
12940 0
12941 1
12942 2
12943 3
12944 4
12945 5
12946 6
12947 7
12948 8
12949 9
12950 0
12951 1
12952 2
12953 3
12954 4
12955 5
12956 6
12957 7
12958 8
12959 9
12960 0
12961 1
12962 2
12963 3
12964 4
12965 5
12966 6
12967 7
12968 8
12969 9
12970 0
12971 1
12972 2
12973 3
12974 4
12975 5
12976 6
12977 7
12978 8
12979 9
12980 0
12981 1
12982 2
12983 3
12984 4
12985 5
12986 6
12987 7
12988 8
12989 9
12990 0
12991 1
12992 2
12993 3
12994 4
12995 5
12996 6
12997 7
12998 8
12999 9
13000 0
13001 1
13002 2
13003 3
13004 4
13005 5
13006 6
13007 7
13008 8
13009 9
13010 0
13011 1
13012 2
13013 3
13014 4
13015 5
13016 6
13017 7
13018 8
13019 9
13020 0
13021 1
13022 2
13023 3
13024 4
13025 5
13026 6
13027 7
13028 8
13029 9
13030 0
13031 1
13032 2
13033 3
13034 4
13035 5
13036 6
13037 7
13038 8
13039 9
13040 0
13041 1
13042 2
13043 3
13044 4
13045 5
13046 6
13047 7
13048 8
13049 9
13050 0
13051 1
13052 2
13053 3
13054 4
13055 5
13056 6
13057 7
13058 8
13059 9
13060 0
13061 1
13062 2
13063 3
13064 4
13065 5
13066 6
13067 7
13068 8
13069 9
13070 0
13071 1
13072 2
13073 3
13074 4
13075 5
13076 6
13077 7
13078 8
13079 9
13080 0
13081 1
13082 2
13083 3
13084 4
13085 5
13086 6
13087 7
13088 8
13089 9
13090 0
13091 1
13092 2
13093 3
13094 4
13095 5
13096 6
13097 7
13098 8
13099 9
13100 0
13101 1
13102 2
13103 3
13104 4
13105 5
13106 6
13107 7
13108 8
13109 9
13110 0
13111 1
13112 2
13113 3
13114 4
13115 5
13116 6
13117 7
13118 8
13119 9
13120 0
13121 1
13122 2
13123 3
13124 4
13125 5
13126 6
13127 7
13128 8
13129 9
13130 0
13131 1
13132 2
13133 3
13134 4
13135 5
13136 6
13137 7
13138 8
13139 9
13140 0
13141 1
13142 2
13143 3
13144 4
13145 5
13146 6
13147 7
13148 8
13149 9
13150 0
13151 1
13152 2
13153 3
13154 4
13155 5
13156 6
13157 7
13158 8
13159 9
13160 0
13161 1
13162 2
13163 3
13164 4
13165 5
13166 6
13167 7
13168 8
13169 9
13170 0
13171 1
13172 2
13173 3
13174 4
13175 5
13176 6
13177 7
13178 8
13179 9
13180 0
13181 1
13182 2
13183 3
13184 4
13185 5
13186 6
13187 7
13188 8
13189 9
13190 0
13191 1
13192 2
13193 3
13194 4
13195 5
13196 6
13197 7
13198 8
13199 9
13200 0
13201 1
13202 2
13203 3
13204 4
13205 5
13206 6
13207 7
13208 8
13209 9
13210 0
13211 1
13212 2
13213 3
13214 4
13215 5
13216 6
13217 7
13218 8
13219 9
13220 0
13221 1
13222 2
13223 3
13224 4
13225 5
13226 6
13227 7
13228 8
13229 9
13230 0
13231 1
13232 2
13233 3
13234 4
13235 5
13236 6
13237 7
13238 8
13239 9
13240 0
13241 1
13242 2
13243 3
13244 4
13245 5
13246 6
13247 7
13248 8
13249 9
13250 0
13251 1
13252 2
13253 3
13254 4
13255 5
13256 6
13257 7
13258 8
13259 9
13260 0
13261 1
13262 2
13263 3
13264 4
13265 5
13266 6
13267 7
13268 8
13269 9
13270 0
13271 1
13272 2
13273 3
13274 4
13275 5
13276 6
13277 7
13278 8
13279 9
13280 0
13281 1
13282 2
13283 3
13284 4
13285 5
13286 6
13287 7
13288 8
13289 9
13290 0
13291 1
13292 2
13293 3
13294 4
13295 5
13296 6
13297 7
13298 8
13299 9
13300 0
13301 1
13302 2
13303 3
13304 4
13305 5
13306 6
13307 7
13308 8
13309 9
13310 0
13311 1
13312 2
13313 3
13314 4
13315 5
13316 6
13317 7
13318 8
13319 9
13320 0
13321 1
13322 2
13323 3
13324 4
13325 5
13326 6
13327 7
13328 8
13329 9
13330 0
13331 1
13332 2
13333 3
13334 4
13335 5
13336 6
13337 7
13338 8
13339 9
13340 0
13341 1
13342 2
13343 3
13344 4
13345 5
13346 6
13347 7
13348 8
13349 9
13350 0
13351 1
13352 2
13353 3
13354 4
13355 5
13356 6
13357 7
13358 8
13359 9
13360 0
13361 1
13362 2
13363 3
13364 4
13365 5
13366 6
13367 7
13368 8
13369 9
13370 0
13371 1
13372 2
13373 3
13374 4
13375 5
13376 6
13377 7
13378 8
13379 9
13380 0
13381 1
13382 2
13383 3
13384 4
13385 5
13386 6
13387 7
13388 8
13389 9
13390 0
13391 1
13392 2
13393 3
13394 4
13395 5
13396 6
13397 7
13398 8
13399 9
13400 0
13401 1
13402 2
13403 3
13404 4
13405 5
13406 6
13407 7
13408 8
13409 9
13410 0
13411 1
13412 2
13413 3
13414 4
13415 5
13416 6
13417 7
13418 8
13419 9
13420 0
13421 1
13422 2
13423 3
13424 4
13425 5
13426 6
13427 7
13428 8
13429 9
13430 0
13431 1
13432 2
13433 3
13434 4
13435 5
13436 6
13437 7
13438 8
13439 9
13440 0
13441 1
13442 2
13443 3
13444 4
13445 5
13446 6
13447 7
13448 8
13449 9
13450 0
13451 1
13452 2
13453 3
13454 4
13455 5
13456 6
13457 7
13458 8
13459 9
13460 0
13461 1
13462 2
13463 3
13464 4
13465 5
13466 6
13467 7
13468 8
13469 9
13470 0
13471 1
13472 2
13473 3
13474 4
13475 5
13476 6
13477 7
13478 8
13479 9
13480 0
13481 1
13482 2
13483 3
13484 4
13485 5
13486 6
13487 7
13488 8
13489 9
13490 0
13491 1
13492 2
13493 3
13494 4
13495 5
13496 6
13497 7
13498 8
13499 9
13500 0
13501 1
13502 2
13503 3
13504 4
13505 5
13506 6
13507 7
13508 8
13509 9
13510 0
13511 1
13512 2
13513 3
13514 4
13515 5
13516 6
13517 7
13518 8
13519 9
13520 0
13521 1
13522 2
13523 3
13524 4
13525 5
13526 6
13527 7
13528 8
13529 9
13530 0
13531 1
13532 2
13533 3
13534 4
13535 5
13536 6
13537 7
13538 8
13539 9
13540 0
13541 1
13542 2
13543 3
13544 4
13545 5
13546 6
13547 7
13548 8
13549 9
13550 0
13551 1
13552 2
13553 3
13554 4
13555 5
13556 6
13557 7
13558 8
13559 9
13560 0
13561 1
13562 2
13563 3
13564 4
13565 5
13566 6
13567 7
13568 8
13569 9
13570 0
13571 1
13572 2
13573 3
13574 4
13575 5
13576 6
13577 7
13578 8
13579 9
13580 0
13581 1
13582 2
13583 3
13584 4
13585 5
13586 6
13587 7
13588 8
13589 9
13590 0
13591 1
13592 2
13593 3
13594 4
13595 5
13596 6
13597 7
13598 8
13599 9
13600 0
13601 1
13602 2
13603 3
13604 4
13605 5
13606 6
13607 7
13608 8
13609 9
13610 0
13611 1
13612 2
13613 3
13614 4
13615 5
13616 6
13617 7
13618 8
13619 9
13620 0
13621 1
13622 2
13623 3
13624 4
13625 5
13626 6
13627 7
13628 8
13629 9
13630 0
13631 1
13632 2
13633 3
13634 4
13635 5
13636 6
13637 7
13638 8
13639 9
13640 0
13641 1
13642 2
13643 3
13644 4
13645 5
13646 6
13647 7
13648 8
13649 9
13650 0
13651 1
13652 2
13653 3
13654 4
13655 5
13656 6
13657 7
13658 8
13659 9
13660 0
13661 1
13662 2
13663 3
13664 4
13665 5
13666 6
13667 7
13668 8
13669 9
13670 0
13671 1
13672 2
13673 3
13674 4
13675 5
13676 6
13677 7
13678 8
13679 9
13680 0
13681 1
13682 2
13683 3
13684 4
13685 5
13686 6
13687 7
13688 8
13689 9
13690 0
13691 1
13692 2
13693 3
13694 4
13695 5
13696 6
13697 7
13698 8
13699 9
13700 0
13701 1
13702 2
13703 3
13704 4
13705 5
13706 6
13707 7
13708 8
13709 9
13710 0
13711 1
13712 2
13713 3
13714 4
13715 5
13716 6
13717 7
13718 8
13719 9
13720 0
13721 1
13722 2
13723 3
13724 4
13725 5
13726 6
13727 7
13728 8
13729 9
13730 0
13731 1
13732 2
13733 3
13734 4
13735 5
13736 6
13737 7
13738 8
13739 9
13740 0
13741 1
13742 2
13743 3
13744 4
13745 5
13746 6
13747 7
13748 8
13749 9
13750 0
13751 1
13752 2
13753 3
13754 4
13755 5
13756 6
13757 7
13758 8
13759 9
13760 0
13761 1
13762 2
13763 3
13764 4
13765 5
13766 6
13767 7
13768 8
13769 9
13770 0
13771 1
13772 2
13773 3
13774 4
13775 5
13776 6
13777 7
13778 8
13779 9
13780 0
13781 1
13782 2
13783 3
13784 4
13785 5
13786 6
13787 7
13788 8
13789 9
13790 0
13791 1
13792 2
13793 3
13794 4
13795 5
13796 6
13797 7
13798 8
13799 9
13800 0
13801 1
13802 2
13803 3
13804 4
13805 5
13806 6
13807 7
13808 8
13809 9
13810 0
13811 1
13812 2
13813 3
13814 4
13815 5
13816 6
13817 7
13818 8
13819 9
13820 0
13821 1
13822 2
13823 3
13824 4
13825 5
13826 6
13827 7
13828 8
13829 9
13830 0
13831 1
13832 2
13833 3
13834 4
13835 5
13836 6
13837 7
13838 8
13839 9
13840 0
13841 1
13842 2
13843 3
13844 4
13845 5
13846 6
13847 7
13848 8
13849 9
13850 0
13851 1
13852 2
13853 3
13854 4
13855 5
13856 6
13857 7
13858 8
13859 9
13860 0
13861 1
13862 2
13863 3
13864 4
13865 5
13866 6
13867 7
13868 8
13869 9
13870 0
13871 1
13872 2
13873 3
13874 4
13875 5
13876 6
13877 7
13878 8
13879 9
13880 0
13881 1
13882 2
13883 3
13884 4
13885 5
13886 6
13887 7
13888 8
13889 9
13890 0
13891 1
13892 2
13893 3
13894 4
13895 5
13896 6
13897 7
13898 8
13899 9
13900 0
13901 1
13902 2
13903 3
13904 4
13905 5
13906 6
13907 7
13908 8
13909 9
13910 0
13911 1
13912 2
13913 3
13914 4
13915 5
13916 6
13917 7
13918 8
13919 9
13920 0
13921 1
13922 2
13923 3
13924 4
13925 5
13926 6
13927 7
13928 8
13929 9
13930 0
13931 1
13932 2
13933 3
13934 4
13935 5
13936 6
13937 7
13938 8
13939 9
13940 0
13941 1
13942 2
13943 3
13944 4
13945 5
13946 6
13947 7
13948 8
13949 9
13950 0
13951 1
13952 2
13953 3
13954 4
13955 5
13956 6
13957 7
13958 8
13959 9
13960 0
13961 1
13962 2
13963 3
13964 4
13965 5
13966 6
13967 7
13968 8
13969 9
13970 0
13971 1
13972 2
13973 3
13974 4
13975 5
13976 6
13977 7
13978 8
13979 9
13980 0
13981 1
13982 2
13983 3
13984 4
13985 5
13986 6
13987 7
13988 8
13989 9
13990 0
13991 1
13992 2
13993 3
13994 4
13995 5
13996 6
13997 7
13998 8
13999 9
14000 0
14001 1
14002 2
14003 3
14004 4
14005 5
14006 6
14007 7
14008 8
14009 9
14010 0
14011 1
14012 2
14013 3
14014 4
14015 5
14016 6
14017 7
14018 8
14019 9
14020 0
14021 1
14022 2
14023 3
14024 4
14025 5
14026 6
14027 7
14028 8
14029 9
14030 0
14031 1
14032 2
14033 3
14034 4
14035 5
14036 6
14037 7
14038 8
14039 9
14040 0
14041 1
14042 2
14043 3
14044 4
14045 5
14046 6
14047 7
14048 8
14049 9
14050 0
14051 1
14052 2
14053 3
14054 4
14055 5
14056 6
14057 7
14058 8
14059 9
14060 0
14061 1
14062 2
14063 3
14064 4
14065 5
14066 6
14067 7
14068 8
14069 9
14070 0
14071 1
14072 2
14073 3
14074 4
14075 5
14076 6
14077 7
14078 8
14079 9
14080 0
14081 1
14082 2
14083 3
14084 4
14085 5
14086 6
14087 7
14088 8
14089 9
14090 0
14091 1
14092 2
14093 3
14094 4
14095 5
14096 6
14097 7
14098 8
14099 9
14100 0
14101 1
14102 2
14103 3
14104 4
14105 5
14106 6
14107 7
14108 8
14109 9
14110 0
14111 1
14112 2
14113 3
14114 4
14115 5
14116 6
14117 7
14118 8
14119 9
14120 0
14121 1
14122 2
14123 3
14124 4
14125 5
14126 6
14127 7
14128 8
14129 9
14130 0
14131 1
14132 2
14133 3
14134 4
14135 5
14136 6
14137 7
14138 8
14139 9
14140 0
14141 1
14142 2
14143 3
14144 4
14145 5
14146 6
14147 7
14148 8
14149 9
14150 0
14151 1
14152 2
14153 3
14154 4
14155 5
14156 6
14157 7
14158 8
14159 9
14160 0
14161 1
14162 2
14163 3
14164 4
14165 5
14166 6
14167 7
14168 8
14169 9
14170 0
14171 1
14172 2
14173 3
14174 4
14175 5
14176 6
14177 7
14178 8
14179 9
14180 0
14181 1
14182 2
14183 3
14184 4
14185 5
14186 6
14187 7
14188 8
14189 9
14190 0
14191 1
14192 2
14193 3
14194 4
14195 5
14196 6
14197 7
14198 8
14199 9
14200 0
14201 1
14202 2
14203 3
14204 4
14205 5
14206 6
14207 7
14208 8
14209 9
14210 0
14211 1
14212 2
14213 3
14214 4
14215 5
14216 6
14217 7
14218 8
14219 9
14220 0
14221 1
14222 2
14223 3
14224 4
14225 5
14226 6
14227 7
14228 8
14229 9
14230 0
14231 1
14232 2
14233 3
14234 4
14235 5
14236 6
14237 7
14238 8
14239 9
14240 0
14241 1
14242 2
14243 3
14244 4
14245 5
14246 6
14247 7
14248 8
14249 9
14250 0
14251 1
14252 2
14253 3
14254 4
14255 5
14256 6
14257 7
14258 8
14259 9
14260 0
14261 1
14262 2
14263 3
14264 4
14265 5
14266 6
14267 7
14268 8
14269 9
14270 0
14271 1
14272 2
14273 3
14274 4
14275 5
14276 6
14277 7
14278 8
14279 9
14280 0
14281 1
14282 2
14283 3
14284 4
14285 5
14286 6
14287 7
14288 8
14289 9
14290 0
14291 1
14292 2
14293 3
14294 4
14295 5
14296 6
14297 7
14298 8
14299 9
14300 0
14301 1
14302 2
14303 3
14304 4
14305 5
14306 6
14307 7
14308 8
14309 9
14310 0
14311 1
14312 2
14313 3
14314 4
14315 5
14316 6
14317 7
14318 8
14319 9
14320 0
14321 1
14322 2
14323 3
14324 4
14325 5
14326 6
14327 7
14328 8
14329 9
14330 0
14331 1
14332 2
14333 3
14334 4
14335 5
14336 6
14337 7
14338 8
14339 9
14340 0
14341 1
14342 2
14343 3
14344 4
14345 5
14346 6
14347 7
14348 8
14349 9
14350 0
14351 1
14352 2
14353 3
14354 4
14355 5
14356 6
14357 7
14358 8
14359 9
14360 0
14361 1
14362 2
14363 3
14364 4
14365 5
14366 6
14367 7
14368 8
14369 9
14370 0
14371 1
14372 2
14373 3
14374 4
14375 5
14376 6
14377 7
14378 8
14379 9
14380 0
14381 1
14382 2
14383 3
14384 4
14385 5
14386 6
14387 7
14388 8
14389 9
14390 0
14391 1
14392 2
14393 3
14394 4
14395 5
14396 6
14397 7
14398 8
14399 9
14400 0
14401 1
14402 2
14403 3
14404 4
14405 5
14406 6
14407 7
14408 8
14409 9
14410 0
14411 1
14412 2
14413 3
14414 4
14415 5
14416 6
14417 7
14418 8
14419 9
14420 0
14421 1
14422 2
14423 3
14424 4
14425 5
14426 6
14427 7
14428 8
14429 9
14430 0
14431 1
14432 2
14433 3
14434 4
14435 5
14436 6
14437 7
14438 8
14439 9
14440 0
14441 1
14442 2
14443 3
14444 4
14445 5
14446 6
14447 7
14448 8
14449 9
14450 0
14451 1
14452 2
14453 3
14454 4
14455 5
14456 6
14457 7
14458 8
14459 9
14460 0
14461 1
14462 2
14463 3
14464 4
14465 5
14466 6
14467 7
14468 8
14469 9
14470 0
14471 1
14472 2
14473 3
14474 4
14475 5
14476 6
14477 7
14478 8
14479 9
14480 0
14481 1
14482 2
14483 3
14484 4
14485 5
14486 6
14487 7
14488 8
14489 9
14490 0
14491 1
14492 2
14493 3
14494 4
14495 5
14496 6
14497 7
14498 8
14499 9
14500 0
14501 1
14502 2
14503 3
14504 4
14505 5
14506 6
14507 7
14508 8
14509 9
14510 0
14511 1
14512 2
14513 3
14514 4
14515 5
14516 6
14517 7
14518 8
14519 9
14520 0
14521 1
14522 2
14523 3
14524 4
14525 5
14526 6
14527 7
14528 8
14529 9
14530 0
14531 1
14532 2
14533 3
14534 4
14535 5
14536 6
14537 7
14538 8
14539 9
14540 0
14541 1
14542 2
14543 3
14544 4
14545 5
14546 6
14547 7
14548 8
14549 9
14550 0
14551 1
14552 2
14553 3
14554 4
14555 5
14556 6
14557 7
14558 8
14559 9
14560 0
14561 1
14562 2
14563 3
14564 4
14565 5
14566 6
14567 7
14568 8
14569 9
14570 0
14571 1
14572 2
14573 3
14574 4
14575 5
14576 6
14577 7
14578 8
14579 9
14580 0
14581 1
14582 2
14583 3
14584 4
14585 5
14586 6
14587 7
14588 8
14589 9
14590 0
14591 1
14592 2
14593 3
14594 4
14595 5
14596 6
14597 7
14598 8
14599 9
14600 0
14601 1
14602 2
14603 3
14604 4
14605 5
14606 6
14607 7
14608 8
14609 9
14610 0
14611 1
14612 2
14613 3
14614 4
14615 5
14616 6
14617 7
14618 8
14619 9
14620 0
14621 1
14622 2
14623 3
14624 4
14625 5
14626 6
14627 7
14628 8
14629 9
14630 0
14631 1
14632 2
14633 3
14634 4
14635 5
14636 6
14637 7
14638 8
14639 9
14640 0
14641 1
14642 2
14643 3
14644 4
14645 5
14646 6
14647 7
14648 8
14649 9
14650 0
14651 1
14652 2
14653 3
14654 4
14655 5
14656 6
14657 7
14658 8
14659 9
14660 0
14661 1
14662 2
14663 3
14664 4
14665 5
14666 6
14667 7
14668 8
14669 9
14670 0
14671 1
14672 2
14673 3
14674 4
14675 5
14676 6
14677 7
14678 8
14679 9
14680 0
14681 1
14682 2
14683 3
14684 4
14685 5
14686 6
14687 7
14688 8
14689 9
14690 0
14691 1
14692 2
14693 3
14694 4
14695 5
14696 6
14697 7
14698 8
14699 9
14700 0
14701 1
14702 2
14703 3
14704 4
14705 5
14706 6
14707 7
14708 8
14709 9
14710 0
14711 1
14712 2
14713 3
14714 4
14715 5
14716 6
14717 7
14718 8
14719 9
14720 0
14721 1
14722 2
14723 3
14724 4
14725 5
14726 6
14727 7
14728 8
14729 9
14730 0
14731 1
14732 2
14733 3
14734 4
14735 5
14736 6
14737 7
14738 8
14739 9
14740 0
14741 1
14742 2
14743 3
14744 4
14745 5
14746 6
14747 7
14748 8
14749 9
14750 0
14751 1
14752 2
14753 3
14754 4
14755 5
14756 6
14757 7
14758 8
14759 9
14760 0
14761 1
14762 2
14763 3
14764 4
14765 5
14766 6
14767 7
14768 8
14769 9
14770 0
14771 1
14772 2
14773 3
14774 4
14775 5
14776 6
14777 7
14778 8
14779 9
14780 0
14781 1
14782 2
14783 3
14784 4
14785 5
14786 6
14787 7
14788 8
14789 9
14790 0
14791 1
14792 2
14793 3
14794 4
14795 5
14796 6
14797 7
14798 8
14799 9
14800 0
14801 1
14802 2
14803 3
14804 4
14805 5
14806 6
14807 7
14808 8
14809 9
14810 0
14811 1
14812 2
14813 3
14814 4
14815 5
14816 6
14817 7
14818 8
14819 9
14820 0
14821 1
14822 2
14823 3
14824 4
14825 5
14826 6
14827 7
14828 8
14829 9
14830 0
14831 1
14832 2
14833 3
14834 4
14835 5
14836 6
14837 7
14838 8
14839 9
14840 0
14841 1
14842 2
14843 3
14844 4
14845 5
14846 6
14847 7
14848 8
14849 9
14850 0
14851 1
14852 2
14853 3
14854 4
14855 5
14856 6
14857 7
14858 8
14859 9
14860 0
14861 1
14862 2
14863 3
14864 4
14865 5
14866 6
14867 7
14868 8
14869 9
14870 0
14871 1
14872 2
14873 3
14874 4
14875 5
14876 6
14877 7
14878 8
14879 9
14880 0
14881 1
14882 2
14883 3
14884 4
14885 5
14886 6
14887 7
14888 8
14889 9
14890 0
14891 1
14892 2
14893 3
14894 4
14895 5
14896 6
14897 7
14898 8
14899 9
14900 0
14901 1
14902 2
14903 3
14904 4
14905 5
14906 6
14907 7
14908 8
14909 9
14910 0
14911 1
14912 2
14913 3
14914 4
14915 5
14916 6
14917 7
14918 8
14919 9
14920 0
14921 1
14922 2
14923 3
14924 4
14925 5
14926 6
14927 7
14928 8
14929 9
14930 0
14931 1
14932 2
14933 3
14934 4
14935 5
14936 6
14937 7
14938 8
14939 9
14940 0
14941 1
14942 2
14943 3
14944 4
14945 5
14946 6
14947 7
14948 8
14949 9
14950 0
14951 1
14952 2
14953 3
14954 4
14955 5
14956 6
14957 7
14958 8
14959 9
14960 0
14961 1
14962 2
14963 3
14964 4
14965 5
14966 6
14967 7
14968 8
14969 9
14970 0
14971 1
14972 2
14973 3
14974 4
14975 5
14976 6
14977 7
14978 8
14979 9
14980 0
14981 1
14982 2
14983 3
14984 4
14985 5
14986 6
14987 7
14988 8
14989 9
14990 0
14991 1
14992 2
14993 3
14994 4
14995 5
14996 6
14997 7
14998 8
14999 9
15000 0
15001 1
15002 2
15003 3
15004 4
15005 5
15006 6
15007 7
15008 8
15009 9
15010 0
15011 1
15012 2
15013 3
15014 4
15015 5
15016 6
15017 7
15018 8
15019 9
15020 0
15021 1
15022 2
15023 3
15024 4
15025 5
15026 6
15027 7
15028 8
15029 9
15030 0
15031 1
15032 2
15033 3
15034 4
15035 5
15036 6
15037 7
15038 8
15039 9
15040 0
15041 1
15042 2
15043 3
15044 4
15045 5
15046 6
15047 7
15048 8
15049 9
15050 0
15051 1
15052 2
15053 3
15054 4
15055 5
15056 6
15057 7
15058 8
15059 9
15060 0
15061 1
15062 2
15063 3
15064 4
15065 5
15066 6
15067 7
15068 8
15069 9
15070 0
15071 1
15072 2
15073 3
15074 4
15075 5
15076 6
15077 7
15078 8
15079 9
15080 0
15081 1
15082 2
15083 3
15084 4
15085 5
15086 6
15087 7
15088 8
15089 9
15090 0
15091 1
15092 2
15093 3
15094 4
15095 5
15096 6
15097 7
15098 8
15099 9
15100 0
15101 1
15102 2
15103 3
15104 4
15105 5
15106 6
15107 7
15108 8
15109 9
15110 0
15111 1
15112 2
15113 3
15114 4
15115 5
15116 6
15117 7
15118 8
15119 9
15120 0
15121 1
15122 2
15123 3
15124 4
15125 5
15126 6
15127 7
15128 8
15129 9
15130 0
15131 1
15132 2
15133 3
15134 4
15135 5
15136 6
15137 7
15138 8
15139 9
15140 0
15141 1
15142 2
15143 3
15144 4
15145 5
15146 6
15147 7
15148 8
15149 9
15150 0
15151 1
15152 2
15153 3
15154 4
15155 5
15156 6
15157 7
15158 8
15159 9
15160 0
15161 1
15162 2
15163 3
15164 4
15165 5
15166 6
15167 7
15168 8
15169 9
15170 0
15171 1
15172 2
15173 3
15174 4
15175 5
15176 6
15177 7
15178 8
15179 9
15180 0
15181 1
15182 2
15183 3
15184 4
15185 5
15186 6
15187 7
15188 8
15189 9
15190 0
15191 1
15192 2
15193 3
15194 4
15195 5
15196 6
15197 7
15198 8
15199 9
15200 0
15201 1
15202 2
15203 3
15204 4
15205 5
15206 6
15207 7
15208 8
15209 9
15210 0
15211 1
15212 2
15213 3
15214 4
15215 5
15216 6
15217 7
15218 8
15219 9
15220 0
15221 1
15222 2
15223 3
15224 4
15225 5
15226 6
15227 7
15228 8
15229 9
15230 0
15231 1
15232 2
15233 3
15234 4
15235 5
15236 6
15237 7
15238 8
15239 9
15240 0
15241 1
15242 2
15243 3
15244 4
15245 5
15246 6
15247 7
15248 8
15249 9
15250 0
15251 1
15252 2
15253 3
15254 4
15255 5
15256 6
15257 7
15258 8
15259 9
15260 0
15261 1
15262 2
15263 3
15264 4
15265 5
15266 6
15267 7
15268 8
15269 9
15270 0
15271 1
15272 2
15273 3
15274 4
15275 5
15276 6
15277 7
15278 8
15279 9
15280 0
15281 1
15282 2
15283 3
15284 4
15285 5
15286 6
15287 7
15288 8
15289 9
15290 0
15291 1
15292 2
15293 3
15294 4
15295 5
15296 6
15297 7
15298 8
15299 9
15300 0
15301 1
15302 2
15303 3
15304 4
15305 5
15306 6
15307 7
15308 8
15309 9
15310 0
15311 1
15312 2
15313 3
15314 4
15315 5
15316 6
15317 7
15318 8
15319 9
15320 0
15321 1
15322 2
15323 3
15324 4
15325 5
15326 6
15327 7
15328 8
15329 9
15330 0
15331 1
15332 2
15333 3
15334 4
15335 5
15336 6
15337 7
15338 8
15339 9
15340 0
15341 1
15342 2
15343 3
15344 4
15345 5
15346 6
15347 7
15348 8
15349 9
15350 0
15351 1
15352 2
15353 3
15354 4
15355 5
15356 6
15357 7
15358 8
15359 9
15360 0
15361 1
15362 2
15363 3
15364 4
15365 5
15366 6
15367 7
15368 8
15369 9
15370 0
15371 1
15372 2
15373 3
15374 4
15375 5
15376 6
15377 7
15378 8
15379 9
15380 0
15381 1
15382 2
15383 3
15384 4
15385 5
15386 6
15387 7
15388 8
15389 9
15390 0
15391 1
15392 2
15393 3
15394 4
15395 5
15396 6
15397 7
15398 8
15399 9
15400 0
15401 1
15402 2
15403 3
15404 4
15405 5
15406 6
15407 7
15408 8
15409 9
15410 0
15411 1
15412 2
15413 3
15414 4
15415 5
15416 6
15417 7
15418 8
15419 9
15420 0
15421 1
15422 2
15423 3
15424 4
15425 5
15426 6
15427 7
15428 8
15429 9
15430 0
15431 1
15432 2
15433 3
15434 4
15435 5
15436 6
15437 7
15438 8
15439 9
15440 0
15441 1
15442 2
15443 3
15444 4
15445 5
15446 6
15447 7
15448 8
15449 9
15450 0
15451 1
15452 2
15453 3
15454 4
15455 5
15456 6
15457 7
15458 8
15459 9
15460 0
15461 1
15462 2
15463 3
15464 4
15465 5
15466 6
15467 7
15468 8
15469 9
15470 0
15471 1
15472 2
15473 3
15474 4
15475 5
15476 6
15477 7
15478 8
15479 9
15480 0
15481 1
15482 2
15483 3
15484 4
15485 5
15486 6
15487 7
15488 8
15489 9
15490 0
15491 1
15492 2
15493 3
15494 4
15495 5
15496 6
15497 7
15498 8
15499 9
15500 0
15501 1
15502 2
15503 3
15504 4
15505 5
15506 6
15507 7
15508 8
15509 9
15510 0
15511 1
15512 2
15513 3
15514 4
15515 5
15516 6
15517 7
15518 8
15519 9
15520 0
15521 1
15522 2
15523 3
15524 4
15525 5
15526 6
15527 7
15528 8
15529 9
15530 0
15531 1
15532 2
15533 3
15534 4
15535 5
15536 6
15537 7
15538 8
15539 9
15540 0
15541 1
15542 2
15543 3
15544 4
15545 5
15546 6
15547 7
15548 8
15549 9
15550 0
15551 1
15552 2
15553 3
15554 4
15555 5
15556 6
15557 7
15558 8
15559 9
15560 0
15561 1
15562 2
15563 3
15564 4
15565 5
15566 6
15567 7
15568 8
15569 9
15570 0
15571 1
15572 2
15573 3
15574 4
15575 5
15576 6
15577 7
15578 8
15579 9
15580 0
15581 1
15582 2
15583 3
15584 4
15585 5
15586 6
15587 7
15588 8
15589 9
15590 0
15591 1
15592 2
15593 3
15594 4
15595 5
15596 6
15597 7
15598 8
15599 9
15600 0
15601 1
15602 2
15603 3
15604 4
15605 5
15606 6
15607 7
15608 8
15609 9
15610 0
15611 1
15612 2
15613 3
15614 4
15615 5
15616 6
15617 7
15618 8
15619 9
15620 0
15621 1
15622 2
15623 3
15624 4
15625 5
15626 6
15627 7
15628 8
15629 9
15630 0
15631 1
15632 2
15633 3
15634 4
15635 5
15636 6
15637 7
15638 8
15639 9
15640 0
15641 1
15642 2
15643 3
15644 4
15645 5
15646 6
15647 7
15648 8
15649 9
15650 0
15651 1
15652 2
15653 3
15654 4
15655 5
15656 6
15657 7
15658 8
15659 9
15660 0
15661 1
15662 2
15663 3
15664 4
15665 5
15666 6
15667 7
15668 8
15669 9
15670 0
15671 1
15672 2
15673 3
15674 4
15675 5
15676 6
15677 7
15678 8
15679 9
15680 0
15681 1
15682 2
15683 3
15684 4
15685 5
15686 6
15687 7
15688 8
15689 9
15690 0
15691 1
15692 2
15693 3
15694 4
15695 5
15696 6
15697 7
15698 8
15699 9
15700 0
15701 1
15702 2
15703 3
15704 4
15705 5
15706 6
15707 7
15708 8
15709 9
15710 0
15711 1
15712 2
15713 3
15714 4
15715 5
15716 6
15717 7
15718 8
15719 9
15720 0
15721 1
15722 2
15723 3
15724 4
15725 5
15726 6
15727 7
15728 8
15729 9
15730 0
15731 1
15732 2
15733 3
15734 4
15735 5
15736 6
15737 7
15738 8
15739 9
15740 0
15741 1
15742 2
15743 3
15744 4
15745 5
15746 6
15747 7
15748 8
15749 9
15750 0
15751 1
15752 2
15753 3
15754 4
15755 5
15756 6
15757 7
15758 8
15759 9
15760 0
15761 1
15762 2
15763 3
15764 4
15765 5
15766 6
15767 7
15768 8
15769 9
15770 0
15771 1
15772 2
15773 3
15774 4
15775 5
15776 6
15777 7
15778 8
15779 9
15780 0
15781 1
15782 2
15783 3
15784 4
15785 5
15786 6
15787 7
15788 8
15789 9
15790 0
15791 1
15792 2
15793 3
15794 4
15795 5
15796 6
15797 7
15798 8
15799 9
15800 0
15801 1
15802 2
15803 3
15804 4
15805 5
15806 6
15807 7
15808 8
15809 9
15810 0
15811 1
15812 2
15813 3
15814 4
15815 5
15816 6
15817 7
15818 8
15819 9
15820 0
15821 1
15822 2
15823 3
15824 4
15825 5
15826 6
15827 7
15828 8
15829 9
15830 0
15831 1
15832 2
15833 3
15834 4
15835 5
15836 6
15837 7
15838 8
15839 9
15840 0
15841 1
15842 2
15843 3
15844 4
15845 5
15846 6
15847 7
15848 8
15849 9
15850 0
15851 1
15852 2
15853 3
15854 4
15855 5
15856 6
15857 7
15858 8
15859 9
15860 0
15861 1
15862 2
15863 3
15864 4
15865 5
15866 6
15867 7
15868 8
15869 9
15870 0
15871 1
15872 2
15873 3
15874 4
15875 5
15876 6
15877 7
15878 8
15879 9
15880 0
15881 1
15882 2
15883 3
15884 4
15885 5
15886 6
15887 7
15888 8
15889 9
15890 0
15891 1
15892 2
15893 3
15894 4
15895 5
15896 6
15897 7
15898 8
15899 9
15900 0
15901 1
15902 2
15903 3
15904 4
15905 5
15906 6
15907 7
15908 8
15909 9
15910 0
15911 1
15912 2
15913 3
15914 4
15915 5
15916 6
15917 7
15918 8
15919 9
15920 0
15921 1
15922 2
15923 3
15924 4
15925 5
15926 6
15927 7
15928 8
15929 9
15930 0
15931 1
15932 2
15933 3
15934 4
15935 5
15936 6
15937 7
15938 8
15939 9
15940 0
15941 1
15942 2
15943 3
15944 4
15945 5
15946 6
15947 7
15948 8
15949 9
15950 0
15951 1
15952 2
15953 3
15954 4
15955 5
15956 6
15957 7
15958 8
15959 9
15960 0
15961 1
15962 2
15963 3
15964 4
15965 5
15966 6
15967 7
15968 8
15969 9
15970 0
15971 1
15972 2
15973 3
15974 4
15975 5
15976 6
15977 7
15978 8
15979 9
15980 0
15981 1
15982 2
15983 3
15984 4
15985 5
15986 6
15987 7
15988 8
15989 9
15990 0
15991 1
15992 2
15993 3
15994 4
15995 5
15996 6
15997 7
15998 8
15999 9
16000 0
16001 1
16002 2
16003 3
16004 4
16005 5
16006 6
16007 7
16008 8
16009 9
16010 0
16011 1
16012 2
16013 3
16014 4
16015 5
16016 6
16017 7
16018 8
16019 9
16020 0
16021 1
16022 2
16023 3
16024 4
16025 5
16026 6
16027 7
16028 8
16029 9
16030 0
16031 1
16032 2
16033 3
16034 4
16035 5
16036 6
16037 7
16038 8
16039 9
16040 0
16041 1
16042 2
16043 3
16044 4
16045 5
16046 6
16047 7
16048 8
16049 9
16050 0
16051 1
16052 2
16053 3
16054 4
16055 5
16056 6
16057 7
16058 8
16059 9
16060 0
16061 1
16062 2
16063 3
16064 4
16065 5
16066 6
16067 7
16068 8
16069 9
16070 0
16071 1
16072 2
16073 3
16074 4
16075 5
16076 6
16077 7
16078 8
16079 9
16080 0
16081 1
16082 2
16083 3
16084 4
16085 5
16086 6
16087 7
16088 8
16089 9
16090 0
16091 1
16092 2
16093 3
16094 4
16095 5
16096 6
16097 7
16098 8
16099 9
16100 0
16101 1
16102 2
16103 3
16104 4
16105 5
16106 6
16107 7
16108 8
16109 9
16110 0
16111 1
16112 2
16113 3
16114 4
16115 5
16116 6
16117 7
16118 8
16119 9
16120 0
16121 1
16122 2
16123 3
16124 4
16125 5
16126 6
16127 7
16128 8
16129 9
16130 0
16131 1
16132 2
16133 3
16134 4
16135 5
16136 6
16137 7
16138 8
16139 9
16140 0
16141 1
16142 2
16143 3
16144 4
16145 5
16146 6
16147 7
16148 8
16149 9
16150 0
16151 1
16152 2
16153 3
16154 4
16155 5
16156 6
16157 7
16158 8
16159 9
16160 0
16161 1
16162 2
16163 3
16164 4
16165 5
16166 6
16167 7
16168 8
16169 9
16170 0
16171 1
16172 2
16173 3
16174 4
16175 5
16176 6
16177 7
16178 8
16179 9
16180 0
16181 1
16182 2
16183 3
16184 4
16185 5
16186 6
16187 7
16188 8
16189 9
16190 0
16191 1
16192 2
16193 3
16194 4
16195 5
16196 6
16197 7
16198 8
16199 9
16200 0
16201 1
16202 2
16203 3
16204 4
16205 5
16206 6
16207 7
16208 8
16209 9
16210 0
16211 1
16212 2
16213 3
16214 4
16215 5
16216 6
16217 7
16218 8
16219 9
16220 0
16221 1
16222 2
16223 3
16224 4
16225 5
16226 6
16227 7
16228 8
16229 9
16230 0
16231 1
16232 2
16233 3
16234 4
16235 5
16236 6
16237 7
16238 8
16239 9
16240 0
16241 1
16242 2
16243 3
16244 4
16245 5
16246 6
16247 7
16248 8
16249 9
16250 0
16251 1
16252 2
16253 3
16254 4
16255 5
16256 6
16257 7
16258 8
16259 9
16260 0
16261 1
16262 2
16263 3
16264 4
16265 5
16266 6
16267 7
16268 8
16269 9
16270 0
16271 1
16272 2
16273 3
16274 4
16275 5
16276 6
16277 7
16278 8
16279 9
16280 0
16281 1
16282 2
16283 3
16284 4
16285 5
16286 6
16287 7
16288 8
16289 9
16290 0
16291 1
16292 2
16293 3
16294 4
16295 5
16296 6
16297 7
16298 8
16299 9
16300 0
16301 1
16302 2
16303 3
16304 4
16305 5
16306 6
16307 7
16308 8
16309 9
16310 0
16311 1
16312 2
16313 3
16314 4
16315 5
16316 6
16317 7
16318 8
16319 9
16320 0
16321 1
16322 2
16323 3
16324 4
16325 5
16326 6
16327 7
16328 8
16329 9
16330 0
16331 1
16332 2
16333 3
16334 4
16335 5
16336 6
16337 7
16338 8
16339 9
16340 0
16341 1
16342 2
16343 3
16344 4
16345 5
16346 6
16347 7
16348 8
16349 9
16350 0
16351 1
16352 2
16353 3
16354 4
16355 5
16356 6
16357 7
16358 8
16359 9
16360 0
16361 1
16362 2
16363 3
16364 4
16365 5
16366 6
16367 7
16368 8
16369 9
16370 0
16371 1
16372 2
16373 3
16374 4
16375 5
16376 6
16377 7
16378 8
16379 9
16380 0
16381 1
16382 2
16383 3
16384 4
16385 5
16386 6
16387 7
16388 8
16389 9
16390 0
16391 1
16392 2
16393 3
16394 4
16395 5
16396 6
16397 7
16398 8
16399 9
16400 0
16401 1
16402 2
16403 3
16404 4
16405 5
16406 6
16407 7
16408 8
16409 9
16410 0
16411 1
16412 2
16413 3
16414 4
16415 5
16416 6
16417 7
16418 8
16419 9
16420 0
16421 1
16422 2
16423 3
16424 4
16425 5
16426 6
16427 7
16428 8
16429 9
16430 0
16431 1
16432 2
16433 3
16434 4
16435 5
16436 6
16437 7
16438 8
16439 9
16440 0
16441 1
16442 2
16443 3
16444 4
16445 5
16446 6
16447 7
16448 8
16449 9
16450 0
16451 1
16452 2
16453 3
16454 4
16455 5
16456 6
16457 7
16458 8
16459 9
16460 0
16461 1
16462 2
16463 3
16464 4
16465 5
16466 6
16467 7
16468 8
16469 9
16470 0
16471 1
16472 2
16473 3
16474 4
16475 5
16476 6
16477 7
16478 8
16479 9
16480 0
16481 1
16482 2
16483 3
16484 4
16485 5
16486 6
16487 7
16488 8
16489 9
16490 0
16491 1
16492 2
16493 3
16494 4
16495 5
16496 6
16497 7
16498 8
16499 9
16500 0
16501 1
16502 2
16503 3
16504 4
16505 5
16506 6
16507 7
16508 8
16509 9
16510 0
16511 1
16512 2
16513 3
16514 4
16515 5
16516 6
16517 7
16518 8
16519 9
16520 0
16521 1
16522 2
16523 3
16524 4
16525 5
16526 6
16527 7
16528 8
16529 9
16530 0
16531 1
16532 2
16533 3
16534 4
16535 5
16536 6
16537 7
16538 8
16539 9
16540 0
16541 1
16542 2
16543 3
16544 4
16545 5
16546 6
16547 7
16548 8
16549 9
16550 0
16551 1
16552 2
16553 3
16554 4
16555 5
16556 6
16557 7
16558 8
16559 9
16560 0
16561 1
16562 2
16563 3
16564 4
16565 5
16566 6
16567 7
16568 8
16569 9
16570 0
16571 1
16572 2
16573 3
16574 4
16575 5
16576 6
16577 7
16578 8
16579 9
16580 0
16581 1
16582 2
16583 3
16584 4
16585 5
16586 6
16587 7
16588 8
16589 9
16590 0
16591 1
16592 2
16593 3
16594 4
16595 5
16596 6
16597 7
16598 8
16599 9
16600 0
16601 1
16602 2
16603 3
16604 4
16605 5
16606 6
16607 7
16608 8
16609 9
16610 0
16611 1
16612 2
16613 3
16614 4
16615 5
16616 6
16617 7
16618 8
16619 9
16620 0
16621 1
16622 2
16623 3
16624 4
16625 5
16626 6
16627 7
16628 8
16629 9
16630 0
16631 1
16632 2
16633 3
16634 4
16635 5
16636 6
16637 7
16638 8
16639 9
16640 0
16641 1
16642 2
16643 3
16644 4
16645 5
16646 6
16647 7
16648 8
16649 9
16650 0
16651 1
16652 2
16653 3
16654 4
16655 5
16656 6
16657 7
16658 8
16659 9
16660 0
16661 1
16662 2
16663 3
16664 4
16665 5
16666 6
16667 7
16668 8
16669 9
16670 0
16671 1
16672 2
16673 3
16674 4
16675 5
16676 6
16677 7
16678 8
16679 9
16680 0
16681 1
16682 2
16683 3
16684 4
16685 5
16686 6
16687 7
16688 8
16689 9
16690 0
16691 1
16692 2
16693 3
16694 4
16695 5
16696 6
16697 7
16698 8
16699 9
16700 0
16701 1
16702 2
16703 3
16704 4
16705 5
16706 6
16707 7
16708 8
16709 9
16710 0
16711 1
16712 2
16713 3
16714 4
16715 5
16716 6
16717 7
16718 8
16719 9
16720 0
16721 1
16722 2
16723 3
16724 4
16725 5
16726 6
16727 7
16728 8
16729 9
16730 0
16731 1
16732 2
16733 3
16734 4
16735 5
16736 6
16737 7
16738 8
16739 9
16740 0
16741 1
16742 2
16743 3
16744 4
16745 5
16746 6
16747 7
16748 8
16749 9
16750 0
16751 1
16752 2
16753 3
16754 4
16755 5
16756 6
16757 7
16758 8
16759 9
16760 0
16761 1
16762 2
16763 3
16764 4
16765 5
16766 6
16767 7
16768 8
16769 9
16770 0
16771 1
16772 2
16773 3
16774 4
16775 5
16776 6
16777 7
16778 8
16779 9
16780 0
16781 1
16782 2
16783 3
16784 4
16785 5
16786 6
16787 7
16788 8
16789 9
16790 0
16791 1
16792 2
16793 3
16794 4
16795 5
16796 6
16797 7
16798 8
16799 9
16800 0
16801 1
16802 2
16803 3
16804 4
16805 5
16806 6
16807 7
16808 8
16809 9
16810 0
16811 1
16812 2
16813 3
16814 4
16815 5
16816 6
16817 7
16818 8
16819 9
16820 0
16821 1
16822 2
16823 3
16824 4
16825 5
16826 6
16827 7
16828 8
16829 9
16830 0
16831 1
16832 2
16833 3
16834 4
16835 5
16836 6
16837 7
16838 8
16839 9
16840 0
16841 1
16842 2
16843 3
16844 4
16845 5
16846 6
16847 7
16848 8
16849 9
16850 0
16851 1
16852 2
16853 3
16854 4
16855 5
16856 6
16857 7
16858 8
16859 9
16860 0
16861 1
16862 2
16863 3
16864 4
16865 5
16866 6
16867 7
16868 8
16869 9
16870 0
16871 1
16872 2
16873 3
16874 4
16875 5
16876 6
16877 7
16878 8
16879 9
16880 0
16881 1
16882 2
16883 3
16884 4
16885 5
16886 6
16887 7
16888 8
16889 9
16890 0
16891 1
16892 2
16893 3
16894 4
16895 5
16896 6
16897 7
16898 8
16899 9
16900 0
16901 1
16902 2
16903 3
16904 4
16905 5
16906 6
16907 7
16908 8
16909 9
16910 0
16911 1
16912 2
16913 3
16914 4
16915 5
16916 6
16917 7
16918 8
16919 9
16920 0
16921 1
16922 2
16923 3
16924 4
16925 5
16926 6
16927 7
16928 8
16929 9
16930 0
16931 1
16932 2
16933 3
16934 4
16935 5
16936 6
16937 7
16938 8
16939 9
16940 0
16941 1
16942 2
16943 3
16944 4
16945 5
16946 6
16947 7
16948 8
16949 9
16950 0
16951 1
16952 2
16953 3
16954 4
16955 5
16956 6
16957 7
16958 8
16959 9
16960 0
16961 1
16962 2
16963 3
16964 4
16965 5
16966 6
16967 7
16968 8
16969 9
16970 0
16971 1
16972 2
16973 3
16974 4
16975 5
16976 6
16977 7
16978 8
16979 9
16980 0
16981 1
16982 2
16983 3
16984 4
16985 5
16986 6
16987 7
16988 8
16989 9
16990 0
16991 1
16992 2
16993 3
16994 4
16995 5
16996 6
16997 7
16998 8
16999 9
17000 0
17001 1
17002 2
17003 3
17004 4
17005 5
17006 6
17007 7
17008 8
17009 9
17010 0
17011 1
17012 2
17013 3
17014 4
17015 5
17016 6
17017 7
17018 8
17019 9
17020 0
17021 1
17022 2
17023 3
17024 4
17025 5
17026 6
17027 7
17028 8
17029 9
17030 0
17031 1
17032 2
17033 3
17034 4
17035 5
17036 6
17037 7
17038 8
17039 9
17040 0
17041 1
17042 2
17043 3
17044 4
17045 5
17046 6
17047 7
17048 8
17049 9
17050 0
17051 1
17052 2
17053 3
17054 4
17055 5
17056 6
17057 7
17058 8
17059 9
17060 0
17061 1
17062 2
17063 3
17064 4
17065 5
17066 6
17067 7
17068 8
17069 9
17070 0
17071 1
17072 2
17073 3
17074 4
17075 5
17076 6
17077 7
17078 8
17079 9
17080 0
17081 1
17082 2
17083 3
17084 4
17085 5
17086 6
17087 7
17088 8
17089 9
17090 0
17091 1
17092 2
17093 3
17094 4
17095 5
17096 6
17097 7
17098 8
17099 9
17100 0
17101 1
17102 2
17103 3
17104 4
17105 5
17106 6
17107 7
17108 8
17109 9
17110 0
17111 1
17112 2
17113 3
17114 4
17115 5
17116 6
17117 7
17118 8
17119 9
17120 0
17121 1
17122 2
17123 3
17124 4
17125 5
17126 6
17127 7
17128 8
17129 9
17130 0
17131 1
17132 2
17133 3
17134 4
17135 5
17136 6
17137 7
17138 8
17139 9
17140 0
17141 1
17142 2
17143 3
17144 4
17145 5
17146 6
17147 7
17148 8
17149 9
17150 0
17151 1
17152 2
17153 3
17154 4
17155 5
17156 6
17157 7
17158 8
17159 9
17160 0
17161 1
17162 2
17163 3
17164 4
17165 5
17166 6
17167 7
17168 8
17169 9
17170 0
17171 1
17172 2
17173 3
17174 4
17175 5
17176 6
17177 7
17178 8
17179 9
17180 0
17181 1
17182 2
17183 3
17184 4
17185 5
17186 6
17187 7
17188 8
17189 9
17190 0
17191 1
17192 2
17193 3
17194 4
17195 5
17196 6
17197 7
17198 8
17199 9
17200 0
17201 1
17202 2
17203 3
17204 4
17205 5
17206 6
17207 7
17208 8
17209 9
17210 0
17211 1
17212 2
17213 3
17214 4
17215 5
17216 6
17217 7
17218 8
17219 9
17220 0
17221 1
17222 2
17223 3
17224 4
17225 5
17226 6
17227 7
17228 8
17229 9
17230 0
17231 1
17232 2
17233 3
17234 4
17235 5
17236 6
17237 7
17238 8
17239 9
17240 0
17241 1
17242 2
17243 3
17244 4
17245 5
17246 6
17247 7
17248 8
17249 9
17250 0
17251 1
17252 2
17253 3
17254 4
17255 5
17256 6
17257 7
17258 8
17259 9
17260 0
17261 1
17262 2
17263 3
17264 4
17265 5
17266 6
17267 7
17268 8
17269 9
17270 0
17271 1
17272 2
17273 3
17274 4
17275 5
17276 6
17277 7
17278 8
17279 9
17280 0
17281 1
17282 2
17283 3
17284 4
17285 5
17286 6
17287 7
17288 8
17289 9
17290 0
17291 1
17292 2
17293 3
17294 4
17295 5
17296 6
17297 7
17298 8
17299 9
17300 0
17301 1
17302 2
17303 3
17304 4
17305 5
17306 6
17307 7
17308 8
17309 9
17310 0
17311 1
17312 2
17313 3
17314 4
17315 5
17316 6
17317 7
17318 8
17319 9
17320 0
17321 1
17322 2
17323 3
17324 4
17325 5
17326 6
17327 7
17328 8
17329 9
17330 0
17331 1
17332 2
17333 3
17334 4
17335 5
17336 6
17337 7
17338 8
17339 9
17340 0
17341 1
17342 2
17343 3
17344 4
17345 5
17346 6
17347 7
17348 8
17349 9
17350 0
17351 1
17352 2
17353 3
17354 4
17355 5
17356 6
17357 7
17358 8
17359 9
17360 0
17361 1
17362 2
17363 3
17364 4
17365 5
17366 6
17367 7
17368 8
17369 9
17370 0
17371 1
17372 2
17373 3
17374 4
17375 5
17376 6
17377 7
17378 8
17379 9
17380 0
17381 1
17382 2
17383 3
17384 4
17385 5
17386 6
17387 7
17388 8
17389 9
17390 0
17391 1
17392 2
17393 3
17394 4
17395 5
17396 6
17397 7
17398 8
17399 9
17400 0
17401 1
17402 2
17403 3
17404 4
17405 5
17406 6
17407 7
17408 8
17409 9
17410 0
17411 1
17412 2
17413 3
17414 4
17415 5
17416 6
17417 7
17418 8
17419 9
17420 0
17421 1
17422 2
17423 3
17424 4
17425 5
17426 6
17427 7
17428 8
17429 9
17430 0
17431 1
17432 2
17433 3
17434 4
17435 5
17436 6
17437 7
17438 8
17439 9
17440 0
17441 1
17442 2
17443 3
17444 4
17445 5
17446 6
17447 7
17448 8
17449 9
17450 0
17451 1
17452 2
17453 3
17454 4
17455 5
17456 6
17457 7
17458 8
17459 9
17460 0
17461 1
17462 2
17463 3
17464 4
17465 5
17466 6
17467 7
17468 8
17469 9
17470 0
17471 1
17472 2
17473 3
17474 4
17475 5
17476 6
17477 7
17478 8
17479 9
17480 0
17481 1
17482 2
17483 3
17484 4
17485 5
17486 6
17487 7
17488 8
17489 9
17490 0
17491 1
17492 2
17493 3
17494 4
17495 5
17496 6
17497 7
17498 8
17499 9
17500 0
17501 1
17502 2
17503 3
17504 4
17505 5
17506 6
17507 7
17508 8
17509 9
17510 0
17511 1
17512 2
17513 3
17514 4
17515 5
17516 6
17517 7
17518 8
17519 9
17520 0
17521 1
17522 2
17523 3
17524 4
17525 5
17526 6
17527 7
17528 8
17529 9
17530 0
17531 1
17532 2
17533 3
17534 4
17535 5
17536 6
17537 7
17538 8
17539 9
17540 0
17541 1
17542 2
17543 3
17544 4
17545 5
17546 6
17547 7
17548 8
17549 9
17550 0
17551 1
17552 2
17553 3
17554 4
17555 5
17556 6
17557 7
17558 8
17559 9
17560 0
17561 1
17562 2
17563 3
17564 4
17565 5
17566 6
17567 7
17568 8
17569 9
17570 0
17571 1
17572 2
17573 3
17574 4
17575 5
17576 6
17577 7
17578 8
17579 9
17580 0
17581 1
17582 2
17583 3
17584 4
17585 5
17586 6
17587 7
17588 8
17589 9
17590 0
17591 1
17592 2
17593 3
17594 4
17595 5
17596 6
17597 7
17598 8
17599 9
17600 0
17601 1
17602 2
17603 3
17604 4
17605 5
17606 6
17607 7
17608 8
17609 9
17610 0
17611 1
17612 2
17613 3
17614 4
17615 5
17616 6
17617 7
17618 8
17619 9
17620 0
17621 1
17622 2
17623 3
17624 4
17625 5
17626 6
17627 7
17628 8
17629 9
17630 0
17631 1
17632 2
17633 3
17634 4
17635 5
17636 6
17637 7
17638 8
17639 9
17640 0
17641 1
17642 2
17643 3
17644 4
17645 5
17646 6
17647 7
17648 8
17649 9
17650 0
17651 1
17652 2
17653 3
17654 4
17655 5
17656 6
17657 7
17658 8
17659 9
17660 0
17661 1
17662 2
17663 3
17664 4
17665 5
17666 6
17667 7
17668 8
17669 9
17670 0
17671 1
17672 2
17673 3
17674 4
17675 5
17676 6
17677 7
17678 8
17679 9
17680 0
17681 1
17682 2
17683 3
17684 4
17685 5
17686 6
17687 7
17688 8
17689 9
17690 0
17691 1
17692 2
17693 3
17694 4
17695 5
17696 6
17697 7
17698 8
17699 9
17700 0
17701 1
17702 2
17703 3
17704 4
17705 5
17706 6
17707 7
17708 8
17709 9
17710 0
17711 1
17712 2
17713 3
17714 4
17715 5
17716 6
17717 7
17718 8
17719 9
17720 0
17721 1
17722 2
17723 3
17724 4
17725 5
17726 6
17727 7
17728 8
17729 9
17730 0
17731 1
17732 2
17733 3
17734 4
17735 5
17736 6
17737 7
17738 8
17739 9
17740 0
17741 1
17742 2
17743 3
17744 4
17745 5
17746 6
17747 7
17748 8
17749 9
17750 0
17751 1
17752 2
17753 3
17754 4
17755 5
17756 6
17757 7
17758 8
17759 9
17760 0
17761 1
17762 2
17763 3
17764 4
17765 5
17766 6
17767 7
17768 8
17769 9
17770 0
17771 1
17772 2
17773 3
17774 4
17775 5
17776 6
17777 7
17778 8
17779 9
17780 0
17781 1
17782 2
17783 3
17784 4
17785 5
17786 6
17787 7
17788 8
17789 9
17790 0
17791 1
17792 2
17793 3
17794 4
17795 5
17796 6
17797 7
17798 8
17799 9
17800 0
17801 1
17802 2
17803 3
17804 4
17805 5
17806 6
17807 7
17808 8
17809 9
17810 0
17811 1
17812 2
17813 3
17814 4
17815 5
17816 6
17817 7
17818 8
17819 9
17820 0
17821 1
17822 2
17823 3
17824 4
17825 5
17826 6
17827 7
17828 8
17829 9
17830 0
17831 1
17832 2
17833 3
17834 4
17835 5
17836 6
17837 7
17838 8
17839 9
17840 0
17841 1
17842 2
17843 3
17844 4
17845 5
17846 6
17847 7
17848 8
17849 9
17850 0
17851 1
17852 2
17853 3
17854 4
17855 5
17856 6
17857 7
17858 8
17859 9
17860 0
17861 1
17862 2
17863 3
17864 4
17865 5
17866 6
17867 7
17868 8
17869 9
17870 0
17871 1
17872 2
17873 3
17874 4
17875 5
17876 6
17877 7
17878 8
17879 9
17880 0
17881 1
17882 2
17883 3
17884 4
17885 5
17886 6
17887 7
17888 8
17889 9
17890 0
17891 1
17892 2
17893 3
17894 4
17895 5
17896 6
17897 7
17898 8
17899 9
17900 0
17901 1
17902 2
17903 3
17904 4
17905 5
17906 6
17907 7
17908 8
17909 9
17910 0
17911 1
17912 2
17913 3
17914 4
17915 5
17916 6
17917 7
17918 8
17919 9
17920 0
17921 1
17922 2
17923 3
17924 4
17925 5
17926 6
17927 7
17928 8
17929 9
17930 0
17931 1
17932 2
17933 3
17934 4
17935 5
17936 6
17937 7
17938 8
17939 9
17940 0
17941 1
17942 2
17943 3
17944 4
17945 5
17946 6
17947 7
17948 8
17949 9
17950 0
17951 1
17952 2
17953 3
17954 4
17955 5
17956 6
17957 7
17958 8
17959 9
17960 0
17961 1
17962 2
17963 3
17964 4
17965 5
17966 6
17967 7
17968 8
17969 9
17970 0
17971 1
17972 2
17973 3
17974 4
17975 5
17976 6
17977 7
17978 8
17979 9
17980 0
17981 1
17982 2
17983 3
17984 4
17985 5
17986 6
17987 7
17988 8
17989 9
17990 0
17991 1
17992 2
17993 3
17994 4
17995 5
17996 6
17997 7
17998 8
17999 9
18000 0
18001 1
18002 2
18003 3
18004 4
18005 5
18006 6
18007 7
18008 8
18009 9
18010 0
18011 1
18012 2
18013 3
18014 4
18015 5
18016 6
18017 7
18018 8
18019 9
18020 0
18021 1
18022 2
18023 3
18024 4
18025 5
18026 6
18027 7
18028 8
18029 9
18030 0
18031 1
18032 2
18033 3
18034 4
18035 5
18036 6
18037 7
18038 8
18039 9
18040 0
18041 1
18042 2
18043 3
18044 4
18045 5
18046 6
18047 7
18048 8
18049 9
18050 0
18051 1
18052 2
18053 3
18054 4
18055 5
18056 6
18057 7
18058 8
18059 9
18060 0
18061 1
18062 2
18063 3
18064 4
18065 5
18066 6
18067 7
18068 8
18069 9
18070 0
18071 1
18072 2
18073 3
18074 4
18075 5
18076 6
18077 7
18078 8
18079 9
18080 0
18081 1
18082 2
18083 3
18084 4
18085 5
18086 6
18087 7
18088 8
18089 9
18090 0
18091 1
18092 2
18093 3
18094 4
18095 5
18096 6
18097 7
18098 8
18099 9
18100 0
18101 1
18102 2
18103 3
18104 4
18105 5
18106 6
18107 7
18108 8
18109 9
18110 0
18111 1
18112 2
18113 3
18114 4
18115 5
18116 6
18117 7
18118 8
18119 9
18120 0
18121 1
18122 2
18123 3
18124 4
18125 5
18126 6
18127 7
18128 8
18129 9
18130 0
18131 1
18132 2
18133 3
18134 4
18135 5
18136 6
18137 7
18138 8
18139 9
18140 0
18141 1
18142 2
18143 3
18144 4
18145 5
18146 6
18147 7
18148 8
18149 9
18150 0
18151 1
18152 2
18153 3
18154 4
18155 5
18156 6
18157 7
18158 8
18159 9
18160 0
18161 1
18162 2
18163 3
18164 4
18165 5
18166 6
18167 7
18168 8
18169 9
18170 0
18171 1
18172 2
18173 3
18174 4
18175 5
18176 6
18177 7
18178 8
18179 9
18180 0
18181 1
18182 2
18183 3
18184 4
18185 5
18186 6
18187 7
18188 8
18189 9
18190 0
18191 1
18192 2
18193 3
18194 4
18195 5
18196 6
18197 7
18198 8
18199 9
18200 0
18201 1
18202 2
18203 3
18204 4
18205 5
18206 6
18207 7
18208 8
18209 9
18210 0
18211 1
18212 2
18213 3
18214 4
18215 5
18216 6
18217 7
18218 8
18219 9
18220 0
18221 1
18222 2
18223 3
18224 4
18225 5
18226 6
18227 7
18228 8
18229 9
18230 0
18231 1
18232 2
18233 3
18234 4
18235 5
18236 6
18237 7
18238 8
18239 9
18240 0
18241 1
18242 2
18243 3
18244 4
18245 5
18246 6
18247 7
18248 8
18249 9
18250 0
18251 1
18252 2
18253 3
18254 4
18255 5
18256 6
18257 7
18258 8
18259 9
18260 0
18261 1
18262 2
18263 3
18264 4
18265 5
18266 6
18267 7
18268 8
18269 9
18270 0
18271 1
18272 2
18273 3
18274 4
18275 5
18276 6
18277 7
18278 8
18279 9
18280 0
18281 1
18282 2
18283 3
18284 4
18285 5
18286 6
18287 7
18288 8
18289 9
18290 0
18291 1
18292 2
18293 3
18294 4
18295 5
18296 6
18297 7
18298 8
18299 9
18300 0
18301 1
18302 2
18303 3
18304 4
18305 5
18306 6
18307 7
18308 8
18309 9
18310 0
18311 1
18312 2
18313 3
18314 4
18315 5
18316 6
18317 7
18318 8
18319 9
18320 0
18321 1
18322 2
18323 3
18324 4
18325 5
18326 6
18327 7
18328 8
18329 9
18330 0
18331 1
18332 2
18333 3
18334 4
18335 5
18336 6
18337 7
18338 8
18339 9
18340 0
18341 1
18342 2
18343 3
18344 4
18345 5
18346 6
18347 7
18348 8
18349 9
18350 0
18351 1
18352 2
18353 3
18354 4
18355 5
18356 6
18357 7
18358 8
18359 9
18360 0
18361 1
18362 2
18363 3
18364 4
18365 5
18366 6
18367 7
18368 8
18369 9
18370 0
18371 1
18372 2
18373 3
18374 4
18375 5
18376 6
18377 7
18378 8
18379 9
18380 0
18381 1
18382 2
18383 3
18384 4
18385 5
18386 6
18387 7
18388 8
18389 9
18390 0
18391 1
18392 2
18393 3
18394 4
18395 5
18396 6
18397 7
18398 8
18399 9
18400 0
18401 1
18402 2
18403 3
18404 4
18405 5
18406 6
18407 7
18408 8
18409 9
18410 0
18411 1
18412 2
18413 3
18414 4
18415 5
18416 6
18417 7
18418 8
18419 9
18420 0
18421 1
18422 2
18423 3
18424 4
18425 5
18426 6
18427 7
18428 8
18429 9
18430 0
18431 1
18432 2
18433 3
18434 4
18435 5
18436 6
18437 7
18438 8
18439 9
18440 0
18441 1
18442 2
18443 3
18444 4
18445 5
18446 6
18447 7
18448 8
18449 9
18450 0
18451 1
18452 2
18453 3
18454 4
18455 5
18456 6
18457 7
18458 8
18459 9
18460 0
18461 1
18462 2
18463 3
18464 4
18465 5
18466 6
18467 7
18468 8
18469 9
18470 0
18471 1
18472 2
18473 3
18474 4
18475 5
18476 6
18477 7
18478 8
18479 9
18480 0
18481 1
18482 2
18483 3
18484 4
18485 5
18486 6
18487 7
18488 8
18489 9
18490 0
18491 1
18492 2
18493 3
18494 4
18495 5
18496 6
18497 7
18498 8
18499 9
18500 0
18501 1
18502 2
18503 3
18504 4
18505 5
18506 6
18507 7
18508 8
18509 9
18510 0
18511 1
18512 2
18513 3
18514 4
18515 5
18516 6
18517 7
18518 8
18519 9
18520 0
18521 1
18522 2
18523 3
18524 4
18525 5
18526 6
18527 7
18528 8
18529 9
18530 0
18531 1
18532 2
18533 3
18534 4
18535 5
18536 6
18537 7
18538 8
18539 9
18540 0
18541 1
18542 2
18543 3
18544 4
18545 5
18546 6
18547 7
18548 8
18549 9
18550 0
18551 1
18552 2
18553 3
18554 4
18555 5
18556 6
18557 7
18558 8
18559 9
18560 0
18561 1
18562 2
18563 3
18564 4
18565 5
18566 6
18567 7
18568 8
18569 9
18570 0
18571 1
18572 2
18573 3
18574 4
18575 5
18576 6
18577 7
18578 8
18579 9
18580 0
18581 1
18582 2
18583 3
18584 4
18585 5
18586 6
18587 7
18588 8
18589 9
18590 0
18591 1
18592 2
18593 3
18594 4
18595 5
18596 6
18597 7
18598 8
18599 9
18600 0
18601 1
18602 2
18603 3
18604 4
18605 5
18606 6
18607 7
18608 8
18609 9
18610 0
18611 1
18612 2
18613 3
18614 4
18615 5
18616 6
18617 7
18618 8
18619 9
18620 0
18621 1
18622 2
18623 3
18624 4
18625 5
18626 6
18627 7
18628 8
18629 9
18630 0
18631 1
18632 2
18633 3
18634 4
18635 5
18636 6
18637 7
18638 8
18639 9
18640 0
18641 1
18642 2
18643 3
18644 4
18645 5
18646 6
18647 7
18648 8
18649 9
18650 0
18651 1
18652 2
18653 3
18654 4
18655 5
18656 6
18657 7
18658 8
18659 9
18660 0
18661 1
18662 2
18663 3
18664 4
18665 5
18666 6
18667 7
18668 8
18669 9
18670 0
18671 1
18672 2
18673 3
18674 4
18675 5
18676 6
18677 7
18678 8
18679 9
18680 0
18681 1
18682 2
18683 3
18684 4
18685 5
18686 6
18687 7
18688 8
18689 9
18690 0
18691 1
18692 2
18693 3
18694 4
18695 5
18696 6
18697 7
18698 8
18699 9
18700 0
18701 1
18702 2
18703 3
18704 4
18705 5
18706 6
18707 7
18708 8
18709 9
18710 0
18711 1
18712 2
18713 3
18714 4
18715 5
18716 6
18717 7
18718 8
18719 9
18720 0
18721 1
18722 2
18723 3
18724 4
18725 5
18726 6
18727 7
18728 8
18729 9
18730 0
18731 1
18732 2
18733 3
18734 4
18735 5
18736 6
18737 7
18738 8
18739 9
18740 0
18741 1
18742 2
18743 3
18744 4
18745 5
18746 6
18747 7
18748 8
18749 9
18750 0
18751 1
18752 2
18753 3
18754 4
18755 5
18756 6
18757 7
18758 8
18759 9
18760 0
18761 1
18762 2
18763 3
18764 4
18765 5
18766 6
18767 7
18768 8
18769 9
18770 0
18771 1
18772 2
18773 3
18774 4
18775 5
18776 6
18777 7
18778 8
18779 9
18780 0
18781 1
18782 2
18783 3
18784 4
18785 5
18786 6
18787 7
18788 8
18789 9
18790 0
18791 1
18792 2
18793 3
18794 4
18795 5
18796 6
18797 7
18798 8
18799 9
18800 0
18801 1
18802 2
18803 3
18804 4
18805 5
18806 6
18807 7
18808 8
18809 9
18810 0
18811 1
18812 2
18813 3
18814 4
18815 5
18816 6
18817 7
18818 8
18819 9
18820 0
18821 1
18822 2
18823 3
18824 4
18825 5
18826 6
18827 7
18828 8
18829 9
18830 0
18831 1
18832 2
18833 3
18834 4
18835 5
18836 6
18837 7
18838 8
18839 9
18840 0
18841 1
18842 2
18843 3
18844 4
18845 5
18846 6
18847 7
18848 8
18849 9
18850 0
18851 1
18852 2
18853 3
18854 4
18855 5
18856 6
18857 7
18858 8
18859 9
18860 0
18861 1
18862 2
18863 3
18864 4
18865 5
18866 6
18867 7
18868 8
18869 9
18870 0
18871 1
18872 2
18873 3
18874 4
18875 5
18876 6
18877 7
18878 8
18879 9
18880 0
18881 1
18882 2
18883 3
18884 4
18885 5
18886 6
18887 7
18888 8
18889 9
18890 0
18891 1
18892 2
18893 3
18894 4
18895 5
18896 6
18897 7
18898 8
18899 9
18900 0
18901 1
18902 2
18903 3
18904 4
18905 5
18906 6
18907 7
18908 8
18909 9
18910 0
18911 1
18912 2
18913 3
18914 4
18915 5
18916 6
18917 7
18918 8
18919 9
18920 0
18921 1
18922 2
18923 3
18924 4
18925 5
18926 6
18927 7
18928 8
18929 9
18930 0
18931 1
18932 2
18933 3
18934 4
18935 5
18936 6
18937 7
18938 8
18939 9
18940 0
18941 1
18942 2
18943 3
18944 4
18945 5
18946 6
18947 7
18948 8
18949 9
18950 0
18951 1
18952 2
18953 3
18954 4
18955 5
18956 6
18957 7
18958 8
18959 9
18960 0
18961 1
18962 2
18963 3
18964 4
18965 5
18966 6
18967 7
18968 8
18969 9
18970 0
18971 1
18972 2
18973 3
18974 4
18975 5
18976 6
18977 7
18978 8
18979 9
18980 0
18981 1
18982 2
18983 3
18984 4
18985 5
18986 6
18987 7
18988 8
18989 9
18990 0
18991 1
18992 2
18993 3
18994 4
18995 5
18996 6
18997 7
18998 8
18999 9
19000 0
19001 1
19002 2
19003 3
19004 4
19005 5
19006 6
19007 7
19008 8
19009 9
19010 0
19011 1
19012 2
19013 3
19014 4
19015 5
19016 6
19017 7
19018 8
19019 9
19020 0
19021 1
19022 2
19023 3
19024 4
19025 5
19026 6
19027 7
19028 8
19029 9
19030 0
19031 1
19032 2
19033 3
19034 4
19035 5
19036 6
19037 7
19038 8
19039 9
19040 0
19041 1
19042 2
19043 3
19044 4
19045 5
19046 6
19047 7
19048 8
19049 9
19050 0
19051 1
19052 2
19053 3
19054 4
19055 5
19056 6
19057 7
19058 8
19059 9
19060 0
19061 1
19062 2
19063 3
19064 4
19065 5
19066 6
19067 7
19068 8
19069 9
19070 0
19071 1
19072 2
19073 3
19074 4
19075 5
19076 6
19077 7
19078 8
19079 9
19080 0
19081 1
19082 2
19083 3
19084 4
19085 5
19086 6
19087 7
19088 8
19089 9
19090 0
19091 1
19092 2
19093 3
19094 4
19095 5
19096 6
19097 7
19098 8
19099 9
19100 0
19101 1
19102 2
19103 3
19104 4
19105 5
19106 6
19107 7
19108 8
19109 9
19110 0
19111 1
19112 2
19113 3
19114 4
19115 5
19116 6
19117 7
19118 8
19119 9
19120 0
19121 1
19122 2
19123 3
19124 4
19125 5
19126 6
19127 7
19128 8
19129 9
19130 0
19131 1
19132 2
19133 3
19134 4
19135 5
19136 6
19137 7
19138 8
19139 9
19140 0
19141 1
19142 2
19143 3
19144 4
19145 5
19146 6
19147 7
19148 8
19149 9
19150 0
19151 1
19152 2
19153 3
19154 4
19155 5
19156 6
19157 7
19158 8
19159 9
19160 0
19161 1
19162 2
19163 3
19164 4
19165 5
19166 6
19167 7
19168 8
19169 9
19170 0
19171 1
19172 2
19173 3
19174 4
19175 5
19176 6
19177 7
19178 8
19179 9
19180 0
19181 1
19182 2
19183 3
19184 4
19185 5
19186 6
19187 7
19188 8
19189 9
19190 0
19191 1
19192 2
19193 3
19194 4
19195 5
19196 6
19197 7
19198 8
19199 9
19200 0
19201 1
19202 2
19203 3
19204 4
19205 5
19206 6
19207 7
19208 8
19209 9
19210 0
19211 1
19212 2
19213 3
19214 4
19215 5
19216 6
19217 7
19218 8
19219 9
19220 0
19221 1
19222 2
19223 3
19224 4
19225 5
19226 6
19227 7
19228 8
19229 9
19230 0
19231 1
19232 2
19233 3
19234 4
19235 5
19236 6
19237 7
19238 8
19239 9
19240 0
19241 1
19242 2
19243 3
19244 4
19245 5
19246 6
19247 7
19248 8
19249 9
19250 0
19251 1
19252 2
19253 3
19254 4
19255 5
19256 6
19257 7
19258 8
19259 9
19260 0
19261 1
19262 2
19263 3
19264 4
19265 5
19266 6
19267 7
19268 8
19269 9
19270 0
19271 1
19272 2
19273 3
19274 4
19275 5
19276 6
19277 7
19278 8
19279 9
19280 0
19281 1
19282 2
19283 3
19284 4
19285 5
19286 6
19287 7
19288 8
19289 9
19290 0
19291 1
19292 2
19293 3
19294 4
19295 5
19296 6
19297 7
19298 8
19299 9
19300 0
19301 1
19302 2
19303 3
19304 4
19305 5
19306 6
19307 7
19308 8
19309 9
19310 0
19311 1
19312 2
19313 3
19314 4
19315 5
19316 6
19317 7
19318 8
19319 9
19320 0
19321 1
19322 2
19323 3
19324 4
19325 5
19326 6
19327 7
19328 8
19329 9
19330 0
19331 1
19332 2
19333 3
19334 4
19335 5
19336 6
19337 7
19338 8
19339 9
19340 0
19341 1
19342 2
19343 3
19344 4
19345 5
19346 6
19347 7
19348 8
19349 9
19350 0
19351 1
19352 2
19353 3
19354 4
19355 5
19356 6
19357 7
19358 8
19359 9
19360 0
19361 1
19362 2
19363 3
19364 4
19365 5
19366 6
19367 7
19368 8
19369 9
19370 0
19371 1
19372 2
19373 3
19374 4
19375 5
19376 6
19377 7
19378 8
19379 9
19380 0
19381 1
19382 2
19383 3
19384 4
19385 5
19386 6
19387 7
19388 8
19389 9
19390 0
19391 1
19392 2
19393 3
19394 4
19395 5
19396 6
19397 7
19398 8
19399 9
19400 0
19401 1
19402 2
19403 3
19404 4
19405 5
19406 6
19407 7
19408 8
19409 9
19410 0
19411 1
19412 2
19413 3
19414 4
19415 5
19416 6
19417 7
19418 8
19419 9
19420 0
19421 1
19422 2
19423 3
19424 4
19425 5
19426 6
19427 7
19428 8
19429 9
19430 0
19431 1
19432 2
19433 3
19434 4
19435 5
19436 6
19437 7
19438 8
19439 9
19440 0
19441 1
19442 2
19443 3
19444 4
19445 5
19446 6
19447 7
19448 8
19449 9
19450 0
19451 1
19452 2
19453 3
19454 4
19455 5
19456 6
19457 7
19458 8
19459 9
19460 0
19461 1
19462 2
19463 3
19464 4
19465 5
19466 6
19467 7
19468 8
19469 9
19470 0
19471 1
19472 2
19473 3
19474 4
19475 5
19476 6
19477 7
19478 8
19479 9
19480 0
19481 1
19482 2
19483 3
19484 4
19485 5
19486 6
19487 7
19488 8
19489 9
19490 0
19491 1
19492 2
19493 3
19494 4
19495 5
19496 6
19497 7
19498 8
19499 9
19500 0
19501 1
19502 2
19503 3
19504 4
19505 5
19506 6
19507 7
19508 8
19509 9
19510 0
19511 1
19512 2
19513 3
19514 4
19515 5
19516 6
19517 7
19518 8
19519 9
19520 0
19521 1
19522 2
19523 3
19524 4
19525 5
19526 6
19527 7
19528 8
19529 9
19530 0
19531 1
19532 2
19533 3
19534 4
19535 5
19536 6
19537 7
19538 8
19539 9
19540 0
19541 1
19542 2
19543 3
19544 4
19545 5
19546 6
19547 7
19548 8
19549 9
19550 0
19551 1
19552 2
19553 3
19554 4
19555 5
19556 6
19557 7
19558 8
19559 9
19560 0
19561 1
19562 2
19563 3
19564 4
19565 5
19566 6
19567 7
19568 8
19569 9
19570 0
19571 1
19572 2
19573 3
19574 4
19575 5
19576 6
19577 7
19578 8
19579 9
19580 0
19581 1
19582 2
19583 3
19584 4
19585 5
19586 6
19587 7
19588 8
19589 9
19590 0
19591 1
19592 2
19593 3
19594 4
19595 5
19596 6
19597 7
19598 8
19599 9
19600 0
19601 1
19602 2
19603 3
19604 4
19605 5
19606 6
19607 7
19608 8
19609 9
19610 0
19611 1
19612 2
19613 3
19614 4
19615 5
19616 6
19617 7
19618 8
19619 9
19620 0
19621 1
19622 2
19623 3
19624 4
19625 5
19626 6
19627 7
19628 8
19629 9
19630 0
19631 1
19632 2
19633 3
19634 4
19635 5
19636 6
19637 7
19638 8
19639 9
19640 0
19641 1
19642 2
19643 3
19644 4
19645 5
19646 6
19647 7
19648 8
19649 9
19650 0
19651 1
19652 2
19653 3
19654 4
19655 5
19656 6
19657 7
19658 8
19659 9
19660 0
19661 1
19662 2
19663 3
19664 4
19665 5
19666 6
19667 7
19668 8
19669 9
19670 0
19671 1
19672 2
19673 3
19674 4
19675 5
19676 6
19677 7
19678 8
19679 9
19680 0
19681 1
19682 2
19683 3
19684 4
19685 5
19686 6
19687 7
19688 8
19689 9
19690 0
19691 1
19692 2
19693 3
19694 4
19695 5
19696 6
19697 7
19698 8
19699 9
19700 0
19701 1
19702 2
19703 3
19704 4
19705 5
19706 6
19707 7
19708 8
19709 9
19710 0
19711 1
19712 2
19713 3
19714 4
19715 5
19716 6
19717 7
19718 8
19719 9
19720 0
19721 1
19722 2
19723 3
19724 4
19725 5
19726 6
19727 7
19728 8
19729 9
19730 0
19731 1
19732 2
19733 3
19734 4
19735 5
19736 6
19737 7
19738 8
19739 9
19740 0
19741 1
19742 2
19743 3
19744 4
19745 5
19746 6
19747 7
19748 8
19749 9
19750 0
19751 1
19752 2
19753 3
19754 4
19755 5
19756 6
19757 7
19758 8
19759 9
19760 0
19761 1
19762 2
19763 3
19764 4
19765 5
19766 6
19767 7
19768 8
19769 9
19770 0
19771 1
19772 2
19773 3
19774 4
19775 5
19776 6
19777 7
19778 8
19779 9
19780 0
19781 1
19782 2
19783 3
19784 4
19785 5
19786 6
19787 7
19788 8
19789 9
19790 0
19791 1
19792 2
19793 3
19794 4
19795 5
19796 6
19797 7
19798 8
19799 9
19800 0
19801 1
19802 2
19803 3
19804 4
19805 5
19806 6
19807 7
19808 8
19809 9
19810 0
19811 1
19812 2
19813 3
19814 4
19815 5
19816 6
19817 7
19818 8
19819 9
19820 0
19821 1
19822 2
19823 3
19824 4
19825 5
19826 6
19827 7
19828 8
19829 9
19830 0
19831 1
19832 2
19833 3
19834 4
19835 5
19836 6
19837 7
19838 8
19839 9
19840 0
19841 1
19842 2
19843 3
19844 4
19845 5
19846 6
19847 7
19848 8
19849 9
19850 0
19851 1
19852 2
19853 3
19854 4
19855 5
19856 6
19857 7
19858 8
19859 9
19860 0
19861 1
19862 2
19863 3
19864 4
19865 5
19866 6
19867 7
19868 8
19869 9
19870 0
19871 1
19872 2
19873 3
19874 4
19875 5
19876 6
19877 7
19878 8
19879 9
19880 0
19881 1
19882 2
19883 3
19884 4
19885 5
19886 6
19887 7
19888 8
19889 9
19890 0
19891 1
19892 2
19893 3
19894 4
19895 5
19896 6
19897 7
19898 8
19899 9
19900 0
19901 1
19902 2
19903 3
19904 4
19905 5
19906 6
19907 7
19908 8
19909 9
19910 0
19911 1
19912 2
19913 3
19914 4
19915 5
19916 6
19917 7
19918 8
19919 9
19920 0
19921 1
19922 2
19923 3
19924 4
19925 5
19926 6
19927 7
19928 8
19929 9
19930 0
19931 1
19932 2
19933 3
19934 4
19935 5
19936 6
19937 7
19938 8
19939 9
19940 0
19941 1
19942 2
19943 3
19944 4
19945 5
19946 6
19947 7
19948 8
19949 9
19950 0
19951 1
19952 2
19953 3
19954 4
19955 5
19956 6
19957 7
19958 8
19959 9
19960 0
19961 1
19962 2
19963 3
19964 4
19965 5
19966 6
19967 7
19968 8
19969 9
19970 0
19971 1
19972 2
19973 3
19974 4
19975 5
19976 6
19977 7
19978 8
19979 9
19980 0
19981 1
19982 2
19983 3
19984 4
19985 5
19986 6
19987 7
19988 8
19989 9
19990 0
19991 1
19992 2
19993 3
19994 4
19995 5
19996 6
19997 7
19998 8
19999 9
20000 0
20001 1
20002 2
20003 3
20004 4
20005 5
20006 6
20007 7
20008 8
20009 9
20010 0
20011 1
20012 2
20013 3
20014 4
20015 5
20016 6
20017 7
20018 8
20019 9
20020 0
20021 1
20022 2
20023 3
20024 4
20025 5
20026 6
20027 7
20028 8
20029 9
20030 0
20031 1
20032 2
20033 3
20034 4
20035 5
20036 6
20037 7
20038 8
20039 9
20040 0
20041 1
20042 2
20043 3
20044 4
20045 5
20046 6
20047 7
20048 8
20049 9
20050 0
20051 1
20052 2
20053 3
20054 4
20055 5
20056 6
20057 7
20058 8
20059 9
20060 0
20061 1
20062 2
20063 3
20064 4
20065 5
20066 6
20067 7
20068 8
20069 9
20070 0
20071 1
20072 2
20073 3
20074 4
20075 5
20076 6
20077 7
20078 8
20079 9
20080 0
20081 1
20082 2
20083 3
20084 4
20085 5
20086 6
20087 7
20088 8
20089 9
20090 0
20091 1
20092 2
20093 3
20094 4
20095 5
20096 6
20097 7
20098 8
20099 9
20100 0
20101 1
20102 2
20103 3
20104 4
20105 5
20106 6
20107 7
20108 8
20109 9
20110 0
20111 1
20112 2
20113 3
20114 4
20115 5
20116 6
20117 7
20118 8
20119 9
20120 0
20121 1
20122 2
20123 3
20124 4
20125 5
20126 6
20127 7
20128 8
20129 9
20130 0
20131 1
20132 2
20133 3
20134 4
20135 5
20136 6
20137 7
20138 8
20139 9
20140 0
20141 1
20142 2
20143 3
20144 4
20145 5
20146 6
20147 7
20148 8
20149 9
20150 0
20151 1
20152 2
20153 3
20154 4
20155 5
20156 6
20157 7
20158 8
20159 9
20160 0
20161 1
20162 2
20163 3
20164 4
20165 5
20166 6
20167 7
20168 8
20169 9
20170 0
20171 1
20172 2
20173 3
20174 4
20175 5
20176 6
20177 7
20178 8
20179 9
20180 0
20181 1
20182 2
20183 3
20184 4
20185 5
20186 6
20187 7
20188 8
20189 9
20190 0
20191 1
20192 2
20193 3
20194 4
20195 5
20196 6
20197 7
20198 8
20199 9
20200 0
20201 1
20202 2
20203 3
20204 4
20205 5
20206 6
20207 7
20208 8
20209 9
20210 0
20211 1
20212 2
20213 3
20214 4
20215 5
20216 6
20217 7
20218 8
20219 9
20220 0
20221 1
20222 2
20223 3
20224 4
20225 5
20226 6
20227 7
20228 8
20229 9
20230 0
20231 1
20232 2
20233 3
20234 4
20235 5
20236 6
20237 7
20238 8
20239 9
20240 0
20241 1
20242 2
20243 3
20244 4
20245 5
20246 6
20247 7
20248 8
20249 9
20250 0
20251 1
20252 2
20253 3
20254 4
20255 5
20256 6
20257 7
20258 8
20259 9
20260 0
20261 1
20262 2
20263 3
20264 4
20265 5
20266 6
20267 7
20268 8
20269 9
20270 0
20271 1
20272 2
20273 3
20274 4
20275 5
20276 6
20277 7
20278 8
20279 9
20280 0
20281 1
20282 2
20283 3
20284 4
20285 5
20286 6
20287 7
20288 8
20289 9
20290 0
20291 1
20292 2
20293 3
20294 4
20295 5
20296 6
20297 7
20298 8
20299 9
20300 0
20301 1
20302 2
20303 3
20304 4
20305 5
20306 6
20307 7
20308 8
20309 9
20310 0
20311 1
20312 2
20313 3
20314 4
20315 5
20316 6
20317 7
20318 8
20319 9
20320 0
20321 1
20322 2
20323 3
20324 4
20325 5
20326 6
20327 7
20328 8
20329 9
20330 0
20331 1
20332 2
20333 3
20334 4
20335 5
20336 6
20337 7
20338 8
20339 9
20340 0
20341 1
20342 2
20343 3
20344 4
20345 5
20346 6
20347 7
20348 8
20349 9
20350 0
20351 1
20352 2
20353 3
20354 4
20355 5
20356 6
20357 7
20358 8
20359 9
20360 0
20361 1
20362 2
20363 3
20364 4
20365 5
20366 6
20367 7
20368 8
20369 9
20370 0
20371 1
20372 2
20373 3
20374 4
20375 5
20376 6
20377 7
20378 8
20379 9
20380 0
20381 1
20382 2
20383 3
20384 4
20385 5
20386 6
20387 7
20388 8
20389 9
20390 0
20391 1
20392 2
20393 3
20394 4
20395 5
20396 6
20397 7
20398 8
20399 9
20400 0
20401 1
20402 2
20403 3
20404 4
20405 5
20406 6
20407 7
20408 8
20409 9
20410 0
20411 1
20412 2
20413 3
20414 4
20415 5
20416 6
20417 7
20418 8
20419 9
20420 0
20421 1
20422 2
20423 3
20424 4
20425 5
20426 6
20427 7
20428 8
20429 9
20430 0
20431 1
20432 2
20433 3
20434 4
20435 5
20436 6
20437 7
20438 8
20439 9
20440 0
20441 1
20442 2
20443 3
20444 4
20445 5
20446 6
20447 7
20448 8
20449 9
20450 0
20451 1
20452 2
20453 3
20454 4
20455 5
20456 6
20457 7
20458 8
20459 9
20460 0
20461 1
20462 2
20463 3
20464 4
20465 5
20466 6
20467 7
20468 8
20469 9
20470 0
20471 1
20472 2
20473 3
20474 4
20475 5
20476 6
20477 7
20478 8
20479 9
20480 0
20481 1
20482 2
20483 3
20484 4
20485 5
20486 6
20487 7
20488 8
20489 9
20490 0
20491 1
20492 2
20493 3
20494 4
20495 5
20496 6
20497 7
20498 8
20499 9
20500 0
20501 1
20502 2
20503 3
20504 4
20505 5
20506 6
20507 7
20508 8
20509 9
20510 0
20511 1
20512 2
20513 3
20514 4
20515 5
20516 6
20517 7
20518 8
20519 9
20520 0
20521 1
20522 2
20523 3
20524 4
20525 5
20526 6
20527 7
20528 8
20529 9
20530 0
20531 1
20532 2
20533 3
20534 4
20535 5
20536 6
20537 7
20538 8
20539 9
20540 0
20541 1
20542 2
20543 3
20544 4
20545 5
20546 6
20547 7
20548 8
20549 9
20550 0
20551 1
20552 2
20553 3
20554 4
20555 5
20556 6
20557 7
20558 8
20559 9
20560 0
20561 1
20562 2
20563 3
20564 4
20565 5
20566 6
20567 7
20568 8
20569 9
20570 0
20571 1
20572 2
20573 3
20574 4
20575 5
20576 6
20577 7
20578 8
20579 9
20580 0
20581 1
20582 2
20583 3
20584 4
20585 5
20586 6
20587 7
20588 8
20589 9
20590 0
20591 1
20592 2
20593 3
20594 4
20595 5
20596 6
20597 7
20598 8
20599 9
20600 0
20601 1
20602 2
20603 3
20604 4
20605 5
20606 6
20607 7
20608 8
20609 9
20610 0
20611 1
20612 2
20613 3
20614 4
20615 5
20616 6
20617 7
20618 8
20619 9
20620 0
20621 1
20622 2
20623 3
20624 4
20625 5
20626 6
20627 7
20628 8
20629 9
20630 0
20631 1
20632 2
20633 3
20634 4
20635 5
20636 6
20637 7
20638 8
20639 9
20640 0
20641 1
20642 2
20643 3
20644 4
20645 5
20646 6
20647 7
20648 8
20649 9
20650 0
20651 1
20652 2
20653 3
20654 4
20655 5
20656 6
20657 7
20658 8
20659 9
20660 0
20661 1
20662 2
20663 3
20664 4
20665 5
20666 6
20667 7
20668 8
20669 9
20670 0
20671 1
20672 2
20673 3
20674 4
20675 5
20676 6
20677 7
20678 8
20679 9
20680 0
20681 1
20682 2
20683 3
20684 4
20685 5
20686 6
20687 7
20688 8
20689 9
20690 0
20691 1
20692 2
20693 3
20694 4
20695 5
20696 6
20697 7
20698 8
20699 9
20700 0
20701 1
20702 2
20703 3
20704 4
20705 5
20706 6
20707 7
20708 8
20709 9
20710 0
20711 1
20712 2
20713 3
20714 4
20715 5
20716 6
20717 7
20718 8
20719 9
20720 0
20721 1
20722 2
20723 3
20724 4
20725 5
20726 6
20727 7
20728 8
20729 9
20730 0
20731 1
20732 2
20733 3
20734 4
20735 5
20736 6
20737 7
20738 8
20739 9
20740 0
20741 1
20742 2
20743 3
20744 4
20745 5
20746 6
20747 7
20748 8
20749 9
20750 0
20751 1
20752 2
20753 3
20754 4
20755 5
20756 6
20757 7
20758 8
20759 9
20760 0
20761 1
20762 2
20763 3
20764 4
20765 5
20766 6
20767 7
20768 8
20769 9
20770 0
20771 1
20772 2
20773 3
20774 4
20775 5
20776 6
20777 7
20778 8
20779 9
20780 0
20781 1
20782 2
20783 3
20784 4
20785 5
20786 6
20787 7
20788 8
20789 9
20790 0
20791 1
20792 2
20793 3
20794 4
20795 5
20796 6
20797 7
20798 8
20799 9
20800 0
20801 1
20802 2
20803 3
20804 4
20805 5
20806 6
20807 7
20808 8
20809 9
20810 0
20811 1
20812 2
20813 3
20814 4
20815 5
20816 6
20817 7
20818 8
20819 9
20820 0
20821 1
20822 2
20823 3
20824 4
20825 5
20826 6
20827 7
20828 8
20829 9
20830 0
20831 1
20832 2
20833 3
20834 4
20835 5
20836 6
20837 7
20838 8
20839 9
20840 0
20841 1
20842 2
20843 3
20844 4
20845 5
20846 6
20847 7
20848 8
20849 9
20850 0
20851 1
20852 2
20853 3
20854 4
20855 5
20856 6
20857 7
20858 8
20859 9
20860 0
20861 1
20862 2
20863 3
20864 4
20865 5
20866 6
20867 7
20868 8
20869 9
20870 0
20871 1
20872 2
20873 3
20874 4
20875 5
20876 6
20877 7
20878 8
20879 9
20880 0
20881 1
20882 2
20883 3
20884 4
20885 5
20886 6
20887 7
20888 8
20889 9
20890 0
20891 1
20892 2
20893 3
20894 4
20895 5
20896 6
20897 7
20898 8
20899 9
20900 0
20901 1
20902 2
20903 3
20904 4
20905 5
20906 6
20907 7
20908 8
20909 9
20910 0
20911 1
20912 2
20913 3
20914 4
20915 5
20916 6
20917 7
20918 8
20919 9
20920 0
20921 1
20922 2
20923 3
20924 4
20925 5
20926 6
20927 7
20928 8
20929 9
20930 0
20931 1
20932 2
20933 3
20934 4
20935 5
20936 6
20937 7
20938 8
20939 9
20940 0
20941 1
20942 2
20943 3
20944 4
20945 5
20946 6
20947 7
20948 8
20949 9
20950 0
20951 1
20952 2
20953 3
20954 4
20955 5
20956 6
20957 7
20958 8
20959 9
20960 0
20961 1
20962 2
20963 3
20964 4
20965 5
20966 6
20967 7
20968 8
20969 9
20970 0
20971 1
20972 2
20973 3
20974 4
20975 5
20976 6
20977 7
20978 8
20979 9
20980 0
20981 1
20982 2
20983 3
20984 4
20985 5
20986 6
20987 7
20988 8
20989 9
20990 0
20991 1
20992 2
20993 3
20994 4
20995 5
20996 6
20997 7
20998 8
20999 9
21000 0
21001 1
21002 2
21003 3
21004 4
21005 5
21006 6
21007 7
21008 8
21009 9
21010 0
21011 1
21012 2
21013 3
21014 4
21015 5
21016 6
21017 7
21018 8
21019 9
21020 0
21021 1
21022 2
21023 3
21024 4
21025 5
21026 6
21027 7
21028 8
21029 9
21030 0
21031 1
21032 2
21033 3
21034 4
21035 5
21036 6
21037 7
21038 8
21039 9
21040 0
21041 1
21042 2
21043 3
21044 4
21045 5
21046 6
21047 7
21048 8
21049 9
21050 0
21051 1
21052 2
21053 3
21054 4
21055 5
21056 6
21057 7
21058 8
21059 9
21060 0
21061 1
21062 2
21063 3
21064 4
21065 5
21066 6
21067 7
21068 8
21069 9
21070 0
21071 1
21072 2
21073 3
21074 4
21075 5
21076 6
21077 7
21078 8
21079 9
21080 0
21081 1
21082 2
21083 3
21084 4
21085 5
21086 6
21087 7
21088 8
21089 9
21090 0
21091 1
21092 2
21093 3
21094 4
21095 5
21096 6
21097 7
21098 8
21099 9
21100 0
21101 1
21102 2
21103 3
21104 4
21105 5
21106 6
21107 7
21108 8
21109 9
21110 0
21111 1
21112 2
21113 3
21114 4
21115 5
21116 6
21117 7
21118 8
21119 9
21120 0
21121 1
21122 2
21123 3
21124 4
21125 5
21126 6
21127 7
21128 8
21129 9
21130 0
21131 1
21132 2
21133 3
21134 4
21135 5
21136 6
21137 7
21138 8
21139 9
21140 0
21141 1
21142 2
21143 3
21144 4
21145 5
21146 6
21147 7
21148 8
21149 9
21150 0
21151 1
21152 2
21153 3
21154 4
21155 5
21156 6
21157 7
21158 8
21159 9
21160 0
21161 1
21162 2
21163 3
21164 4
21165 5
21166 6
21167 7
21168 8
21169 9
21170 0
21171 1
21172 2
21173 3
21174 4
21175 5
21176 6
21177 7
21178 8
21179 9
21180 0
21181 1
21182 2
21183 3
21184 4
21185 5
21186 6
21187 7
21188 8
21189 9
21190 0
21191 1
21192 2
21193 3
21194 4
21195 5
21196 6
21197 7
21198 8
21199 9
21200 0
21201 1
21202 2
21203 3
21204 4
21205 5
21206 6
21207 7
21208 8
21209 9
21210 0
21211 1
21212 2
21213 3
21214 4
21215 5
21216 6
21217 7
21218 8
21219 9
21220 0
21221 1
21222 2
21223 3
21224 4
21225 5
21226 6
21227 7
21228 8
21229 9
21230 0
21231 1
21232 2
21233 3
21234 4
21235 5
21236 6
21237 7
21238 8
21239 9
21240 0
21241 1
21242 2
21243 3
21244 4
21245 5
21246 6
21247 7
21248 8
21249 9
21250 0
21251 1
21252 2
21253 3
21254 4
21255 5
21256 6
21257 7
21258 8
21259 9
21260 0
21261 1
21262 2
21263 3
21264 4
21265 5
21266 6
21267 7
21268 8
21269 9
21270 0
21271 1
21272 2
21273 3
21274 4
21275 5
21276 6
21277 7
21278 8
21279 9
21280 0
21281 1
21282 2
21283 3
21284 4
21285 5
21286 6
21287 7
21288 8
21289 9
21290 0
21291 1
21292 2
21293 3
21294 4
21295 5
21296 6
21297 7
21298 8
21299 9
21300 0
21301 1
21302 2
21303 3
21304 4
21305 5
21306 6
21307 7
21308 8
21309 9
21310 0
21311 1
21312 2
21313 3
21314 4
21315 5
21316 6
21317 7
21318 8
21319 9
21320 0
21321 1
21322 2
21323 3
21324 4
21325 5
21326 6
21327 7
21328 8
21329 9
21330 0
21331 1
21332 2
21333 3
21334 4
21335 5
21336 6
21337 7
21338 8
21339 9
21340 0
21341 1
21342 2
21343 3
21344 4
21345 5
21346 6
21347 7
21348 8
21349 9
21350 0
21351 1
21352 2
21353 3
21354 4
21355 5
21356 6
21357 7
21358 8
21359 9
21360 0
21361 1
21362 2
21363 3
21364 4
21365 5
21366 6
21367 7
21368 8
21369 9
21370 0
21371 1
21372 2
21373 3
21374 4
21375 5
21376 6
21377 7
21378 8
21379 9
21380 0
21381 1
21382 2
21383 3
21384 4
21385 5
21386 6
21387 7
21388 8
21389 9
21390 0
21391 1
21392 2
21393 3
21394 4
21395 5
21396 6
21397 7
21398 8
21399 9
21400 0
21401 1
21402 2
21403 3
21404 4
21405 5
21406 6
21407 7
21408 8
21409 9
21410 0
21411 1
21412 2
21413 3
21414 4
21415 5
21416 6
21417 7
21418 8
21419 9
21420 0
21421 1
21422 2
21423 3
21424 4
21425 5
21426 6
21427 7
21428 8
21429 9
21430 0
21431 1
21432 2
21433 3
21434 4
21435 5
21436 6
21437 7
21438 8
21439 9
21440 0
21441 1
21442 2
21443 3
21444 4
21445 5
21446 6
21447 7
21448 8
21449 9
21450 0
21451 1
21452 2
21453 3
21454 4
21455 5
21456 6
21457 7
21458 8
21459 9
21460 0
21461 1
21462 2
21463 3
21464 4
21465 5
21466 6
21467 7
21468 8
21469 9
21470 0
21471 1
21472 2
21473 3
21474 4
21475 5
21476 6
21477 7
21478 8
21479 9
21480 0
21481 1
21482 2
21483 3
21484 4
21485 5
21486 6
21487 7
21488 8
21489 9
21490 0
21491 1
21492 2
21493 3
21494 4
21495 5
21496 6
21497 7
21498 8
21499 9
21500 0
21501 1
21502 2
21503 3
21504 4
21505 5
21506 6
21507 7
21508 8
21509 9
21510 0
21511 1
21512 2
21513 3
21514 4
21515 5
21516 6
21517 7
21518 8
21519 9
21520 0
21521 1
21522 2
21523 3
21524 4
21525 5
21526 6
21527 7
21528 8
21529 9
21530 0
21531 1
21532 2
21533 3
21534 4
21535 5
21536 6
21537 7
21538 8
21539 9
21540 0
21541 1
21542 2
21543 3
21544 4
21545 5
21546 6
21547 7
21548 8
21549 9
21550 0
21551 1
21552 2
21553 3
21554 4
21555 5
21556 6
21557 7
21558 8
21559 9
21560 0
21561 1
21562 2
21563 3
21564 4
21565 5
21566 6
21567 7
21568 8
21569 9
21570 0
21571 1
21572 2
21573 3
21574 4
21575 5
21576 6
21577 7
21578 8
21579 9
21580 0
21581 1
21582 2
21583 3
21584 4
21585 5
21586 6
21587 7
21588 8
21589 9
21590 0
21591 1
21592 2
21593 3
21594 4
21595 5
21596 6
21597 7
21598 8
21599 9
21600 0
21601 1
21602 2
21603 3
21604 4
21605 5
21606 6
21607 7
21608 8
21609 9
21610 0
21611 1
21612 2
21613 3
21614 4
21615 5
21616 6
21617 7
21618 8
21619 9
21620 0
21621 1
21622 2
21623 3
21624 4
21625 5
21626 6
21627 7
21628 8
21629 9
21630 0
21631 1
21632 2
21633 3
21634 4
21635 5
21636 6
21637 7
21638 8
21639 9
21640 0
21641 1
21642 2
21643 3
21644 4
21645 5
21646 6
21647 7
21648 8
21649 9
21650 0
21651 1
21652 2
21653 3
21654 4
21655 5
21656 6
21657 7
21658 8
21659 9
21660 0
21661 1
21662 2
21663 3
21664 4
21665 5
21666 6
21667 7
21668 8
21669 9
21670 0
21671 1
21672 2
21673 3
21674 4
21675 5
21676 6
21677 7
21678 8
21679 9
21680 0
21681 1
21682 2
21683 3
21684 4
21685 5
21686 6
21687 7
21688 8
21689 9
21690 0
21691 1
21692 2
21693 3
21694 4
21695 5
21696 6
21697 7
21698 8
21699 9
21700 0
21701 1
21702 2
21703 3
21704 4
21705 5
21706 6
21707 7
21708 8
21709 9
21710 0
21711 1
21712 2
21713 3
21714 4
21715 5
21716 6
21717 7
21718 8
21719 9
21720 0
21721 1
21722 2
21723 3
21724 4
21725 5
21726 6
21727 7
21728 8
21729 9
21730 0
21731 1
21732 2
21733 3
21734 4
21735 5
21736 6
21737 7
21738 8
21739 9
21740 0
21741 1
21742 2
21743 3
21744 4
21745 5
21746 6
21747 7
21748 8
21749 9
21750 0
21751 1
21752 2
21753 3
21754 4
21755 5
21756 6
21757 7
21758 8
21759 9
21760 0
21761 1
21762 2
21763 3
21764 4
21765 5
21766 6
21767 7
21768 8
21769 9
21770 0
21771 1
21772 2
21773 3
21774 4
21775 5
21776 6
21777 7
21778 8
21779 9
21780 0
21781 1
21782 2
21783 3
21784 4
21785 5
21786 6
21787 7
21788 8
21789 9
21790 0
21791 1
21792 2
21793 3
21794 4
21795 5
21796 6
21797 7
21798 8
21799 9
21800 0
21801 1
21802 2
21803 3
21804 4
21805 5
21806 6
21807 7
21808 8
21809 9
21810 0
21811 1
21812 2
21813 3
21814 4
21815 5
21816 6
21817 7
21818 8
21819 9
21820 0
21821 1
21822 2
21823 3
21824 4
21825 5
21826 6
21827 7
21828 8
21829 9
21830 0
21831 1
21832 2
21833 3
21834 4
21835 5
21836 6
21837 7
21838 8
21839 9
21840 0
21841 1
21842 2
21843 3
21844 4
21845 5
21846 6
21847 7
21848 8
21849 9
21850 0
21851 1
21852 2
21853 3
21854 4
21855 5
21856 6
21857 7
21858 8
21859 9
21860 0
21861 1
21862 2
21863 3
21864 4
21865 5
21866 6
21867 7
21868 8
21869 9
21870 0
21871 1
21872 2
21873 3
21874 4
21875 5
21876 6
21877 7
21878 8
21879 9
21880 0
21881 1
21882 2
21883 3
21884 4
21885 5
21886 6
21887 7
21888 8
21889 9
21890 0
21891 1
21892 2
21893 3
21894 4
21895 5
21896 6
21897 7
21898 8
21899 9
21900 0
21901 1
21902 2
21903 3
21904 4
21905 5
21906 6
21907 7
21908 8
21909 9
21910 0
21911 1
21912 2
21913 3
21914 4
21915 5
21916 6
21917 7
21918 8
21919 9
21920 0
21921 1
21922 2
21923 3
21924 4
21925 5
21926 6
21927 7
21928 8
21929 9
21930 0
21931 1
21932 2
21933 3
21934 4
21935 5
21936 6
21937 7
21938 8
21939 9
21940 0
21941 1
21942 2
21943 3
21944 4
21945 5
21946 6
21947 7
21948 8
21949 9
21950 0
21951 1
21952 2
21953 3
21954 4
21955 5
21956 6
21957 7
21958 8
21959 9
21960 0
21961 1
21962 2
21963 3
21964 4
21965 5
21966 6
21967 7
21968 8
21969 9
21970 0
21971 1
21972 2
21973 3
21974 4
21975 5
21976 6
21977 7
21978 8
21979 9
21980 0
21981 1
21982 2
21983 3
21984 4
21985 5
21986 6
21987 7
21988 8
21989 9
21990 0
21991 1
21992 2
21993 3
21994 4
21995 5
21996 6
21997 7
21998 8
21999 9
22000 0
22001 1
22002 2
22003 3
22004 4
22005 5
22006 6
22007 7
22008 8
22009 9
22010 0
22011 1
22012 2
22013 3
22014 4
22015 5
22016 6
22017 7
22018 8
22019 9
22020 0
22021 1
22022 2
22023 3
22024 4
22025 5
22026 6
22027 7
22028 8
22029 9
22030 0
22031 1
22032 2
22033 3
22034 4
22035 5
22036 6
22037 7
22038 8
22039 9
22040 0
22041 1
22042 2
22043 3
22044 4
22045 5
22046 6
22047 7
22048 8
22049 9
22050 0
22051 1
22052 2
22053 3
22054 4
22055 5
22056 6
22057 7
22058 8
22059 9
22060 0
22061 1
22062 2
22063 3
22064 4
22065 5
22066 6
22067 7
22068 8
22069 9
22070 0
22071 1
22072 2
22073 3
22074 4
22075 5
22076 6
22077 7
22078 8
22079 9
22080 0
22081 1
22082 2
22083 3
22084 4
22085 5
22086 6
22087 7
22088 8
22089 9
22090 0
22091 1
22092 2
22093 3
22094 4
22095 5
22096 6
22097 7
22098 8
22099 9
22100 0
22101 1
22102 2
22103 3
22104 4
22105 5
22106 6
22107 7
22108 8
22109 9
22110 0
22111 1
22112 2
22113 3
22114 4
22115 5
22116 6
22117 7
22118 8
22119 9
22120 0
22121 1
22122 2
22123 3
22124 4
22125 5
22126 6
22127 7
22128 8
22129 9
22130 0
22131 1
22132 2
22133 3
22134 4
22135 5
22136 6
22137 7
22138 8
22139 9
22140 0
22141 1
22142 2
22143 3
22144 4
22145 5
22146 6
22147 7
22148 8
22149 9
22150 0
22151 1
22152 2
22153 3
22154 4
22155 5
22156 6
22157 7
22158 8
22159 9
22160 0
22161 1
22162 2
22163 3
22164 4
22165 5
22166 6
22167 7
22168 8
22169 9
22170 0
22171 1
22172 2
22173 3
22174 4
22175 5
22176 6
22177 7
22178 8
22179 9
22180 0
22181 1
22182 2
22183 3
22184 4
22185 5
22186 6
22187 7
22188 8
22189 9
22190 0
22191 1
22192 2
22193 3
22194 4
22195 5
22196 6
22197 7
22198 8
22199 9
22200 0
22201 1
22202 2
22203 3
22204 4
22205 5
22206 6
22207 7
22208 8
22209 9
22210 0
22211 1
22212 2
22213 3
22214 4
22215 5
22216 6
22217 7
22218 8
22219 9
22220 0
22221 1
22222 2
22223 3
22224 4
22225 5
22226 6
22227 7
22228 8
22229 9
22230 0
22231 1
22232 2
22233 3
22234 4
22235 5
22236 6
22237 7
22238 8
22239 9
22240 0
22241 1
22242 2
22243 3
22244 4
22245 5
22246 6
22247 7
22248 8
22249 9
22250 0
22251 1
22252 2
22253 3
22254 4
22255 5
22256 6
22257 7
22258 8
22259 9
22260 0
22261 1
22262 2
22263 3
22264 4
22265 5
22266 6
22267 7
22268 8
22269 9
22270 0
22271 1
22272 2
22273 3
22274 4
22275 5
22276 6
22277 7
22278 8
22279 9
22280 0
22281 1
22282 2
22283 3
22284 4
22285 5
22286 6
22287 7
22288 8
22289 9
22290 0
22291 1
22292 2
22293 3
22294 4
22295 5
22296 6
22297 7
22298 8
22299 9
22300 0
22301 1
22302 2
22303 3
22304 4
22305 5
22306 6
22307 7
22308 8
22309 9
22310 0
22311 1
22312 2
22313 3
22314 4
22315 5
22316 6
22317 7
22318 8
22319 9
22320 0
22321 1
22322 2
22323 3
22324 4
22325 5
22326 6
22327 7
22328 8
22329 9
22330 0
22331 1
22332 2
22333 3
22334 4
22335 5
22336 6
22337 7
22338 8
22339 9
22340 0
22341 1
22342 2
22343 3
22344 4
22345 5
22346 6
22347 7
22348 8
22349 9
22350 0
22351 1
22352 2
22353 3
22354 4
22355 5
22356 6
22357 7
22358 8
22359 9
22360 0
22361 1
22362 2
22363 3
22364 4
22365 5
22366 6
22367 7
22368 8
22369 9
22370 0
22371 1
22372 2
22373 3
22374 4
22375 5
22376 6
22377 7
22378 8
22379 9
22380 0
22381 1
22382 2
22383 3
22384 4
22385 5
22386 6
22387 7
22388 8
22389 9
22390 0
22391 1
22392 2
22393 3
22394 4
22395 5
22396 6
22397 7
22398 8
22399 9
22400 0
22401 1
22402 2
22403 3
22404 4
22405 5
22406 6
22407 7
22408 8
22409 9
22410 0
22411 1
22412 2
22413 3
22414 4
22415 5
22416 6
22417 7
22418 8
22419 9
22420 0
22421 1
22422 2
22423 3
22424 4
22425 5
22426 6
22427 7
22428 8
22429 9
22430 0
22431 1
22432 2
22433 3
22434 4
22435 5
22436 6
22437 7
22438 8
22439 9
22440 0
22441 1
22442 2
22443 3
22444 4
22445 5
22446 6
22447 7
22448 8
22449 9
22450 0
22451 1
22452 2
22453 3
22454 4
22455 5
22456 6
22457 7
22458 8
22459 9
22460 0
22461 1
22462 2
22463 3
22464 4
22465 5
22466 6
22467 7
22468 8
22469 9
22470 0
22471 1
22472 2
22473 3
22474 4
22475 5
22476 6
22477 7
22478 8
22479 9
22480 0
22481 1
22482 2
22483 3
22484 4
22485 5
22486 6
22487 7
22488 8
22489 9
22490 0
22491 1
22492 2
22493 3
22494 4
22495 5
22496 6
22497 7
22498 8
22499 9
22500 0
22501 1
22502 2
22503 3
22504 4
22505 5
22506 6
22507 7
22508 8
22509 9
22510 0
22511 1
22512 2
22513 3
22514 4
22515 5
22516 6
22517 7
22518 8
22519 9
22520 0
22521 1
22522 2
22523 3
22524 4
22525 5
22526 6
22527 7
22528 8
22529 9
22530 0
22531 1
22532 2
22533 3
22534 4
22535 5
22536 6
22537 7
22538 8
22539 9
22540 0
22541 1
22542 2
22543 3
22544 4
22545 5
22546 6
22547 7
22548 8
22549 9
22550 0
22551 1
22552 2
22553 3
22554 4
22555 5
22556 6
22557 7
22558 8
22559 9
22560 0
22561 1
22562 2
22563 3
22564 4
22565 5
22566 6
22567 7
22568 8
22569 9
22570 0
22571 1
22572 2
22573 3
22574 4
22575 5
22576 6
22577 7
22578 8
22579 9
22580 0
22581 1
22582 2
22583 3
22584 4
22585 5
22586 6
22587 7
22588 8
22589 9
22590 0
22591 1
22592 2
22593 3
22594 4
22595 5
22596 6
22597 7
22598 8
22599 9
22600 0
22601 1
22602 2
22603 3
22604 4
22605 5
22606 6
22607 7
22608 8
22609 9
22610 0
22611 1
22612 2
22613 3
22614 4
22615 5
22616 6
22617 7
22618 8
22619 9
22620 0
22621 1
22622 2
22623 3
22624 4
22625 5
22626 6
22627 7
22628 8
22629 9
22630 0
22631 1
22632 2
22633 3
22634 4
22635 5
22636 6
22637 7
22638 8
22639 9
22640 0
22641 1
22642 2
22643 3
22644 4
22645 5
22646 6
22647 7
22648 8
22649 9
22650 0
22651 1
22652 2
22653 3
22654 4
22655 5
22656 6
22657 7
22658 8
22659 9
22660 0
22661 1
22662 2
22663 3
22664 4
22665 5
22666 6
22667 7
22668 8
22669 9
22670 0
22671 1
22672 2
22673 3
22674 4
22675 5
22676 6
22677 7
22678 8
22679 9
22680 0
22681 1
22682 2
22683 3
22684 4
22685 5
22686 6
22687 7
22688 8
22689 9
22690 0
22691 1
22692 2
22693 3
22694 4
22695 5
22696 6
22697 7
22698 8
22699 9
22700 0
22701 1
22702 2
22703 3
22704 4
22705 5
22706 6
22707 7
22708 8
22709 9
22710 0
22711 1
22712 2
22713 3
22714 4
22715 5
22716 6
22717 7
22718 8
22719 9
22720 0
22721 1
22722 2
22723 3
22724 4
22725 5
22726 6
22727 7
22728 8
22729 9
22730 0
22731 1
22732 2
22733 3
22734 4
22735 5
22736 6
22737 7
22738 8
22739 9
22740 0
22741 1
22742 2
22743 3
22744 4
22745 5
22746 6
22747 7
22748 8
22749 9
22750 0
22751 1
22752 2
22753 3
22754 4
22755 5
22756 6
22757 7
22758 8
22759 9
22760 0
22761 1
22762 2
22763 3
22764 4
22765 5
22766 6
22767 7
22768 8
22769 9
22770 0
22771 1
22772 2
22773 3
22774 4
22775 5
22776 6
22777 7
22778 8
22779 9
22780 0
22781 1
22782 2
22783 3
22784 4
22785 5
22786 6
22787 7
22788 8
22789 9
22790 0
22791 1
22792 2
22793 3
22794 4
22795 5
22796 6
22797 7
22798 8
22799 9
22800 0
22801 1
22802 2
22803 3
22804 4
22805 5
22806 6
22807 7
22808 8
22809 9
22810 0
22811 1
22812 2
22813 3
22814 4
22815 5
22816 6
22817 7
22818 8
22819 9
22820 0
22821 1
22822 2
22823 3
22824 4
22825 5
22826 6
22827 7
22828 8
22829 9
22830 0
22831 1
22832 2
22833 3
22834 4
22835 5
22836 6
22837 7
22838 8
22839 9
22840 0
22841 1
22842 2
22843 3
22844 4
22845 5
22846 6
22847 7
22848 8
22849 9
22850 0
22851 1
22852 2
22853 3
22854 4
22855 5
22856 6
22857 7
22858 8
22859 9
22860 0
22861 1
22862 2
22863 3
22864 4
22865 5
22866 6
22867 7
22868 8
22869 9
22870 0
22871 1
22872 2
22873 3
22874 4
22875 5
22876 6
22877 7
22878 8
22879 9
22880 0
22881 1
22882 2
22883 3
22884 4
22885 5
22886 6
22887 7
22888 8
22889 9
22890 0
22891 1
22892 2
22893 3
22894 4
22895 5
22896 6
22897 7
22898 8
22899 9
22900 0
22901 1
22902 2
22903 3
22904 4
22905 5
22906 6
22907 7
22908 8
22909 9
22910 0
22911 1
22912 2
22913 3
22914 4
22915 5
22916 6
22917 7
22918 8
22919 9
22920 0
22921 1
22922 2
22923 3
22924 4
22925 5
22926 6
22927 7
22928 8
22929 9
22930 0
22931 1
22932 2
22933 3
22934 4
22935 5
22936 6
22937 7
22938 8
22939 9
22940 0
22941 1
22942 2
22943 3
22944 4
22945 5
22946 6
22947 7
22948 8
22949 9
22950 0
22951 1
22952 2
22953 3
22954 4
22955 5
22956 6
22957 7
22958 8
22959 9
22960 0
22961 1
22962 2
22963 3
22964 4
22965 5
22966 6
22967 7
22968 8
22969 9
22970 0
22971 1
22972 2
22973 3
22974 4
22975 5
22976 6
22977 7
22978 8
22979 9
22980 0
22981 1
22982 2
22983 3
22984 4
22985 5
22986 6
22987 7
22988 8
22989 9
22990 0
22991 1
22992 2
22993 3
22994 4
22995 5
22996 6
22997 7
22998 8
22999 9
23000 0
23001 1
23002 2
23003 3
23004 4
23005 5
23006 6
23007 7
23008 8
23009 9
23010 0
23011 1
23012 2
23013 3
23014 4
23015 5
23016 6
23017 7
23018 8
23019 9
23020 0
23021 1
23022 2
23023 3
23024 4
23025 5
23026 6
23027 7
23028 8
23029 9
23030 0
23031 1
23032 2
23033 3
23034 4
23035 5
23036 6
23037 7
23038 8
23039 9
23040 0
23041 1
23042 2
23043 3
23044 4
23045 5
23046 6
23047 7
23048 8
23049 9
23050 0
23051 1
23052 2
23053 3
23054 4
23055 5
23056 6
23057 7
23058 8
23059 9
23060 0
23061 1
23062 2
23063 3
23064 4
23065 5
23066 6
23067 7
23068 8
23069 9
23070 0
23071 1
23072 2
23073 3
23074 4
23075 5
23076 6
23077 7
23078 8
23079 9
23080 0
23081 1
23082 2
23083 3
23084 4
23085 5
23086 6
23087 7
23088 8
23089 9
23090 0
23091 1
23092 2
23093 3
23094 4
23095 5
23096 6
23097 7
23098 8
23099 9
23100 0
23101 1
23102 2
23103 3
23104 4
23105 5
23106 6
23107 7
23108 8
23109 9
23110 0
23111 1
23112 2
23113 3
23114 4
23115 5
23116 6
23117 7
23118 8
23119 9
23120 0
23121 1
23122 2
23123 3
23124 4
23125 5
23126 6
23127 7
23128 8
23129 9
23130 0
23131 1
23132 2
23133 3
23134 4
23135 5
23136 6
23137 7
23138 8
23139 9
23140 0
23141 1
23142 2
23143 3
23144 4
23145 5
23146 6
23147 7
23148 8
23149 9
23150 0
23151 1
23152 2
23153 3
23154 4
23155 5
23156 6
23157 7
23158 8
23159 9
23160 0
23161 1
23162 2
23163 3
23164 4
23165 5
23166 6
23167 7
23168 8
23169 9
23170 0
23171 1
23172 2
23173 3
23174 4
23175 5
23176 6
23177 7
23178 8
23179 9
23180 0
23181 1
23182 2
23183 3
23184 4
23185 5
23186 6
23187 7
23188 8
23189 9
23190 0
23191 1
23192 2
23193 3
23194 4
23195 5
23196 6
23197 7
23198 8
23199 9
23200 0
23201 1
23202 2
23203 3
23204 4
23205 5
23206 6
23207 7
23208 8
23209 9
23210 0
23211 1
23212 2
23213 3
23214 4
23215 5
23216 6
23217 7
23218 8
23219 9
23220 0
23221 1
23222 2
23223 3
23224 4
23225 5
23226 6
23227 7
23228 8
23229 9
23230 0
23231 1
23232 2
23233 3
23234 4
23235 5
23236 6
23237 7
23238 8
23239 9
23240 0
23241 1
23242 2
23243 3
23244 4
23245 5
23246 6
23247 7
23248 8
23249 9
23250 0
23251 1
23252 2
23253 3
23254 4
23255 5
23256 6
23257 7
23258 8
23259 9
23260 0
23261 1
23262 2
23263 3
23264 4
23265 5
23266 6
23267 7
23268 8
23269 9
23270 0
23271 1
23272 2
23273 3
23274 4
23275 5
23276 6
23277 7
23278 8
23279 9
23280 0
23281 1
23282 2
23283 3
23284 4
23285 5
23286 6
23287 7
23288 8
23289 9
23290 0
23291 1
23292 2
23293 3
23294 4
23295 5
23296 6
23297 7
23298 8
23299 9
23300 0
23301 1
23302 2
23303 3
23304 4
23305 5
23306 6
23307 7
23308 8
23309 9
23310 0
23311 1
23312 2
23313 3
23314 4
23315 5
23316 6
23317 7
23318 8
23319 9
23320 0
23321 1
23322 2
23323 3
23324 4
23325 5
23326 6
23327 7
23328 8
23329 9
23330 0
23331 1
23332 2
23333 3
23334 4
23335 5
23336 6
23337 7
23338 8
23339 9
23340 0
23341 1
23342 2
23343 3
23344 4
23345 5
23346 6
23347 7
23348 8
23349 9
23350 0
23351 1
23352 2
23353 3
23354 4
23355 5
23356 6
23357 7
23358 8
23359 9
23360 0
23361 1
23362 2
23363 3
23364 4
23365 5
23366 6
23367 7
23368 8
23369 9
23370 0
23371 1
23372 2
23373 3
23374 4
23375 5
23376 6
23377 7
23378 8
23379 9
23380 0
23381 1
23382 2
23383 3
23384 4
23385 5
23386 6
23387 7
23388 8
23389 9
23390 0
23391 1
23392 2
23393 3
23394 4
23395 5
23396 6
23397 7
23398 8
23399 9
23400 0
23401 1
23402 2
23403 3
23404 4
23405 5
23406 6
23407 7
23408 8
23409 9
23410 0
23411 1
23412 2
23413 3
23414 4
23415 5
23416 6
23417 7
23418 8
23419 9
23420 0
23421 1
23422 2
23423 3
23424 4
23425 5
23426 6
23427 7
23428 8
23429 9
23430 0
23431 1
23432 2
23433 3
23434 4
23435 5
23436 6
23437 7
23438 8
23439 9
23440 0
23441 1
23442 2
23443 3
23444 4
23445 5
23446 6
23447 7
23448 8
23449 9
23450 0
23451 1
23452 2
23453 3
23454 4
23455 5
23456 6
23457 7
23458 8
23459 9
23460 0
23461 1
23462 2
23463 3
23464 4
23465 5
23466 6
23467 7
23468 8
23469 9
23470 0
23471 1
23472 2
23473 3
23474 4
23475 5
23476 6
23477 7
23478 8
23479 9
23480 0
23481 1
23482 2
23483 3
23484 4
23485 5
23486 6
23487 7
23488 8
23489 9
23490 0
23491 1
23492 2
23493 3
23494 4
23495 5
23496 6
23497 7
23498 8
23499 9
23500 0
23501 1
23502 2
23503 3
23504 4
23505 5
23506 6
23507 7
23508 8
23509 9
23510 0
23511 1
23512 2
23513 3
23514 4
23515 5
23516 6
23517 7
23518 8
23519 9
23520 0
23521 1
23522 2
23523 3
23524 4
23525 5
23526 6
23527 7
23528 8
23529 9
23530 0
23531 1
23532 2
23533 3
23534 4
23535 5
23536 6
23537 7
23538 8
23539 9
23540 0
23541 1
23542 2
23543 3
23544 4
23545 5
23546 6
23547 7
23548 8
23549 9
23550 0
23551 1
23552 2
23553 3
23554 4
23555 5
23556 6
23557 7
23558 8
23559 9
23560 0
23561 1
23562 2
23563 3
23564 4
23565 5
23566 6
23567 7
23568 8
23569 9
23570 0
23571 1
23572 2
23573 3
23574 4
23575 5
23576 6
23577 7
23578 8
23579 9
23580 0
23581 1
23582 2
23583 3
23584 4
23585 5
23586 6
23587 7
23588 8
23589 9
23590 0
23591 1
23592 2
23593 3
23594 4
23595 5
23596 6
23597 7
23598 8
23599 9
23600 0
23601 1
23602 2
23603 3
23604 4
23605 5
23606 6
23607 7
23608 8
23609 9
23610 0
23611 1
23612 2
23613 3
23614 4
23615 5
23616 6
23617 7
23618 8
23619 9
23620 0
23621 1
23622 2
23623 3
23624 4
23625 5
23626 6
23627 7
23628 8
23629 9
23630 0
23631 1
23632 2
23633 3
23634 4
23635 5
23636 6
23637 7
23638 8
23639 9
23640 0
23641 1
23642 2
23643 3
23644 4
23645 5
23646 6
23647 7
23648 8
23649 9
23650 0
23651 1
23652 2
23653 3
23654 4
23655 5
23656 6
23657 7
23658 8
23659 9
23660 0
23661 1
23662 2
23663 3
23664 4
23665 5
23666 6
23667 7
23668 8
23669 9
23670 0
23671 1
23672 2
23673 3
23674 4
23675 5
23676 6
23677 7
23678 8
23679 9
23680 0
23681 1
23682 2
23683 3
23684 4
23685 5
23686 6
23687 7
23688 8
23689 9
23690 0
23691 1
23692 2
23693 3
23694 4
23695 5
23696 6
23697 7
23698 8
23699 9
23700 0
23701 1
23702 2
23703 3
23704 4
23705 5
23706 6
23707 7
23708 8
23709 9
23710 0
23711 1
23712 2
23713 3
23714 4
23715 5
23716 6
23717 7
23718 8
23719 9
23720 0
23721 1
23722 2
23723 3
23724 4
23725 5
23726 6
23727 7
23728 8
23729 9
23730 0
23731 1
23732 2
23733 3
23734 4
23735 5
23736 6
23737 7
23738 8
23739 9
23740 0
23741 1
23742 2
23743 3
23744 4
23745 5
23746 6
23747 7
23748 8
23749 9
23750 0
23751 1
23752 2
23753 3
23754 4
23755 5
23756 6
23757 7
23758 8
23759 9
23760 0
23761 1
23762 2
23763 3
23764 4
23765 5
23766 6
23767 7
23768 8
23769 9
23770 0
23771 1
23772 2
23773 3
23774 4
23775 5
23776 6
23777 7
23778 8
23779 9
23780 0
23781 1
23782 2
23783 3
23784 4
23785 5
23786 6
23787 7
23788 8
23789 9
23790 0
23791 1
23792 2
23793 3
23794 4
23795 5
23796 6
23797 7
23798 8
23799 9
23800 0
23801 1
23802 2
23803 3
23804 4
23805 5
23806 6
23807 7
23808 8
23809 9
23810 0
23811 1
23812 2
23813 3
23814 4
23815 5
23816 6
23817 7
23818 8
23819 9
23820 0
23821 1
23822 2
23823 3
23824 4
23825 5
23826 6
23827 7
23828 8
23829 9
23830 0
23831 1
23832 2
23833 3
23834 4
23835 5
23836 6
23837 7
23838 8
23839 9
23840 0
23841 1
23842 2
23843 3
23844 4
23845 5
23846 6
23847 7
23848 8
23849 9
23850 0
23851 1
23852 2
23853 3
23854 4
23855 5
23856 6
23857 7
23858 8
23859 9
23860 0
23861 1
23862 2
23863 3
23864 4
23865 5
23866 6
23867 7
23868 8
23869 9
23870 0
23871 1
23872 2
23873 3
23874 4
23875 5
23876 6
23877 7
23878 8
23879 9
23880 0
23881 1
23882 2
23883 3
23884 4
23885 5
23886 6
23887 7
23888 8
23889 9
23890 0
23891 1
23892 2
23893 3
23894 4
23895 5
23896 6
23897 7
23898 8
23899 9
23900 0
23901 1
23902 2
23903 3
23904 4
23905 5
23906 6
23907 7
23908 8
23909 9
23910 0
23911 1
23912 2
23913 3
23914 4
23915 5
23916 6
23917 7
23918 8
23919 9
23920 0
23921 1
23922 2
23923 3
23924 4
23925 5
23926 6
23927 7
23928 8
23929 9
23930 0
23931 1
23932 2
23933 3
23934 4
23935 5
23936 6
23937 7
23938 8
23939 9
23940 0
23941 1
23942 2
23943 3
23944 4
23945 5
23946 6
23947 7
23948 8
23949 9
23950 0
23951 1
23952 2
23953 3
23954 4
23955 5
23956 6
23957 7
23958 8
23959 9
23960 0
23961 1
23962 2
23963 3
23964 4
23965 5
23966 6
23967 7
23968 8
23969 9
23970 0
23971 1
23972 2
23973 3
23974 4
23975 5
23976 6
23977 7
23978 8
23979 9
23980 0
23981 1
23982 2
23983 3
23984 4
23985 5
23986 6
23987 7
23988 8
23989 9
23990 0
23991 1
23992 2
23993 3
23994 4
23995 5
23996 6
23997 7
23998 8
23999 9
24000 0
24001 1
24002 2
24003 3
24004 4
24005 5
24006 6
24007 7
24008 8
24009 9
24010 0
24011 1
24012 2
24013 3
24014 4
24015 5
24016 6
24017 7
24018 8
24019 9
24020 0
24021 1
24022 2
24023 3
24024 4
24025 5
24026 6
24027 7
24028 8
24029 9
24030 0
24031 1
24032 2
24033 3
24034 4
24035 5
24036 6
24037 7
24038 8
24039 9
24040 0
24041 1
24042 2
24043 3
24044 4
24045 5
24046 6
24047 7
24048 8
24049 9
24050 0
24051 1
24052 2
24053 3
24054 4
24055 5
24056 6
24057 7
24058 8
24059 9
24060 0
24061 1
24062 2
24063 3
24064 4
24065 5
24066 6
24067 7
24068 8
24069 9
24070 0
24071 1
24072 2
24073 3
24074 4
24075 5
24076 6
24077 7
24078 8
24079 9
24080 0
24081 1
24082 2
24083 3
24084 4
24085 5
24086 6
24087 7
24088 8
24089 9
24090 0
24091 1
24092 2
24093 3
24094 4
24095 5
24096 6
24097 7
24098 8
24099 9
24100 0
24101 1
24102 2
24103 3
24104 4
24105 5
24106 6
24107 7
24108 8
24109 9
24110 0
24111 1
24112 2
24113 3
24114 4
24115 5
24116 6
24117 7
24118 8
24119 9
24120 0
24121 1
24122 2
24123 3
24124 4
24125 5
24126 6
24127 7
24128 8
24129 9
24130 0
24131 1
24132 2
24133 3
24134 4
24135 5
24136 6
24137 7
24138 8
24139 9
24140 0
24141 1
24142 2
24143 3
24144 4
24145 5
24146 6
24147 7
24148 8
24149 9
24150 0
24151 1
24152 2
24153 3
24154 4
24155 5
24156 6
24157 7
24158 8
24159 9
24160 0
24161 1
24162 2
24163 3
24164 4
24165 5
24166 6
24167 7
24168 8
24169 9
24170 0
24171 1
24172 2
24173 3
24174 4
24175 5
24176 6
24177 7
24178 8
24179 9
24180 0
24181 1
24182 2
24183 3
24184 4
24185 5
24186 6
24187 7
24188 8
24189 9
24190 0
24191 1
24192 2
24193 3
24194 4
24195 5
24196 6
24197 7
24198 8
24199 9
24200 0
24201 1
24202 2
24203 3
24204 4
24205 5
24206 6
24207 7
24208 8
24209 9
24210 0
24211 1
24212 2
24213 3
24214 4
24215 5
24216 6
24217 7
24218 8
24219 9
24220 0
24221 1
24222 2
24223 3
24224 4
24225 5
24226 6
24227 7
24228 8
24229 9
24230 0
24231 1
24232 2
24233 3
24234 4
24235 5
24236 6
24237 7
24238 8
24239 9
24240 0
24241 1
24242 2
24243 3
24244 4
24245 5
24246 6
24247 7
24248 8
24249 9
24250 0
24251 1
24252 2
24253 3
24254 4
24255 5
24256 6
24257 7
24258 8
24259 9
24260 0
24261 1
24262 2
24263 3
24264 4
24265 5
24266 6
24267 7
24268 8
24269 9
24270 0
24271 1
24272 2
24273 3
24274 4
24275 5
24276 6
24277 7
24278 8
24279 9
24280 0
24281 1
24282 2
24283 3
24284 4
24285 5
24286 6
24287 7
24288 8
24289 9
24290 0
24291 1
24292 2
24293 3
24294 4
24295 5
24296 6
24297 7
24298 8
24299 9
24300 0
24301 1
24302 2
24303 3
24304 4
24305 5
24306 6
24307 7
24308 8
24309 9
24310 0
24311 1
24312 2
24313 3
24314 4
24315 5
24316 6
24317 7
24318 8
24319 9
24320 0
24321 1
24322 2
24323 3
24324 4
24325 5
24326 6
24327 7
24328 8
24329 9
24330 0
24331 1
24332 2
24333 3
24334 4
24335 5
24336 6
24337 7
24338 8
24339 9
24340 0
24341 1
24342 2
24343 3
24344 4
24345 5
24346 6
24347 7
24348 8
24349 9
24350 0
24351 1
24352 2
24353 3
24354 4
24355 5
24356 6
24357 7
24358 8
24359 9
24360 0
24361 1
24362 2
24363 3
24364 4
24365 5
24366 6
24367 7
24368 8
24369 9
24370 0
24371 1
24372 2
24373 3
24374 4
24375 5
24376 6
24377 7
24378 8
24379 9
24380 0
24381 1
24382 2
24383 3
24384 4
24385 5
24386 6
24387 7
24388 8
24389 9
24390 0
24391 1
24392 2
24393 3
24394 4
24395 5
24396 6
24397 7
24398 8
24399 9
24400 0
24401 1
24402 2
24403 3
24404 4
24405 5
24406 6
24407 7
24408 8
24409 9
24410 0
24411 1
24412 2
24413 3
24414 4
24415 5
24416 6
24417 7
24418 8
24419 9
24420 0
24421 1
24422 2
24423 3
24424 4
24425 5
24426 6
24427 7
24428 8
24429 9
24430 0
24431 1
24432 2
24433 3
24434 4
24435 5
24436 6
24437 7
24438 8
24439 9
24440 0
24441 1
24442 2
24443 3
24444 4
24445 5
24446 6
24447 7
24448 8
24449 9
24450 0
24451 1
24452 2
24453 3
24454 4
24455 5
24456 6
24457 7
24458 8
24459 9
24460 0
24461 1
24462 2
24463 3
24464 4
24465 5
24466 6
24467 7
24468 8
24469 9
24470 0
24471 1
24472 2
24473 3
24474 4
24475 5
24476 6
24477 7
24478 8
24479 9
24480 0
24481 1
24482 2
24483 3
24484 4
24485 5
24486 6
24487 7
24488 8
24489 9
24490 0
24491 1
24492 2
24493 3
24494 4
24495 5
24496 6
24497 7
24498 8
24499 9
24500 0
24501 1
24502 2
24503 3
24504 4
24505 5
24506 6
24507 7
24508 8
24509 9
24510 0
24511 1
24512 2
24513 3
24514 4
24515 5
24516 6
24517 7
24518 8
24519 9
24520 0
24521 1
24522 2
24523 3
24524 4
24525 5
24526 6
24527 7
24528 8
24529 9
24530 0
24531 1
24532 2
24533 3
24534 4
24535 5
24536 6
24537 7
24538 8
24539 9
24540 0
24541 1
24542 2
24543 3
24544 4
24545 5
24546 6
24547 7
24548 8
24549 9
24550 0
24551 1
24552 2
24553 3
24554 4
24555 5
24556 6
24557 7
24558 8
24559 9
24560 0
24561 1
24562 2
24563 3
24564 4
24565 5
24566 6
24567 7
24568 8
24569 9
24570 0
24571 1
24572 2
24573 3
24574 4
24575 5
24576 6
24577 7
24578 8
24579 9
24580 0
24581 1
24582 2
24583 3
24584 4
24585 5
24586 6
24587 7
24588 8
24589 9
24590 0
24591 1
24592 2
24593 3
24594 4
24595 5
24596 6
24597 7
24598 8
24599 9
24600 0
24601 1
24602 2
24603 3
24604 4
24605 5
24606 6
24607 7
24608 8
24609 9
24610 0
24611 1
24612 2
24613 3
24614 4
24615 5
24616 6
24617 7
24618 8
24619 9
24620 0
24621 1
24622 2
24623 3
24624 4
24625 5
24626 6
24627 7
24628 8
24629 9
24630 0
24631 1
24632 2
24633 3
24634 4
24635 5
24636 6
24637 7
24638 8
24639 9
24640 0
24641 1
24642 2
24643 3
24644 4
24645 5
24646 6
24647 7
24648 8
24649 9
24650 0
24651 1
24652 2
24653 3
24654 4
24655 5
24656 6
24657 7
24658 8
24659 9
24660 0
24661 1
24662 2
24663 3
24664 4
24665 5
24666 6
24667 7
24668 8
24669 9
24670 0
24671 1
24672 2
24673 3
24674 4
24675 5
24676 6
24677 7
24678 8
24679 9
24680 0
24681 1
24682 2
24683 3
24684 4
24685 5
24686 6
24687 7
24688 8
24689 9
24690 0
24691 1
24692 2
24693 3
24694 4
24695 5
24696 6
24697 7
24698 8
24699 9
24700 0
24701 1
24702 2
24703 3
24704 4
24705 5
24706 6
24707 7
24708 8
24709 9
24710 0
24711 1
24712 2
24713 3
24714 4
24715 5
24716 6
24717 7
24718 8
24719 9
24720 0
24721 1
24722 2
24723 3
24724 4
24725 5
24726 6
24727 7
24728 8
24729 9
24730 0
24731 1
24732 2
24733 3
24734 4
24735 5
24736 6
24737 7
24738 8
24739 9
24740 0
24741 1
24742 2
24743 3
24744 4
24745 5
24746 6
24747 7
24748 8
24749 9
24750 0
24751 1
24752 2
24753 3
24754 4
24755 5
24756 6
24757 7
24758 8
24759 9
24760 0
24761 1
24762 2
24763 3
24764 4
24765 5
24766 6
24767 7
24768 8
24769 9
24770 0
24771 1
24772 2
24773 3
24774 4
24775 5
24776 6
24777 7
24778 8
24779 9
24780 0
24781 1
24782 2
24783 3
24784 4
24785 5
24786 6
24787 7
24788 8
24789 9
24790 0
24791 1
24792 2
24793 3
24794 4
24795 5
24796 6
24797 7
24798 8
24799 9
24800 0
24801 1
24802 2
24803 3
24804 4
24805 5
24806 6
24807 7
24808 8
24809 9
24810 0
24811 1
24812 2
24813 3
24814 4
24815 5
24816 6
24817 7
24818 8
24819 9
24820 0
24821 1
24822 2
24823 3
24824 4
24825 5
24826 6
24827 7
24828 8
24829 9
24830 0
24831 1
24832 2
24833 3
24834 4
24835 5
24836 6
24837 7
24838 8
24839 9
24840 0
24841 1
24842 2
24843 3
24844 4
24845 5
24846 6
24847 7
24848 8
24849 9
24850 0
24851 1
24852 2
24853 3
24854 4
24855 5
24856 6
24857 7
24858 8
24859 9
24860 0
24861 1
24862 2
24863 3
24864 4
24865 5
24866 6
24867 7
24868 8
24869 9
24870 0
24871 1
24872 2
24873 3
24874 4
24875 5
24876 6
24877 7
24878 8
24879 9
24880 0
24881 1
24882 2
24883 3
24884 4
24885 5
24886 6
24887 7
24888 8
24889 9
24890 0
24891 1
24892 2
24893 3
24894 4
24895 5
24896 6
24897 7
24898 8
24899 9
24900 0
24901 1
24902 2
24903 3
24904 4
24905 5
24906 6
24907 7
24908 8
24909 9
24910 0
24911 1
24912 2
24913 3
24914 4
24915 5
24916 6
24917 7
24918 8
24919 9
24920 0
24921 1
24922 2
24923 3
24924 4
24925 5
24926 6
24927 7
24928 8
24929 9
24930 0
24931 1
24932 2
24933 3
24934 4
24935 5
24936 6
24937 7
24938 8
24939 9
24940 0
24941 1
24942 2
24943 3
24944 4
24945 5
24946 6
24947 7
24948 8
24949 9
24950 0
24951 1
24952 2
24953 3
24954 4
24955 5
24956 6
24957 7
24958 8
24959 9
24960 0
24961 1
24962 2
24963 3
24964 4
24965 5
24966 6
24967 7
24968 8
24969 9
24970 0
24971 1
24972 2
24973 3
24974 4
24975 5
24976 6
24977 7
24978 8
24979 9
24980 0
24981 1
24982 2
24983 3
24984 4
24985 5
24986 6
24987 7
24988 8
24989 9
24990 0
24991 1
24992 2
24993 3
24994 4
24995 5
24996 6
24997 7
24998 8
24999 9
25000 0
25001 1
25002 2
25003 3
25004 4
25005 5
25006 6
25007 7
25008 8
25009 9
25010 0
25011 1
25012 2
25013 3
25014 4
25015 5
25016 6
25017 7
25018 8
25019 9
25020 0
25021 1
25022 2
25023 3
25024 4
25025 5
25026 6
25027 7
25028 8
25029 9
25030 0
25031 1
25032 2
25033 3
25034 4
25035 5
25036 6
25037 7
25038 8
25039 9
25040 0
25041 1
25042 2
25043 3
25044 4
25045 5
25046 6
25047 7
25048 8
25049 9
25050 0
25051 1
25052 2
25053 3
25054 4
25055 5
25056 6
25057 7
25058 8
25059 9
25060 0
25061 1
25062 2
25063 3
25064 4
25065 5
25066 6
25067 7
25068 8
25069 9
25070 0
25071 1
25072 2
25073 3
25074 4
25075 5
25076 6
25077 7
25078 8
25079 9
25080 0
25081 1
25082 2
25083 3
25084 4
25085 5
25086 6
25087 7
25088 8
25089 9
25090 0
25091 1
25092 2
25093 3
25094 4
25095 5
25096 6
25097 7
25098 8
25099 9
25100 0
25101 1
25102 2
25103 3
25104 4
25105 5
25106 6
25107 7
25108 8
25109 9
25110 0
25111 1
25112 2
25113 3
25114 4
25115 5
25116 6
25117 7
25118 8
25119 9
25120 0
25121 1
25122 2
25123 3
25124 4
25125 5
25126 6
25127 7
25128 8
25129 9
25130 0
25131 1
25132 2
25133 3
25134 4
25135 5
25136 6
25137 7
25138 8
25139 9
25140 0
25141 1
25142 2
25143 3
25144 4
25145 5
25146 6
25147 7
25148 8
25149 9
25150 0
25151 1
25152 2
25153 3
25154 4
25155 5
25156 6
25157 7
25158 8
25159 9
25160 0
25161 1
25162 2
25163 3
25164 4
25165 5
25166 6
25167 7
25168 8
25169 9
25170 0
25171 1
25172 2
25173 3
25174 4
25175 5
25176 6
25177 7
25178 8
25179 9
25180 0
25181 1
25182 2
25183 3
25184 4
25185 5
25186 6
25187 7
25188 8
25189 9
25190 0
25191 1
25192 2
25193 3
25194 4
25195 5
25196 6
25197 7
25198 8
25199 9
25200 0
25201 1
25202 2
25203 3
25204 4
25205 5
25206 6
25207 7
25208 8
25209 9
25210 0
25211 1
25212 2
25213 3
25214 4
25215 5
25216 6
25217 7
25218 8
25219 9
25220 0
25221 1
25222 2
25223 3
25224 4
25225 5
25226 6
25227 7
25228 8
25229 9
25230 0
25231 1
25232 2
25233 3
25234 4
25235 5
25236 6
25237 7
25238 8
25239 9
25240 0
25241 1
25242 2
25243 3
25244 4
25245 5
25246 6
25247 7
25248 8
25249 9
25250 0
25251 1
25252 2
25253 3
25254 4
25255 5
25256 6
25257 7
25258 8
25259 9
25260 0
25261 1
25262 2
25263 3
25264 4
25265 5
25266 6
25267 7
25268 8
25269 9
25270 0
25271 1
25272 2
25273 3
25274 4
25275 5
25276 6
25277 7
25278 8
25279 9
25280 0
25281 1
25282 2
25283 3
25284 4
25285 5
25286 6
25287 7
25288 8
25289 9
25290 0
25291 1
25292 2
25293 3
25294 4
25295 5
25296 6
25297 7
25298 8
25299 9
25300 0
25301 1
25302 2
25303 3
25304 4
25305 5
25306 6
25307 7
25308 8
25309 9
25310 0
25311 1
25312 2
25313 3
25314 4
25315 5
25316 6
25317 7
25318 8
25319 9
25320 0
25321 1
25322 2
25323 3
25324 4
25325 5
25326 6
25327 7
25328 8
25329 9
25330 0
25331 1
25332 2
25333 3
25334 4
25335 5
25336 6
25337 7
25338 8
25339 9
25340 0
25341 1
25342 2
25343 3
25344 4
25345 5
25346 6
25347 7
25348 8
25349 9
25350 0
25351 1
25352 2
25353 3
25354 4
25355 5
25356 6
25357 7
25358 8
25359 9
25360 0
25361 1
25362 2
25363 3
25364 4
25365 5
25366 6
25367 7
25368 8
25369 9
25370 0
25371 1
25372 2
25373 3
25374 4
25375 5
25376 6
25377 7
25378 8
25379 9
25380 0
25381 1
25382 2
25383 3
25384 4
25385 5
25386 6
25387 7
25388 8
25389 9
25390 0
25391 1
25392 2
25393 3
25394 4
25395 5
25396 6
25397 7
25398 8
25399 9
25400 0
25401 1
25402 2
25403 3
25404 4
25405 5
25406 6
25407 7
25408 8
25409 9
25410 0
25411 1
25412 2
25413 3
25414 4
25415 5
25416 6
25417 7
25418 8
25419 9
25420 0
25421 1
25422 2
25423 3
25424 4
25425 5
25426 6
25427 7
25428 8
25429 9
25430 0
25431 1
25432 2
25433 3
25434 4
25435 5
25436 6
25437 7
25438 8
25439 9
25440 0
25441 1
25442 2
25443 3
25444 4
25445 5
25446 6
25447 7
25448 8
25449 9
25450 0
25451 1
25452 2
25453 3
25454 4
25455 5
25456 6
25457 7
25458 8
25459 9
25460 0
25461 1
25462 2
25463 3
25464 4
25465 5
25466 6
25467 7
25468 8
25469 9
25470 0
25471 1
25472 2
25473 3
25474 4
25475 5
25476 6
25477 7
25478 8
25479 9
25480 0
25481 1
25482 2
25483 3
25484 4
25485 5
25486 6
25487 7
25488 8
25489 9
25490 0
25491 1
25492 2
25493 3
25494 4
25495 5
25496 6
25497 7
25498 8
25499 9
25500 0
25501 1
25502 2
25503 3
25504 4
25505 5
25506 6
25507 7
25508 8
25509 9
25510 0
25511 1
25512 2
25513 3
25514 4
25515 5
25516 6
25517 7
25518 8
25519 9
25520 0
25521 1
25522 2
25523 3
25524 4
25525 5
25526 6
25527 7
25528 8
25529 9
25530 0
25531 1
25532 2
25533 3
25534 4
25535 5
25536 6
25537 7
25538 8
25539 9
25540 0
25541 1
25542 2
25543 3
25544 4
25545 5
25546 6
25547 7
25548 8
25549 9
25550 0
25551 1
25552 2
25553 3
25554 4
25555 5
25556 6
25557 7
25558 8
25559 9
25560 0
25561 1
25562 2
25563 3
25564 4
25565 5
25566 6
25567 7
25568 8
25569 9
25570 0
25571 1
25572 2
25573 3
25574 4
25575 5
25576 6
25577 7
25578 8
25579 9
25580 0
25581 1
25582 2
25583 3
25584 4
25585 5
25586 6
25587 7
25588 8
25589 9
25590 0
25591 1
25592 2
25593 3
25594 4
25595 5
25596 6
25597 7
25598 8
25599 9
25600 0
25601 1
25602 2
25603 3
25604 4
25605 5
25606 6
25607 7
25608 8
25609 9
25610 0
25611 1
25612 2
25613 3
25614 4
25615 5
25616 6
25617 7
25618 8
25619 9
25620 0
25621 1
25622 2
25623 3
25624 4
25625 5
25626 6
25627 7
25628 8
25629 9
25630 0
25631 1
25632 2
25633 3
25634 4
25635 5
25636 6
25637 7
25638 8
25639 9
25640 0
25641 1
25642 2
25643 3
25644 4
25645 5
25646 6
25647 7
25648 8
25649 9
25650 0
25651 1
25652 2
25653 3
25654 4
25655 5
25656 6
25657 7
25658 8
25659 9
25660 0
25661 1
25662 2
25663 3
25664 4
25665 5
25666 6
25667 7
25668 8
25669 9
25670 0
25671 1
25672 2
25673 3
25674 4
25675 5
25676 6
25677 7
25678 8
25679 9
25680 0
25681 1
25682 2
25683 3
25684 4
25685 5
25686 6
25687 7
25688 8
25689 9
25690 0
25691 1
25692 2
25693 3
25694 4
25695 5
25696 6
25697 7
25698 8
25699 9
25700 0
25701 1
25702 2
25703 3
25704 4
25705 5
25706 6
25707 7
25708 8
25709 9
25710 0
25711 1
25712 2
25713 3
25714 4
25715 5
25716 6
25717 7
25718 8
25719 9
25720 0
25721 1
25722 2
25723 3
25724 4
25725 5
25726 6
25727 7
25728 8
25729 9
25730 0
25731 1
25732 2
25733 3
25734 4
25735 5
25736 6
25737 7
25738 8
25739 9
25740 0
25741 1
25742 2
25743 3
25744 4
25745 5
25746 6
25747 7
25748 8
25749 9
25750 0
25751 1
25752 2
25753 3
25754 4
25755 5
25756 6
25757 7
25758 8
25759 9
25760 0
25761 1
25762 2
25763 3
25764 4
25765 5
25766 6
25767 7
25768 8
25769 9
25770 0
25771 1
25772 2
25773 3
25774 4
25775 5
25776 6
25777 7
25778 8
25779 9
25780 0
25781 1
25782 2
25783 3
25784 4
25785 5
25786 6
25787 7
25788 8
25789 9
25790 0
25791 1
25792 2
25793 3
25794 4
25795 5
25796 6
25797 7
25798 8
25799 9
25800 0
25801 1
25802 2
25803 3
25804 4
25805 5
25806 6
25807 7
25808 8
25809 9
25810 0
25811 1
25812 2
25813 3
25814 4
25815 5
25816 6
25817 7
25818 8
25819 9
25820 0
25821 1
25822 2
25823 3
25824 4
25825 5
25826 6
25827 7
25828 8
25829 9
25830 0
25831 1
25832 2
25833 3
25834 4
25835 5
25836 6
25837 7
25838 8
25839 9
25840 0
25841 1
25842 2
25843 3
25844 4
25845 5
25846 6
25847 7
25848 8
25849 9
25850 0
25851 1
25852 2
25853 3
25854 4
25855 5
25856 6
25857 7
25858 8
25859 9
25860 0
25861 1
25862 2
25863 3
25864 4
25865 5
25866 6
25867 7
25868 8
25869 9
25870 0
25871 1
25872 2
25873 3
25874 4
25875 5
25876 6
25877 7
25878 8
25879 9
25880 0
25881 1
25882 2
25883 3
25884 4
25885 5
25886 6
25887 7
25888 8
25889 9
25890 0
25891 1
25892 2
25893 3
25894 4
25895 5
25896 6
25897 7
25898 8
25899 9
25900 0
25901 1
25902 2
25903 3
25904 4
25905 5
25906 6
25907 7
25908 8
25909 9
25910 0
25911 1
25912 2
25913 3
25914 4
25915 5
25916 6
25917 7
25918 8
25919 9
25920 0
25921 1
25922 2
25923 3
25924 4
25925 5
25926 6
25927 7
25928 8
25929 9
25930 0
25931 1
25932 2
25933 3
25934 4
25935 5
25936 6
25937 7
25938 8
25939 9
25940 0
25941 1
25942 2
25943 3
25944 4
25945 5
25946 6
25947 7
25948 8
25949 9
25950 0
25951 1
25952 2
25953 3
25954 4
25955 5
25956 6
25957 7
25958 8
25959 9
25960 0
25961 1
25962 2
25963 3
25964 4
25965 5
25966 6
25967 7
25968 8
25969 9
25970 0
25971 1
25972 2
25973 3
25974 4
25975 5
25976 6
25977 7
25978 8
25979 9
25980 0
25981 1
25982 2
25983 3
25984 4
25985 5
25986 6
25987 7
25988 8
25989 9
25990 0
25991 1
25992 2
25993 3
25994 4
25995 5
25996 6
25997 7
25998 8
25999 9
26000 0
26001 1
26002 2
26003 3
26004 4
26005 5
26006 6
26007 7
26008 8
26009 9
26010 0
26011 1
26012 2
26013 3
26014 4
26015 5
26016 6
26017 7
26018 8
26019 9
26020 0
26021 1
26022 2
26023 3
26024 4
26025 5
26026 6
26027 7
26028 8
26029 9
26030 0
26031 1
26032 2
26033 3
26034 4
26035 5
26036 6
26037 7
26038 8
26039 9
26040 0
26041 1
26042 2
26043 3
26044 4
26045 5
26046 6
26047 7
26048 8
26049 9
26050 0
26051 1
26052 2
26053 3
26054 4
26055 5
26056 6
26057 7
26058 8
26059 9
26060 0
26061 1
26062 2
26063 3
26064 4
26065 5
26066 6
26067 7
26068 8
26069 9
26070 0
26071 1
26072 2
26073 3
26074 4
26075 5
26076 6
26077 7
26078 8
26079 9
26080 0
26081 1
26082 2
26083 3
26084 4
26085 5
26086 6
26087 7
26088 8
26089 9
26090 0
26091 1
26092 2
26093 3
26094 4
26095 5
26096 6
26097 7
26098 8
26099 9
26100 0
26101 1
26102 2
26103 3
26104 4
26105 5
26106 6
26107 7
26108 8
26109 9
26110 0
26111 1
26112 2
26113 3
26114 4
26115 5
26116 6
26117 7
26118 8
26119 9
26120 0
26121 1
26122 2
26123 3
26124 4
26125 5
26126 6
26127 7
26128 8
26129 9
26130 0
26131 1
26132 2
26133 3
26134 4
26135 5
26136 6
26137 7
26138 8
26139 9
26140 0
26141 1
26142 2
26143 3
26144 4
26145 5
26146 6
26147 7
26148 8
26149 9
26150 0
26151 1
26152 2
26153 3
26154 4
26155 5
26156 6
26157 7
26158 8
26159 9
26160 0
26161 1
26162 2
26163 3
26164 4
26165 5
26166 6
26167 7
26168 8
26169 9
26170 0
26171 1
26172 2
26173 3
26174 4
26175 5
26176 6
26177 7
26178 8
26179 9
26180 0
26181 1
26182 2
26183 3
26184 4
26185 5
26186 6
26187 7
26188 8
26189 9
26190 0
26191 1
26192 2
26193 3
26194 4
26195 5
26196 6
26197 7
26198 8
26199 9
26200 0
26201 1
26202 2
26203 3
26204 4
26205 5
26206 6
26207 7
26208 8
26209 9
26210 0
26211 1
26212 2
26213 3
26214 4
26215 5
26216 6
26217 7
26218 8
26219 9
26220 0
26221 1
26222 2
26223 3
26224 4
26225 5
26226 6
26227 7
26228 8
26229 9
26230 0
26231 1
26232 2
26233 3
26234 4
26235 5
26236 6
26237 7
26238 8
26239 9
26240 0
26241 1
26242 2
26243 3
26244 4
26245 5
26246 6
26247 7
26248 8
26249 9
26250 0
26251 1
26252 2
26253 3
26254 4
26255 5
26256 6
26257 7
26258 8
26259 9
26260 0
26261 1
26262 2
26263 3
26264 4
26265 5
26266 6
26267 7
26268 8
26269 9
26270 0
26271 1
26272 2
26273 3
26274 4
26275 5
26276 6
26277 7
26278 8
26279 9
26280 0
26281 1
26282 2
26283 3
26284 4
26285 5
26286 6
26287 7
26288 8
26289 9
26290 0
26291 1
26292 2
26293 3
26294 4
26295 5
26296 6
26297 7
26298 8
26299 9
26300 0
26301 1
26302 2
26303 3
26304 4
26305 5
26306 6
26307 7
26308 8
26309 9
26310 0
26311 1
26312 2
26313 3
26314 4
26315 5
26316 6
26317 7
26318 8
26319 9
26320 0
26321 1
26322 2
26323 3
26324 4
26325 5
26326 6
26327 7
26328 8
26329 9
26330 0
26331 1
26332 2
26333 3
26334 4
26335 5
26336 6
26337 7
26338 8
26339 9
26340 0
26341 1
26342 2
26343 3
26344 4
26345 5
26346 6
26347 7
26348 8
26349 9
26350 0
26351 1
26352 2
26353 3
26354 4
26355 5
26356 6
26357 7
26358 8
26359 9
26360 0
26361 1
26362 2
26363 3
26364 4
26365 5
26366 6
26367 7
26368 8
26369 9
26370 0
26371 1
26372 2
26373 3
26374 4
26375 5
26376 6
26377 7
26378 8
26379 9
26380 0
26381 1
26382 2
26383 3
26384 4
26385 5
26386 6
26387 7
26388 8
26389 9
26390 0
26391 1
26392 2
26393 3
26394 4
26395 5
26396 6
26397 7
26398 8
26399 9
26400 0
26401 1
26402 2
26403 3
26404 4
26405 5
26406 6
26407 7
26408 8
26409 9
26410 0
26411 1
26412 2
26413 3
26414 4
26415 5
26416 6
26417 7
26418 8
26419 9
26420 0
26421 1
26422 2
26423 3
26424 4
26425 5
26426 6
26427 7
26428 8
26429 9
26430 0
26431 1
26432 2
26433 3
26434 4
26435 5
26436 6
26437 7
26438 8
26439 9
26440 0
26441 1
26442 2
26443 3
26444 4
26445 5
26446 6
26447 7
26448 8
26449 9
26450 0
26451 1
26452 2
26453 3
26454 4
26455 5
26456 6
26457 7
26458 8
26459 9
26460 0
26461 1
26462 2
26463 3
26464 4
26465 5
26466 6
26467 7
26468 8
26469 9
26470 0
26471 1
26472 2
26473 3
26474 4
26475 5
26476 6
26477 7
26478 8
26479 9
26480 0
26481 1
26482 2
26483 3
26484 4
26485 5
26486 6
26487 7
26488 8
26489 9
26490 0
26491 1
26492 2
26493 3
26494 4
26495 5
26496 6
26497 7
26498 8
26499 9
26500 0
26501 1
26502 2
26503 3
26504 4
26505 5
26506 6
26507 7
26508 8
26509 9
26510 0
26511 1
26512 2
26513 3
26514 4
26515 5
26516 6
26517 7
26518 8
26519 9
26520 0
26521 1
26522 2
26523 3
26524 4
26525 5
26526 6
26527 7
26528 8
26529 9
26530 0
26531 1
26532 2
26533 3
26534 4
26535 5
26536 6
26537 7
26538 8
26539 9
26540 0
26541 1
26542 2
26543 3
26544 4
26545 5
26546 6
26547 7
26548 8
26549 9
26550 0
26551 1
26552 2
26553 3
26554 4
26555 5
26556 6
26557 7
26558 8
26559 9
26560 0
26561 1
26562 2
26563 3
26564 4
26565 5
26566 6
26567 7
26568 8
26569 9
26570 0
26571 1
26572 2
26573 3
26574 4
26575 5
26576 6
26577 7
26578 8
26579 9
26580 0
26581 1
26582 2
26583 3
26584 4
26585 5
26586 6
26587 7
26588 8
26589 9
26590 0
26591 1
26592 2
26593 3
26594 4
26595 5
26596 6
26597 7
26598 8
26599 9
26600 0
26601 1
26602 2
26603 3
26604 4
26605 5
26606 6
26607 7
26608 8
26609 9
26610 0
26611 1
26612 2
26613 3
26614 4
26615 5
26616 6
26617 7
26618 8
26619 9
26620 0
26621 1
26622 2
26623 3
26624 4
26625 5
26626 6
26627 7
26628 8
26629 9
26630 0
26631 1
26632 2
26633 3
26634 4
26635 5
26636 6
26637 7
26638 8
26639 9
26640 0
26641 1
26642 2
26643 3
26644 4
26645 5
26646 6
26647 7
26648 8
26649 9
26650 0
26651 1
26652 2
26653 3
26654 4
26655 5
26656 6
26657 7
26658 8
26659 9
26660 0
26661 1
26662 2
26663 3
26664 4
26665 5
26666 6
26667 7
26668 8
26669 9
26670 0
26671 1
26672 2
26673 3
26674 4
26675 5
26676 6
26677 7
26678 8
26679 9
26680 0
26681 1
26682 2
26683 3
26684 4
26685 5
26686 6
26687 7
26688 8
26689 9
26690 0
26691 1
26692 2
26693 3
26694 4
26695 5
26696 6
26697 7
26698 8
26699 9
26700 0
26701 1
26702 2
26703 3
26704 4
26705 5
26706 6
26707 7
26708 8
26709 9
26710 0
26711 1
26712 2
26713 3
26714 4
26715 5
26716 6
26717 7
26718 8
26719 9
26720 0
26721 1
26722 2
26723 3
26724 4
26725 5
26726 6
26727 7
26728 8
26729 9
26730 0
26731 1
26732 2
26733 3
26734 4
26735 5
26736 6
26737 7
26738 8
26739 9
26740 0
26741 1
26742 2
26743 3
26744 4
26745 5
26746 6
26747 7
26748 8
26749 9
26750 0
26751 1
26752 2
26753 3
26754 4
26755 5
26756 6
26757 7
26758 8
26759 9
26760 0
26761 1
26762 2
26763 3
26764 4
26765 5
26766 6
26767 7
26768 8
26769 9
26770 0
26771 1
26772 2
26773 3
26774 4
26775 5
26776 6
26777 7
26778 8
26779 9
26780 0
26781 1
26782 2
26783 3
26784 4
26785 5
26786 6
26787 7
26788 8
26789 9
26790 0
26791 1
26792 2
26793 3
26794 4
26795 5
26796 6
26797 7
26798 8
26799 9
26800 0
26801 1
26802 2
26803 3
26804 4
26805 5
26806 6
26807 7
26808 8
26809 9
26810 0
26811 1
26812 2
26813 3
26814 4
26815 5
26816 6
26817 7
26818 8
26819 9
26820 0
26821 1
26822 2
26823 3
26824 4
26825 5
26826 6
26827 7
26828 8
26829 9
26830 0
26831 1
26832 2
26833 3
26834 4
26835 5
26836 6
26837 7
26838 8
26839 9
26840 0
26841 1
26842 2
26843 3
26844 4
26845 5
26846 6
26847 7
26848 8
26849 9
26850 0
26851 1
26852 2
26853 3
26854 4
26855 5
26856 6
26857 7
26858 8
26859 9
26860 0
26861 1
26862 2
26863 3
26864 4
26865 5
26866 6
26867 7
26868 8
26869 9
26870 0
26871 1
26872 2
26873 3
26874 4
26875 5
26876 6
26877 7
26878 8
26879 9
26880 0
26881 1
26882 2
26883 3
26884 4
26885 5
26886 6
26887 7
26888 8
26889 9
26890 0
26891 1
26892 2
26893 3
26894 4
26895 5
26896 6
26897 7
26898 8
26899 9
26900 0
26901 1
26902 2
26903 3
26904 4
26905 5
26906 6
26907 7
26908 8
26909 9
26910 0
26911 1
26912 2
26913 3
26914 4
26915 5
26916 6
26917 7
26918 8
26919 9
26920 0
26921 1
26922 2
26923 3
26924 4
26925 5
26926 6
26927 7
26928 8
26929 9
26930 0
26931 1
26932 2
26933 3
26934 4
26935 5
26936 6
26937 7
26938 8
26939 9
26940 0
26941 1
26942 2
26943 3
26944 4
26945 5
26946 6
26947 7
26948 8
26949 9
26950 0
26951 1
26952 2
26953 3
26954 4
26955 5
26956 6
26957 7
26958 8
26959 9
26960 0
26961 1
26962 2
26963 3
26964 4
26965 5
26966 6
26967 7
26968 8
26969 9
26970 0
26971 1
26972 2
26973 3
26974 4
26975 5
26976 6
26977 7
26978 8
26979 9
26980 0
26981 1
26982 2
26983 3
26984 4
26985 5
26986 6
26987 7
26988 8
26989 9
26990 0
26991 1
26992 2
26993 3
26994 4
26995 5
26996 6
26997 7
26998 8
26999 9
27000 0
27001 1
27002 2
27003 3
27004 4
27005 5
27006 6
27007 7
27008 8
27009 9
27010 0
27011 1
27012 2
27013 3
27014 4
27015 5
27016 6
27017 7
27018 8
27019 9
27020 0
27021 1
27022 2
27023 3
27024 4
27025 5
27026 6
27027 7
27028 8
27029 9
27030 0
27031 1
27032 2
27033 3
27034 4
27035 5
27036 6
27037 7
27038 8
27039 9
27040 0
27041 1
27042 2
27043 3
27044 4
27045 5
27046 6
27047 7
27048 8
27049 9
27050 0
27051 1
27052 2
27053 3
27054 4
27055 5
27056 6
27057 7
27058 8
27059 9
27060 0
27061 1
27062 2
27063 3
27064 4
27065 5
27066 6
27067 7
27068 8
27069 9
27070 0
27071 1
27072 2
27073 3
27074 4
27075 5
27076 6
27077 7
27078 8
27079 9
27080 0
27081 1
27082 2
27083 3
27084 4
27085 5
27086 6
27087 7
27088 8
27089 9
27090 0
27091 1
27092 2
27093 3
27094 4
27095 5
27096 6
27097 7
27098 8
27099 9
27100 0
27101 1
27102 2
27103 3
27104 4
27105 5
27106 6
27107 7
27108 8
27109 9
27110 0
27111 1
27112 2
27113 3
27114 4
27115 5
27116 6
27117 7
27118 8
27119 9
27120 0
27121 1
27122 2
27123 3
27124 4
27125 5
27126 6
27127 7
27128 8
27129 9
27130 0
27131 1
27132 2
27133 3
27134 4
27135 5
27136 6
27137 7
27138 8
27139 9
27140 0
27141 1
27142 2
27143 3
27144 4
27145 5
27146 6
27147 7
27148 8
27149 9
27150 0
27151 1
27152 2
27153 3
27154 4
27155 5
27156 6
27157 7
27158 8
27159 9
27160 0
27161 1
27162 2
27163 3
27164 4
27165 5
27166 6
27167 7
27168 8
27169 9
27170 0
27171 1
27172 2
27173 3
27174 4
27175 5
27176 6
27177 7
27178 8
27179 9
27180 0
27181 1
27182 2
27183 3
27184 4
27185 5
27186 6
27187 7
27188 8
27189 9
27190 0
27191 1
27192 2
27193 3
27194 4
27195 5
27196 6
27197 7
27198 8
27199 9
27200 0
27201 1
27202 2
27203 3
27204 4
27205 5
27206 6
27207 7
27208 8
27209 9
27210 0
27211 1
27212 2
27213 3
27214 4
27215 5
27216 6
27217 7
27218 8
27219 9
27220 0
27221 1
27222 2
27223 3
27224 4
27225 5
27226 6
27227 7
27228 8
27229 9
27230 0
27231 1
27232 2
27233 3
27234 4
27235 5
27236 6
27237 7
27238 8
27239 9
27240 0
27241 1
27242 2
27243 3
27244 4
27245 5
27246 6
27247 7
27248 8
27249 9
27250 0
27251 1
27252 2
27253 3
27254 4
27255 5
27256 6
27257 7
27258 8
27259 9
27260 0
27261 1
27262 2
27263 3
27264 4
27265 5
27266 6
27267 7
27268 8
27269 9
27270 0
27271 1
27272 2
27273 3
27274 4
27275 5
27276 6
27277 7
27278 8
27279 9
27280 0
27281 1
27282 2
27283 3
27284 4
27285 5
27286 6
27287 7
27288 8
27289 9
27290 0
27291 1
27292 2
27293 3
27294 4
27295 5
27296 6
27297 7
27298 8
27299 9
27300 0
27301 1
27302 2
27303 3
27304 4
27305 5
27306 6
27307 7
27308 8
27309 9
27310 0
27311 1
27312 2
27313 3
27314 4
27315 5
27316 6
27317 7
27318 8
27319 9
27320 0
27321 1
27322 2
27323 3
27324 4
27325 5
27326 6
27327 7
27328 8
27329 9
27330 0
27331 1
27332 2
27333 3
27334 4
27335 5
27336 6
27337 7
27338 8
27339 9
27340 0
27341 1
27342 2
27343 3
27344 4
27345 5
27346 6
27347 7
27348 8
27349 9
27350 0
27351 1
27352 2
27353 3
27354 4
27355 5
27356 6
27357 7
27358 8
27359 9
27360 0
27361 1
27362 2
27363 3
27364 4
27365 5
27366 6
27367 7
27368 8
27369 9
27370 0
27371 1
27372 2
27373 3
27374 4
27375 5
27376 6
27377 7
27378 8
27379 9
27380 0
27381 1
27382 2
27383 3
27384 4
27385 5
27386 6
27387 7
27388 8
27389 9
27390 0
27391 1
27392 2
27393 3
27394 4
27395 5
27396 6
27397 7
27398 8
27399 9
27400 0
27401 1
27402 2
27403 3
27404 4
27405 5
27406 6
27407 7
27408 8
27409 9
27410 0
27411 1
27412 2
27413 3
27414 4
27415 5
27416 6
27417 7
27418 8
27419 9
27420 0
27421 1
27422 2
27423 3
27424 4
27425 5
27426 6
27427 7
27428 8
27429 9
27430 0
27431 1
27432 2
27433 3
27434 4
27435 5
27436 6
27437 7
27438 8
27439 9
27440 0
27441 1
27442 2
27443 3
27444 4
27445 5
27446 6
27447 7
27448 8
27449 9
27450 0
27451 1
27452 2
27453 3
27454 4
27455 5
27456 6
27457 7
27458 8
27459 9
27460 0
27461 1
27462 2
27463 3
27464 4
27465 5
27466 6
27467 7
27468 8
27469 9
27470 0
27471 1
27472 2
27473 3
27474 4
27475 5
27476 6
27477 7
27478 8
27479 9
27480 0
27481 1
27482 2
27483 3
27484 4
27485 5
27486 6
27487 7
27488 8
27489 9
27490 0
27491 1
27492 2
27493 3
27494 4
27495 5
27496 6
27497 7
27498 8
27499 9
27500 0
27501 1
27502 2
27503 3
27504 4
27505 5
27506 6
27507 7
27508 8
27509 9
27510 0
27511 1
27512 2
27513 3
27514 4
27515 5
27516 6
27517 7
27518 8
27519 9
27520 0
27521 1
27522 2
27523 3
27524 4
27525 5
27526 6
27527 7
27528 8
27529 9
27530 0
27531 1
27532 2
27533 3
27534 4
27535 5
27536 6
27537 7
27538 8
27539 9
27540 0
27541 1
27542 2
27543 3
27544 4
27545 5
27546 6
27547 7
27548 8
27549 9
27550 0
27551 1
27552 2
27553 3
27554 4
27555 5
27556 6
27557 7
27558 8
27559 9
27560 0
27561 1
27562 2
27563 3
27564 4
27565 5
27566 6
27567 7
27568 8
27569 9
27570 0
27571 1
27572 2
27573 3
27574 4
27575 5
27576 6
27577 7
27578 8
27579 9
27580 0
27581 1
27582 2
27583 3
27584 4
27585 5
27586 6
27587 7
27588 8
27589 9
27590 0
27591 1
27592 2
27593 3
27594 4
27595 5
27596 6
27597 7
27598 8
27599 9
27600 0
27601 1
27602 2
27603 3
27604 4
27605 5
27606 6
27607 7
27608 8
27609 9
27610 0
27611 1
27612 2
27613 3
27614 4
27615 5
27616 6
27617 7
27618 8
27619 9
27620 0
27621 1
27622 2
27623 3
27624 4
27625 5
27626 6
27627 7
27628 8
27629 9
27630 0
27631 1
27632 2
27633 3
27634 4
27635 5
27636 6
27637 7
27638 8
27639 9
27640 0
27641 1
27642 2
27643 3
27644 4
27645 5
27646 6
27647 7
27648 8
27649 9
27650 0
27651 1
27652 2
27653 3
27654 4
27655 5
27656 6
27657 7
27658 8
27659 9
27660 0
27661 1
27662 2
27663 3
27664 4
27665 5
27666 6
27667 7
27668 8
27669 9
27670 0
27671 1
27672 2
27673 3
27674 4
27675 5
27676 6
27677 7
27678 8
27679 9
27680 0
27681 1
27682 2
27683 3
27684 4
27685 5
27686 6
27687 7
27688 8
27689 9
27690 0
27691 1
27692 2
27693 3
27694 4
27695 5
27696 6
27697 7
27698 8
27699 9
27700 0
27701 1
27702 2
27703 3
27704 4
27705 5
27706 6
27707 7
27708 8
27709 9
27710 0
27711 1
27712 2
27713 3
27714 4
27715 5
27716 6
27717 7
27718 8
27719 9
27720 0
27721 1
27722 2
27723 3
27724 4
27725 5
27726 6
27727 7
27728 8
27729 9
27730 0
27731 1
27732 2
27733 3
27734 4
27735 5
27736 6
27737 7
27738 8
27739 9
27740 0
27741 1
27742 2
27743 3
27744 4
27745 5
27746 6
27747 7
27748 8
27749 9
27750 0
27751 1
27752 2
27753 3
27754 4
27755 5
27756 6
27757 7
27758 8
27759 9
27760 0
27761 1
27762 2
27763 3
27764 4
27765 5
27766 6
27767 7
27768 8
27769 9
27770 0
27771 1
27772 2
27773 3
27774 4
27775 5
27776 6
27777 7
27778 8
27779 9
27780 0
27781 1
27782 2
27783 3
27784 4
27785 5
27786 6
27787 7
27788 8
27789 9
27790 0
27791 1
27792 2
27793 3
27794 4
27795 5
27796 6
27797 7
27798 8
27799 9
27800 0
27801 1
27802 2
27803 3
27804 4
27805 5
27806 6
27807 7
27808 8
27809 9
27810 0
27811 1
27812 2
27813 3
27814 4
27815 5
27816 6
27817 7
27818 8
27819 9
27820 0
27821 1
27822 2
27823 3
27824 4
27825 5
27826 6
27827 7
27828 8
27829 9
27830 0
27831 1
27832 2
27833 3
27834 4
27835 5
27836 6
27837 7
27838 8
27839 9
27840 0
27841 1
27842 2
27843 3
27844 4
27845 5
27846 6
27847 7
27848 8
27849 9
27850 0
27851 1
27852 2
27853 3
27854 4
27855 5
27856 6
27857 7
27858 8
27859 9
27860 0
27861 1
27862 2
27863 3
27864 4
27865 5
27866 6
27867 7
27868 8
27869 9
27870 0
27871 1
27872 2
27873 3
27874 4
27875 5
27876 6
27877 7
27878 8
27879 9
27880 0
27881 1
27882 2
27883 3
27884 4
27885 5
27886 6
27887 7
27888 8
27889 9
27890 0
27891 1
27892 2
27893 3
27894 4
27895 5
27896 6
27897 7
27898 8
27899 9
27900 0
27901 1
27902 2
27903 3
27904 4
27905 5
27906 6
27907 7
27908 8
27909 9
27910 0
27911 1
27912 2
27913 3
27914 4
27915 5
27916 6
27917 7
27918 8
27919 9
27920 0
27921 1
27922 2
27923 3
27924 4
27925 5
27926 6
27927 7
27928 8
27929 9
27930 0
27931 1
27932 2
27933 3
27934 4
27935 5
27936 6
27937 7
27938 8
27939 9
27940 0
27941 1
27942 2
27943 3
27944 4
27945 5
27946 6
27947 7
27948 8
27949 9
27950 0
27951 1
27952 2
27953 3
27954 4
27955 5
27956 6
27957 7
27958 8
27959 9
27960 0
27961 1
27962 2
27963 3
27964 4
27965 5
27966 6
27967 7
27968 8
27969 9
27970 0
27971 1
27972 2
27973 3
27974 4
27975 5
27976 6
27977 7
27978 8
27979 9
27980 0
27981 1
27982 2
27983 3
27984 4
27985 5
27986 6
27987 7
27988 8
27989 9
27990 0
27991 1
27992 2
27993 3
27994 4
27995 5
27996 6
27997 7
27998 8
27999 9
28000 0
28001 1
28002 2
28003 3
28004 4
28005 5
28006 6
28007 7
28008 8
28009 9
28010 0
28011 1
28012 2
28013 3
28014 4
28015 5
28016 6
28017 7
28018 8
28019 9
28020 0
28021 1
28022 2
28023 3
28024 4
28025 5
28026 6
28027 7
28028 8
28029 9
28030 0
28031 1
28032 2
28033 3
28034 4
28035 5
28036 6
28037 7
28038 8
28039 9
28040 0
28041 1
28042 2
28043 3
28044 4
28045 5
28046 6
28047 7
28048 8
28049 9
28050 0
28051 1
28052 2
28053 3
28054 4
28055 5
28056 6
28057 7
28058 8
28059 9
28060 0
28061 1
28062 2
28063 3
28064 4
28065 5
28066 6
28067 7
28068 8
28069 9
28070 0
28071 1
28072 2
28073 3
28074 4
28075 5
28076 6
28077 7
28078 8
28079 9
28080 0
28081 1
28082 2
28083 3
28084 4
28085 5
28086 6
28087 7
28088 8
28089 9
28090 0
28091 1
28092 2
28093 3
28094 4
28095 5
28096 6
28097 7
28098 8
28099 9
28100 0
28101 1
28102 2
28103 3
28104 4
28105 5
28106 6
28107 7
28108 8
28109 9
28110 0
28111 1
28112 2
28113 3
28114 4
28115 5
28116 6
28117 7
28118 8
28119 9
28120 0
28121 1
28122 2
28123 3
28124 4
28125 5
28126 6
28127 7
28128 8
28129 9
28130 0
28131 1
28132 2
28133 3
28134 4
28135 5
28136 6
28137 7
28138 8
28139 9
28140 0
28141 1
28142 2
28143 3
28144 4
28145 5
28146 6
28147 7
28148 8
28149 9
28150 0
28151 1
28152 2
28153 3
28154 4
28155 5
28156 6
28157 7
28158 8
28159 9
28160 0
28161 1
28162 2
28163 3
28164 4
28165 5
28166 6
28167 7
28168 8
28169 9
28170 0
28171 1
28172 2
28173 3
28174 4
28175 5
28176 6
28177 7
28178 8
28179 9
28180 0
28181 1
28182 2
28183 3
28184 4
28185 5
28186 6
28187 7
28188 8
28189 9
28190 0
28191 1
28192 2
28193 3
28194 4
28195 5
28196 6
28197 7
28198 8
28199 9
28200 0
28201 1
28202 2
28203 3
28204 4
28205 5
28206 6
28207 7
28208 8
28209 9
28210 0
28211 1
28212 2
28213 3
28214 4
28215 5
28216 6
28217 7
28218 8
28219 9
28220 0
28221 1
28222 2
28223 3
28224 4
28225 5
28226 6
28227 7
28228 8
28229 9
28230 0
28231 1
28232 2
28233 3
28234 4
28235 5
28236 6
28237 7
28238 8
28239 9
28240 0
28241 1
28242 2
28243 3
28244 4
28245 5
28246 6
28247 7
28248 8
28249 9
28250 0
28251 1
28252 2
28253 3
28254 4
28255 5
28256 6
28257 7
28258 8
28259 9
28260 0
28261 1
28262 2
28263 3
28264 4
28265 5
28266 6
28267 7
28268 8
28269 9
28270 0
28271 1
28272 2
28273 3
28274 4
28275 5
28276 6
28277 7
28278 8
28279 9
28280 0
28281 1
28282 2
28283 3
28284 4
28285 5
28286 6
28287 7
28288 8
28289 9
28290 0
28291 1
28292 2
28293 3
28294 4
28295 5
28296 6
28297 7
28298 8
28299 9
28300 0
28301 1
28302 2
28303 3
28304 4
28305 5
28306 6
28307 7
28308 8
28309 9
28310 0
28311 1
28312 2
28313 3
28314 4
28315 5
28316 6
28317 7
28318 8
28319 9
28320 0
28321 1
28322 2
28323 3
28324 4
28325 5
28326 6
28327 7
28328 8
28329 9
28330 0
28331 1
28332 2
28333 3
28334 4
28335 5
28336 6
28337 7
28338 8
28339 9
28340 0
28341 1
28342 2
28343 3
28344 4
28345 5
28346 6
28347 7
28348 8
28349 9
28350 0
28351 1
28352 2
28353 3
28354 4
28355 5
28356 6
28357 7
28358 8
28359 9
28360 0
28361 1
28362 2
28363 3
28364 4
28365 5
28366 6
28367 7
28368 8
28369 9
28370 0
28371 1
28372 2
28373 3
28374 4
28375 5
28376 6
28377 7
28378 8
28379 9
28380 0
28381 1
28382 2
28383 3
28384 4
28385 5
28386 6
28387 7
28388 8
28389 9
28390 0
28391 1
28392 2
28393 3
28394 4
28395 5
28396 6
28397 7
28398 8
28399 9
28400 0
28401 1
28402 2
28403 3
28404 4
28405 5
28406 6
28407 7
28408 8
28409 9
28410 0
28411 1
28412 2
28413 3
28414 4
28415 5
28416 6
28417 7
28418 8
28419 9
28420 0
28421 1
28422 2
28423 3
28424 4
28425 5
28426 6
28427 7
28428 8
28429 9
28430 0
28431 1
28432 2
28433 3
28434 4
28435 5
28436 6
28437 7
28438 8
28439 9
28440 0
28441 1
28442 2
28443 3
28444 4
28445 5
28446 6
28447 7
28448 8
28449 9
28450 0
28451 1
28452 2
28453 3
28454 4
28455 5
28456 6
28457 7
28458 8
28459 9
28460 0
28461 1
28462 2
28463 3
28464 4
28465 5
28466 6
28467 7
28468 8
28469 9
28470 0
28471 1
28472 2
28473 3
28474 4
28475 5
28476 6
28477 7
28478 8
28479 9
28480 0
28481 1
28482 2
28483 3
28484 4
28485 5
28486 6
28487 7
28488 8
28489 9
28490 0
28491 1
28492 2
28493 3
28494 4
28495 5
28496 6
28497 7
28498 8
28499 9
28500 0
28501 1
28502 2
28503 3
28504 4
28505 5
28506 6
28507 7
28508 8
28509 9
28510 0
28511 1
28512 2
28513 3
28514 4
28515 5
28516 6
28517 7
28518 8
28519 9
28520 0
28521 1
28522 2
28523 3
28524 4
28525 5
28526 6
28527 7
28528 8
28529 9
28530 0
28531 1
28532 2
28533 3
28534 4
28535 5
28536 6
28537 7
28538 8
28539 9
28540 0
28541 1
28542 2
28543 3
28544 4
28545 5
28546 6
28547 7
28548 8
28549 9
28550 0
28551 1
28552 2
28553 3
28554 4
28555 5
28556 6
28557 7
28558 8
28559 9
28560 0
28561 1
28562 2
28563 3
28564 4
28565 5
28566 6
28567 7
28568 8
28569 9
28570 0
28571 1
28572 2
28573 3
28574 4
28575 5
28576 6
28577 7
28578 8
28579 9
28580 0
28581 1
28582 2
28583 3
28584 4
28585 5
28586 6
28587 7
28588 8
28589 9
28590 0
28591 1
28592 2
28593 3
28594 4
28595 5
28596 6
28597 7
28598 8
28599 9
28600 0
28601 1
28602 2
28603 3
28604 4
28605 5
28606 6
28607 7
28608 8
28609 9
28610 0
28611 1
28612 2
28613 3
28614 4
28615 5
28616 6
28617 7
28618 8
28619 9
28620 0
28621 1
28622 2
28623 3
28624 4
28625 5
28626 6
28627 7
28628 8
28629 9
28630 0
28631 1
28632 2
28633 3
28634 4
28635 5
28636 6
28637 7
28638 8
28639 9
28640 0
28641 1
28642 2
28643 3
28644 4
28645 5
28646 6
28647 7
28648 8
28649 9
28650 0
28651 1
28652 2
28653 3
28654 4
28655 5
28656 6
28657 7
28658 8
28659 9
28660 0
28661 1
28662 2
28663 3
28664 4
28665 5
28666 6
28667 7
28668 8
28669 9
28670 0
28671 1
28672 2
28673 3
28674 4
28675 5
28676 6
28677 7
28678 8
28679 9
28680 0
28681 1
28682 2
28683 3
28684 4
28685 5
28686 6
28687 7
28688 8
28689 9
28690 0
28691 1
28692 2
28693 3
28694 4
28695 5
28696 6
28697 7
28698 8
28699 9
28700 0
28701 1
28702 2
28703 3
28704 4
28705 5
28706 6
28707 7
28708 8
28709 9
28710 0
28711 1
28712 2
28713 3
28714 4
28715 5
28716 6
28717 7
28718 8
28719 9
28720 0
28721 1
28722 2
28723 3
28724 4
28725 5
28726 6
28727 7
28728 8
28729 9
28730 0
28731 1
28732 2
28733 3
28734 4
28735 5
28736 6
28737 7
28738 8
28739 9
28740 0
28741 1
28742 2
28743 3
28744 4
28745 5
28746 6
28747 7
28748 8
28749 9
28750 0
28751 1
28752 2
28753 3
28754 4
28755 5
28756 6
28757 7
28758 8
28759 9
28760 0
28761 1
28762 2
28763 3
28764 4
28765 5
28766 6
28767 7
28768 8
28769 9
28770 0
28771 1
28772 2
28773 3
28774 4
28775 5
28776 6
28777 7
28778 8
28779 9
28780 0
28781 1
28782 2
28783 3
28784 4
28785 5
28786 6
28787 7
28788 8
28789 9
28790 0
28791 1
28792 2
28793 3
28794 4
28795 5
28796 6
28797 7
28798 8
28799 9
28800 0
28801 1
28802 2
28803 3
28804 4
28805 5
28806 6
28807 7
28808 8
28809 9
28810 0
28811 1
28812 2
28813 3
28814 4
28815 5
28816 6
28817 7
28818 8
28819 9
28820 0
28821 1
28822 2
28823 3
28824 4
28825 5
28826 6
28827 7
28828 8
28829 9
28830 0
28831 1
28832 2
28833 3
28834 4
28835 5
28836 6
28837 7
28838 8
28839 9
28840 0
28841 1
28842 2
28843 3
28844 4
28845 5
28846 6
28847 7
28848 8
28849 9
28850 0
28851 1
28852 2
28853 3
28854 4
28855 5
28856 6
28857 7
28858 8
28859 9
28860 0
28861 1
28862 2
28863 3
28864 4
28865 5
28866 6
28867 7
28868 8
28869 9
28870 0
28871 1
28872 2
28873 3
28874 4
28875 5
28876 6
28877 7
28878 8
28879 9
28880 0
28881 1
28882 2
28883 3
28884 4
28885 5
28886 6
28887 7
28888 8
28889 9
28890 0
28891 1
28892 2
28893 3
28894 4
28895 5
28896 6
28897 7
28898 8
28899 9
28900 0
28901 1
28902 2
28903 3
28904 4
28905 5
28906 6
28907 7
28908 8
28909 9
28910 0
28911 1
28912 2
28913 3
28914 4
28915 5
28916 6
28917 7
28918 8
28919 9
28920 0
28921 1
28922 2
28923 3
28924 4
28925 5
28926 6
28927 7
28928 8
28929 9
28930 0
28931 1
28932 2
28933 3
28934 4
28935 5
28936 6
28937 7
28938 8
28939 9
28940 0
28941 1
28942 2
28943 3
28944 4
28945 5
28946 6
28947 7
28948 8
28949 9
28950 0
28951 1
28952 2
28953 3
28954 4
28955 5
28956 6
28957 7
28958 8
28959 9
28960 0
28961 1
28962 2
28963 3
28964 4
28965 5
28966 6
28967 7
28968 8
28969 9
28970 0
28971 1
28972 2
28973 3
28974 4
28975 5
28976 6
28977 7
28978 8
28979 9
28980 0
28981 1
28982 2
28983 3
28984 4
28985 5
28986 6
28987 7
28988 8
28989 9
28990 0
28991 1
28992 2
28993 3
28994 4
28995 5
28996 6
28997 7
28998 8
28999 9
29000 0
29001 1
29002 2
29003 3
29004 4
29005 5
29006 6
29007 7
29008 8
29009 9
29010 0
29011 1
29012 2
29013 3
29014 4
29015 5
29016 6
29017 7
29018 8
29019 9
29020 0
29021 1
29022 2
29023 3
29024 4
29025 5
29026 6
29027 7
29028 8
29029 9
29030 0
29031 1
29032 2
29033 3
29034 4
29035 5
29036 6
29037 7
29038 8
29039 9
29040 0
29041 1
29042 2
29043 3
29044 4
29045 5
29046 6
29047 7
29048 8
29049 9
29050 0
29051 1
29052 2
29053 3
29054 4
29055 5
29056 6
29057 7
29058 8
29059 9
29060 0
29061 1
29062 2
29063 3
29064 4
29065 5
29066 6
29067 7
29068 8
29069 9
29070 0
29071 1
29072 2
29073 3
29074 4
29075 5
29076 6
29077 7
29078 8
29079 9
29080 0
29081 1
29082 2
29083 3
29084 4
29085 5
29086 6
29087 7
29088 8
29089 9
29090 0
29091 1
29092 2
29093 3
29094 4
29095 5
29096 6
29097 7
29098 8
29099 9
29100 0
29101 1
29102 2
29103 3
29104 4
29105 5
29106 6
29107 7
29108 8
29109 9
29110 0
29111 1
29112 2
29113 3
29114 4
29115 5
29116 6
29117 7
29118 8
29119 9
29120 0
29121 1
29122 2
29123 3
29124 4
29125 5
29126 6
29127 7
29128 8
29129 9
29130 0
29131 1
29132 2
29133 3
29134 4
29135 5
29136 6
29137 7
29138 8
29139 9
29140 0
29141 1
29142 2
29143 3
29144 4
29145 5
29146 6
29147 7
29148 8
29149 9
29150 0
29151 1
29152 2
29153 3
29154 4
29155 5
29156 6
29157 7
29158 8
29159 9
29160 0
29161 1
29162 2
29163 3
29164 4
29165 5
29166 6
29167 7
29168 8
29169 9
29170 0
29171 1
29172 2
29173 3
29174 4
29175 5
29176 6
29177 7
29178 8
29179 9
29180 0
29181 1
29182 2
29183 3
29184 4
29185 5
29186 6
29187 7
29188 8
29189 9
29190 0
29191 1
29192 2
29193 3
29194 4
29195 5
29196 6
29197 7
29198 8
29199 9
29200 0
29201 1
29202 2
29203 3
29204 4
29205 5
29206 6
29207 7
29208 8
29209 9
29210 0
29211 1
29212 2
29213 3
29214 4
29215 5
29216 6
29217 7
29218 8
29219 9
29220 0
29221 1
29222 2
29223 3
29224 4
29225 5
29226 6
29227 7
29228 8
29229 9
29230 0
29231 1
29232 2
29233 3
29234 4
29235 5
29236 6
29237 7
29238 8
29239 9
29240 0
29241 1
29242 2
29243 3
29244 4
29245 5
29246 6
29247 7
29248 8
29249 9
29250 0
29251 1
29252 2
29253 3
29254 4
29255 5
29256 6
29257 7
29258 8
29259 9
29260 0
29261 1
29262 2
29263 3
29264 4
29265 5
29266 6
29267 7
29268 8
29269 9
29270 0
29271 1
29272 2
29273 3
29274 4
29275 5
29276 6
29277 7
29278 8
29279 9
29280 0
29281 1
29282 2
29283 3
29284 4
29285 5
29286 6
29287 7
29288 8
29289 9
29290 0
29291 1
29292 2
29293 3
29294 4
29295 5
29296 6
29297 7
29298 8
29299 9
29300 0
29301 1
29302 2
29303 3
29304 4
29305 5
29306 6
29307 7
29308 8
29309 9
29310 0
29311 1
29312 2
29313 3
29314 4
29315 5
29316 6
29317 7
29318 8
29319 9
29320 0
29321 1
29322 2
29323 3
29324 4
29325 5
29326 6
29327 7
29328 8
29329 9
29330 0
29331 1
29332 2
29333 3
29334 4
29335 5
29336 6
29337 7
29338 8
29339 9
29340 0
29341 1
29342 2
29343 3
29344 4
29345 5
29346 6
29347 7
29348 8
29349 9
29350 0
29351 1
29352 2
29353 3
29354 4
29355 5
29356 6
29357 7
29358 8
29359 9
29360 0
29361 1
29362 2
29363 3
29364 4
29365 5
29366 6
29367 7
29368 8
29369 9
29370 0
29371 1
29372 2
29373 3
29374 4
29375 5
29376 6
29377 7
29378 8
29379 9
29380 0
29381 1
29382 2
29383 3
29384 4
29385 5
29386 6
29387 7
29388 8
29389 9
29390 0
29391 1
29392 2
29393 3
29394 4
29395 5
29396 6
29397 7
29398 8
29399 9
29400 0
29401 1
29402 2
29403 3
29404 4
29405 5
29406 6
29407 7
29408 8
29409 9
29410 0
29411 1
29412 2
29413 3
29414 4
29415 5
29416 6
29417 7
29418 8
29419 9
29420 0
29421 1
29422 2
29423 3
29424 4
29425 5
29426 6
29427 7
29428 8
29429 9
29430 0
29431 1
29432 2
29433 3
29434 4
29435 5
29436 6
29437 7
29438 8
29439 9
29440 0
29441 1
29442 2
29443 3
29444 4
29445 5
29446 6
29447 7
29448 8
29449 9
29450 0
29451 1
29452 2
29453 3
29454 4
29455 5
29456 6
29457 7
29458 8
29459 9
29460 0
29461 1
29462 2
29463 3
29464 4
29465 5
29466 6
29467 7
29468 8
29469 9
29470 0
29471 1
29472 2
29473 3
29474 4
29475 5
29476 6
29477 7
29478 8
29479 9
29480 0
29481 1
29482 2
29483 3
29484 4
29485 5
29486 6
29487 7
29488 8
29489 9
29490 0
29491 1
29492 2
29493 3
29494 4
29495 5
29496 6
29497 7
29498 8
29499 9
29500 0
29501 1
29502 2
29503 3
29504 4
29505 5
29506 6
29507 7
29508 8
29509 9
29510 0
29511 1
29512 2
29513 3
29514 4
29515 5
29516 6
29517 7
29518 8
29519 9
29520 0
29521 1
29522 2
29523 3
29524 4
29525 5
29526 6
29527 7
29528 8
29529 9
29530 0
29531 1
29532 2
29533 3
29534 4
29535 5
29536 6
29537 7
29538 8
29539 9
29540 0
29541 1
29542 2
29543 3
29544 4
29545 5
29546 6
29547 7
29548 8
29549 9
29550 0
29551 1
29552 2
29553 3
29554 4
29555 5
29556 6
29557 7
29558 8
29559 9
29560 0
29561 1
29562 2
29563 3
29564 4
29565 5
29566 6
29567 7
29568 8
29569 9
29570 0
29571 1
29572 2
29573 3
29574 4
29575 5
29576 6
29577 7
29578 8
29579 9
29580 0
29581 1
29582 2
29583 3
29584 4
29585 5
29586 6
29587 7
29588 8
29589 9
29590 0
29591 1
29592 2
29593 3
29594 4
29595 5
29596 6
29597 7
29598 8
29599 9
29600 0
29601 1
29602 2
29603 3
29604 4
29605 5
29606 6
29607 7
29608 8
29609 9
29610 0
29611 1
29612 2
29613 3
29614 4
29615 5
29616 6
29617 7
29618 8
29619 9
29620 0
29621 1
29622 2
29623 3
29624 4
29625 5
29626 6
29627 7
29628 8
29629 9
29630 0
29631 1
29632 2
29633 3
29634 4
29635 5
29636 6
29637 7
29638 8
29639 9
29640 0
29641 1
29642 2
29643 3
29644 4
29645 5
29646 6
29647 7
29648 8
29649 9
29650 0
29651 1
29652 2
29653 3
29654 4
29655 5
29656 6
29657 7
29658 8
29659 9
29660 0
29661 1
29662 2
29663 3
29664 4
29665 5
29666 6
29667 7
29668 8
29669 9
29670 0
29671 1
29672 2
29673 3
29674 4
29675 5
29676 6
29677 7
29678 8
29679 9
29680 0
29681 1
29682 2
29683 3
29684 4
29685 5
29686 6
29687 7
29688 8
29689 9
29690 0
29691 1
29692 2
29693 3
29694 4
29695 5
29696 6
29697 7
29698 8
29699 9
29700 0
29701 1
29702 2
29703 3
29704 4
29705 5
29706 6
29707 7
29708 8
29709 9
29710 0
29711 1
29712 2
29713 3
29714 4
29715 5
29716 6
29717 7
29718 8
29719 9
29720 0
29721 1
29722 2
29723 3
29724 4
29725 5
29726 6
29727 7
29728 8
29729 9
29730 0
29731 1
29732 2
29733 3
29734 4
29735 5
29736 6
29737 7
29738 8
29739 9
29740 0
29741 1
29742 2
29743 3
29744 4
29745 5
29746 6
29747 7
29748 8
29749 9
29750 0
29751 1
29752 2
29753 3
29754 4
29755 5
29756 6
29757 7
29758 8
29759 9
29760 0
29761 1
29762 2
29763 3
29764 4
29765 5
29766 6
29767 7
29768 8
29769 9
29770 0
29771 1
29772 2
29773 3
29774 4
29775 5
29776 6
29777 7
29778 8
29779 9
29780 0
29781 1
29782 2
29783 3
29784 4
29785 5
29786 6
29787 7
29788 8
29789 9
29790 0
29791 1
29792 2
29793 3
29794 4
29795 5
29796 6
29797 7
29798 8
29799 9
29800 0
29801 1
29802 2
29803 3
29804 4
29805 5
29806 6
29807 7
29808 8
29809 9
29810 0
29811 1
29812 2
29813 3
29814 4
29815 5
29816 6
29817 7
29818 8
29819 9
29820 0
29821 1
29822 2
29823 3
29824 4
29825 5
29826 6
29827 7
29828 8
29829 9
29830 0
29831 1
29832 2
29833 3
29834 4
29835 5
29836 6
29837 7
29838 8
29839 9
29840 0
29841 1
29842 2
29843 3
29844 4
29845 5
29846 6
29847 7
29848 8
29849 9
29850 0
29851 1
29852 2
29853 3
29854 4
29855 5
29856 6
29857 7
29858 8
29859 9
29860 0
29861 1
29862 2
29863 3
29864 4
29865 5
29866 6
29867 7
29868 8
29869 9
29870 0
29871 1
29872 2
29873 3
29874 4
29875 5
29876 6
29877 7
29878 8
29879 9
29880 0
29881 1
29882 2
29883 3
29884 4
29885 5
29886 6
29887 7
29888 8
29889 9
29890 0
29891 1
29892 2
29893 3
29894 4
29895 5
29896 6
29897 7
29898 8
29899 9
29900 0
29901 1
29902 2
29903 3
29904 4
29905 5
29906 6
29907 7
29908 8
29909 9
29910 0
29911 1
29912 2
29913 3
29914 4
29915 5
29916 6
29917 7
29918 8
29919 9
29920 0
29921 1
29922 2
29923 3
29924 4
29925 5
29926 6
29927 7
29928 8
29929 9
29930 0
29931 1
29932 2
29933 3
29934 4
29935 5
29936 6
29937 7
29938 8
29939 9
29940 0
29941 1
29942 2
29943 3
29944 4
29945 5
29946 6
29947 7
29948 8
29949 9
29950 0
29951 1
29952 2
29953 3
29954 4
29955 5
29956 6
29957 7
29958 8
29959 9
29960 0
29961 1
29962 2
29963 3
29964 4
29965 5
29966 6
29967 7
29968 8
29969 9
29970 0
29971 1
29972 2
29973 3
29974 4
29975 5
29976 6
29977 7
29978 8
29979 9
29980 0
29981 1
29982 2
29983 3
29984 4
29985 5
29986 6
29987 7
29988 8
29989 9
29990 0
29991 1
29992 2
29993 3
29994 4
29995 5
29996 6
29997 7
29998 8
29999 9
30000 0
30001 1
30002 2
30003 3
30004 4
30005 5
30006 6
30007 7
30008 8
30009 9
30010 0
30011 1
30012 2
30013 3
30014 4
30015 5
30016 6
30017 7
30018 8
30019 9
30020 0
30021 1
30022 2
30023 3
30024 4
30025 5
30026 6
30027 7
30028 8
30029 9
30030 0
30031 1
30032 2
30033 3
30034 4
30035 5
30036 6
30037 7
30038 8
30039 9
30040 0
30041 1
30042 2
30043 3
30044 4
30045 5
30046 6
30047 7
30048 8
30049 9
30050 0
30051 1
30052 2
30053 3
30054 4
30055 5
30056 6
30057 7
30058 8
30059 9
30060 0
30061 1
30062 2
30063 3
30064 4
30065 5
30066 6
30067 7
30068 8
30069 9
30070 0
30071 1
30072 2
30073 3
30074 4
30075 5
30076 6
30077 7
30078 8
30079 9
30080 0
30081 1
30082 2
30083 3
30084 4
30085 5
30086 6
30087 7
30088 8
30089 9
30090 0
30091 1
30092 2
30093 3
30094 4
30095 5
30096 6
30097 7
30098 8
30099 9
30100 0
30101 1
30102 2
30103 3
30104 4
30105 5
30106 6
30107 7
30108 8
30109 9
30110 0
30111 1
30112 2
30113 3
30114 4
30115 5
30116 6
30117 7
30118 8
30119 9
30120 0
30121 1
30122 2
30123 3
30124 4
30125 5
30126 6
30127 7
30128 8
30129 9
30130 0
30131 1
30132 2
30133 3
30134 4
30135 5
30136 6
30137 7
30138 8
30139 9
30140 0
30141 1
30142 2
30143 3
30144 4
30145 5
30146 6
30147 7
30148 8
30149 9
30150 0
30151 1
30152 2
30153 3
30154 4
30155 5
30156 6
30157 7
30158 8
30159 9
30160 0
30161 1
30162 2
30163 3
30164 4
30165 5
30166 6
30167 7
30168 8
30169 9
30170 0
30171 1
30172 2
30173 3
30174 4
30175 5
30176 6
30177 7
30178 8
30179 9
30180 0
30181 1
30182 2
30183 3
30184 4
30185 5
30186 6
30187 7
30188 8
30189 9
30190 0
30191 1
30192 2
30193 3
30194 4
30195 5
30196 6
30197 7
30198 8
30199 9
30200 0
30201 1
30202 2
30203 3
30204 4
30205 5
30206 6
30207 7
30208 8
30209 9
30210 0
30211 1
30212 2
30213 3
30214 4
30215 5
30216 6
30217 7
30218 8
30219 9
30220 0
30221 1
30222 2
30223 3
30224 4
30225 5
30226 6
30227 7
30228 8
30229 9
30230 0
30231 1
30232 2
30233 3
30234 4
30235 5
30236 6
30237 7
30238 8
30239 9
30240 0
30241 1
30242 2
30243 3
30244 4
30245 5
30246 6
30247 7
30248 8
30249 9
30250 0
30251 1
30252 2
30253 3
30254 4
30255 5
30256 6
30257 7
30258 8
30259 9
30260 0
30261 1
30262 2
30263 3
30264 4
30265 5
30266 6
30267 7
30268 8
30269 9
30270 0
30271 1
30272 2
30273 3
30274 4
30275 5
30276 6
30277 7
30278 8
30279 9
30280 0
30281 1
30282 2
30283 3
30284 4
30285 5
30286 6
30287 7
30288 8
30289 9
30290 0
30291 1
30292 2
30293 3
30294 4
30295 5
30296 6
30297 7
30298 8
30299 9
30300 0
30301 1
30302 2
30303 3
30304 4
30305 5
30306 6
30307 7
30308 8
30309 9
30310 0
30311 1
30312 2
30313 3
30314 4
30315 5
30316 6
30317 7
30318 8
30319 9
30320 0
30321 1
30322 2
30323 3
30324 4
30325 5
30326 6
30327 7
30328 8
30329 9
30330 0
30331 1
30332 2
30333 3
30334 4
30335 5
30336 6
30337 7
30338 8
30339 9
30340 0
30341 1
30342 2
30343 3
30344 4
30345 5
30346 6
30347 7
30348 8
30349 9
30350 0
30351 1
30352 2
30353 3
30354 4
30355 5
30356 6
30357 7
30358 8
30359 9
30360 0
30361 1
30362 2
30363 3
30364 4
30365 5
30366 6
30367 7
30368 8
30369 9
30370 0
30371 1
30372 2
30373 3
30374 4
30375 5
30376 6
30377 7
30378 8
30379 9
30380 0
30381 1
30382 2
30383 3
30384 4
30385 5
30386 6
30387 7
30388 8
30389 9
30390 0
30391 1
30392 2
30393 3
30394 4
30395 5
30396 6
30397 7
30398 8
30399 9
30400 0
30401 1
30402 2
30403 3
30404 4
30405 5
30406 6
30407 7
30408 8
30409 9
30410 0
30411 1
30412 2
30413 3
30414 4
30415 5
30416 6
30417 7
30418 8
30419 9
30420 0
30421 1
30422 2
30423 3
30424 4
30425 5
30426 6
30427 7
30428 8
30429 9
30430 0
30431 1
30432 2
30433 3
30434 4
30435 5
30436 6
30437 7
30438 8
30439 9
30440 0
30441 1
30442 2
30443 3
30444 4
30445 5
30446 6
30447 7
30448 8
30449 9
30450 0
30451 1
30452 2
30453 3
30454 4
30455 5
30456 6
30457 7
30458 8
30459 9
30460 0
30461 1
30462 2
30463 3
30464 4
30465 5
30466 6
30467 7
30468 8
30469 9
30470 0
30471 1
30472 2
30473 3
30474 4
30475 5
30476 6
30477 7
30478 8
30479 9
30480 0
30481 1
30482 2
30483 3
30484 4
30485 5
30486 6
30487 7
30488 8
30489 9
30490 0
30491 1
30492 2
30493 3
30494 4
30495 5
30496 6
30497 7
30498 8
30499 9
30500 0
30501 1
30502 2
30503 3
30504 4
30505 5
30506 6
30507 7
30508 8
30509 9
30510 0
30511 1
30512 2
30513 3
30514 4
30515 5
30516 6
30517 7
30518 8
30519 9
30520 0
30521 1
30522 2
30523 3
30524 4
30525 5
30526 6
30527 7
30528 8
30529 9
30530 0
30531 1
30532 2
30533 3
30534 4
30535 5
30536 6
30537 7
30538 8
30539 9
30540 0
30541 1
30542 2
30543 3
30544 4
30545 5
30546 6
30547 7
30548 8
30549 9
30550 0
30551 1
30552 2
30553 3
30554 4
30555 5
30556 6
30557 7
30558 8
30559 9
30560 0
30561 1
30562 2
30563 3
30564 4
30565 5
30566 6
30567 7
30568 8
30569 9
30570 0
30571 1
30572 2
30573 3
30574 4
30575 5
30576 6
30577 7
30578 8
30579 9
30580 0
30581 1
30582 2
30583 3
30584 4
30585 5
30586 6
30587 7
30588 8
30589 9
30590 0
30591 1
30592 2
30593 3
30594 4
30595 5
30596 6
30597 7
30598 8
30599 9
30600 0
30601 1
30602 2
30603 3
30604 4
30605 5
30606 6
30607 7
30608 8
30609 9
30610 0
30611 1
30612 2
30613 3
30614 4
30615 5
30616 6
30617 7
30618 8
30619 9
30620 0
30621 1
30622 2
30623 3
30624 4
30625 5
30626 6
30627 7
30628 8
30629 9
30630 0
30631 1
30632 2
30633 3
30634 4
30635 5
30636 6
30637 7
30638 8
30639 9
30640 0
30641 1
30642 2
30643 3
30644 4
30645 5
30646 6
30647 7
30648 8
30649 9
30650 0
30651 1
30652 2
30653 3
30654 4
30655 5
30656 6
30657 7
30658 8
30659 9
30660 0
30661 1
30662 2
30663 3
30664 4
30665 5
30666 6
30667 7
30668 8
30669 9
30670 0
30671 1
30672 2
30673 3
30674 4
30675 5
30676 6
30677 7
30678 8
30679 9
30680 0
30681 1
30682 2
30683 3
30684 4
30685 5
30686 6
30687 7
30688 8
30689 9
30690 0
30691 1
30692 2
30693 3
30694 4
30695 5
30696 6
30697 7
30698 8
30699 9
30700 0
30701 1
30702 2
30703 3
30704 4
30705 5
30706 6
30707 7
30708 8
30709 9
30710 0
30711 1
30712 2
30713 3
30714 4
30715 5
30716 6
30717 7
30718 8
30719 9
30720 0
30721 1
30722 2
30723 3
30724 4
30725 5
30726 6
30727 7
30728 8
30729 9
30730 0
30731 1
30732 2
30733 3
30734 4
30735 5
30736 6
30737 7
30738 8
30739 9
30740 0
30741 1
30742 2
30743 3
30744 4
30745 5
30746 6
30747 7
30748 8
30749 9
30750 0
30751 1
30752 2
30753 3
30754 4
30755 5
30756 6
30757 7
30758 8
30759 9
30760 0
30761 1
30762 2
30763 3
30764 4
30765 5
30766 6
30767 7
30768 8
30769 9
30770 0
30771 1
30772 2
30773 3
30774 4
30775 5
30776 6
30777 7
30778 8
30779 9
30780 0
30781 1
30782 2
30783 3
30784 4
30785 5
30786 6
30787 7
30788 8
30789 9
30790 0
30791 1
30792 2
30793 3
30794 4
30795 5
30796 6
30797 7
30798 8
30799 9
30800 0
30801 1
30802 2
30803 3
30804 4
30805 5
30806 6
30807 7
30808 8
30809 9
30810 0
30811 1
30812 2
30813 3
30814 4
30815 5
30816 6
30817 7
30818 8
30819 9
30820 0
30821 1
30822 2
30823 3
30824 4
30825 5
30826 6
30827 7
30828 8
30829 9
30830 0
30831 1
30832 2
30833 3
30834 4
30835 5
30836 6
30837 7
30838 8
30839 9
30840 0
30841 1
30842 2
30843 3
30844 4
30845 5
30846 6
30847 7
30848 8
30849 9
30850 0
30851 1
30852 2
30853 3
30854 4
30855 5
30856 6
30857 7
30858 8
30859 9
30860 0
30861 1
30862 2
30863 3
30864 4
30865 5
30866 6
30867 7
30868 8
30869 9
30870 0
30871 1
30872 2
30873 3
30874 4
30875 5
30876 6
30877 7
30878 8
30879 9
30880 0
30881 1
30882 2
30883 3
30884 4
30885 5
30886 6
30887 7
30888 8
30889 9
30890 0
30891 1
30892 2
30893 3
30894 4
30895 5
30896 6
30897 7
30898 8
30899 9
30900 0
30901 1
30902 2
30903 3
30904 4
30905 5
30906 6
30907 7
30908 8
30909 9
30910 0
30911 1
30912 2
30913 3
30914 4
30915 5
30916 6
30917 7
30918 8
30919 9
30920 0
30921 1
30922 2
30923 3
30924 4
30925 5
30926 6
30927 7
30928 8
30929 9
30930 0
30931 1
30932 2
30933 3
30934 4
30935 5
30936 6
30937 7
30938 8
30939 9
30940 0
30941 1
30942 2
30943 3
30944 4
30945 5
30946 6
30947 7
30948 8
30949 9
30950 0
30951 1
30952 2
30953 3
30954 4
30955 5
30956 6
30957 7
30958 8
30959 9
30960 0
30961 1
30962 2
30963 3
30964 4
30965 5
30966 6
30967 7
30968 8
30969 9
30970 0
30971 1
30972 2
30973 3
30974 4
30975 5
30976 6
30977 7
30978 8
30979 9
30980 0
30981 1
30982 2
30983 3
30984 4
30985 5
30986 6
30987 7
30988 8
30989 9
30990 0
30991 1
30992 2
30993 3
30994 4
30995 5
30996 6
30997 7
30998 8
30999 9
31000 0
31001 1
31002 2
31003 3
31004 4
31005 5
31006 6
31007 7
31008 8
31009 9
31010 0
31011 1
31012 2
31013 3
31014 4
31015 5
31016 6
31017 7
31018 8
31019 9
31020 0
31021 1
31022 2
31023 3
31024 4
31025 5
31026 6
31027 7
31028 8
31029 9
31030 0
31031 1
31032 2
31033 3
31034 4
31035 5
31036 6
31037 7
31038 8
31039 9
31040 0
31041 1
31042 2
31043 3
31044 4
31045 5
31046 6
31047 7
31048 8
31049 9
31050 0
31051 1
31052 2
31053 3
31054 4
31055 5
31056 6
31057 7
31058 8
31059 9
31060 0
31061 1
31062 2
31063 3
31064 4
31065 5
31066 6
31067 7
31068 8
31069 9
31070 0
31071 1
31072 2
31073 3
31074 4
31075 5
31076 6
31077 7
31078 8
31079 9
31080 0
31081 1
31082 2
31083 3
31084 4
31085 5
31086 6
31087 7
31088 8
31089 9
31090 0
31091 1
31092 2
31093 3
31094 4
31095 5
31096 6
31097 7
31098 8
31099 9
31100 0
31101 1
31102 2
31103 3
31104 4
31105 5
31106 6
31107 7
31108 8
31109 9
31110 0
31111 1
31112 2
31113 3
31114 4
31115 5
31116 6
31117 7
31118 8
31119 9
31120 0
31121 1
31122 2
31123 3
31124 4
31125 5
31126 6
31127 7
31128 8
31129 9
31130 0
31131 1
31132 2
31133 3
31134 4
31135 5
31136 6
31137 7
31138 8
31139 9
31140 0
31141 1
31142 2
31143 3
31144 4
31145 5
31146 6
31147 7
31148 8
31149 9
31150 0
31151 1
31152 2
31153 3
31154 4
31155 5
31156 6
31157 7
31158 8
31159 9
31160 0
31161 1
31162 2
31163 3
31164 4
31165 5
31166 6
31167 7
31168 8
31169 9
31170 0
31171 1
31172 2
31173 3
31174 4
31175 5
31176 6
31177 7
31178 8
31179 9
31180 0
31181 1
31182 2
31183 3
31184 4
31185 5
31186 6
31187 7
31188 8
31189 9
31190 0
31191 1
31192 2
31193 3
31194 4
31195 5
31196 6
31197 7
31198 8
31199 9
31200 0
31201 1
31202 2
31203 3
31204 4
31205 5
31206 6
31207 7
31208 8
31209 9
31210 0
31211 1
31212 2
31213 3
31214 4
31215 5
31216 6
31217 7
31218 8
31219 9
31220 0
31221 1
31222 2
31223 3
31224 4
31225 5
31226 6
31227 7
31228 8
31229 9
31230 0
31231 1
31232 2
31233 3
31234 4
31235 5
31236 6
31237 7
31238 8
31239 9
31240 0
31241 1
31242 2
31243 3
31244 4
31245 5
31246 6
31247 7
31248 8
31249 9
31250 0
31251 1
31252 2
31253 3
31254 4
31255 5
31256 6
31257 7
31258 8
31259 9
31260 0
31261 1
31262 2
31263 3
31264 4
31265 5
31266 6
31267 7
31268 8
31269 9
31270 0
31271 1
31272 2
31273 3
31274 4
31275 5
31276 6
31277 7
31278 8
31279 9
31280 0
31281 1
31282 2
31283 3
31284 4
31285 5
31286 6
31287 7
31288 8
31289 9
31290 0
31291 1
31292 2
31293 3
31294 4
31295 5
31296 6
31297 7
31298 8
31299 9
31300 0
31301 1
31302 2
31303 3
31304 4
31305 5
31306 6
31307 7
31308 8
31309 9
31310 0
31311 1
31312 2
31313 3
31314 4
31315 5
31316 6
31317 7
31318 8
31319 9
31320 0
31321 1
31322 2
31323 3
31324 4
31325 5
31326 6
31327 7
31328 8
31329 9
31330 0
31331 1
31332 2
31333 3
31334 4
31335 5
31336 6
31337 7
31338 8
31339 9
31340 0
31341 1
31342 2
31343 3
31344 4
31345 5
31346 6
31347 7
31348 8
31349 9
31350 0
31351 1
31352 2
31353 3
31354 4
31355 5
31356 6
31357 7
31358 8
31359 9
31360 0
31361 1
31362 2
31363 3
31364 4
31365 5
31366 6
31367 7
31368 8
31369 9
31370 0
31371 1
31372 2
31373 3
31374 4
31375 5
31376 6
31377 7
31378 8
31379 9
31380 0
31381 1
31382 2
31383 3
31384 4
31385 5
31386 6
31387 7
31388 8
31389 9
31390 0
31391 1
31392 2
31393 3
31394 4
31395 5
31396 6
31397 7
31398 8
31399 9
31400 0
31401 1
31402 2
31403 3
31404 4
31405 5
31406 6
31407 7
31408 8
31409 9
31410 0
31411 1
31412 2
31413 3
31414 4
31415 5
31416 6
31417 7
31418 8
31419 9
31420 0
31421 1
31422 2
31423 3
31424 4
31425 5
31426 6
31427 7
31428 8
31429 9
31430 0
31431 1
31432 2
31433 3
31434 4
31435 5
31436 6
31437 7
31438 8
31439 9
31440 0
31441 1
31442 2
31443 3
31444 4
31445 5
31446 6
31447 7
31448 8
31449 9
31450 0
31451 1
31452 2
31453 3
31454 4
31455 5
31456 6
31457 7
31458 8
31459 9
31460 0
31461 1
31462 2
31463 3
31464 4
31465 5
31466 6
31467 7
31468 8
31469 9
31470 0
31471 1
31472 2
31473 3
31474 4
31475 5
31476 6
31477 7
31478 8
31479 9
31480 0
31481 1
31482 2
31483 3
31484 4
31485 5
31486 6
31487 7
31488 8
31489 9
31490 0
31491 1
31492 2
31493 3
31494 4
31495 5
31496 6
31497 7
31498 8
31499 9
31500 0
31501 1
31502 2
31503 3
31504 4
31505 5
31506 6
31507 7
31508 8
31509 9
31510 0
31511 1
31512 2
31513 3
31514 4
31515 5
31516 6
31517 7
31518 8
31519 9
31520 0
31521 1
31522 2
31523 3
31524 4
31525 5
31526 6
31527 7
31528 8
31529 9
31530 0
31531 1
31532 2
31533 3
31534 4
31535 5
31536 6
31537 7
31538 8
31539 9
31540 0
31541 1
31542 2
31543 3
31544 4
31545 5
31546 6
31547 7
31548 8
31549 9
31550 0
31551 1
31552 2
31553 3
31554 4
31555 5
31556 6
31557 7
31558 8
31559 9
31560 0
31561 1
31562 2
31563 3
31564 4
31565 5
31566 6
31567 7
31568 8
31569 9
31570 0
31571 1
31572 2
31573 3
31574 4
31575 5
31576 6
31577 7
31578 8
31579 9
31580 0
31581 1
31582 2
31583 3
31584 4
31585 5
31586 6
31587 7
31588 8
31589 9
31590 0
31591 1
31592 2
31593 3
31594 4
31595 5
31596 6
31597 7
31598 8
31599 9
31600 0
31601 1
31602 2
31603 3
31604 4
31605 5
31606 6
31607 7
31608 8
31609 9
31610 0
31611 1
31612 2
31613 3
31614 4
31615 5
31616 6
31617 7
31618 8
31619 9
31620 0
31621 1
31622 2
31623 3
31624 4
31625 5
31626 6
31627 7
31628 8
31629 9
31630 0
31631 1
31632 2
31633 3
31634 4
31635 5
31636 6
31637 7
31638 8
31639 9
31640 0
31641 1
31642 2
31643 3
31644 4
31645 5
31646 6
31647 7
31648 8
31649 9
31650 0
31651 1
31652 2
31653 3
31654 4
31655 5
31656 6
31657 7
31658 8
31659 9
31660 0
31661 1
31662 2
31663 3
31664 4
31665 5
31666 6
31667 7
31668 8
31669 9
31670 0
31671 1
31672 2
31673 3
31674 4
31675 5
31676 6
31677 7
31678 8
31679 9
31680 0
31681 1
31682 2
31683 3
31684 4
31685 5
31686 6
31687 7
31688 8
31689 9
31690 0
31691 1
31692 2
31693 3
31694 4
31695 5
31696 6
31697 7
31698 8
31699 9
31700 0
31701 1
31702 2
31703 3
31704 4
31705 5
31706 6
31707 7
31708 8
31709 9
31710 0
31711 1
31712 2
31713 3
31714 4
31715 5
31716 6
31717 7
31718 8
31719 9
31720 0
31721 1
31722 2
31723 3
31724 4
31725 5
31726 6
31727 7
31728 8
31729 9
31730 0
31731 1
31732 2
31733 3
31734 4
31735 5
31736 6
31737 7
31738 8
31739 9
31740 0
31741 1
31742 2
31743 3
31744 4
31745 5
31746 6
31747 7
31748 8
31749 9
31750 0
31751 1
31752 2
31753 3
31754 4
31755 5
31756 6
31757 7
31758 8
31759 9
31760 0
31761 1
31762 2
31763 3
31764 4
31765 5
31766 6
31767 7
31768 8
31769 9
31770 0
31771 1
31772 2
31773 3
31774 4
31775 5
31776 6
31777 7
31778 8
31779 9
31780 0
31781 1
31782 2
31783 3
31784 4
31785 5
31786 6
31787 7
31788 8
31789 9
31790 0
31791 1
31792 2
31793 3
31794 4
31795 5
31796 6
31797 7
31798 8
31799 9
31800 0
31801 1
31802 2
31803 3
31804 4
31805 5
31806 6
31807 7
31808 8
31809 9
31810 0
31811 1
31812 2
31813 3
31814 4
31815 5
31816 6
31817 7
31818 8
31819 9
31820 0
31821 1
31822 2
31823 3
31824 4
31825 5
31826 6
31827 7
31828 8
31829 9
31830 0
31831 1
31832 2
31833 3
31834 4
31835 5
31836 6
31837 7
31838 8
31839 9
31840 0
31841 1
31842 2
31843 3
31844 4
31845 5
31846 6
31847 7
31848 8
31849 9
31850 0
31851 1
31852 2
31853 3
31854 4
31855 5
31856 6
31857 7
31858 8
31859 9
31860 0
31861 1
31862 2
31863 3
31864 4
31865 5
31866 6
31867 7
31868 8
31869 9
31870 0
31871 1
31872 2
31873 3
31874 4
31875 5
31876 6
31877 7
31878 8
31879 9
31880 0
31881 1
31882 2
31883 3
31884 4
31885 5
31886 6
31887 7
31888 8
31889 9
31890 0
31891 1
31892 2
31893 3
31894 4
31895 5
31896 6
31897 7
31898 8
31899 9
31900 0
31901 1
31902 2
31903 3
31904 4
31905 5
31906 6
31907 7
31908 8
31909 9
31910 0
31911 1
31912 2
31913 3
31914 4
31915 5
31916 6
31917 7
31918 8
31919 9
31920 0
31921 1
31922 2
31923 3
31924 4
31925 5
31926 6
31927 7
31928 8
31929 9
31930 0
31931 1
31932 2
31933 3
31934 4
31935 5
31936 6
31937 7
31938 8
31939 9
31940 0
31941 1
31942 2
31943 3
31944 4
31945 5
31946 6
31947 7
31948 8
31949 9
31950 0
31951 1
31952 2
31953 3
31954 4
31955 5
31956 6
31957 7
31958 8
31959 9
31960 0
31961 1
31962 2
31963 3
31964 4
31965 5
31966 6
31967 7
31968 8
31969 9
31970 0
31971 1
31972 2
31973 3
31974 4
31975 5
31976 6
31977 7
31978 8
31979 9
31980 0
31981 1
31982 2
31983 3
31984 4
31985 5
31986 6
31987 7
31988 8
31989 9
31990 0
31991 1
31992 2
31993 3
31994 4
31995 5
31996 6
31997 7
31998 8
31999 9
32000 0
32001 1
32002 2
32003 3
32004 4
32005 5
32006 6
32007 7
32008 8
32009 9
32010 0
32011 1
32012 2
32013 3
32014 4
32015 5
32016 6
32017 7
32018 8
32019 9
32020 0
32021 1
32022 2
32023 3
32024 4
32025 5
32026 6
32027 7
32028 8
32029 9
32030 0
32031 1
32032 2
32033 3
32034 4
32035 5
32036 6
32037 7
32038 8
32039 9
32040 0
32041 1
32042 2
32043 3
32044 4
32045 5
32046 6
32047 7
32048 8
32049 9
32050 0
32051 1
32052 2
32053 3
32054 4
32055 5
32056 6
32057 7
32058 8
32059 9
32060 0
32061 1
32062 2
32063 3
32064 4
32065 5
32066 6
32067 7
32068 8
32069 9
32070 0
32071 1
32072 2
32073 3
32074 4
32075 5
32076 6
32077 7
32078 8
32079 9
32080 0
32081 1
32082 2
32083 3
32084 4
32085 5
32086 6
32087 7
32088 8
32089 9
32090 0
32091 1
32092 2
32093 3
32094 4
32095 5
32096 6
32097 7
32098 8
32099 9
32100 0
32101 1
32102 2
32103 3
32104 4
32105 5
32106 6
32107 7
32108 8
32109 9
32110 0
32111 1
32112 2
32113 3
32114 4
32115 5
32116 6
32117 7
32118 8
32119 9
32120 0
32121 1
32122 2
32123 3
32124 4
32125 5
32126 6
32127 7
32128 8
32129 9
32130 0
32131 1
32132 2
32133 3
32134 4
32135 5
32136 6
32137 7
32138 8
32139 9
32140 0
32141 1
32142 2
32143 3
32144 4
32145 5
32146 6
32147 7
32148 8
32149 9
32150 0
32151 1
32152 2
32153 3
32154 4
32155 5
32156 6
32157 7
32158 8
32159 9
32160 0
32161 1
32162 2
32163 3
32164 4
32165 5
32166 6
32167 7
32168 8
32169 9
32170 0
32171 1
32172 2
32173 3
32174 4
32175 5
32176 6
32177 7
32178 8
32179 9
32180 0
32181 1
32182 2
32183 3
32184 4
32185 5
32186 6
32187 7
32188 8
32189 9
32190 0
32191 1
32192 2
32193 3
32194 4
32195 5
32196 6
32197 7
32198 8
32199 9
32200 0
32201 1
32202 2
32203 3
32204 4
32205 5
32206 6
32207 7
32208 8
32209 9
32210 0
32211 1
32212 2
32213 3
32214 4
32215 5
32216 6
32217 7
32218 8
32219 9
32220 0
32221 1
32222 2
32223 3
32224 4
32225 5
32226 6
32227 7
32228 8
32229 9
32230 0
32231 1
32232 2
32233 3
32234 4
32235 5
32236 6
32237 7
32238 8
32239 9
32240 0
32241 1
32242 2
32243 3
32244 4
32245 5
32246 6
32247 7
32248 8
32249 9
32250 0
32251 1
32252 2
32253 3
32254 4
32255 5
32256 6
32257 7
32258 8
32259 9
32260 0
32261 1
32262 2
32263 3
32264 4
32265 5
32266 6
32267 7
32268 8
32269 9
32270 0
32271 1
32272 2
32273 3
32274 4
32275 5
32276 6
32277 7
32278 8
32279 9
32280 0
32281 1
32282 2
32283 3
32284 4
32285 5
32286 6
32287 7
32288 8
32289 9
32290 0
32291 1
32292 2
32293 3
32294 4
32295 5
32296 6
32297 7
32298 8
32299 9
32300 0
32301 1
32302 2
32303 3
32304 4
32305 5
32306 6
32307 7
32308 8
32309 9
32310 0
32311 1
32312 2
32313 3
32314 4
32315 5
32316 6
32317 7
32318 8
32319 9
32320 0
32321 1
32322 2
32323 3
32324 4
32325 5
32326 6
32327 7
32328 8
32329 9
32330 0
32331 1
32332 2
32333 3
32334 4
32335 5
32336 6
32337 7
32338 8
32339 9
32340 0
32341 1
32342 2
32343 3
32344 4
32345 5
32346 6
32347 7
32348 8
32349 9
32350 0
32351 1
32352 2
32353 3
32354 4
32355 5
32356 6
32357 7
32358 8
32359 9
32360 0
32361 1
32362 2
32363 3
32364 4
32365 5
32366 6
32367 7
32368 8
32369 9
32370 0
32371 1
32372 2
32373 3
32374 4
32375 5
32376 6
32377 7
32378 8
32379 9
32380 0
32381 1
32382 2
32383 3
32384 4
32385 5
32386 6
32387 7
32388 8
32389 9
32390 0
32391 1
32392 2
32393 3
32394 4
32395 5
32396 6
32397 7
32398 8
32399 9
32400 0
32401 1
32402 2
32403 3
32404 4
32405 5
32406 6
32407 7
32408 8
32409 9
32410 0
32411 1
32412 2
32413 3
32414 4
32415 5
32416 6
32417 7
32418 8
32419 9
32420 0
32421 1
32422 2
32423 3
32424 4
32425 5
32426 6
32427 7
32428 8
32429 9
32430 0
32431 1
32432 2
32433 3
32434 4
32435 5
32436 6
32437 7
32438 8
32439 9
32440 0
32441 1
32442 2
32443 3
32444 4
32445 5
32446 6
32447 7
32448 8
32449 9
32450 0
32451 1
32452 2
32453 3
32454 4
32455 5
32456 6
32457 7
32458 8
32459 9
32460 0
32461 1
32462 2
32463 3
32464 4
32465 5
32466 6
32467 7
32468 8
32469 9
32470 0
32471 1
32472 2
32473 3
32474 4
32475 5
32476 6
32477 7
32478 8
32479 9
32480 0
32481 1
32482 2
32483 3
32484 4
32485 5
32486 6
32487 7
32488 8
32489 9
32490 0
32491 1
32492 2
32493 3
32494 4
32495 5
32496 6
32497 7
32498 8
32499 9
32500 0
32501 1
32502 2
32503 3
32504 4
32505 5
32506 6
32507 7
32508 8
32509 9
32510 0
32511 1
32512 2
32513 3
32514 4
32515 5
32516 6
32517 7
32518 8
32519 9
32520 0
32521 1
32522 2
32523 3
32524 4
32525 5
32526 6
32527 7
32528 8
32529 9
32530 0
32531 1
32532 2
32533 3
32534 4
32535 5
32536 6
32537 7
32538 8
32539 9
32540 0
32541 1
32542 2
32543 3
32544 4
32545 5
32546 6
32547 7
32548 8
32549 9
32550 0
32551 1
32552 2
32553 3
32554 4
32555 5
32556 6
32557 7
32558 8
32559 9
32560 0
32561 1
32562 2
32563 3
32564 4
32565 5
32566 6
32567 7
32568 8
32569 9
32570 0
32571 1
32572 2
32573 3
32574 4
32575 5
32576 6
32577 7
32578 8
32579 9
32580 0
32581 1
32582 2
32583 3
32584 4
32585 5
32586 6
32587 7
32588 8
32589 9
32590 0
32591 1
32592 2
32593 3
32594 4
32595 5
32596 6
32597 7
32598 8
32599 9
32600 0
32601 1
32602 2
32603 3
32604 4
32605 5
32606 6
32607 7
32608 8
32609 9
32610 0
32611 1
32612 2
32613 3
32614 4
32615 5
32616 6
32617 7
32618 8
32619 9
32620 0
32621 1
32622 2
32623 3
32624 4
32625 5
32626 6
32627 7
32628 8
32629 9
32630 0
32631 1
32632 2
32633 3
32634 4
32635 5
32636 6
32637 7
32638 8
32639 9
32640 0
32641 1
32642 2
32643 3
32644 4
32645 5
32646 6
32647 7
32648 8
32649 9
32650 0
32651 1
32652 2
32653 3
32654 4
32655 5
32656 6
32657 7
32658 8
32659 9
32660 0
32661 1
32662 2
32663 3
32664 4
32665 5
32666 6
32667 7
32668 8
32669 9
32670 0
32671 1
32672 2
32673 3
32674 4
32675 5
32676 6
32677 7
32678 8
32679 9
32680 0
32681 1
32682 2
32683 3
32684 4
32685 5
32686 6
32687 7
32688 8
32689 9
32690 0
32691 1
32692 2
32693 3
32694 4
32695 5
32696 6
32697 7
32698 8
32699 9
32700 0
32701 1
32702 2
32703 3
32704 4
32705 5
32706 6
32707 7
32708 8
32709 9
32710 0
32711 1
32712 2
32713 3
32714 4
32715 5
32716 6
32717 7
32718 8
32719 9
32720 0
32721 1
32722 2
32723 3
32724 4
32725 5
32726 6
32727 7
32728 8
32729 9
32730 0
32731 1
32732 2
32733 3
32734 4
32735 5
32736 6
32737 7
32738 8
32739 9
32740 0
32741 1
32742 2
32743 3
32744 4
32745 5
32746 6
32747 7
32748 8
32749 9
32750 0
32751 1
32752 2
32753 3
32754 4
32755 5
32756 6
32757 7
32758 8
32759 9
32760 0
32761 1
32762 2
32763 3
32764 4
32765 5
32766 6
32767 7
32768 8
32769 9
32770 0
32771 1
32772 2
32773 3
32774 4
32775 5
32776 6
32777 7
32778 8
32779 9
32780 0
32781 1
32782 2
32783 3
32784 4
32785 5
32786 6
32787 7
32788 8
32789 9
32790 0
32791 1
32792 2
32793 3
32794 4
32795 5
32796 6
32797 7
32798 8
32799 9
32800 0
32801 1
32802 2
32803 3
32804 4
32805 5
32806 6
32807 7
32808 8
32809 9
32810 0
32811 1
32812 2
32813 3
32814 4
32815 5
32816 6
32817 7
32818 8
32819 9
32820 0
32821 1
32822 2
32823 3
32824 4
32825 5
32826 6
32827 7
32828 8
32829 9
32830 0
32831 1
32832 2
32833 3
32834 4
32835 5
32836 6
32837 7
32838 8
32839 9
32840 0
32841 1
32842 2
32843 3
32844 4
32845 5
32846 6
32847 7
32848 8
32849 9
32850 0
32851 1
32852 2
32853 3
32854 4
32855 5
32856 6
32857 7
32858 8
32859 9
32860 0
32861 1
32862 2
32863 3
32864 4
32865 5
32866 6
32867 7
32868 8
32869 9
32870 0
32871 1
32872 2
32873 3
32874 4
32875 5
32876 6
32877 7
32878 8
32879 9
32880 0
32881 1
32882 2
32883 3
32884 4
32885 5
32886 6
32887 7
32888 8
32889 9
32890 0
32891 1
32892 2
32893 3
32894 4
32895 5
32896 6
32897 7
32898 8
32899 9
32900 0
32901 1
32902 2
32903 3
32904 4
32905 5
32906 6
32907 7
32908 8
32909 9
32910 0
32911 1
32912 2
32913 3
32914 4
32915 5
32916 6
32917 7
32918 8
32919 9
32920 0
32921 1
32922 2
32923 3
32924 4
32925 5
32926 6
32927 7
32928 8
32929 9
32930 0
32931 1
32932 2
32933 3
32934 4
32935 5
32936 6
32937 7
32938 8
32939 9
32940 0
32941 1
32942 2
32943 3
32944 4
32945 5
32946 6
32947 7
32948 8
32949 9
32950 0
32951 1
32952 2
32953 3
32954 4
32955 5
32956 6
32957 7
32958 8
32959 9
32960 0
32961 1
32962 2
32963 3
32964 4
32965 5
32966 6
32967 7
32968 8
32969 9
32970 0
32971 1
32972 2
32973 3
32974 4
32975 5
32976 6
32977 7
32978 8
32979 9
32980 0
32981 1
32982 2
32983 3
32984 4
32985 5
32986 6
32987 7
32988 8
32989 9
32990 0
32991 1
32992 2
32993 3
32994 4
32995 5
32996 6
32997 7
32998 8
32999 9
33000 0
33001 1
33002 2
33003 3
33004 4
33005 5
33006 6
33007 7
33008 8
33009 9
33010 0
33011 1
33012 2
33013 3
33014 4
33015 5
33016 6
33017 7
33018 8
33019 9
33020 0
33021 1
33022 2
33023 3
33024 4
33025 5
33026 6
33027 7
33028 8
33029 9
33030 0
33031 1
33032 2
33033 3
33034 4
33035 5
33036 6
33037 7
33038 8
33039 9
33040 0
33041 1
33042 2
33043 3
33044 4
33045 5
33046 6
33047 7
33048 8
33049 9
33050 0
33051 1
33052 2
33053 3
33054 4
33055 5
33056 6
33057 7
33058 8
33059 9
33060 0
33061 1
33062 2
33063 3
33064 4
33065 5
33066 6
33067 7
33068 8
33069 9
33070 0
33071 1
33072 2
33073 3
33074 4
33075 5
33076 6
33077 7
33078 8
33079 9
33080 0
33081 1
33082 2
33083 3
33084 4
33085 5
33086 6
33087 7
33088 8
33089 9
33090 0
33091 1
33092 2
33093 3
33094 4
33095 5
33096 6
33097 7
33098 8
33099 9
33100 0
33101 1
33102 2
33103 3
33104 4
33105 5
33106 6
33107 7
33108 8
33109 9
33110 0
33111 1
33112 2
33113 3
33114 4
33115 5
33116 6
33117 7
33118 8
33119 9
33120 0
33121 1
33122 2
33123 3
33124 4
33125 5
33126 6
33127 7
33128 8
33129 9
33130 0
33131 1
33132 2
33133 3
33134 4
33135 5
33136 6
33137 7
33138 8
33139 9
33140 0
33141 1
33142 2
33143 3
33144 4
33145 5
33146 6
33147 7
33148 8
33149 9
33150 0
33151 1
33152 2
33153 3
33154 4
33155 5
33156 6
33157 7
33158 8
33159 9
33160 0
33161 1
33162 2
33163 3
33164 4
33165 5
33166 6
33167 7
33168 8
33169 9
33170 0
33171 1
33172 2
33173 3
33174 4
33175 5
33176 6
33177 7
33178 8
33179 9
33180 0
33181 1
33182 2
33183 3
33184 4
33185 5
33186 6
33187 7
33188 8
33189 9
33190 0
33191 1
33192 2
33193 3
33194 4
33195 5
33196 6
33197 7
33198 8
33199 9
33200 0
33201 1
33202 2
33203 3
33204 4
33205 5
33206 6
33207 7
33208 8
33209 9
33210 0
33211 1
33212 2
33213 3
33214 4
33215 5
33216 6
33217 7
33218 8
33219 9
33220 0
33221 1
33222 2
33223 3
33224 4
33225 5
33226 6
33227 7
33228 8
33229 9
33230 0
33231 1
33232 2
33233 3
33234 4
33235 5
33236 6
33237 7
33238 8
33239 9
33240 0
33241 1
33242 2
33243 3
33244 4
33245 5
33246 6
33247 7
33248 8
33249 9
33250 0
33251 1
33252 2
33253 3
33254 4
33255 5
33256 6
33257 7
33258 8
33259 9
33260 0
33261 1
33262 2
33263 3
33264 4
33265 5
33266 6
33267 7
33268 8
33269 9
33270 0
33271 1
33272 2
33273 3
33274 4
33275 5
33276 6
33277 7
33278 8
33279 9
33280 0
33281 1
33282 2
33283 3
33284 4
33285 5
33286 6
33287 7
33288 8
33289 9
33290 0
33291 1
33292 2
33293 3
33294 4
33295 5
33296 6
33297 7
33298 8
33299 9
33300 0
33301 1
33302 2
33303 3
33304 4
33305 5
33306 6
33307 7
33308 8
33309 9
33310 0
33311 1
33312 2
33313 3
33314 4
33315 5
33316 6
33317 7
33318 8
33319 9
33320 0
33321 1
33322 2
33323 3
33324 4
33325 5
33326 6
33327 7
33328 8
33329 9
33330 0
33331 1
33332 2
33333 3
33334 4
33335 5
33336 6
33337 7
33338 8
33339 9
33340 0
33341 1
33342 2
33343 3
33344 4
33345 5
33346 6
33347 7
33348 8
33349 9
33350 0
33351 1
33352 2
33353 3
33354 4
33355 5
33356 6
33357 7
33358 8
33359 9
33360 0
33361 1
33362 2
33363 3
33364 4
33365 5
33366 6
33367 7
33368 8
33369 9
33370 0
33371 1
33372 2
33373 3
33374 4
33375 5
33376 6
33377 7
33378 8
33379 9
33380 0
33381 1
33382 2
33383 3
33384 4
33385 5
33386 6
33387 7
33388 8
33389 9
33390 0
33391 1
33392 2
33393 3
33394 4
33395 5
33396 6
33397 7
33398 8
33399 9
33400 0
33401 1
33402 2
33403 3
33404 4
33405 5
33406 6
33407 7
33408 8
33409 9
33410 0
33411 1
33412 2
33413 3
33414 4
33415 5
33416 6
33417 7
33418 8
33419 9
33420 0
33421 1
33422 2
33423 3
33424 4
33425 5
33426 6
33427 7
33428 8
33429 9
33430 0
33431 1
33432 2
33433 3
33434 4
33435 5
33436 6
33437 7
33438 8
33439 9
33440 0
33441 1
33442 2
33443 3
33444 4
33445 5
33446 6
33447 7
33448 8
33449 9
33450 0
33451 1
33452 2
33453 3
33454 4
33455 5
33456 6
33457 7
33458 8
33459 9
33460 0
33461 1
33462 2
33463 3
33464 4
33465 5
33466 6
33467 7
33468 8
33469 9
33470 0
33471 1
33472 2
33473 3
33474 4
33475 5
33476 6
33477 7
33478 8
33479 9
33480 0
33481 1
33482 2
33483 3
33484 4
33485 5
33486 6
33487 7
33488 8
33489 9
33490 0
33491 1
33492 2
33493 3
33494 4
33495 5
33496 6
33497 7
33498 8
33499 9
33500 0
33501 1
33502 2
33503 3
33504 4
33505 5
33506 6
33507 7
33508 8
33509 9
33510 0
33511 1
33512 2
33513 3
33514 4
33515 5
33516 6
33517 7
33518 8
33519 9
33520 0
33521 1
33522 2
33523 3
33524 4
33525 5
33526 6
33527 7
33528 8
33529 9
33530 0
33531 1
33532 2
33533 3
33534 4
33535 5
33536 6
33537 7
33538 8
33539 9
33540 0
33541 1
33542 2
33543 3
33544 4
33545 5
33546 6
33547 7
33548 8
33549 9
33550 0
33551 1
33552 2
33553 3
33554 4
33555 5
33556 6
33557 7
33558 8
33559 9
33560 0
33561 1
33562 2
33563 3
33564 4
33565 5
33566 6
33567 7
33568 8
33569 9
33570 0
33571 1
33572 2
33573 3
33574 4
33575 5
33576 6
33577 7
33578 8
33579 9
33580 0
33581 1
33582 2
33583 3
33584 4
33585 5
33586 6
33587 7
33588 8
33589 9
33590 0
33591 1
33592 2
33593 3
33594 4
33595 5
33596 6
33597 7
33598 8
33599 9
33600 0
33601 1
33602 2
33603 3
33604 4
33605 5
33606 6
33607 7
33608 8
33609 9
33610 0
33611 1
33612 2
33613 3
33614 4
33615 5
33616 6
33617 7
33618 8
33619 9
33620 0
33621 1
33622 2
33623 3
33624 4
33625 5
33626 6
33627 7
33628 8
33629 9
33630 0
33631 1
33632 2
33633 3
33634 4
33635 5
33636 6
33637 7
33638 8
33639 9
33640 0
33641 1
33642 2
33643 3
33644 4
33645 5
33646 6
33647 7
33648 8
33649 9
33650 0
33651 1
33652 2
33653 3
33654 4
33655 5
33656 6
33657 7
33658 8
33659 9
33660 0
33661 1
33662 2
33663 3
33664 4
33665 5
33666 6
33667 7
33668 8
33669 9
33670 0
33671 1
33672 2
33673 3
33674 4
33675 5
33676 6
33677 7
33678 8
33679 9
33680 0
33681 1
33682 2
33683 3
33684 4
33685 5
33686 6
33687 7
33688 8
33689 9
33690 0
33691 1
33692 2
33693 3
33694 4
33695 5
33696 6
33697 7
33698 8
33699 9
33700 0
33701 1
33702 2
33703 3
33704 4
33705 5
33706 6
33707 7
33708 8
33709 9
33710 0
33711 1
33712 2
33713 3
33714 4
33715 5
33716 6
33717 7
33718 8
33719 9
33720 0
33721 1
33722 2
33723 3
33724 4
33725 5
33726 6
33727 7
33728 8
33729 9
33730 0
33731 1
33732 2
33733 3
33734 4
33735 5
33736 6
33737 7
33738 8
33739 9
33740 0
33741 1
33742 2
33743 3
33744 4
33745 5
33746 6
33747 7
33748 8
33749 9
33750 0
33751 1
33752 2
33753 3
33754 4
33755 5
33756 6
33757 7
33758 8
33759 9
33760 0
33761 1
33762 2
33763 3
33764 4
33765 5
33766 6
33767 7
33768 8
33769 9
33770 0
33771 1
33772 2
33773 3
33774 4
33775 5
33776 6
33777 7
33778 8
33779 9
33780 0
33781 1
33782 2
33783 3
33784 4
33785 5
33786 6
33787 7
33788 8
33789 9
33790 0
33791 1
33792 2
33793 3
33794 4
33795 5
33796 6
33797 7
33798 8
33799 9
33800 0
33801 1
33802 2
33803 3
33804 4
33805 5
33806 6
33807 7
33808 8
33809 9
33810 0
33811 1
33812 2
33813 3
33814 4
33815 5
33816 6
33817 7
33818 8
33819 9
33820 0
33821 1
33822 2
33823 3
33824 4
33825 5
33826 6
33827 7
33828 8
33829 9
33830 0
33831 1
33832 2
33833 3
33834 4
33835 5
33836 6
33837 7
33838 8
33839 9
33840 0
33841 1
33842 2
33843 3
33844 4
33845 5
33846 6
33847 7
33848 8
33849 9
33850 0
33851 1
33852 2
33853 3
33854 4
33855 5
33856 6
33857 7
33858 8
33859 9
33860 0
33861 1
33862 2
33863 3
33864 4
33865 5
33866 6
33867 7
33868 8
33869 9
33870 0
33871 1
33872 2
33873 3
33874 4
33875 5
33876 6
33877 7
33878 8
33879 9
33880 0
33881 1
33882 2
33883 3
33884 4
33885 5
33886 6
33887 7
33888 8
33889 9
33890 0
33891 1
33892 2
33893 3
33894 4
33895 5
33896 6
33897 7
33898 8
33899 9
33900 0
33901 1
33902 2
33903 3
33904 4
33905 5
33906 6
33907 7
33908 8
33909 9
33910 0
33911 1
33912 2
33913 3
33914 4
33915 5
33916 6
33917 7
33918 8
33919 9
33920 0
33921 1
33922 2
33923 3
33924 4
33925 5
33926 6
33927 7
33928 8
33929 9
33930 0
33931 1
33932 2
33933 3
33934 4
33935 5
33936 6
33937 7
33938 8
33939 9
33940 0
33941 1
33942 2
33943 3
33944 4
33945 5
33946 6
33947 7
33948 8
33949 9
33950 0
33951 1
33952 2
33953 3
33954 4
33955 5
33956 6
33957 7
33958 8
33959 9
33960 0
33961 1
33962 2
33963 3
33964 4
33965 5
33966 6
33967 7
33968 8
33969 9
33970 0
33971 1
33972 2
33973 3
33974 4
33975 5
33976 6
33977 7
33978 8
33979 9
33980 0
33981 1
33982 2
33983 3
33984 4
33985 5
33986 6
33987 7
33988 8
33989 9
33990 0
33991 1
33992 2
33993 3
33994 4
33995 5
33996 6
33997 7
33998 8
33999 9
34000 0
34001 1
34002 2
34003 3
34004 4
34005 5
34006 6
34007 7
34008 8
34009 9
34010 0
34011 1
34012 2
34013 3
34014 4
34015 5
34016 6
34017 7
34018 8
34019 9
34020 0
34021 1
34022 2
34023 3
34024 4
34025 5
34026 6
34027 7
34028 8
34029 9
34030 0
34031 1
34032 2
34033 3
34034 4
34035 5
34036 6
34037 7
34038 8
34039 9
34040 0
34041 1
34042 2
34043 3
34044 4
34045 5
34046 6
34047 7
34048 8
34049 9
34050 0
34051 1
34052 2
34053 3
34054 4
34055 5
34056 6
34057 7
34058 8
34059 9
34060 0
34061 1
34062 2
34063 3
34064 4
34065 5
34066 6
34067 7
34068 8
34069 9
34070 0
34071 1
34072 2
34073 3
34074 4
34075 5
34076 6
34077 7
34078 8
34079 9
34080 0
34081 1
34082 2
34083 3
34084 4
34085 5
34086 6
34087 7
34088 8
34089 9
34090 0
34091 1
34092 2
34093 3
34094 4
34095 5
34096 6
34097 7
34098 8
34099 9
34100 0
34101 1
34102 2
34103 3
34104 4
34105 5
34106 6
34107 7
34108 8
34109 9
34110 0
34111 1
34112 2
34113 3
34114 4
34115 5
34116 6
34117 7
34118 8
34119 9
34120 0
34121 1
34122 2
34123 3
34124 4
34125 5
34126 6
34127 7
34128 8
34129 9
34130 0
34131 1
34132 2
34133 3
34134 4
34135 5
34136 6
34137 7
34138 8
34139 9
34140 0
34141 1
34142 2
34143 3
34144 4
34145 5
34146 6
34147 7
34148 8
34149 9
34150 0
34151 1
34152 2
34153 3
34154 4
34155 5
34156 6
34157 7
34158 8
34159 9
34160 0
34161 1
34162 2
34163 3
34164 4
34165 5
34166 6
34167 7
34168 8
34169 9
34170 0
34171 1
34172 2
34173 3
34174 4
34175 5
34176 6
34177 7
34178 8
34179 9
34180 0
34181 1
34182 2
34183 3
34184 4
34185 5
34186 6
34187 7
34188 8
34189 9
34190 0
34191 1
34192 2
34193 3
34194 4
34195 5
34196 6
34197 7
34198 8
34199 9
34200 0
34201 1
34202 2
34203 3
34204 4
34205 5
34206 6
34207 7
34208 8
34209 9
34210 0
34211 1
34212 2
34213 3
34214 4
34215 5
34216 6
34217 7
34218 8
34219 9
34220 0
34221 1
34222 2
34223 3
34224 4
34225 5
34226 6
34227 7
34228 8
34229 9
34230 0
34231 1
34232 2
34233 3
34234 4
34235 5
34236 6
34237 7
34238 8
34239 9
34240 0
34241 1
34242 2
34243 3
34244 4
34245 5
34246 6
34247 7
34248 8
34249 9
34250 0
34251 1
34252 2
34253 3
34254 4
34255 5
34256 6
34257 7
34258 8
34259 9
34260 0
34261 1
34262 2
34263 3
34264 4
34265 5
34266 6
34267 7
34268 8
34269 9
34270 0
34271 1
34272 2
34273 3
34274 4
34275 5
34276 6
34277 7
34278 8
34279 9
34280 0
34281 1
34282 2
34283 3
34284 4
34285 5
34286 6
34287 7
34288 8
34289 9
34290 0
34291 1
34292 2
34293 3
34294 4
34295 5
34296 6
34297 7
34298 8
34299 9
34300 0
34301 1
34302 2
34303 3
34304 4
34305 5
34306 6
34307 7
34308 8
34309 9
34310 0
34311 1
34312 2
34313 3
34314 4
34315 5
34316 6
34317 7
34318 8
34319 9
34320 0
34321 1
34322 2
34323 3
34324 4
34325 5
34326 6
34327 7
34328 8
34329 9
34330 0
34331 1
34332 2
34333 3
34334 4
34335 5
34336 6
34337 7
34338 8
34339 9
34340 0
34341 1
34342 2
34343 3
34344 4
34345 5
34346 6
34347 7
34348 8
34349 9
34350 0
34351 1
34352 2
34353 3
34354 4
34355 5
34356 6
34357 7
34358 8
34359 9
34360 0
34361 1
34362 2
34363 3
34364 4
34365 5
34366 6
34367 7
34368 8
34369 9
34370 0
34371 1
34372 2
34373 3
34374 4
34375 5
34376 6
34377 7
34378 8
34379 9
34380 0
34381 1
34382 2
34383 3
34384 4
34385 5
34386 6
34387 7
34388 8
34389 9
34390 0
34391 1
34392 2
34393 3
34394 4
34395 5
34396 6
34397 7
34398 8
34399 9
34400 0
34401 1
34402 2
34403 3
34404 4
34405 5
34406 6
34407 7
34408 8
34409 9
34410 0
34411 1
34412 2
34413 3
34414 4
34415 5
34416 6
34417 7
34418 8
34419 9
34420 0
34421 1
34422 2
34423 3
34424 4
34425 5
34426 6
34427 7
34428 8
34429 9
34430 0
34431 1
34432 2
34433 3
34434 4
34435 5
34436 6
34437 7
34438 8
34439 9
34440 0
34441 1
34442 2
34443 3
34444 4
34445 5
34446 6
34447 7
34448 8
34449 9
34450 0
34451 1
34452 2
34453 3
34454 4
34455 5
34456 6
34457 7
34458 8
34459 9
34460 0
34461 1
34462 2
34463 3
34464 4
34465 5
34466 6
34467 7
34468 8
34469 9
34470 0
34471 1
34472 2
34473 3
34474 4
34475 5
34476 6
34477 7
34478 8
34479 9
34480 0
34481 1
34482 2
34483 3
34484 4
34485 5
34486 6
34487 7
34488 8
34489 9
34490 0
34491 1
34492 2
34493 3
34494 4
34495 5
34496 6
34497 7
34498 8
34499 9
34500 0
34501 1
34502 2
34503 3
34504 4
34505 5
34506 6
34507 7
34508 8
34509 9
34510 0
34511 1
34512 2
34513 3
34514 4
34515 5
34516 6
34517 7
34518 8
34519 9
34520 0
34521 1
34522 2
34523 3
34524 4
34525 5
34526 6
34527 7
34528 8
34529 9
34530 0
34531 1
34532 2
34533 3
34534 4
34535 5
34536 6
34537 7
34538 8
34539 9
34540 0
34541 1
34542 2
34543 3
34544 4
34545 5
34546 6
34547 7
34548 8
34549 9
34550 0
34551 1
34552 2
34553 3
34554 4
34555 5
34556 6
34557 7
34558 8
34559 9
34560 0
34561 1
34562 2
34563 3
34564 4
34565 5
34566 6
34567 7
34568 8
34569 9
34570 0
34571 1
34572 2
34573 3
34574 4
34575 5
34576 6
34577 7
34578 8
34579 9
34580 0
34581 1
34582 2
34583 3
34584 4
34585 5
34586 6
34587 7
34588 8
34589 9
34590 0
34591 1
34592 2
34593 3
34594 4
34595 5
34596 6
34597 7
34598 8
34599 9
34600 0
34601 1
34602 2
34603 3
34604 4
34605 5
34606 6
34607 7
34608 8
34609 9
34610 0
34611 1
34612 2
34613 3
34614 4
34615 5
34616 6
34617 7
34618 8
34619 9
34620 0
34621 1
34622 2
34623 3
34624 4
34625 5
34626 6
34627 7
34628 8
34629 9
34630 0
34631 1
34632 2
34633 3
34634 4
34635 5
34636 6
34637 7
34638 8
34639 9
34640 0
34641 1
34642 2
34643 3
34644 4
34645 5
34646 6
34647 7
34648 8
34649 9
34650 0
34651 1
34652 2
34653 3
34654 4
34655 5
34656 6
34657 7
34658 8
34659 9
34660 0
34661 1
34662 2
34663 3
34664 4
34665 5
34666 6
34667 7
34668 8
34669 9
34670 0
34671 1
34672 2
34673 3
34674 4
34675 5
34676 6
34677 7
34678 8
34679 9
34680 0
34681 1
34682 2
34683 3
34684 4
34685 5
34686 6
34687 7
34688 8
34689 9
34690 0
34691 1
34692 2
34693 3
34694 4
34695 5
34696 6
34697 7
34698 8
34699 9
34700 0
34701 1
34702 2
34703 3
34704 4
34705 5
34706 6
34707 7
34708 8
34709 9
34710 0
34711 1
34712 2
34713 3
34714 4
34715 5
34716 6
34717 7
34718 8
34719 9
34720 0
34721 1
34722 2
34723 3
34724 4
34725 5
34726 6
34727 7
34728 8
34729 9
34730 0
34731 1
34732 2
34733 3
34734 4
34735 5
34736 6
34737 7
34738 8
34739 9
34740 0
34741 1
34742 2
34743 3
34744 4
34745 5
34746 6
34747 7
34748 8
34749 9
34750 0
34751 1
34752 2
34753 3
34754 4
34755 5
34756 6
34757 7
34758 8
34759 9
34760 0
34761 1
34762 2
34763 3
34764 4
34765 5
34766 6
34767 7
34768 8
34769 9
34770 0
34771 1
34772 2
34773 3
34774 4
34775 5
34776 6
34777 7
34778 8
34779 9
34780 0
34781 1
34782 2
34783 3
34784 4
34785 5
34786 6
34787 7
34788 8
34789 9
34790 0
34791 1
34792 2
34793 3
34794 4
34795 5
34796 6
34797 7
34798 8
34799 9
34800 0
34801 1
34802 2
34803 3
34804 4
34805 5
34806 6
34807 7
34808 8
34809 9
34810 0
34811 1
34812 2
34813 3
34814 4
34815 5
34816 6
34817 7
34818 8
34819 9
34820 0
34821 1
34822 2
34823 3
34824 4
34825 5
34826 6
34827 7
34828 8
34829 9
34830 0
34831 1
34832 2
34833 3
34834 4
34835 5
34836 6
34837 7
34838 8
34839 9
34840 0
34841 1
34842 2
34843 3
34844 4
34845 5
34846 6
34847 7
34848 8
34849 9
34850 0
34851 1
34852 2
34853 3
34854 4
34855 5
34856 6
34857 7
34858 8
34859 9
34860 0
34861 1
34862 2
34863 3
34864 4
34865 5
34866 6
34867 7
34868 8
34869 9
34870 0
34871 1
34872 2
34873 3
34874 4
34875 5
34876 6
34877 7
34878 8
34879 9
34880 0
34881 1
34882 2
34883 3
34884 4
34885 5
34886 6
34887 7
34888 8
34889 9
34890 0
34891 1
34892 2
34893 3
34894 4
34895 5
34896 6
34897 7
34898 8
34899 9
34900 0
34901 1
34902 2
34903 3
34904 4
34905 5
34906 6
34907 7
34908 8
34909 9
34910 0
34911 1
34912 2
34913 3
34914 4
34915 5
34916 6
34917 7
34918 8
34919 9
34920 0
34921 1
34922 2
34923 3
34924 4
34925 5
34926 6
34927 7
34928 8
34929 9
34930 0
34931 1
34932 2
34933 3
34934 4
34935 5
34936 6
34937 7
34938 8
34939 9
34940 0
34941 1
34942 2
34943 3
34944 4
34945 5
34946 6
34947 7
34948 8
34949 9
34950 0
34951 1
34952 2
34953 3
34954 4
34955 5
34956 6
34957 7
34958 8
34959 9
34960 0
34961 1
34962 2
34963 3
34964 4
34965 5
34966 6
34967 7
34968 8
34969 9
34970 0
34971 1
34972 2
34973 3
34974 4
34975 5
34976 6
34977 7
34978 8
34979 9
34980 0
34981 1
34982 2
34983 3
34984 4
34985 5
34986 6
34987 7
34988 8
34989 9
34990 0
34991 1
34992 2
34993 3
34994 4
34995 5
34996 6
34997 7
34998 8
34999 9
35000 0
35001 1
35002 2
35003 3
35004 4
35005 5
35006 6
35007 7
35008 8
35009 9
35010 0
35011 1
35012 2
35013 3
35014 4
35015 5
35016 6
35017 7
35018 8
35019 9
35020 0
35021 1
35022 2
35023 3
35024 4
35025 5
35026 6
35027 7
35028 8
35029 9
35030 0
35031 1
35032 2
35033 3
35034 4
35035 5
35036 6
35037 7
35038 8
35039 9
35040 0
35041 1
35042 2
35043 3
35044 4
35045 5
35046 6
35047 7
35048 8
35049 9
35050 0
35051 1
35052 2
35053 3
35054 4
35055 5
35056 6
35057 7
35058 8
35059 9
35060 0
35061 1
35062 2
35063 3
35064 4
35065 5
35066 6
35067 7
35068 8
35069 9
35070 0
35071 1
35072 2
35073 3
35074 4
35075 5
35076 6
35077 7
35078 8
35079 9
35080 0
35081 1
35082 2
35083 3
35084 4
35085 5
35086 6
35087 7
35088 8
35089 9
35090 0
35091 1
35092 2
35093 3
35094 4
35095 5
35096 6
35097 7
35098 8
35099 9
35100 0
35101 1
35102 2
35103 3
35104 4
35105 5
35106 6
35107 7
35108 8
35109 9
35110 0
35111 1
35112 2
35113 3
35114 4
35115 5
35116 6
35117 7
35118 8
35119 9
35120 0
35121 1
35122 2
35123 3
35124 4
35125 5
35126 6
35127 7
35128 8
35129 9
35130 0
35131 1
35132 2
35133 3
35134 4
35135 5
35136 6
35137 7
35138 8
35139 9
35140 0
35141 1
35142 2
35143 3
35144 4
35145 5
35146 6
35147 7
35148 8
35149 9
35150 0
35151 1
35152 2
35153 3
35154 4
35155 5
35156 6
35157 7
35158 8
35159 9
35160 0
35161 1
35162 2
35163 3
35164 4
35165 5
35166 6
35167 7
35168 8
35169 9
35170 0
35171 1
35172 2
35173 3
35174 4
35175 5
35176 6
35177 7
35178 8
35179 9
35180 0
35181 1
35182 2
35183 3
35184 4
35185 5
35186 6
35187 7
35188 8
35189 9
35190 0
35191 1
35192 2
35193 3
35194 4
35195 5
35196 6
35197 7
35198 8
35199 9
35200 0
35201 1
35202 2
35203 3
35204 4
35205 5
35206 6
35207 7
35208 8
35209 9
35210 0
35211 1
35212 2
35213 3
35214 4
35215 5
35216 6
35217 7
35218 8
35219 9
35220 0
35221 1
35222 2
35223 3
35224 4
35225 5
35226 6
35227 7
35228 8
35229 9
35230 0
35231 1
35232 2
35233 3
35234 4
35235 5
35236 6
35237 7
35238 8
35239 9
35240 0
35241 1
35242 2
35243 3
35244 4
35245 5
35246 6
35247 7
35248 8
35249 9
35250 0
35251 1
35252 2
35253 3
35254 4
35255 5
35256 6
35257 7
35258 8
35259 9
35260 0
35261 1
35262 2
35263 3
35264 4
35265 5
35266 6
35267 7
35268 8
35269 9
35270 0
35271 1
35272 2
35273 3
35274 4
35275 5
35276 6
35277 7
35278 8
35279 9
35280 0
35281 1
35282 2
35283 3
35284 4
35285 5
35286 6
35287 7
35288 8
35289 9
35290 0
35291 1
35292 2
35293 3
35294 4
35295 5
35296 6
35297 7
35298 8
35299 9
35300 0
35301 1
35302 2
35303 3
35304 4
35305 5
35306 6
35307 7
35308 8
35309 9
35310 0
35311 1
35312 2
35313 3
35314 4
35315 5
35316 6
35317 7
35318 8
35319 9
35320 0
35321 1
35322 2
35323 3
35324 4
35325 5
35326 6
35327 7
35328 8
35329 9
35330 0
35331 1
35332 2
35333 3
35334 4
35335 5
35336 6
35337 7
35338 8
35339 9
35340 0
35341 1
35342 2
35343 3
35344 4
35345 5
35346 6
35347 7
35348 8
35349 9
35350 0
35351 1
35352 2
35353 3
35354 4
35355 5
35356 6
35357 7
35358 8
35359 9
35360 0
35361 1
35362 2
35363 3
35364 4
35365 5
35366 6
35367 7
35368 8
35369 9
35370 0
35371 1
35372 2
35373 3
35374 4
35375 5
35376 6
35377 7
35378 8
35379 9
35380 0
35381 1
35382 2
35383 3
35384 4
35385 5
35386 6
35387 7
35388 8
35389 9
35390 0
35391 1
35392 2
35393 3
35394 4
35395 5
35396 6
35397 7
35398 8
35399 9
35400 0
35401 1
35402 2
35403 3
35404 4
35405 5
35406 6
35407 7
35408 8
35409 9
35410 0
35411 1
35412 2
35413 3
35414 4
35415 5
35416 6
35417 7
35418 8
35419 9
35420 0
35421 1
35422 2
35423 3
35424 4
35425 5
35426 6
35427 7
35428 8
35429 9
35430 0
35431 1
35432 2
35433 3
35434 4
35435 5
35436 6
35437 7
35438 8
35439 9
35440 0
35441 1
35442 2
35443 3
35444 4
35445 5
35446 6
35447 7
35448 8
35449 9
35450 0
35451 1
35452 2
35453 3
35454 4
35455 5
35456 6
35457 7
35458 8
35459 9
35460 0
35461 1
35462 2
35463 3
35464 4
35465 5
35466 6
35467 7
35468 8
35469 9
35470 0
35471 1
35472 2
35473 3
35474 4
35475 5
35476 6
35477 7
35478 8
35479 9
35480 0
35481 1
35482 2
35483 3
35484 4
35485 5
35486 6
35487 7
35488 8
35489 9
35490 0
35491 1
35492 2
35493 3
35494 4
35495 5
35496 6
35497 7
35498 8
35499 9
35500 0
35501 1
35502 2
35503 3
35504 4
35505 5
35506 6
35507 7
35508 8
35509 9
35510 0
35511 1
35512 2
35513 3
35514 4
35515 5
35516 6
35517 7
35518 8
35519 9
35520 0
35521 1
35522 2
35523 3
35524 4
35525 5
35526 6
35527 7
35528 8
35529 9
35530 0
35531 1
35532 2
35533 3
35534 4
35535 5
35536 6
35537 7
35538 8
35539 9
35540 0
35541 1
35542 2
35543 3
35544 4
35545 5
35546 6
35547 7
35548 8
35549 9
35550 0
35551 1
35552 2
35553 3
35554 4
35555 5
35556 6
35557 7
35558 8
35559 9
35560 0
35561 1
35562 2
35563 3
35564 4
35565 5
35566 6
35567 7
35568 8
35569 9
35570 0
35571 1
35572 2
35573 3
35574 4
35575 5
35576 6
35577 7
35578 8
35579 9
35580 0
35581 1
35582 2
35583 3
35584 4
35585 5
35586 6
35587 7
35588 8
35589 9
35590 0
35591 1
35592 2
35593 3
35594 4
35595 5
35596 6
35597 7
35598 8
35599 9
35600 0
35601 1
35602 2
35603 3
35604 4
35605 5
35606 6
35607 7
35608 8
35609 9
35610 0
35611 1
35612 2
35613 3
35614 4
35615 5
35616 6
35617 7
35618 8
35619 9
35620 0
35621 1
35622 2
35623 3
35624 4
35625 5
35626 6
35627 7
35628 8
35629 9
35630 0
35631 1
35632 2
35633 3
35634 4
35635 5
35636 6
35637 7
35638 8
35639 9
35640 0
35641 1
35642 2
35643 3
35644 4
35645 5
35646 6
35647 7
35648 8
35649 9
35650 0
35651 1
35652 2
35653 3
35654 4
35655 5
35656 6
35657 7
35658 8
35659 9
35660 0
35661 1
35662 2
35663 3
35664 4
35665 5
35666 6
35667 7
35668 8
35669 9
35670 0
35671 1
35672 2
35673 3
35674 4
35675 5
35676 6
35677 7
35678 8
35679 9
35680 0
35681 1
35682 2
35683 3
35684 4
35685 5
35686 6
35687 7
35688 8
35689 9
35690 0
35691 1
35692 2
35693 3
35694 4
35695 5
35696 6
35697 7
35698 8
35699 9
35700 0
35701 1
35702 2
35703 3
35704 4
35705 5
35706 6
35707 7
35708 8
35709 9
35710 0
35711 1
35712 2
35713 3
35714 4
35715 5
35716 6
35717 7
35718 8
35719 9
35720 0
35721 1
35722 2
35723 3
35724 4
35725 5
35726 6
35727 7
35728 8
35729 9
35730 0
35731 1
35732 2
35733 3
35734 4
35735 5
35736 6
35737 7
35738 8
35739 9
35740 0
35741 1
35742 2
35743 3
35744 4
35745 5
35746 6
35747 7
35748 8
35749 9
35750 0
35751 1
35752 2
35753 3
35754 4
35755 5
35756 6
35757 7
35758 8
35759 9
35760 0
35761 1
35762 2
35763 3
35764 4
35765 5
35766 6
35767 7
35768 8
35769 9
35770 0
35771 1
35772 2
35773 3
35774 4
35775 5
35776 6
35777 7
35778 8
35779 9
35780 0
35781 1
35782 2
35783 3
35784 4
35785 5
35786 6
35787 7
35788 8
35789 9
35790 0
35791 1
35792 2
35793 3
35794 4
35795 5
35796 6
35797 7
35798 8
35799 9
35800 0
35801 1
35802 2
35803 3
35804 4
35805 5
35806 6
35807 7
35808 8
35809 9
35810 0
35811 1
35812 2
35813 3
35814 4
35815 5
35816 6
35817 7
35818 8
35819 9
35820 0
35821 1
35822 2
35823 3
35824 4
35825 5
35826 6
35827 7
35828 8
35829 9
35830 0
35831 1
35832 2
35833 3
35834 4
35835 5
35836 6
35837 7
35838 8
35839 9
35840 0
35841 1
35842 2
35843 3
35844 4
35845 5
35846 6
35847 7
35848 8
35849 9
35850 0
35851 1
35852 2
35853 3
35854 4
35855 5
35856 6
35857 7
35858 8
35859 9
35860 0
35861 1
35862 2
35863 3
35864 4
35865 5
35866 6
35867 7
35868 8
35869 9
35870 0
35871 1
35872 2
35873 3
35874 4
35875 5
35876 6
35877 7
35878 8
35879 9
35880 0
35881 1
35882 2
35883 3
35884 4
35885 5
35886 6
35887 7
35888 8
35889 9
35890 0
35891 1
35892 2
35893 3
35894 4
35895 5
35896 6
35897 7
35898 8
35899 9
35900 0
35901 1
35902 2
35903 3
35904 4
35905 5
35906 6
35907 7
35908 8
35909 9
35910 0
35911 1
35912 2
35913 3
35914 4
35915 5
35916 6
35917 7
35918 8
35919 9
35920 0
35921 1
35922 2
35923 3
35924 4
35925 5
35926 6
35927 7
35928 8
35929 9
35930 0
35931 1
35932 2
35933 3
35934 4
35935 5
35936 6
35937 7
35938 8
35939 9
35940 0
35941 1
35942 2
35943 3
35944 4
35945 5
35946 6
35947 7
35948 8
35949 9
35950 0
35951 1
35952 2
35953 3
35954 4
35955 5
35956 6
35957 7
35958 8
35959 9
35960 0
35961 1
35962 2
35963 3
35964 4
35965 5
35966 6
35967 7
35968 8
35969 9
35970 0
35971 1
35972 2
35973 3
35974 4
35975 5
35976 6
35977 7
35978 8
35979 9
35980 0
35981 1
35982 2
35983 3
35984 4
35985 5
35986 6
35987 7
35988 8
35989 9
35990 0
35991 1
35992 2
35993 3
35994 4
35995 5
35996 6
35997 7
35998 8
35999 9
36000 0
36001 1
36002 2
36003 3
36004 4
36005 5
36006 6
36007 7
36008 8
36009 9
36010 0
36011 1
36012 2
36013 3
36014 4
36015 5
36016 6
36017 7
36018 8
36019 9
36020 0
36021 1
36022 2
36023 3
36024 4
36025 5
36026 6
36027 7
36028 8
36029 9
36030 0
36031 1
36032 2
36033 3
36034 4
36035 5
36036 6
36037 7
36038 8
36039 9
36040 0
36041 1
36042 2
36043 3
36044 4
36045 5
36046 6
36047 7
36048 8
36049 9
36050 0
36051 1
36052 2
36053 3
36054 4
36055 5
36056 6
36057 7
36058 8
36059 9
36060 0
36061 1
36062 2
36063 3
36064 4
36065 5
36066 6
36067 7
36068 8
36069 9
36070 0
36071 1
36072 2
36073 3
36074 4
36075 5
36076 6
36077 7
36078 8
36079 9
36080 0
36081 1
36082 2
36083 3
36084 4
36085 5
36086 6
36087 7
36088 8
36089 9
36090 0
36091 1
36092 2
36093 3
36094 4
36095 5
36096 6
36097 7
36098 8
36099 9
36100 0
36101 1
36102 2
36103 3
36104 4
36105 5
36106 6
36107 7
36108 8
36109 9
36110 0
36111 1
36112 2
36113 3
36114 4
36115 5
36116 6
36117 7
36118 8
36119 9
36120 0
36121 1
36122 2
36123 3
36124 4
36125 5
36126 6
36127 7
36128 8
36129 9
36130 0
36131 1
36132 2
36133 3
36134 4
36135 5
36136 6
36137 7
36138 8
36139 9
36140 0
36141 1
36142 2
36143 3
36144 4
36145 5
36146 6
36147 7
36148 8
36149 9
36150 0
36151 1
36152 2
36153 3
36154 4
36155 5
36156 6
36157 7
36158 8
36159 9
36160 0
36161 1
36162 2
36163 3
36164 4
36165 5
36166 6
36167 7
36168 8
36169 9
36170 0
36171 1
36172 2
36173 3
36174 4
36175 5
36176 6
36177 7
36178 8
36179 9
36180 0
36181 1
36182 2
36183 3
36184 4
36185 5
36186 6
36187 7
36188 8
36189 9
36190 0
36191 1
36192 2
36193 3
36194 4
36195 5
36196 6
36197 7
36198 8
36199 9
36200 0
36201 1
36202 2
36203 3
36204 4
36205 5
36206 6
36207 7
36208 8
36209 9
36210 0
36211 1
36212 2
36213 3
36214 4
36215 5
36216 6
36217 7
36218 8
36219 9
36220 0
36221 1
36222 2
36223 3
36224 4
36225 5
36226 6
36227 7
36228 8
36229 9
36230 0
36231 1
36232 2
36233 3
36234 4
36235 5
36236 6
36237 7
36238 8
36239 9
36240 0
36241 1
36242 2
36243 3
36244 4
36245 5
36246 6
36247 7
36248 8
36249 9
36250 0
36251 1
36252 2
36253 3
36254 4
36255 5
36256 6
36257 7
36258 8
36259 9
36260 0
36261 1
36262 2
36263 3
36264 4
36265 5
36266 6
36267 7
36268 8
36269 9
36270 0
36271 1
36272 2
36273 3
36274 4
36275 5
36276 6
36277 7
36278 8
36279 9
36280 0
36281 1
36282 2
36283 3
36284 4
36285 5
36286 6
36287 7
36288 8
36289 9
36290 0
36291 1
36292 2
36293 3
36294 4
36295 5
36296 6
36297 7
36298 8
36299 9
36300 0
36301 1
36302 2
36303 3
36304 4
36305 5
36306 6
36307 7
36308 8
36309 9
36310 0
36311 1
36312 2
36313 3
36314 4
36315 5
36316 6
36317 7
36318 8
36319 9
36320 0
36321 1
36322 2
36323 3
36324 4
36325 5
36326 6
36327 7
36328 8
36329 9
36330 0
36331 1
36332 2
36333 3
36334 4
36335 5
36336 6
36337 7
36338 8
36339 9
36340 0
36341 1
36342 2
36343 3
36344 4
36345 5
36346 6
36347 7
36348 8
36349 9
36350 0
36351 1
36352 2
36353 3
36354 4
36355 5
36356 6
36357 7
36358 8
36359 9
36360 0
36361 1
36362 2
36363 3
36364 4
36365 5
36366 6
36367 7
36368 8
36369 9
36370 0
36371 1
36372 2
36373 3
36374 4
36375 5
36376 6
36377 7
36378 8
36379 9
36380 0
36381 1
36382 2
36383 3
36384 4
36385 5
36386 6
36387 7
36388 8
36389 9
36390 0
36391 1
36392 2
36393 3
36394 4
36395 5
36396 6
36397 7
36398 8
36399 9
36400 0
36401 1
36402 2
36403 3
36404 4
36405 5
36406 6
36407 7
36408 8
36409 9
36410 0
36411 1
36412 2
36413 3
36414 4
36415 5
36416 6
36417 7
36418 8
36419 9
36420 0
36421 1
36422 2
36423 3
36424 4
36425 5
36426 6
36427 7
36428 8
36429 9
36430 0
36431 1
36432 2
36433 3
36434 4
36435 5
36436 6
36437 7
36438 8
36439 9
36440 0
36441 1
36442 2
36443 3
36444 4
36445 5
36446 6
36447 7
36448 8
36449 9
36450 0
36451 1
36452 2
36453 3
36454 4
36455 5
36456 6
36457 7
36458 8
36459 9
36460 0
36461 1
36462 2
36463 3
36464 4
36465 5
36466 6
36467 7
36468 8
36469 9
36470 0
36471 1
36472 2
36473 3
36474 4
36475 5
36476 6
36477 7
36478 8
36479 9
36480 0
36481 1
36482 2
36483 3
36484 4
36485 5
36486 6
36487 7
36488 8
36489 9
36490 0
36491 1
36492 2
36493 3
36494 4
36495 5
36496 6
36497 7
36498 8
36499 9
36500 0
36501 1
36502 2
36503 3
36504 4
36505 5
36506 6
36507 7
36508 8
36509 9
36510 0
36511 1
36512 2
36513 3
36514 4
36515 5
36516 6
36517 7
36518 8
36519 9
36520 0
36521 1
36522 2
36523 3
36524 4
36525 5
36526 6
36527 7
36528 8
36529 9
36530 0
36531 1
36532 2
36533 3
36534 4
36535 5
36536 6
36537 7
36538 8
36539 9
36540 0
36541 1
36542 2
36543 3
36544 4
36545 5
36546 6
36547 7
36548 8
36549 9
36550 0
36551 1
36552 2
36553 3
36554 4
36555 5
36556 6
36557 7
36558 8
36559 9
36560 0
36561 1
36562 2
36563 3
36564 4
36565 5
36566 6
36567 7
36568 8
36569 9
36570 0
36571 1
36572 2
36573 3
36574 4
36575 5
36576 6
36577 7
36578 8
36579 9
36580 0
36581 1
36582 2
36583 3
36584 4
36585 5
36586 6
36587 7
36588 8
36589 9
36590 0
36591 1
36592 2
36593 3
36594 4
36595 5
36596 6
36597 7
36598 8
36599 9
36600 0
36601 1
36602 2
36603 3
36604 4
36605 5
36606 6
36607 7
36608 8
36609 9
36610 0
36611 1
36612 2
36613 3
36614 4
36615 5
36616 6
36617 7
36618 8
36619 9
36620 0
36621 1
36622 2
36623 3
36624 4
36625 5
36626 6
36627 7
36628 8
36629 9
36630 0
36631 1
36632 2
36633 3
36634 4
36635 5
36636 6
36637 7
36638 8
36639 9
36640 0
36641 1
36642 2
36643 3
36644 4
36645 5
36646 6
36647 7
36648 8
36649 9
36650 0
36651 1
36652 2
36653 3
36654 4
36655 5
36656 6
36657 7
36658 8
36659 9
36660 0
36661 1
36662 2
36663 3
36664 4
36665 5
36666 6
36667 7
36668 8
36669 9
36670 0
36671 1
36672 2
36673 3
36674 4
36675 5
36676 6
36677 7
36678 8
36679 9
36680 0
36681 1
36682 2
36683 3
36684 4
36685 5
36686 6
36687 7
36688 8
36689 9
36690 0
36691 1
36692 2
36693 3
36694 4
36695 5
36696 6
36697 7
36698 8
36699 9
36700 0
36701 1
36702 2
36703 3
36704 4
36705 5
36706 6
36707 7
36708 8
36709 9
36710 0
36711 1
36712 2
36713 3
36714 4
36715 5
36716 6
36717 7
36718 8
36719 9
36720 0
36721 1
36722 2
36723 3
36724 4
36725 5
36726 6
36727 7
36728 8
36729 9
36730 0
36731 1
36732 2
36733 3
36734 4
36735 5
36736 6
36737 7
36738 8
36739 9
36740 0
36741 1
36742 2
36743 3
36744 4
36745 5
36746 6
36747 7
36748 8
36749 9
36750 0
36751 1
36752 2
36753 3
36754 4
36755 5
36756 6
36757 7
36758 8
36759 9
36760 0
36761 1
36762 2
36763 3
36764 4
36765 5
36766 6
36767 7
36768 8
36769 9
36770 0
36771 1
36772 2
36773 3
36774 4
36775 5
36776 6
36777 7
36778 8
36779 9
36780 0
36781 1
36782 2
36783 3
36784 4
36785 5
36786 6
36787 7
36788 8
36789 9
36790 0
36791 1
36792 2
36793 3
36794 4
36795 5
36796 6
36797 7
36798 8
36799 9
36800 0
36801 1
36802 2
36803 3
36804 4
36805 5
36806 6
36807 7
36808 8
36809 9
36810 0
36811 1
36812 2
36813 3
36814 4
36815 5
36816 6
36817 7
36818 8
36819 9
36820 0
36821 1
36822 2
36823 3
36824 4
36825 5
36826 6
36827 7
36828 8
36829 9
36830 0
36831 1
36832 2
36833 3
36834 4
36835 5
36836 6
36837 7
36838 8
36839 9
36840 0
36841 1
36842 2
36843 3
36844 4
36845 5
36846 6
36847 7
36848 8
36849 9
36850 0
36851 1
36852 2
36853 3
36854 4
36855 5
36856 6
36857 7
36858 8
36859 9
36860 0
36861 1
36862 2
36863 3
36864 4
36865 5
36866 6
36867 7
36868 8
36869 9
36870 0
36871 1
36872 2
36873 3
36874 4
36875 5
36876 6
36877 7
36878 8
36879 9
36880 0
36881 1
36882 2
36883 3
36884 4
36885 5
36886 6
36887 7
36888 8
36889 9
36890 0
36891 1
36892 2
36893 3
36894 4
36895 5
36896 6
36897 7
36898 8
36899 9
36900 0
36901 1
36902 2
36903 3
36904 4
36905 5
36906 6
36907 7
36908 8
36909 9
36910 0
36911 1
36912 2
36913 3
36914 4
36915 5
36916 6
36917 7
36918 8
36919 9
36920 0
36921 1
36922 2
36923 3
36924 4
36925 5
36926 6
36927 7
36928 8
36929 9
36930 0
36931 1
36932 2
36933 3
36934 4
36935 5
36936 6
36937 7
36938 8
36939 9
36940 0
36941 1
36942 2
36943 3
36944 4
36945 5
36946 6
36947 7
36948 8
36949 9
36950 0
36951 1
36952 2
36953 3
36954 4
36955 5
36956 6
36957 7
36958 8
36959 9
36960 0
36961 1
36962 2
36963 3
36964 4
36965 5
36966 6
36967 7
36968 8
36969 9
36970 0
36971 1
36972 2
36973 3
36974 4
36975 5
36976 6
36977 7
36978 8
36979 9
36980 0
36981 1
36982 2
36983 3
36984 4
36985 5
36986 6
36987 7
36988 8
36989 9
36990 0
36991 1
36992 2
36993 3
36994 4
36995 5
36996 6
36997 7
36998 8
36999 9
37000 0
37001 1
37002 2
37003 3
37004 4
37005 5
37006 6
37007 7
37008 8
37009 9
37010 0
37011 1
37012 2
37013 3
37014 4
37015 5
37016 6
37017 7
37018 8
37019 9
37020 0
37021 1
37022 2
37023 3
37024 4
37025 5
37026 6
37027 7
37028 8
37029 9
37030 0
37031 1
37032 2
37033 3
37034 4
37035 5
37036 6
37037 7
37038 8
37039 9
37040 0
37041 1
37042 2
37043 3
37044 4
37045 5
37046 6
37047 7
37048 8
37049 9
37050 0
37051 1
37052 2
37053 3
37054 4
37055 5
37056 6
37057 7
37058 8
37059 9
37060 0
37061 1
37062 2
37063 3
37064 4
37065 5
37066 6
37067 7
37068 8
37069 9
37070 0
37071 1
37072 2
37073 3
37074 4
37075 5
37076 6
37077 7
37078 8
37079 9
37080 0
37081 1
37082 2
37083 3
37084 4
37085 5
37086 6
37087 7
37088 8
37089 9
37090 0
37091 1
37092 2
37093 3
37094 4
37095 5
37096 6
37097 7
37098 8
37099 9
37100 0
37101 1
37102 2
37103 3
37104 4
37105 5
37106 6
37107 7
37108 8
37109 9
37110 0
37111 1
37112 2
37113 3
37114 4
37115 5
37116 6
37117 7
37118 8
37119 9
37120 0
37121 1
37122 2
37123 3
37124 4
37125 5
37126 6
37127 7
37128 8
37129 9
37130 0
37131 1
37132 2
37133 3
37134 4
37135 5
37136 6
37137 7
37138 8
37139 9
37140 0
37141 1
37142 2
37143 3
37144 4
37145 5
37146 6
37147 7
37148 8
37149 9
37150 0
37151 1
37152 2
37153 3
37154 4
37155 5
37156 6
37157 7
37158 8
37159 9
37160 0
37161 1
37162 2
37163 3
37164 4
37165 5
37166 6
37167 7
37168 8
37169 9
37170 0
37171 1
37172 2
37173 3
37174 4
37175 5
37176 6
37177 7
37178 8
37179 9
37180 0
37181 1
37182 2
37183 3
37184 4
37185 5
37186 6
37187 7
37188 8
37189 9
37190 0
37191 1
37192 2
37193 3
37194 4
37195 5
37196 6
37197 7
37198 8
37199 9
37200 0
37201 1
37202 2
37203 3
37204 4
37205 5
37206 6
37207 7
37208 8
37209 9
37210 0
37211 1
37212 2
37213 3
37214 4
37215 5
37216 6
37217 7
37218 8
37219 9
37220 0
37221 1
37222 2
37223 3
37224 4
37225 5
37226 6
37227 7
37228 8
37229 9
37230 0
37231 1
37232 2
37233 3
37234 4
37235 5
37236 6
37237 7
37238 8
37239 9
37240 0
37241 1
37242 2
37243 3
37244 4
37245 5
37246 6
37247 7
37248 8
37249 9
37250 0
37251 1
37252 2
37253 3
37254 4
37255 5
37256 6
37257 7
37258 8
37259 9
37260 0
37261 1
37262 2
37263 3
37264 4
37265 5
37266 6
37267 7
37268 8
37269 9
37270 0
37271 1
37272 2
37273 3
37274 4
37275 5
37276 6
37277 7
37278 8
37279 9
37280 0
37281 1
37282 2
37283 3
37284 4
37285 5
37286 6
37287 7
37288 8
37289 9
37290 0
37291 1
37292 2
37293 3
37294 4
37295 5
37296 6
37297 7
37298 8
37299 9
37300 0
37301 1
37302 2
37303 3
37304 4
37305 5
37306 6
37307 7
37308 8
37309 9
37310 0
37311 1
37312 2
37313 3
37314 4
37315 5
37316 6
37317 7
37318 8
37319 9
37320 0
37321 1
37322 2
37323 3
37324 4
37325 5
37326 6
37327 7
37328 8
37329 9
37330 0
37331 1
37332 2
37333 3
37334 4
37335 5
37336 6
37337 7
37338 8
37339 9
37340 0
37341 1
37342 2
37343 3
37344 4
37345 5
37346 6
37347 7
37348 8
37349 9
37350 0
37351 1
37352 2
37353 3
37354 4
37355 5
37356 6
37357 7
37358 8
37359 9
37360 0
37361 1
37362 2
37363 3
37364 4
37365 5
37366 6
37367 7
37368 8
37369 9
37370 0
37371 1
37372 2
37373 3
37374 4
37375 5
37376 6
37377 7
37378 8
37379 9
37380 0
37381 1
37382 2
37383 3
37384 4
37385 5
37386 6
37387 7
37388 8
37389 9
37390 0
37391 1
37392 2
37393 3
37394 4
37395 5
37396 6
37397 7
37398 8
37399 9
37400 0
37401 1
37402 2
37403 3
37404 4
37405 5
37406 6
37407 7
37408 8
37409 9
37410 0
37411 1
37412 2
37413 3
37414 4
37415 5
37416 6
37417 7
37418 8
37419 9
37420 0
37421 1
37422 2
37423 3
37424 4
37425 5
37426 6
37427 7
37428 8
37429 9
37430 0
37431 1
37432 2
37433 3
37434 4
37435 5
37436 6
37437 7
37438 8
37439 9
37440 0
37441 1
37442 2
37443 3
37444 4
37445 5
37446 6
37447 7
37448 8
37449 9
37450 0
37451 1
37452 2
37453 3
37454 4
37455 5
37456 6
37457 7
37458 8
37459 9
37460 0
37461 1
37462 2
37463 3
37464 4
37465 5
37466 6
37467 7
37468 8
37469 9
37470 0
37471 1
37472 2
37473 3
37474 4
37475 5
37476 6
37477 7
37478 8
37479 9
37480 0
37481 1
37482 2
37483 3
37484 4
37485 5
37486 6
37487 7
37488 8
37489 9
37490 0
37491 1
37492 2
37493 3
37494 4
37495 5
37496 6
37497 7
37498 8
37499 9
37500 0
37501 1
37502 2
37503 3
37504 4
37505 5
37506 6
37507 7
37508 8
37509 9
37510 0
37511 1
37512 2
37513 3
37514 4
37515 5
37516 6
37517 7
37518 8
37519 9
37520 0
37521 1
37522 2
37523 3
37524 4
37525 5
37526 6
37527 7
37528 8
37529 9
37530 0
37531 1
37532 2
37533 3
37534 4
37535 5
37536 6
37537 7
37538 8
37539 9
37540 0
37541 1
37542 2
37543 3
37544 4
37545 5
37546 6
37547 7
37548 8
37549 9
37550 0
37551 1
37552 2
37553 3
37554 4
37555 5
37556 6
37557 7
37558 8
37559 9
37560 0
37561 1
37562 2
37563 3
37564 4
37565 5
37566 6
37567 7
37568 8
37569 9
37570 0
37571 1
37572 2
37573 3
37574 4
37575 5
37576 6
37577 7
37578 8
37579 9
37580 0
37581 1
37582 2
37583 3
37584 4
37585 5
37586 6
37587 7
37588 8
37589 9
37590 0
37591 1
37592 2
37593 3
37594 4
37595 5
37596 6
37597 7
37598 8
37599 9
37600 0
37601 1
37602 2
37603 3
37604 4
37605 5
37606 6
37607 7
37608 8
37609 9
37610 0
37611 1
37612 2
37613 3
37614 4
37615 5
37616 6
37617 7
37618 8
37619 9
37620 0
37621 1
37622 2
37623 3
37624 4
37625 5
37626 6
37627 7
37628 8
37629 9
37630 0
37631 1
37632 2
37633 3
37634 4
37635 5
37636 6
37637 7
37638 8
37639 9
37640 0
37641 1
37642 2
37643 3
37644 4
37645 5
37646 6
37647 7
37648 8
37649 9
37650 0
37651 1
37652 2
37653 3
37654 4
37655 5
37656 6
37657 7
37658 8
37659 9
37660 0
37661 1
37662 2
37663 3
37664 4
37665 5
37666 6
37667 7
37668 8
37669 9
37670 0
37671 1
37672 2
37673 3
37674 4
37675 5
37676 6
37677 7
37678 8
37679 9
37680 0
37681 1
37682 2
37683 3
37684 4
37685 5
37686 6
37687 7
37688 8
37689 9
37690 0
37691 1
37692 2
37693 3
37694 4
37695 5
37696 6
37697 7
37698 8
37699 9
37700 0
37701 1
37702 2
37703 3
37704 4
37705 5
37706 6
37707 7
37708 8
37709 9
37710 0
37711 1
37712 2
37713 3
37714 4
37715 5
37716 6
37717 7
37718 8
37719 9
37720 0
37721 1
37722 2
37723 3
37724 4
37725 5
37726 6
37727 7
37728 8
37729 9
37730 0
37731 1
37732 2
37733 3
37734 4
37735 5
37736 6
37737 7
37738 8
37739 9
37740 0
37741 1
37742 2
37743 3
37744 4
37745 5
37746 6
37747 7
37748 8
37749 9
37750 0
37751 1
37752 2
37753 3
37754 4
37755 5
37756 6
37757 7
37758 8
37759 9
37760 0
37761 1
37762 2
37763 3
37764 4
37765 5
37766 6
37767 7
37768 8
37769 9
37770 0
37771 1
37772 2
37773 3
37774 4
37775 5
37776 6
37777 7
37778 8
37779 9
37780 0
37781 1
37782 2
37783 3
37784 4
37785 5
37786 6
37787 7
37788 8
37789 9
37790 0
37791 1
37792 2
37793 3
37794 4
37795 5
37796 6
37797 7
37798 8
37799 9
37800 0
37801 1
37802 2
37803 3
37804 4
37805 5
37806 6
37807 7
37808 8
37809 9
37810 0
37811 1
37812 2
37813 3
37814 4
37815 5
37816 6
37817 7
37818 8
37819 9
37820 0
37821 1
37822 2
37823 3
37824 4
37825 5
37826 6
37827 7
37828 8
37829 9
37830 0
37831 1
37832 2
37833 3
37834 4
37835 5
37836 6
37837 7
37838 8
37839 9
37840 0
37841 1
37842 2
37843 3
37844 4
37845 5
37846 6
37847 7
37848 8
37849 9
37850 0
37851 1
37852 2
37853 3
37854 4
37855 5
37856 6
37857 7
37858 8
37859 9
37860 0
37861 1
37862 2
37863 3
37864 4
37865 5
37866 6
37867 7
37868 8
37869 9
37870 0
37871 1
37872 2
37873 3
37874 4
37875 5
37876 6
37877 7
37878 8
37879 9
37880 0
37881 1
37882 2
37883 3
37884 4
37885 5
37886 6
37887 7
37888 8
37889 9
37890 0
37891 1
37892 2
37893 3
37894 4
37895 5
37896 6
37897 7
37898 8
37899 9
37900 0
37901 1
37902 2
37903 3
37904 4
37905 5
37906 6
37907 7
37908 8
37909 9
37910 0
37911 1
37912 2
37913 3
37914 4
37915 5
37916 6
37917 7
37918 8
37919 9
37920 0
37921 1
37922 2
37923 3
37924 4
37925 5
37926 6
37927 7
37928 8
37929 9
37930 0
37931 1
37932 2
37933 3
37934 4
37935 5
37936 6
37937 7
37938 8
37939 9
37940 0
37941 1
37942 2
37943 3
37944 4
37945 5
37946 6
37947 7
37948 8
37949 9
37950 0
37951 1
37952 2
37953 3
37954 4
37955 5
37956 6
37957 7
37958 8
37959 9
37960 0
37961 1
37962 2
37963 3
37964 4
37965 5
37966 6
37967 7
37968 8
37969 9
37970 0
37971 1
37972 2
37973 3
37974 4
37975 5
37976 6
37977 7
37978 8
37979 9
37980 0
37981 1
37982 2
37983 3
37984 4
37985 5
37986 6
37987 7
37988 8
37989 9
37990 0
37991 1
37992 2
37993 3
37994 4
37995 5
37996 6
37997 7
37998 8
37999 9
38000 0
38001 1
38002 2
38003 3
38004 4
38005 5
38006 6
38007 7
38008 8
38009 9
38010 0
38011 1
38012 2
38013 3
38014 4
38015 5
38016 6
38017 7
38018 8
38019 9
38020 0
38021 1
38022 2
38023 3
38024 4
38025 5
38026 6
38027 7
38028 8
38029 9
38030 0
38031 1
38032 2
38033 3
38034 4
38035 5
38036 6
38037 7
38038 8
38039 9
38040 0
38041 1
38042 2
38043 3
38044 4
38045 5
38046 6
38047 7
38048 8
38049 9
38050 0
38051 1
38052 2
38053 3
38054 4
38055 5
38056 6
38057 7
38058 8
38059 9
38060 0
38061 1
38062 2
38063 3
38064 4
38065 5
38066 6
38067 7
38068 8
38069 9
38070 0
38071 1
38072 2
38073 3
38074 4
38075 5
38076 6
38077 7
38078 8
38079 9
38080 0
38081 1
38082 2
38083 3
38084 4
38085 5
38086 6
38087 7
38088 8
38089 9
38090 0
38091 1
38092 2
38093 3
38094 4
38095 5
38096 6
38097 7
38098 8
38099 9
38100 0
38101 1
38102 2
38103 3
38104 4
38105 5
38106 6
38107 7
38108 8
38109 9
38110 0
38111 1
38112 2
38113 3
38114 4
38115 5
38116 6
38117 7
38118 8
38119 9
38120 0
38121 1
38122 2
38123 3
38124 4
38125 5
38126 6
38127 7
38128 8
38129 9
38130 0
38131 1
38132 2
38133 3
38134 4
38135 5
38136 6
38137 7
38138 8
38139 9
38140 0
38141 1
38142 2
38143 3
38144 4
38145 5
38146 6
38147 7
38148 8
38149 9
38150 0
38151 1
38152 2
38153 3
38154 4
38155 5
38156 6
38157 7
38158 8
38159 9
38160 0
38161 1
38162 2
38163 3
38164 4
38165 5
38166 6
38167 7
38168 8
38169 9
38170 0
38171 1
38172 2
38173 3
38174 4
38175 5
38176 6
38177 7
38178 8
38179 9
38180 0
38181 1
38182 2
38183 3
38184 4
38185 5
38186 6
38187 7
38188 8
38189 9
38190 0
38191 1
38192 2
38193 3
38194 4
38195 5
38196 6
38197 7
38198 8
38199 9
38200 0
38201 1
38202 2
38203 3
38204 4
38205 5
38206 6
38207 7
38208 8
38209 9
38210 0
38211 1
38212 2
38213 3
38214 4
38215 5
38216 6
38217 7
38218 8
38219 9
38220 0
38221 1
38222 2
38223 3
38224 4
38225 5
38226 6
38227 7
38228 8
38229 9
38230 0
38231 1
38232 2
38233 3
38234 4
38235 5
38236 6
38237 7
38238 8
38239 9
38240 0
38241 1
38242 2
38243 3
38244 4
38245 5
38246 6
38247 7
38248 8
38249 9
38250 0
38251 1
38252 2
38253 3
38254 4
38255 5
38256 6
38257 7
38258 8
38259 9
38260 0
38261 1
38262 2
38263 3
38264 4
38265 5
38266 6
38267 7
38268 8
38269 9
38270 0
38271 1
38272 2
38273 3
38274 4
38275 5
38276 6
38277 7
38278 8
38279 9
38280 0
38281 1
38282 2
38283 3
38284 4
38285 5
38286 6
38287 7
38288 8
38289 9
38290 0
38291 1
38292 2
38293 3
38294 4
38295 5
38296 6
38297 7
38298 8
38299 9
38300 0
38301 1
38302 2
38303 3
38304 4
38305 5
38306 6
38307 7
38308 8
38309 9
38310 0
38311 1
38312 2
38313 3
38314 4
38315 5
38316 6
38317 7
38318 8
38319 9
38320 0
38321 1
38322 2
38323 3
38324 4
38325 5
38326 6
38327 7
38328 8
38329 9
38330 0
38331 1
38332 2
38333 3
38334 4
38335 5
38336 6
38337 7
38338 8
38339 9
38340 0
38341 1
38342 2
38343 3
38344 4
38345 5
38346 6
38347 7
38348 8
38349 9
38350 0
38351 1
38352 2
38353 3
38354 4
38355 5
38356 6
38357 7
38358 8
38359 9
38360 0
38361 1
38362 2
38363 3
38364 4
38365 5
38366 6
38367 7
38368 8
38369 9
38370 0
38371 1
38372 2
38373 3
38374 4
38375 5
38376 6
38377 7
38378 8
38379 9
38380 0
38381 1
38382 2
38383 3
38384 4
38385 5
38386 6
38387 7
38388 8
38389 9
38390 0
38391 1
38392 2
38393 3
38394 4
38395 5
38396 6
38397 7
38398 8
38399 9
38400 0
38401 1
38402 2
38403 3
38404 4
38405 5
38406 6
38407 7
38408 8
38409 9
38410 0
38411 1
38412 2
38413 3
38414 4
38415 5
38416 6
38417 7
38418 8
38419 9
38420 0
38421 1
38422 2
38423 3
38424 4
38425 5
38426 6
38427 7
38428 8
38429 9
38430 0
38431 1
38432 2
38433 3
38434 4
38435 5
38436 6
38437 7
38438 8
38439 9
38440 0
38441 1
38442 2
38443 3
38444 4
38445 5
38446 6
38447 7
38448 8
38449 9
38450 0
38451 1
38452 2
38453 3
38454 4
38455 5
38456 6
38457 7
38458 8
38459 9
38460 0
38461 1
38462 2
38463 3
38464 4
38465 5
38466 6
38467 7
38468 8
38469 9
38470 0
38471 1
38472 2
38473 3
38474 4
38475 5
38476 6
38477 7
38478 8
38479 9
38480 0
38481 1
38482 2
38483 3
38484 4
38485 5
38486 6
38487 7
38488 8
38489 9
38490 0
38491 1
38492 2
38493 3
38494 4
38495 5
38496 6
38497 7
38498 8
38499 9
38500 0
38501 1
38502 2
38503 3
38504 4
38505 5
38506 6
38507 7
38508 8
38509 9
38510 0
38511 1
38512 2
38513 3
38514 4
38515 5
38516 6
38517 7
38518 8
38519 9
38520 0
38521 1
38522 2
38523 3
38524 4
38525 5
38526 6
38527 7
38528 8
38529 9
38530 0
38531 1
38532 2
38533 3
38534 4
38535 5
38536 6
38537 7
38538 8
38539 9
38540 0
38541 1
38542 2
38543 3
38544 4
38545 5
38546 6
38547 7
38548 8
38549 9
38550 0
38551 1
38552 2
38553 3
38554 4
38555 5
38556 6
38557 7
38558 8
38559 9
38560 0
38561 1
38562 2
38563 3
38564 4
38565 5
38566 6
38567 7
38568 8
38569 9
38570 0
38571 1
38572 2
38573 3
38574 4
38575 5
38576 6
38577 7
38578 8
38579 9
38580 0
38581 1
38582 2
38583 3
38584 4
38585 5
38586 6
38587 7
38588 8
38589 9
38590 0
38591 1
38592 2
38593 3
38594 4
38595 5
38596 6
38597 7
38598 8
38599 9
38600 0
38601 1
38602 2
38603 3
38604 4
38605 5
38606 6
38607 7
38608 8
38609 9
38610 0
38611 1
38612 2
38613 3
38614 4
38615 5
38616 6
38617 7
38618 8
38619 9
38620 0
38621 1
38622 2
38623 3
38624 4
38625 5
38626 6
38627 7
38628 8
38629 9
38630 0
38631 1
38632 2
38633 3
38634 4
38635 5
38636 6
38637 7
38638 8
38639 9
38640 0
38641 1
38642 2
38643 3
38644 4
38645 5
38646 6
38647 7
38648 8
38649 9
38650 0
38651 1
38652 2
38653 3
38654 4
38655 5
38656 6
38657 7
38658 8
38659 9
38660 0
38661 1
38662 2
38663 3
38664 4
38665 5
38666 6
38667 7
38668 8
38669 9
38670 0
38671 1
38672 2
38673 3
38674 4
38675 5
38676 6
38677 7
38678 8
38679 9
38680 0
38681 1
38682 2
38683 3
38684 4
38685 5
38686 6
38687 7
38688 8
38689 9
38690 0
38691 1
38692 2
38693 3
38694 4
38695 5
38696 6
38697 7
38698 8
38699 9
38700 0
38701 1
38702 2
38703 3
38704 4
38705 5
38706 6
38707 7
38708 8
38709 9
38710 0
38711 1
38712 2
38713 3
38714 4
38715 5
38716 6
38717 7
38718 8
38719 9
38720 0
38721 1
38722 2
38723 3
38724 4
38725 5
38726 6
38727 7
38728 8
38729 9
38730 0
38731 1
38732 2
38733 3
38734 4
38735 5
38736 6
38737 7
38738 8
38739 9
38740 0
38741 1
38742 2
38743 3
38744 4
38745 5
38746 6
38747 7
38748 8
38749 9
38750 0
38751 1
38752 2
38753 3
38754 4
38755 5
38756 6
38757 7
38758 8
38759 9
38760 0
38761 1
38762 2
38763 3
38764 4
38765 5
38766 6
38767 7
38768 8
38769 9
38770 0
38771 1
38772 2
38773 3
38774 4
38775 5
38776 6
38777 7
38778 8
38779 9
38780 0
38781 1
38782 2
38783 3
38784 4
38785 5
38786 6
38787 7
38788 8
38789 9
38790 0
38791 1
38792 2
38793 3
38794 4
38795 5
38796 6
38797 7
38798 8
38799 9
38800 0
38801 1
38802 2
38803 3
38804 4
38805 5
38806 6
38807 7
38808 8
38809 9
38810 0
38811 1
38812 2
38813 3
38814 4
38815 5
38816 6
38817 7
38818 8
38819 9
38820 0
38821 1
38822 2
38823 3
38824 4
38825 5
38826 6
38827 7
38828 8
38829 9
38830 0
38831 1
38832 2
38833 3
38834 4
38835 5
38836 6
38837 7
38838 8
38839 9
38840 0
38841 1
38842 2
38843 3
38844 4
38845 5
38846 6
38847 7
38848 8
38849 9
38850 0
38851 1
38852 2
38853 3
38854 4
38855 5
38856 6
38857 7
38858 8
38859 9
38860 0
38861 1
38862 2
38863 3
38864 4
38865 5
38866 6
38867 7
38868 8
38869 9
38870 0
38871 1
38872 2
38873 3
38874 4
38875 5
38876 6
38877 7
38878 8
38879 9
38880 0
38881 1
38882 2
38883 3
38884 4
38885 5
38886 6
38887 7
38888 8
38889 9
38890 0
38891 1
38892 2
38893 3
38894 4
38895 5
38896 6
38897 7
38898 8
38899 9
38900 0
38901 1
38902 2
38903 3
38904 4
38905 5
38906 6
38907 7
38908 8
38909 9
38910 0
38911 1
38912 2
38913 3
38914 4
38915 5
38916 6
38917 7
38918 8
38919 9
38920 0
38921 1
38922 2
38923 3
38924 4
38925 5
38926 6
38927 7
38928 8
38929 9
38930 0
38931 1
38932 2
38933 3
38934 4
38935 5
38936 6
38937 7
38938 8
38939 9
38940 0
38941 1
38942 2
38943 3
38944 4
38945 5
38946 6
38947 7
38948 8
38949 9
38950 0
38951 1
38952 2
38953 3
38954 4
38955 5
38956 6
38957 7
38958 8
38959 9
38960 0
38961 1
38962 2
38963 3
38964 4
38965 5
38966 6
38967 7
38968 8
38969 9
38970 0
38971 1
38972 2
38973 3
38974 4
38975 5
38976 6
38977 7
38978 8
38979 9
38980 0
38981 1
38982 2
38983 3
38984 4
38985 5
38986 6
38987 7
38988 8
38989 9
38990 0
38991 1
38992 2
38993 3
38994 4
38995 5
38996 6
38997 7
38998 8
38999 9
39000 0
39001 1
39002 2
39003 3
39004 4
39005 5
39006 6
39007 7
39008 8
39009 9
39010 0
39011 1
39012 2
39013 3
39014 4
39015 5
39016 6
39017 7
39018 8
39019 9
39020 0
39021 1
39022 2
39023 3
39024 4
39025 5
39026 6
39027 7
39028 8
39029 9
39030 0
39031 1
39032 2
39033 3
39034 4
39035 5
39036 6
39037 7
39038 8
39039 9
39040 0
39041 1
39042 2
39043 3
39044 4
39045 5
39046 6
39047 7
39048 8
39049 9
39050 0
39051 1
39052 2
39053 3
39054 4
39055 5
39056 6
39057 7
39058 8
39059 9
39060 0
39061 1
39062 2
39063 3
39064 4
39065 5
39066 6
39067 7
39068 8
39069 9
39070 0
39071 1
39072 2
39073 3
39074 4
39075 5
39076 6
39077 7
39078 8
39079 9
39080 0
39081 1
39082 2
39083 3
39084 4
39085 5
39086 6
39087 7
39088 8
39089 9
39090 0
39091 1
39092 2
39093 3
39094 4
39095 5
39096 6
39097 7
39098 8
39099 9
39100 0
39101 1
39102 2
39103 3
39104 4
39105 5
39106 6
39107 7
39108 8
39109 9
39110 0
39111 1
39112 2
39113 3
39114 4
39115 5
39116 6
39117 7
39118 8
39119 9
39120 0
39121 1
39122 2
39123 3
39124 4
39125 5
39126 6
39127 7
39128 8
39129 9
39130 0
39131 1
39132 2
39133 3
39134 4
39135 5
39136 6
39137 7
39138 8
39139 9
39140 0
39141 1
39142 2
39143 3
39144 4
39145 5
39146 6
39147 7
39148 8
39149 9
39150 0
39151 1
39152 2
39153 3
39154 4
39155 5
39156 6
39157 7
39158 8
39159 9
39160 0
39161 1
39162 2
39163 3
39164 4
39165 5
39166 6
39167 7
39168 8
39169 9
39170 0
39171 1
39172 2
39173 3
39174 4
39175 5
39176 6
39177 7
39178 8
39179 9
39180 0
39181 1
39182 2
39183 3
39184 4
39185 5
39186 6
39187 7
39188 8
39189 9
39190 0
39191 1
39192 2
39193 3
39194 4
39195 5
39196 6
39197 7
39198 8
39199 9
39200 0
39201 1
39202 2
39203 3
39204 4
39205 5
39206 6
39207 7
39208 8
39209 9
39210 0
39211 1
39212 2
39213 3
39214 4
39215 5
39216 6
39217 7
39218 8
39219 9
39220 0
39221 1
39222 2
39223 3
39224 4
39225 5
39226 6
39227 7
39228 8
39229 9
39230 0
39231 1
39232 2
39233 3
39234 4
39235 5
39236 6
39237 7
39238 8
39239 9
39240 0
39241 1
39242 2
39243 3
39244 4
39245 5
39246 6
39247 7
39248 8
39249 9
39250 0
39251 1
39252 2
39253 3
39254 4
39255 5
39256 6
39257 7
39258 8
39259 9
39260 0
39261 1
39262 2
39263 3
39264 4
39265 5
39266 6
39267 7
39268 8
39269 9
39270 0
39271 1
39272 2
39273 3
39274 4
39275 5
39276 6
39277 7
39278 8
39279 9
39280 0
39281 1
39282 2
39283 3
39284 4
39285 5
39286 6
39287 7
39288 8
39289 9
39290 0
39291 1
39292 2
39293 3
39294 4
39295 5
39296 6
39297 7
39298 8
39299 9
39300 0
39301 1
39302 2
39303 3
39304 4
39305 5
39306 6
39307 7
39308 8
39309 9
39310 0
39311 1
39312 2
39313 3
39314 4
39315 5
39316 6
39317 7
39318 8
39319 9
39320 0
39321 1
39322 2
39323 3
39324 4
39325 5
39326 6
39327 7
39328 8
39329 9
39330 0
39331 1
39332 2
39333 3
39334 4
39335 5
39336 6
39337 7
39338 8
39339 9
39340 0
39341 1
39342 2
39343 3
39344 4
39345 5
39346 6
39347 7
39348 8
39349 9
39350 0
39351 1
39352 2
39353 3
39354 4
39355 5
39356 6
39357 7
39358 8
39359 9
39360 0
39361 1
39362 2
39363 3
39364 4
39365 5
39366 6
39367 7
39368 8
39369 9
39370 0
39371 1
39372 2
39373 3
39374 4
39375 5
39376 6
39377 7
39378 8
39379 9
39380 0
39381 1
39382 2
39383 3
39384 4
39385 5
39386 6
39387 7
39388 8
39389 9
39390 0
39391 1
39392 2
39393 3
39394 4
39395 5
39396 6
39397 7
39398 8
39399 9
39400 0
39401 1
39402 2
39403 3
39404 4
39405 5
39406 6
39407 7
39408 8
39409 9
39410 0
39411 1
39412 2
39413 3
39414 4
39415 5
39416 6
39417 7
39418 8
39419 9
39420 0
39421 1
39422 2
39423 3
39424 4
39425 5
39426 6
39427 7
39428 8
39429 9
39430 0
39431 1
39432 2
39433 3
39434 4
39435 5
39436 6
39437 7
39438 8
39439 9
39440 0
39441 1
39442 2
39443 3
39444 4
39445 5
39446 6
39447 7
39448 8
39449 9
39450 0
39451 1
39452 2
39453 3
39454 4
39455 5
39456 6
39457 7
39458 8
39459 9
39460 0
39461 1
39462 2
39463 3
39464 4
39465 5
39466 6
39467 7
39468 8
39469 9
39470 0
39471 1
39472 2
39473 3
39474 4
39475 5
39476 6
39477 7
39478 8
39479 9
39480 0
39481 1
39482 2
39483 3
39484 4
39485 5
39486 6
39487 7
39488 8
39489 9
39490 0
39491 1
39492 2
39493 3
39494 4
39495 5
39496 6
39497 7
39498 8
39499 9
39500 0
39501 1
39502 2
39503 3
39504 4
39505 5
39506 6
39507 7
39508 8
39509 9
39510 0
39511 1
39512 2
39513 3
39514 4
39515 5
39516 6
39517 7
39518 8
39519 9
39520 0
39521 1
39522 2
39523 3
39524 4
39525 5
39526 6
39527 7
39528 8
39529 9
39530 0
39531 1
39532 2
39533 3
39534 4
39535 5
39536 6
39537 7
39538 8
39539 9
39540 0
39541 1
39542 2
39543 3
39544 4
39545 5
39546 6
39547 7
39548 8
39549 9
39550 0
39551 1
39552 2
39553 3
39554 4
39555 5
39556 6
39557 7
39558 8
39559 9
39560 0
39561 1
39562 2
39563 3
39564 4
39565 5
39566 6
39567 7
39568 8
39569 9
39570 0
39571 1
39572 2
39573 3
39574 4
39575 5
39576 6
39577 7
39578 8
39579 9
39580 0
39581 1
39582 2
39583 3
39584 4
39585 5
39586 6
39587 7
39588 8
39589 9
39590 0
39591 1
39592 2
39593 3
39594 4
39595 5
39596 6
39597 7
39598 8
39599 9
39600 0
39601 1
39602 2
39603 3
39604 4
39605 5
39606 6
39607 7
39608 8
39609 9
39610 0
39611 1
39612 2
39613 3
39614 4
39615 5
39616 6
39617 7
39618 8
39619 9
39620 0
39621 1
39622 2
39623 3
39624 4
39625 5
39626 6
39627 7
39628 8
39629 9
39630 0
39631 1
39632 2
39633 3
39634 4
39635 5
39636 6
39637 7
39638 8
39639 9
39640 0
39641 1
39642 2
39643 3
39644 4
39645 5
39646 6
39647 7
39648 8
39649 9
39650 0
39651 1
39652 2
39653 3
39654 4
39655 5
39656 6
39657 7
39658 8
39659 9
39660 0
39661 1
39662 2
39663 3
39664 4
39665 5
39666 6
39667 7
39668 8
39669 9
39670 0
39671 1
39672 2
39673 3
39674 4
39675 5
39676 6
39677 7
39678 8
39679 9
39680 0
39681 1
39682 2
39683 3
39684 4
39685 5
39686 6
39687 7
39688 8
39689 9
39690 0
39691 1
39692 2
39693 3
39694 4
39695 5
39696 6
39697 7
39698 8
39699 9
39700 0
39701 1
39702 2
39703 3
39704 4
39705 5
39706 6
39707 7
39708 8
39709 9
39710 0
39711 1
39712 2
39713 3
39714 4
39715 5
39716 6
39717 7
39718 8
39719 9
39720 0
39721 1
39722 2
39723 3
39724 4
39725 5
39726 6
39727 7
39728 8
39729 9
39730 0
39731 1
39732 2
39733 3
39734 4
39735 5
39736 6
39737 7
39738 8
39739 9
39740 0
39741 1
39742 2
39743 3
39744 4
39745 5
39746 6
39747 7
39748 8
39749 9
39750 0
39751 1
39752 2
39753 3
39754 4
39755 5
39756 6
39757 7
39758 8
39759 9
39760 0
39761 1
39762 2
39763 3
39764 4
39765 5
39766 6
39767 7
39768 8
39769 9
39770 0
39771 1
39772 2
39773 3
39774 4
39775 5
39776 6
39777 7
39778 8
39779 9
39780 0
39781 1
39782 2
39783 3
39784 4
39785 5
39786 6
39787 7
39788 8
39789 9
39790 0
39791 1
39792 2
39793 3
39794 4
39795 5
39796 6
39797 7
39798 8
39799 9
39800 0
39801 1
39802 2
39803 3
39804 4
39805 5
39806 6
39807 7
39808 8
39809 9
39810 0
39811 1
39812 2
39813 3
39814 4
39815 5
39816 6
39817 7
39818 8
39819 9
39820 0
39821 1
39822 2
39823 3
39824 4
39825 5
39826 6
39827 7
39828 8
39829 9
39830 0
39831 1
39832 2
39833 3
39834 4
39835 5
39836 6
39837 7
39838 8
39839 9
39840 0
39841 1
39842 2
39843 3
39844 4
39845 5
39846 6
39847 7
39848 8
39849 9
39850 0
39851 1
39852 2
39853 3
39854 4
39855 5
39856 6
39857 7
39858 8
39859 9
39860 0
39861 1
39862 2
39863 3
39864 4
39865 5
39866 6
39867 7
39868 8
39869 9
39870 0
39871 1
39872 2
39873 3
39874 4
39875 5
39876 6
39877 7
39878 8
39879 9
39880 0
39881 1
39882 2
39883 3
39884 4
39885 5
39886 6
39887 7
39888 8
39889 9
39890 0
39891 1
39892 2
39893 3
39894 4
39895 5
39896 6
39897 7
39898 8
39899 9
39900 0
39901 1
39902 2
39903 3
39904 4
39905 5
39906 6
39907 7
39908 8
39909 9
39910 0
39911 1
39912 2
39913 3
39914 4
39915 5
39916 6
39917 7
39918 8
39919 9
39920 0
39921 1
39922 2
39923 3
39924 4
39925 5
39926 6
39927 7
39928 8
39929 9
39930 0
39931 1
39932 2
39933 3
39934 4
39935 5
39936 6
39937 7
39938 8
39939 9
39940 0
39941 1
39942 2
39943 3
39944 4
39945 5
39946 6
39947 7
39948 8
39949 9
39950 0
39951 1
39952 2
39953 3
39954 4
39955 5
39956 6
39957 7
39958 8
39959 9
39960 0
39961 1
39962 2
39963 3
39964 4
39965 5
39966 6
39967 7
39968 8
39969 9
39970 0
39971 1
39972 2
39973 3
39974 4
39975 5
39976 6
39977 7
39978 8
39979 9
39980 0
39981 1
39982 2
39983 3
39984 4
39985 5
39986 6
39987 7
39988 8
39989 9
39990 0
39991 1
39992 2
39993 3
39994 4
39995 5
39996 6
39997 7
39998 8
39999 9
40000 0
40001 1
40002 2
40003 3
40004 4
40005 5
40006 6
40007 7
40008 8
40009 9
40010 0
40011 1
40012 2
40013 3
40014 4
40015 5
40016 6
40017 7
40018 8
40019 9
40020 0
40021 1
40022 2
40023 3
40024 4
40025 5
40026 6
40027 7
40028 8
40029 9
40030 0
40031 1
40032 2
40033 3
40034 4
40035 5
40036 6
40037 7
40038 8
40039 9
40040 0
40041 1
40042 2
40043 3
40044 4
40045 5
40046 6
40047 7
40048 8
40049 9
40050 0
40051 1
40052 2
40053 3
40054 4
40055 5
40056 6
40057 7
40058 8
40059 9
40060 0
40061 1
40062 2
40063 3
40064 4
40065 5
40066 6
40067 7
40068 8
40069 9
40070 0
40071 1
40072 2
40073 3
40074 4
40075 5
40076 6
40077 7
40078 8
40079 9
40080 0
40081 1
40082 2
40083 3
40084 4
40085 5
40086 6
40087 7
40088 8
40089 9
40090 0
40091 1
40092 2
40093 3
40094 4
40095 5
40096 6
40097 7
40098 8
40099 9
40100 0
40101 1
40102 2
40103 3
40104 4
40105 5
40106 6
40107 7
40108 8
40109 9
40110 0
40111 1
40112 2
40113 3
40114 4
40115 5
40116 6
40117 7
40118 8
40119 9
40120 0
40121 1
40122 2
40123 3
40124 4
40125 5
40126 6
40127 7
40128 8
40129 9
40130 0
40131 1
40132 2
40133 3
40134 4
40135 5
40136 6
40137 7
40138 8
40139 9
40140 0
40141 1
40142 2
40143 3
40144 4
40145 5
40146 6
40147 7
40148 8
40149 9
40150 0
40151 1
40152 2
40153 3
40154 4
40155 5
40156 6
40157 7
40158 8
40159 9
40160 0
40161 1
40162 2
40163 3
40164 4
40165 5
40166 6
40167 7
40168 8
40169 9
40170 0
40171 1
40172 2
40173 3
40174 4
40175 5
40176 6
40177 7
40178 8
40179 9
40180 0
40181 1
40182 2
40183 3
40184 4
40185 5
40186 6
40187 7
40188 8
40189 9
40190 0
40191 1
40192 2
40193 3
40194 4
40195 5
40196 6
40197 7
40198 8
40199 9
40200 0
40201 1
40202 2
40203 3
40204 4
40205 5
40206 6
40207 7
40208 8
40209 9
40210 0
40211 1
40212 2
40213 3
40214 4
40215 5
40216 6
40217 7
40218 8
40219 9
40220 0
40221 1
40222 2
40223 3
40224 4
40225 5
40226 6
40227 7
40228 8
40229 9
40230 0
40231 1
40232 2
40233 3
40234 4
40235 5
40236 6
40237 7
40238 8
40239 9
40240 0
40241 1
40242 2
40243 3
40244 4
40245 5
40246 6
40247 7
40248 8
40249 9
40250 0
40251 1
40252 2
40253 3
40254 4
40255 5
40256 6
40257 7
40258 8
40259 9
40260 0
40261 1
40262 2
40263 3
40264 4
40265 5
40266 6
40267 7
40268 8
40269 9
40270 0
40271 1
40272 2
40273 3
40274 4
40275 5
40276 6
40277 7
40278 8
40279 9
40280 0
40281 1
40282 2
40283 3
40284 4
40285 5
40286 6
40287 7
40288 8
40289 9
40290 0
40291 1
40292 2
40293 3
40294 4
40295 5
40296 6
40297 7
40298 8
40299 9
40300 0
40301 1
40302 2
40303 3
40304 4
40305 5
40306 6
40307 7
40308 8
40309 9
40310 0
40311 1
40312 2
40313 3
40314 4
40315 5
40316 6
40317 7
40318 8
40319 9
40320 0
40321 1
40322 2
40323 3
40324 4
40325 5
40326 6
40327 7
40328 8
40329 9
40330 0
40331 1
40332 2
40333 3
40334 4
40335 5
40336 6
40337 7
40338 8
40339 9
40340 0
40341 1
40342 2
40343 3
40344 4
40345 5
40346 6
40347 7
40348 8
40349 9
40350 0
40351 1
40352 2
40353 3
40354 4
40355 5
40356 6
40357 7
40358 8
40359 9
40360 0
40361 1
40362 2
40363 3
40364 4
40365 5
40366 6
40367 7
40368 8
40369 9
40370 0
40371 1
40372 2
40373 3
40374 4
40375 5
40376 6
40377 7
40378 8
40379 9
40380 0
40381 1
40382 2
40383 3
40384 4
40385 5
40386 6
40387 7
40388 8
40389 9
40390 0
40391 1
40392 2
40393 3
40394 4
40395 5
40396 6
40397 7
40398 8
40399 9
40400 0
40401 1
40402 2
40403 3
40404 4
40405 5
40406 6
40407 7
40408 8
40409 9
40410 0
40411 1
40412 2
40413 3
40414 4
40415 5
40416 6
40417 7
40418 8
40419 9
40420 0
40421 1
40422 2
40423 3
40424 4
40425 5
40426 6
40427 7
40428 8
40429 9
40430 0
40431 1
40432 2
40433 3
40434 4
40435 5
40436 6
40437 7
40438 8
40439 9
40440 0
40441 1
40442 2
40443 3
40444 4
40445 5
40446 6
40447 7
40448 8
40449 9
40450 0
40451 1
40452 2
40453 3
40454 4
40455 5
40456 6
40457 7
40458 8
40459 9
40460 0
40461 1
40462 2
40463 3
40464 4
40465 5
40466 6
40467 7
40468 8
40469 9
40470 0
40471 1
40472 2
40473 3
40474 4
40475 5
40476 6
40477 7
40478 8
40479 9
40480 0
40481 1
40482 2
40483 3
40484 4
40485 5
40486 6
40487 7
40488 8
40489 9
40490 0
40491 1
40492 2
40493 3
40494 4
40495 5
40496 6
40497 7
40498 8
40499 9
40500 0
40501 1
40502 2
40503 3
40504 4
40505 5
40506 6
40507 7
40508 8
40509 9
40510 0
40511 1
40512 2
40513 3
40514 4
40515 5
40516 6
40517 7
40518 8
40519 9
40520 0
40521 1
40522 2
40523 3
40524 4
40525 5
40526 6
40527 7
40528 8
40529 9
40530 0
40531 1
40532 2
40533 3
40534 4
40535 5
40536 6
40537 7
40538 8
40539 9
40540 0
40541 1
40542 2
40543 3
40544 4
40545 5
40546 6
40547 7
40548 8
40549 9
40550 0
40551 1
40552 2
40553 3
40554 4
40555 5
40556 6
40557 7
40558 8
40559 9
40560 0
40561 1
40562 2
40563 3
40564 4
40565 5
40566 6
40567 7
40568 8
40569 9
40570 0
40571 1
40572 2
40573 3
40574 4
40575 5
40576 6
40577 7
40578 8
40579 9
40580 0
40581 1
40582 2
40583 3
40584 4
40585 5
40586 6
40587 7
40588 8
40589 9
40590 0
40591 1
40592 2
40593 3
40594 4
40595 5
40596 6
40597 7
40598 8
40599 9
40600 0
40601 1
40602 2
40603 3
40604 4
40605 5
40606 6
40607 7
40608 8
40609 9
40610 0
40611 1
40612 2
40613 3
40614 4
40615 5
40616 6
40617 7
40618 8
40619 9
40620 0
40621 1
40622 2
40623 3
40624 4
40625 5
40626 6
40627 7
40628 8
40629 9
40630 0
40631 1
40632 2
40633 3
40634 4
40635 5
40636 6
40637 7
40638 8
40639 9
40640 0
40641 1
40642 2
40643 3
40644 4
40645 5
40646 6
40647 7
40648 8
40649 9
40650 0
40651 1
40652 2
40653 3
40654 4
40655 5
40656 6
40657 7
40658 8
40659 9
40660 0
40661 1
40662 2
40663 3
40664 4
40665 5
40666 6
40667 7
40668 8
40669 9
40670 0
40671 1
40672 2
40673 3
40674 4
40675 5
40676 6
40677 7
40678 8
40679 9
40680 0
40681 1
40682 2
40683 3
40684 4
40685 5
40686 6
40687 7
40688 8
40689 9
40690 0
40691 1
40692 2
40693 3
40694 4
40695 5
40696 6
40697 7
40698 8
40699 9
40700 0
40701 1
40702 2
40703 3
40704 4
40705 5
40706 6
40707 7
40708 8
40709 9
40710 0
40711 1
40712 2
40713 3
40714 4
40715 5
40716 6
40717 7
40718 8
40719 9
40720 0
40721 1
40722 2
40723 3
40724 4
40725 5
40726 6
40727 7
40728 8
40729 9
40730 0
40731 1
40732 2
40733 3
40734 4
40735 5
40736 6
40737 7
40738 8
40739 9
40740 0
40741 1
40742 2
40743 3
40744 4
40745 5
40746 6
40747 7
40748 8
40749 9
40750 0
40751 1
40752 2
40753 3
40754 4
40755 5
40756 6
40757 7
40758 8
40759 9
40760 0
40761 1
40762 2
40763 3
40764 4
40765 5
40766 6
40767 7
40768 8
40769 9
40770 0
40771 1
40772 2
40773 3
40774 4
40775 5
40776 6
40777 7
40778 8
40779 9
40780 0
40781 1
40782 2
40783 3
40784 4
40785 5
40786 6
40787 7
40788 8
40789 9
40790 0
40791 1
40792 2
40793 3
40794 4
40795 5
40796 6
40797 7
40798 8
40799 9
40800 0
40801 1
40802 2
40803 3
40804 4
40805 5
40806 6
40807 7
40808 8
40809 9
40810 0
40811 1
40812 2
40813 3
40814 4
40815 5
40816 6
40817 7
40818 8
40819 9
40820 0
40821 1
40822 2
40823 3
40824 4
40825 5
40826 6
40827 7
40828 8
40829 9
40830 0
40831 1
40832 2
40833 3
40834 4
40835 5
40836 6
40837 7
40838 8
40839 9
40840 0
40841 1
40842 2
40843 3
40844 4
40845 5
40846 6
40847 7
40848 8
40849 9
40850 0
40851 1
40852 2
40853 3
40854 4
40855 5
40856 6
40857 7
40858 8
40859 9
40860 0
40861 1
40862 2
40863 3
40864 4
40865 5
40866 6
40867 7
40868 8
40869 9
40870 0
40871 1
40872 2
40873 3
40874 4
40875 5
40876 6
40877 7
40878 8
40879 9
40880 0
40881 1
40882 2
40883 3
40884 4
40885 5
40886 6
40887 7
40888 8
40889 9
40890 0
40891 1
40892 2
40893 3
40894 4
40895 5
40896 6
40897 7
40898 8
40899 9
40900 0
40901 1
40902 2
40903 3
40904 4
40905 5
40906 6
40907 7
40908 8
40909 9
40910 0
40911 1
40912 2
40913 3
40914 4
40915 5
40916 6
40917 7
40918 8
40919 9
40920 0
40921 1
40922 2
40923 3
40924 4
40925 5
40926 6
40927 7
40928 8
40929 9
40930 0
40931 1
40932 2
40933 3
40934 4
40935 5
40936 6
40937 7
40938 8
40939 9
40940 0
40941 1
40942 2
40943 3
40944 4
40945 5
40946 6
40947 7
40948 8
40949 9
40950 0
40951 1
40952 2
40953 3
40954 4
40955 5
40956 6
40957 7
40958 8
40959 9
40960 0
40961 1
40962 2
40963 3
40964 4
40965 5
40966 6
40967 7
40968 8
40969 9
40970 0
40971 1
40972 2
40973 3
40974 4
40975 5
40976 6
40977 7
40978 8
40979 9
40980 0
40981 1
40982 2
40983 3
40984 4
40985 5
40986 6
40987 7
40988 8
40989 9
40990 0
40991 1
40992 2
40993 3
40994 4
40995 5
40996 6
40997 7
40998 8
40999 9
41000 0
41001 1
41002 2
41003 3
41004 4
41005 5
41006 6
41007 7
41008 8
41009 9
41010 0
41011 1
41012 2
41013 3
41014 4
41015 5
41016 6
41017 7
41018 8
41019 9
41020 0
41021 1
41022 2
41023 3
41024 4
41025 5
41026 6
41027 7
41028 8
41029 9
41030 0
41031 1
41032 2
41033 3
41034 4
41035 5
41036 6
41037 7
41038 8
41039 9
41040 0
41041 1
41042 2
41043 3
41044 4
41045 5
41046 6
41047 7
41048 8
41049 9
41050 0
41051 1
41052 2
41053 3
41054 4
41055 5
41056 6
41057 7
41058 8
41059 9
41060 0
41061 1
41062 2
41063 3
41064 4
41065 5
41066 6
41067 7
41068 8
41069 9
41070 0
41071 1
41072 2
41073 3
41074 4
41075 5
41076 6
41077 7
41078 8
41079 9
41080 0
41081 1
41082 2
41083 3
41084 4
41085 5
41086 6
41087 7
41088 8
41089 9
41090 0
41091 1
41092 2
41093 3
41094 4
41095 5
41096 6
41097 7
41098 8
41099 9
41100 0
41101 1
41102 2
41103 3
41104 4
41105 5
41106 6
41107 7
41108 8
41109 9
41110 0
41111 1
41112 2
41113 3
41114 4
41115 5
41116 6
41117 7
41118 8
41119 9
41120 0
41121 1
41122 2
41123 3
41124 4
41125 5
41126 6
41127 7
41128 8
41129 9
41130 0
41131 1
41132 2
41133 3
41134 4
41135 5
41136 6
41137 7
41138 8
41139 9
41140 0
41141 1
41142 2
41143 3
41144 4
41145 5
41146 6
41147 7
41148 8
41149 9
41150 0
41151 1
41152 2
41153 3
41154 4
41155 5
41156 6
41157 7
41158 8
41159 9
41160 0
41161 1
41162 2
41163 3
41164 4
41165 5
41166 6
41167 7
41168 8
41169 9
41170 0
41171 1
41172 2
41173 3
41174 4
41175 5
41176 6
41177 7
41178 8
41179 9
41180 0
41181 1
41182 2
41183 3
41184 4
41185 5
41186 6
41187 7
41188 8
41189 9
41190 0
41191 1
41192 2
41193 3
41194 4
41195 5
41196 6
41197 7
41198 8
41199 9
41200 0
41201 1
41202 2
41203 3
41204 4
41205 5
41206 6
41207 7
41208 8
41209 9
41210 0
41211 1
41212 2
41213 3
41214 4
41215 5
41216 6
41217 7
41218 8
41219 9
41220 0
41221 1
41222 2
41223 3
41224 4
41225 5
41226 6
41227 7
41228 8
41229 9
41230 0
41231 1
41232 2
41233 3
41234 4
41235 5
41236 6
41237 7
41238 8
41239 9
41240 0
41241 1
41242 2
41243 3
41244 4
41245 5
41246 6
41247 7
41248 8
41249 9
41250 0
41251 1
41252 2
41253 3
41254 4
41255 5
41256 6
41257 7
41258 8
41259 9
41260 0
41261 1
41262 2
41263 3
41264 4
41265 5
41266 6
41267 7
41268 8
41269 9
41270 0
41271 1
41272 2
41273 3
41274 4
41275 5
41276 6
41277 7
41278 8
41279 9
41280 0
41281 1
41282 2
41283 3
41284 4
41285 5
41286 6
41287 7
41288 8
41289 9
41290 0
41291 1
41292 2
41293 3
41294 4
41295 5
41296 6
41297 7
41298 8
41299 9
41300 0
41301 1
41302 2
41303 3
41304 4
41305 5
41306 6
41307 7
41308 8
41309 9
41310 0
41311 1
41312 2
41313 3
41314 4
41315 5
41316 6
41317 7
41318 8
41319 9
41320 0
41321 1
41322 2
41323 3
41324 4
41325 5
41326 6
41327 7
41328 8
41329 9
41330 0
41331 1
41332 2
41333 3
41334 4
41335 5
41336 6
41337 7
41338 8
41339 9
41340 0
41341 1
41342 2
41343 3
41344 4
41345 5
41346 6
41347 7
41348 8
41349 9
41350 0
41351 1
41352 2
41353 3
41354 4
41355 5
41356 6
41357 7
41358 8
41359 9
41360 0
41361 1
41362 2
41363 3
41364 4
41365 5
41366 6
41367 7
41368 8
41369 9
41370 0
41371 1
41372 2
41373 3
41374 4
41375 5
41376 6
41377 7
41378 8
41379 9
41380 0
41381 1
41382 2
41383 3
41384 4
41385 5
41386 6
41387 7
41388 8
41389 9
41390 0
41391 1
41392 2
41393 3
41394 4
41395 5
41396 6
41397 7
41398 8
41399 9
41400 0
41401 1
41402 2
41403 3
41404 4
41405 5
41406 6
41407 7
41408 8
41409 9
41410 0
41411 1
41412 2
41413 3
41414 4
41415 5
41416 6
41417 7
41418 8
41419 9
41420 0
41421 1
41422 2
41423 3
41424 4
41425 5
41426 6
41427 7
41428 8
41429 9
41430 0
41431 1
41432 2
41433 3
41434 4
41435 5
41436 6
41437 7
41438 8
41439 9
41440 0
41441 1
41442 2
41443 3
41444 4
41445 5
41446 6
41447 7
41448 8
41449 9
41450 0
41451 1
41452 2
41453 3
41454 4
41455 5
41456 6
41457 7
41458 8
41459 9
41460 0
41461 1
41462 2
41463 3
41464 4
41465 5
41466 6
41467 7
41468 8
41469 9
41470 0
41471 1
41472 2
41473 3
41474 4
41475 5
41476 6
41477 7
41478 8
41479 9
41480 0
41481 1
41482 2
41483 3
41484 4
41485 5
41486 6
41487 7
41488 8
41489 9
41490 0
41491 1
41492 2
41493 3
41494 4
41495 5
41496 6
41497 7
41498 8
41499 9
41500 0
41501 1
41502 2
41503 3
41504 4
41505 5
41506 6
41507 7
41508 8
41509 9
41510 0
41511 1
41512 2
41513 3
41514 4
41515 5
41516 6
41517 7
41518 8
41519 9
41520 0
41521 1
41522 2
41523 3
41524 4
41525 5
41526 6
41527 7
41528 8
41529 9
41530 0
41531 1
41532 2
41533 3
41534 4
41535 5
41536 6
41537 7
41538 8
41539 9
41540 0
41541 1
41542 2
41543 3
41544 4
41545 5
41546 6
41547 7
41548 8
41549 9
41550 0
41551 1
41552 2
41553 3
41554 4
41555 5
41556 6
41557 7
41558 8
41559 9
41560 0
41561 1
41562 2
41563 3
41564 4
41565 5
41566 6
41567 7
41568 8
41569 9
41570 0
41571 1
41572 2
41573 3
41574 4
41575 5
41576 6
41577 7
41578 8
41579 9
41580 0
41581 1
41582 2
41583 3
41584 4
41585 5
41586 6
41587 7
41588 8
41589 9
41590 0
41591 1
41592 2
41593 3
41594 4
41595 5
41596 6
41597 7
41598 8
41599 9
41600 0
41601 1
41602 2
41603 3
41604 4
41605 5
41606 6
41607 7
41608 8
41609 9
41610 0
41611 1
41612 2
41613 3
41614 4
41615 5
41616 6
41617 7
41618 8
41619 9
41620 0
41621 1
41622 2
41623 3
41624 4
41625 5
41626 6
41627 7
41628 8
41629 9
41630 0
41631 1
41632 2
41633 3
41634 4
41635 5
41636 6
41637 7
41638 8
41639 9
41640 0
41641 1
41642 2
41643 3
41644 4
41645 5
41646 6
41647 7
41648 8
41649 9
41650 0
41651 1
41652 2
41653 3
41654 4
41655 5
41656 6
41657 7
41658 8
41659 9
41660 0
41661 1
41662 2
41663 3
41664 4
41665 5
41666 6
41667 7
41668 8
41669 9
41670 0
41671 1
41672 2
41673 3
41674 4
41675 5
41676 6
41677 7
41678 8
41679 9
41680 0
41681 1
41682 2
41683 3
41684 4
41685 5
41686 6
41687 7
41688 8
41689 9
41690 0
41691 1
41692 2
41693 3
41694 4
41695 5
41696 6
41697 7
41698 8
41699 9
41700 0
41701 1
41702 2
41703 3
41704 4
41705 5
41706 6
41707 7
41708 8
41709 9
41710 0
41711 1
41712 2
41713 3
41714 4
41715 5
41716 6
41717 7
41718 8
41719 9
41720 0
41721 1
41722 2
41723 3
41724 4
41725 5
41726 6
41727 7
41728 8
41729 9
41730 0
41731 1
41732 2
41733 3
41734 4
41735 5
41736 6
41737 7
41738 8
41739 9
41740 0
41741 1
41742 2
41743 3
41744 4
41745 5
41746 6
41747 7
41748 8
41749 9
41750 0
41751 1
41752 2
41753 3
41754 4
41755 5
41756 6
41757 7
41758 8
41759 9
41760 0
41761 1
41762 2
41763 3
41764 4
41765 5
41766 6
41767 7
41768 8
41769 9
41770 0
41771 1
41772 2
41773 3
41774 4
41775 5
41776 6
41777 7
41778 8
41779 9
41780 0
41781 1
41782 2
41783 3
41784 4
41785 5
41786 6
41787 7
41788 8
41789 9
41790 0
41791 1
41792 2
41793 3
41794 4
41795 5
41796 6
41797 7
41798 8
41799 9
41800 0
41801 1
41802 2
41803 3
41804 4
41805 5
41806 6
41807 7
41808 8
41809 9
41810 0
41811 1
41812 2
41813 3
41814 4
41815 5
41816 6
41817 7
41818 8
41819 9
41820 0
41821 1
41822 2
41823 3
41824 4
41825 5
41826 6
41827 7
41828 8
41829 9
41830 0
41831 1
41832 2
41833 3
41834 4
41835 5
41836 6
41837 7
41838 8
41839 9
41840 0
41841 1
41842 2
41843 3
41844 4
41845 5
41846 6
41847 7
41848 8
41849 9
41850 0
41851 1
41852 2
41853 3
41854 4
41855 5
41856 6
41857 7
41858 8
41859 9
41860 0
41861 1
41862 2
41863 3
41864 4
41865 5
41866 6
41867 7
41868 8
41869 9
41870 0
41871 1
41872 2
41873 3
41874 4
41875 5
41876 6
41877 7
41878 8
41879 9
41880 0
41881 1
41882 2
41883 3
41884 4
41885 5
41886 6
41887 7
41888 8
41889 9
41890 0
41891 1
41892 2
41893 3
41894 4
41895 5
41896 6
41897 7
41898 8
41899 9
41900 0
41901 1
41902 2
41903 3
41904 4
41905 5
41906 6
41907 7
41908 8
41909 9
41910 0
41911 1
41912 2
41913 3
41914 4
41915 5
41916 6
41917 7
41918 8
41919 9
41920 0
41921 1
41922 2
41923 3
41924 4
41925 5
41926 6
41927 7
41928 8
41929 9
41930 0
41931 1
41932 2
41933 3
41934 4
41935 5
41936 6
41937 7
41938 8
41939 9
41940 0
41941 1
41942 2
41943 3
41944 4
41945 5
41946 6
41947 7
41948 8
41949 9
41950 0
41951 1
41952 2
41953 3
41954 4
41955 5
41956 6
41957 7
41958 8
41959 9
41960 0
41961 1
41962 2
41963 3
41964 4
41965 5
41966 6
41967 7
41968 8
41969 9
41970 0
41971 1
41972 2
41973 3
41974 4
41975 5
41976 6
41977 7
41978 8
41979 9
41980 0
41981 1
41982 2
41983 3
41984 4
41985 5
41986 6
41987 7
41988 8
41989 9
41990 0
41991 1
41992 2
41993 3
41994 4
41995 5
41996 6
41997 7
41998 8
41999 9
42000 0
42001 1
42002 2
42003 3
42004 4
42005 5
42006 6
42007 7
42008 8
42009 9
42010 0
42011 1
42012 2
42013 3
42014 4
42015 5
42016 6
42017 7
42018 8
42019 9
42020 0
42021 1
42022 2
42023 3
42024 4
42025 5
42026 6
42027 7
42028 8
42029 9
42030 0
42031 1
42032 2
42033 3
42034 4
42035 5
42036 6
42037 7
42038 8
42039 9
42040 0
42041 1
42042 2
42043 3
42044 4
42045 5
42046 6
42047 7
42048 8
42049 9
42050 0
42051 1
42052 2
42053 3
42054 4
42055 5
42056 6
42057 7
42058 8
42059 9
42060 0
42061 1
42062 2
42063 3
42064 4
42065 5
42066 6
42067 7
42068 8
42069 9
42070 0
42071 1
42072 2
42073 3
42074 4
42075 5
42076 6
42077 7
42078 8
42079 9
42080 0
42081 1
42082 2
42083 3
42084 4
42085 5
42086 6
42087 7
42088 8
42089 9
42090 0
42091 1
42092 2
42093 3
42094 4
42095 5
42096 6
42097 7
42098 8
42099 9
42100 0
42101 1
42102 2
42103 3
42104 4
42105 5
42106 6
42107 7
42108 8
42109 9
42110 0
42111 1
42112 2
42113 3
42114 4
42115 5
42116 6
42117 7
42118 8
42119 9
42120 0
42121 1
42122 2
42123 3
42124 4
42125 5
42126 6
42127 7
42128 8
42129 9
42130 0
42131 1
42132 2
42133 3
42134 4
42135 5
42136 6
42137 7
42138 8
42139 9
42140 0
42141 1
42142 2
42143 3
42144 4
42145 5
42146 6
42147 7
42148 8
42149 9
42150 0
42151 1
42152 2
42153 3
42154 4
42155 5
42156 6
42157 7
42158 8
42159 9
42160 0
42161 1
42162 2
42163 3
42164 4
42165 5
42166 6
42167 7
42168 8
42169 9
42170 0
42171 1
42172 2
42173 3
42174 4
42175 5
42176 6
42177 7
42178 8
42179 9
42180 0
42181 1
42182 2
42183 3
42184 4
42185 5
42186 6
42187 7
42188 8
42189 9
42190 0
42191 1
42192 2
42193 3
42194 4
42195 5
42196 6
42197 7
42198 8
42199 9
42200 0
42201 1
42202 2
42203 3
42204 4
42205 5
42206 6
42207 7
42208 8
42209 9
42210 0
42211 1
42212 2
42213 3
42214 4
42215 5
42216 6
42217 7
42218 8
42219 9
42220 0
42221 1
42222 2
42223 3
42224 4
42225 5
42226 6
42227 7
42228 8
42229 9
42230 0
42231 1
42232 2
42233 3
42234 4
42235 5
42236 6
42237 7
42238 8
42239 9
42240 0
42241 1
42242 2
42243 3
42244 4
42245 5
42246 6
42247 7
42248 8
42249 9
42250 0
42251 1
42252 2
42253 3
42254 4
42255 5
42256 6
42257 7
42258 8
42259 9
42260 0
42261 1
42262 2
42263 3
42264 4
42265 5
42266 6
42267 7
42268 8
42269 9
42270 0
42271 1
42272 2
42273 3
42274 4
42275 5
42276 6
42277 7
42278 8
42279 9
42280 0
42281 1
42282 2
42283 3
42284 4
42285 5
42286 6
42287 7
42288 8
42289 9
42290 0
42291 1
42292 2
42293 3
42294 4
42295 5
42296 6
42297 7
42298 8
42299 9
42300 0
42301 1
42302 2
42303 3
42304 4
42305 5
42306 6
42307 7
42308 8
42309 9
42310 0
42311 1
42312 2
42313 3
42314 4
42315 5
42316 6
42317 7
42318 8
42319 9
42320 0
42321 1
42322 2
42323 3
42324 4
42325 5
42326 6
42327 7
42328 8
42329 9
42330 0
42331 1
42332 2
42333 3
42334 4
42335 5
42336 6
42337 7
42338 8
42339 9
42340 0
42341 1
42342 2
42343 3
42344 4
42345 5
42346 6
42347 7
42348 8
42349 9
42350 0
42351 1
42352 2
42353 3
42354 4
42355 5
42356 6
42357 7
42358 8
42359 9
42360 0
42361 1
42362 2
42363 3
42364 4
42365 5
42366 6
42367 7
42368 8
42369 9
42370 0
42371 1
42372 2
42373 3
42374 4
42375 5
42376 6
42377 7
42378 8
42379 9
42380 0
42381 1
42382 2
42383 3
42384 4
42385 5
42386 6
42387 7
42388 8
42389 9
42390 0
42391 1
42392 2
42393 3
42394 4
42395 5
42396 6
42397 7
42398 8
42399 9
42400 0
42401 1
42402 2
42403 3
42404 4
42405 5
42406 6
42407 7
42408 8
42409 9
42410 0
42411 1
42412 2
42413 3
42414 4
42415 5
42416 6
42417 7
42418 8
42419 9
42420 0
42421 1
42422 2
42423 3
42424 4
42425 5
42426 6
42427 7
42428 8
42429 9
42430 0
42431 1
42432 2
42433 3
42434 4
42435 5
42436 6
42437 7
42438 8
42439 9
42440 0
42441 1
42442 2
42443 3
42444 4
42445 5
42446 6
42447 7
42448 8
42449 9
42450 0
42451 1
42452 2
42453 3
42454 4
42455 5
42456 6
42457 7
42458 8
42459 9
42460 0
42461 1
42462 2
42463 3
42464 4
42465 5
42466 6
42467 7
42468 8
42469 9
42470 0
42471 1
42472 2
42473 3
42474 4
42475 5
42476 6
42477 7
42478 8
42479 9
42480 0
42481 1
42482 2
42483 3
42484 4
42485 5
42486 6
42487 7
42488 8
42489 9
42490 0
42491 1
42492 2
42493 3
42494 4
42495 5
42496 6
42497 7
42498 8
42499 9
42500 0
42501 1
42502 2
42503 3
42504 4
42505 5
42506 6
42507 7
42508 8
42509 9
42510 0
42511 1
42512 2
42513 3
42514 4
42515 5
42516 6
42517 7
42518 8
42519 9
42520 0
42521 1
42522 2
42523 3
42524 4
42525 5
42526 6
42527 7
42528 8
42529 9
42530 0
42531 1
42532 2
42533 3
42534 4
42535 5
42536 6
42537 7
42538 8
42539 9
42540 0
42541 1
42542 2
42543 3
42544 4
42545 5
42546 6
42547 7
42548 8
42549 9
42550 0
42551 1
42552 2
42553 3
42554 4
42555 5
42556 6
42557 7
42558 8
42559 9
42560 0
42561 1
42562 2
42563 3
42564 4
42565 5
42566 6
42567 7
42568 8
42569 9
42570 0
42571 1
42572 2
42573 3
42574 4
42575 5
42576 6
42577 7
42578 8
42579 9
42580 0
42581 1
42582 2
42583 3
42584 4
42585 5
42586 6
42587 7
42588 8
42589 9
42590 0
42591 1
42592 2
42593 3
42594 4
42595 5
42596 6
42597 7
42598 8
42599 9
42600 0
42601 1
42602 2
42603 3
42604 4
42605 5
42606 6
42607 7
42608 8
42609 9
42610 0
42611 1
42612 2
42613 3
42614 4
42615 5
42616 6
42617 7
42618 8
42619 9
42620 0
42621 1
42622 2
42623 3
42624 4
42625 5
42626 6
42627 7
42628 8
42629 9
42630 0
42631 1
42632 2
42633 3
42634 4
42635 5
42636 6
42637 7
42638 8
42639 9
42640 0
42641 1
42642 2
42643 3
42644 4
42645 5
42646 6
42647 7
42648 8
42649 9
42650 0
42651 1
42652 2
42653 3
42654 4
42655 5
42656 6
42657 7
42658 8
42659 9
42660 0
42661 1
42662 2
42663 3
42664 4
42665 5
42666 6
42667 7
42668 8
42669 9
42670 0
42671 1
42672 2
42673 3
42674 4
42675 5
42676 6
42677 7
42678 8
42679 9
42680 0
42681 1
42682 2
42683 3
42684 4
42685 5
42686 6
42687 7
42688 8
42689 9
42690 0
42691 1
42692 2
42693 3
42694 4
42695 5
42696 6
42697 7
42698 8
42699 9
42700 0
42701 1
42702 2
42703 3
42704 4
42705 5
42706 6
42707 7
42708 8
42709 9
42710 0
42711 1
42712 2
42713 3
42714 4
42715 5
42716 6
42717 7
42718 8
42719 9
42720 0
42721 1
42722 2
42723 3
42724 4
42725 5
42726 6
42727 7
42728 8
42729 9
42730 0
42731 1
42732 2
42733 3
42734 4
42735 5
42736 6
42737 7
42738 8
42739 9
42740 0
42741 1
42742 2
42743 3
42744 4
42745 5
42746 6
42747 7
42748 8
42749 9
42750 0
42751 1
42752 2
42753 3
42754 4
42755 5
42756 6
42757 7
42758 8
42759 9
42760 0
42761 1
42762 2
42763 3
42764 4
42765 5
42766 6
42767 7
42768 8
42769 9
42770 0
42771 1
42772 2
42773 3
42774 4
42775 5
42776 6
42777 7
42778 8
42779 9
42780 0
42781 1
42782 2
42783 3
42784 4
42785 5
42786 6
42787 7
42788 8
42789 9
42790 0
42791 1
42792 2
42793 3
42794 4
42795 5
42796 6
42797 7
42798 8
42799 9
42800 0
42801 1
42802 2
42803 3
42804 4
42805 5
42806 6
42807 7
42808 8
42809 9
42810 0
42811 1
42812 2
42813 3
42814 4
42815 5
42816 6
42817 7
42818 8
42819 9
42820 0
42821 1
42822 2
42823 3
42824 4
42825 5
42826 6
42827 7
42828 8
42829 9
42830 0
42831 1
42832 2
42833 3
42834 4
42835 5
42836 6
42837 7
42838 8
42839 9
42840 0
42841 1
42842 2
42843 3
42844 4
42845 5
42846 6
42847 7
42848 8
42849 9
42850 0
42851 1
42852 2
42853 3
42854 4
42855 5
42856 6
42857 7
42858 8
42859 9
42860 0
42861 1
42862 2
42863 3
42864 4
42865 5
42866 6
42867 7
42868 8
42869 9
42870 0
42871 1
42872 2
42873 3
42874 4
42875 5
42876 6
42877 7
42878 8
42879 9
42880 0
42881 1
42882 2
42883 3
42884 4
42885 5
42886 6
42887 7
42888 8
42889 9
42890 0
42891 1
42892 2
42893 3
42894 4
42895 5
42896 6
42897 7
42898 8
42899 9
42900 0
42901 1
42902 2
42903 3
42904 4
42905 5
42906 6
42907 7
42908 8
42909 9
42910 0
42911 1
42912 2
42913 3
42914 4
42915 5
42916 6
42917 7
42918 8
42919 9
42920 0
42921 1
42922 2
42923 3
42924 4
42925 5
42926 6
42927 7
42928 8
42929 9
42930 0
42931 1
42932 2
42933 3
42934 4
42935 5
42936 6
42937 7
42938 8
42939 9
42940 0
42941 1
42942 2
42943 3
42944 4
42945 5
42946 6
42947 7
42948 8
42949 9
42950 0
42951 1
42952 2
42953 3
42954 4
42955 5
42956 6
42957 7
42958 8
42959 9
42960 0
42961 1
42962 2
42963 3
42964 4
42965 5
42966 6
42967 7
42968 8
42969 9
42970 0
42971 1
42972 2
42973 3
42974 4
42975 5
42976 6
42977 7
42978 8
42979 9
42980 0
42981 1
42982 2
42983 3
42984 4
42985 5
42986 6
42987 7
42988 8
42989 9
42990 0
42991 1
42992 2
42993 3
42994 4
42995 5
42996 6
42997 7
42998 8
42999 9
43000 0
43001 1
43002 2
43003 3
43004 4
43005 5
43006 6
43007 7
43008 8
43009 9
43010 0
43011 1
43012 2
43013 3
43014 4
43015 5
43016 6
43017 7
43018 8
43019 9
43020 0
43021 1
43022 2
43023 3
43024 4
43025 5
43026 6
43027 7
43028 8
43029 9
43030 0
43031 1
43032 2
43033 3
43034 4
43035 5
43036 6
43037 7
43038 8
43039 9
43040 0
43041 1
43042 2
43043 3
43044 4
43045 5
43046 6
43047 7
43048 8
43049 9
43050 0
43051 1
43052 2
43053 3
43054 4
43055 5
43056 6
43057 7
43058 8
43059 9
43060 0
43061 1
43062 2
43063 3
43064 4
43065 5
43066 6
43067 7
43068 8
43069 9
43070 0
43071 1
43072 2
43073 3
43074 4
43075 5
43076 6
43077 7
43078 8
43079 9
43080 0
43081 1
43082 2
43083 3
43084 4
43085 5
43086 6
43087 7
43088 8
43089 9
43090 0
43091 1
43092 2
43093 3
43094 4
43095 5
43096 6
43097 7
43098 8
43099 9
43100 0
43101 1
43102 2
43103 3
43104 4
43105 5
43106 6
43107 7
43108 8
43109 9
43110 0
43111 1
43112 2
43113 3
43114 4
43115 5
43116 6
43117 7
43118 8
43119 9
43120 0
43121 1
43122 2
43123 3
43124 4
43125 5
43126 6
43127 7
43128 8
43129 9
43130 0
43131 1
43132 2
43133 3
43134 4
43135 5
43136 6
43137 7
43138 8
43139 9
43140 0
43141 1
43142 2
43143 3
43144 4
43145 5
43146 6
43147 7
43148 8
43149 9
43150 0
43151 1
43152 2
43153 3
43154 4
43155 5
43156 6
43157 7
43158 8
43159 9
43160 0
43161 1
43162 2
43163 3
43164 4
43165 5
43166 6
43167 7
43168 8
43169 9
43170 0
43171 1
43172 2
43173 3
43174 4
43175 5
43176 6
43177 7
43178 8
43179 9
43180 0
43181 1
43182 2
43183 3
43184 4
43185 5
43186 6
43187 7
43188 8
43189 9
43190 0
43191 1
43192 2
43193 3
43194 4
43195 5
43196 6
43197 7
43198 8
43199 9
43200 0
43201 1
43202 2
43203 3
43204 4
43205 5
43206 6
43207 7
43208 8
43209 9
43210 0
43211 1
43212 2
43213 3
43214 4
43215 5
43216 6
43217 7
43218 8
43219 9
43220 0
43221 1
43222 2
43223 3
43224 4
43225 5
43226 6
43227 7
43228 8
43229 9
43230 0
43231 1
43232 2
43233 3
43234 4
43235 5
43236 6
43237 7
43238 8
43239 9
43240 0
43241 1
43242 2
43243 3
43244 4
43245 5
43246 6
43247 7
43248 8
43249 9
43250 0
43251 1
43252 2
43253 3
43254 4
43255 5
43256 6
43257 7
43258 8
43259 9
43260 0
43261 1
43262 2
43263 3
43264 4
43265 5
43266 6
43267 7
43268 8
43269 9
43270 0
43271 1
43272 2
43273 3
43274 4
43275 5
43276 6
43277 7
43278 8
43279 9
43280 0
43281 1
43282 2
43283 3
43284 4
43285 5
43286 6
43287 7
43288 8
43289 9
43290 0
43291 1
43292 2
43293 3
43294 4
43295 5
43296 6
43297 7
43298 8
43299 9
43300 0
43301 1
43302 2
43303 3
43304 4
43305 5
43306 6
43307 7
43308 8
43309 9
43310 0
43311 1
43312 2
43313 3
43314 4
43315 5
43316 6
43317 7
43318 8
43319 9
43320 0
43321 1
43322 2
43323 3
43324 4
43325 5
43326 6
43327 7
43328 8
43329 9
43330 0
43331 1
43332 2
43333 3
43334 4
43335 5
43336 6
43337 7
43338 8
43339 9
43340 0
43341 1
43342 2
43343 3
43344 4
43345 5
43346 6
43347 7
43348 8
43349 9
43350 0
43351 1
43352 2
43353 3
43354 4
43355 5
43356 6
43357 7
43358 8
43359 9
43360 0
43361 1
43362 2
43363 3
43364 4
43365 5
43366 6
43367 7
43368 8
43369 9
43370 0
43371 1
43372 2
43373 3
43374 4
43375 5
43376 6
43377 7
43378 8
43379 9
43380 0
43381 1
43382 2
43383 3
43384 4
43385 5
43386 6
43387 7
43388 8
43389 9
43390 0
43391 1
43392 2
43393 3
43394 4
43395 5
43396 6
43397 7
43398 8
43399 9
43400 0
43401 1
43402 2
43403 3
43404 4
43405 5
43406 6
43407 7
43408 8
43409 9
43410 0
43411 1
43412 2
43413 3
43414 4
43415 5
43416 6
43417 7
43418 8
43419 9
43420 0
43421 1
43422 2
43423 3
43424 4
43425 5
43426 6
43427 7
43428 8
43429 9
43430 0
43431 1
43432 2
43433 3
43434 4
43435 5
43436 6
43437 7
43438 8
43439 9
43440 0
43441 1
43442 2
43443 3
43444 4
43445 5
43446 6
43447 7
43448 8
43449 9
43450 0
43451 1
43452 2
43453 3
43454 4
43455 5
43456 6
43457 7
43458 8
43459 9
43460 0
43461 1
43462 2
43463 3
43464 4
43465 5
43466 6
43467 7
43468 8
43469 9
43470 0
43471 1
43472 2
43473 3
43474 4
43475 5
43476 6
43477 7
43478 8
43479 9
43480 0
43481 1
43482 2
43483 3
43484 4
43485 5
43486 6
43487 7
43488 8
43489 9
43490 0
43491 1
43492 2
43493 3
43494 4
43495 5
43496 6
43497 7
43498 8
43499 9
43500 0
43501 1
43502 2
43503 3
43504 4
43505 5
43506 6
43507 7
43508 8
43509 9
43510 0
43511 1
43512 2
43513 3
43514 4
43515 5
43516 6
43517 7
43518 8
43519 9
43520 0
43521 1
43522 2
43523 3
43524 4
43525 5
43526 6
43527 7
43528 8
43529 9
43530 0
43531 1
43532 2
43533 3
43534 4
43535 5
43536 6
43537 7
43538 8
43539 9
43540 0
43541 1
43542 2
43543 3
43544 4
43545 5
43546 6
43547 7
43548 8
43549 9
43550 0
43551 1
43552 2
43553 3
43554 4
43555 5
43556 6
43557 7
43558 8
43559 9
43560 0
43561 1
43562 2
43563 3
43564 4
43565 5
43566 6
43567 7
43568 8
43569 9
43570 0
43571 1
43572 2
43573 3
43574 4
43575 5
43576 6
43577 7
43578 8
43579 9
43580 0
43581 1
43582 2
43583 3
43584 4
43585 5
43586 6
43587 7
43588 8
43589 9
43590 0
43591 1
43592 2
43593 3
43594 4
43595 5
43596 6
43597 7
43598 8
43599 9
43600 0
43601 1
43602 2
43603 3
43604 4
43605 5
43606 6
43607 7
43608 8
43609 9
43610 0
43611 1
43612 2
43613 3
43614 4
43615 5
43616 6
43617 7
43618 8
43619 9
43620 0
43621 1
43622 2
43623 3
43624 4
43625 5
43626 6
43627 7
43628 8
43629 9
43630 0
43631 1
43632 2
43633 3
43634 4
43635 5
43636 6
43637 7
43638 8
43639 9
43640 0
43641 1
43642 2
43643 3
43644 4
43645 5
43646 6
43647 7
43648 8
43649 9
43650 0
43651 1
43652 2
43653 3
43654 4
43655 5
43656 6
43657 7
43658 8
43659 9
43660 0
43661 1
43662 2
43663 3
43664 4
43665 5
43666 6
43667 7
43668 8
43669 9
43670 0
43671 1
43672 2
43673 3
43674 4
43675 5
43676 6
43677 7
43678 8
43679 9
43680 0
43681 1
43682 2
43683 3
43684 4
43685 5
43686 6
43687 7
43688 8
43689 9
43690 0
43691 1
43692 2
43693 3
43694 4
43695 5
43696 6
43697 7
43698 8
43699 9
43700 0
43701 1
43702 2
43703 3
43704 4
43705 5
43706 6
43707 7
43708 8
43709 9
43710 0
43711 1
43712 2
43713 3
43714 4
43715 5
43716 6
43717 7
43718 8
43719 9
43720 0
43721 1
43722 2
43723 3
43724 4
43725 5
43726 6
43727 7
43728 8
43729 9
43730 0
43731 1
43732 2
43733 3
43734 4
43735 5
43736 6
43737 7
43738 8
43739 9
43740 0
43741 1
43742 2
43743 3
43744 4
43745 5
43746 6
43747 7
43748 8
43749 9
43750 0
43751 1
43752 2
43753 3
43754 4
43755 5
43756 6
43757 7
43758 8
43759 9
43760 0
43761 1
43762 2
43763 3
43764 4
43765 5
43766 6
43767 7
43768 8
43769 9
43770 0
43771 1
43772 2
43773 3
43774 4
43775 5
43776 6
43777 7
43778 8
43779 9
43780 0
43781 1
43782 2
43783 3
43784 4
43785 5
43786 6
43787 7
43788 8
43789 9
43790 0
43791 1
43792 2
43793 3
43794 4
43795 5
43796 6
43797 7
43798 8
43799 9
43800 0
43801 1
43802 2
43803 3
43804 4
43805 5
43806 6
43807 7
43808 8
43809 9
43810 0
43811 1
43812 2
43813 3
43814 4
43815 5
43816 6
43817 7
43818 8
43819 9
43820 0
43821 1
43822 2
43823 3
43824 4
43825 5
43826 6
43827 7
43828 8
43829 9
43830 0
43831 1
43832 2
43833 3
43834 4
43835 5
43836 6
43837 7
43838 8
43839 9
43840 0
43841 1
43842 2
43843 3
43844 4
43845 5
43846 6
43847 7
43848 8
43849 9
43850 0
43851 1
43852 2
43853 3
43854 4
43855 5
43856 6
43857 7
43858 8
43859 9
43860 0
43861 1
43862 2
43863 3
43864 4
43865 5
43866 6
43867 7
43868 8
43869 9
43870 0
43871 1
43872 2
43873 3
43874 4
43875 5
43876 6
43877 7
43878 8
43879 9
43880 0
43881 1
43882 2
43883 3
43884 4
43885 5
43886 6
43887 7
43888 8
43889 9
43890 0
43891 1
43892 2
43893 3
43894 4
43895 5
43896 6
43897 7
43898 8
43899 9
43900 0
43901 1
43902 2
43903 3
43904 4
43905 5
43906 6
43907 7
43908 8
43909 9
43910 0
43911 1
43912 2
43913 3
43914 4
43915 5
43916 6
43917 7
43918 8
43919 9
43920 0
43921 1
43922 2
43923 3
43924 4
43925 5
43926 6
43927 7
43928 8
43929 9
43930 0
43931 1
43932 2
43933 3
43934 4
43935 5
43936 6
43937 7
43938 8
43939 9
43940 0
43941 1
43942 2
43943 3
43944 4
43945 5
43946 6
43947 7
43948 8
43949 9
43950 0
43951 1
43952 2
43953 3
43954 4
43955 5
43956 6
43957 7
43958 8
43959 9
43960 0
43961 1
43962 2
43963 3
43964 4
43965 5
43966 6
43967 7
43968 8
43969 9
43970 0
43971 1
43972 2
43973 3
43974 4
43975 5
43976 6
43977 7
43978 8
43979 9
43980 0
43981 1
43982 2
43983 3
43984 4
43985 5
43986 6
43987 7
43988 8
43989 9
43990 0
43991 1
43992 2
43993 3
43994 4
43995 5
43996 6
43997 7
43998 8
43999 9
44000 0
44001 1
44002 2
44003 3
44004 4
44005 5
44006 6
44007 7
44008 8
44009 9
44010 0
44011 1
44012 2
44013 3
44014 4
44015 5
44016 6
44017 7
44018 8
44019 9
44020 0
44021 1
44022 2
44023 3
44024 4
44025 5
44026 6
44027 7
44028 8
44029 9
44030 0
44031 1
44032 2
44033 3
44034 4
44035 5
44036 6
44037 7
44038 8
44039 9
44040 0
44041 1
44042 2
44043 3
44044 4
44045 5
44046 6
44047 7
44048 8
44049 9
44050 0
44051 1
44052 2
44053 3
44054 4
44055 5
44056 6
44057 7
44058 8
44059 9
44060 0
44061 1
44062 2
44063 3
44064 4
44065 5
44066 6
44067 7
44068 8
44069 9
44070 0
44071 1
44072 2
44073 3
44074 4
44075 5
44076 6
44077 7
44078 8
44079 9
44080 0
44081 1
44082 2
44083 3
44084 4
44085 5
44086 6
44087 7
44088 8
44089 9
44090 0
44091 1
44092 2
44093 3
44094 4
44095 5
44096 6
44097 7
44098 8
44099 9
44100 0
44101 1
44102 2
44103 3
44104 4
44105 5
44106 6
44107 7
44108 8
44109 9
44110 0
44111 1
44112 2
44113 3
44114 4
44115 5
44116 6
44117 7
44118 8
44119 9
44120 0
44121 1
44122 2
44123 3
44124 4
44125 5
44126 6
44127 7
44128 8
44129 9
44130 0
44131 1
44132 2
44133 3
44134 4
44135 5
44136 6
44137 7
44138 8
44139 9
44140 0
44141 1
44142 2
44143 3
44144 4
44145 5
44146 6
44147 7
44148 8
44149 9
44150 0
44151 1
44152 2
44153 3
44154 4
44155 5
44156 6
44157 7
44158 8
44159 9
44160 0
44161 1
44162 2
44163 3
44164 4
44165 5
44166 6
44167 7
44168 8
44169 9
44170 0
44171 1
44172 2
44173 3
44174 4
44175 5
44176 6
44177 7
44178 8
44179 9
44180 0
44181 1
44182 2
44183 3
44184 4
44185 5
44186 6
44187 7
44188 8
44189 9
44190 0
44191 1
44192 2
44193 3
44194 4
44195 5
44196 6
44197 7
44198 8
44199 9
44200 0
44201 1
44202 2
44203 3
44204 4
44205 5
44206 6
44207 7
44208 8
44209 9
44210 0
44211 1
44212 2
44213 3
44214 4
44215 5
44216 6
44217 7
44218 8
44219 9
44220 0
44221 1
44222 2
44223 3
44224 4
44225 5
44226 6
44227 7
44228 8
44229 9
44230 0
44231 1
44232 2
44233 3
44234 4
44235 5
44236 6
44237 7
44238 8
44239 9
44240 0
44241 1
44242 2
44243 3
44244 4
44245 5
44246 6
44247 7
44248 8
44249 9
44250 0
44251 1
44252 2
44253 3
44254 4
44255 5
44256 6
44257 7
44258 8
44259 9
44260 0
44261 1
44262 2
44263 3
44264 4
44265 5
44266 6
44267 7
44268 8
44269 9
44270 0
44271 1
44272 2
44273 3
44274 4
44275 5
44276 6
44277 7
44278 8
44279 9
44280 0
44281 1
44282 2
44283 3
44284 4
44285 5
44286 6
44287 7
44288 8
44289 9
44290 0
44291 1
44292 2
44293 3
44294 4
44295 5
44296 6
44297 7
44298 8
44299 9
44300 0
44301 1
44302 2
44303 3
44304 4
44305 5
44306 6
44307 7
44308 8
44309 9
44310 0
44311 1
44312 2
44313 3
44314 4
44315 5
44316 6
44317 7
44318 8
44319 9
44320 0
44321 1
44322 2
44323 3
44324 4
44325 5
44326 6
44327 7
44328 8
44329 9
44330 0
44331 1
44332 2
44333 3
44334 4
44335 5
44336 6
44337 7
44338 8
44339 9
44340 0
44341 1
44342 2
44343 3
44344 4
44345 5
44346 6
44347 7
44348 8
44349 9
44350 0
44351 1
44352 2
44353 3
44354 4
44355 5
44356 6
44357 7
44358 8
44359 9
44360 0
44361 1
44362 2
44363 3
44364 4
44365 5
44366 6
44367 7
44368 8
44369 9
44370 0
44371 1
44372 2
44373 3
44374 4
44375 5
44376 6
44377 7
44378 8
44379 9
44380 0
44381 1
44382 2
44383 3
44384 4
44385 5
44386 6
44387 7
44388 8
44389 9
44390 0
44391 1
44392 2
44393 3
44394 4
44395 5
44396 6
44397 7
44398 8
44399 9
44400 0
44401 1
44402 2
44403 3
44404 4
44405 5
44406 6
44407 7
44408 8
44409 9
44410 0
44411 1
44412 2
44413 3
44414 4
44415 5
44416 6
44417 7
44418 8
44419 9
44420 0
44421 1
44422 2
44423 3
44424 4
44425 5
44426 6
44427 7
44428 8
44429 9
44430 0
44431 1
44432 2
44433 3
44434 4
44435 5
44436 6
44437 7
44438 8
44439 9
44440 0
44441 1
44442 2
44443 3
44444 4
44445 5
44446 6
44447 7
44448 8
44449 9
44450 0
44451 1
44452 2
44453 3
44454 4
44455 5
44456 6
44457 7
44458 8
44459 9
44460 0
44461 1
44462 2
44463 3
44464 4
44465 5
44466 6
44467 7
44468 8
44469 9
44470 0
44471 1
44472 2
44473 3
44474 4
44475 5
44476 6
44477 7
44478 8
44479 9
44480 0
44481 1
44482 2
44483 3
44484 4
44485 5
44486 6
44487 7
44488 8
44489 9
44490 0
44491 1
44492 2
44493 3
44494 4
44495 5
44496 6
44497 7
44498 8
44499 9
44500 0
44501 1
44502 2
44503 3
44504 4
44505 5
44506 6
44507 7
44508 8
44509 9
44510 0
44511 1
44512 2
44513 3
44514 4
44515 5
44516 6
44517 7
44518 8
44519 9
44520 0
44521 1
44522 2
44523 3
44524 4
44525 5
44526 6
44527 7
44528 8
44529 9
44530 0
44531 1
44532 2
44533 3
44534 4
44535 5
44536 6
44537 7
44538 8
44539 9
44540 0
44541 1
44542 2
44543 3
44544 4
44545 5
44546 6
44547 7
44548 8
44549 9
44550 0
44551 1
44552 2
44553 3
44554 4
44555 5
44556 6
44557 7
44558 8
44559 9
44560 0
44561 1
44562 2
44563 3
44564 4
44565 5
44566 6
44567 7
44568 8
44569 9
44570 0
44571 1
44572 2
44573 3
44574 4
44575 5
44576 6
44577 7
44578 8
44579 9
44580 0
44581 1
44582 2
44583 3
44584 4
44585 5
44586 6
44587 7
44588 8
44589 9
44590 0
44591 1
44592 2
44593 3
44594 4
44595 5
44596 6
44597 7
44598 8
44599 9
44600 0
44601 1
44602 2
44603 3
44604 4
44605 5
44606 6
44607 7
44608 8
44609 9
44610 0
44611 1
44612 2
44613 3
44614 4
44615 5
44616 6
44617 7
44618 8
44619 9
44620 0
44621 1
44622 2
44623 3
44624 4
44625 5
44626 6
44627 7
44628 8
44629 9
44630 0
44631 1
44632 2
44633 3
44634 4
44635 5
44636 6
44637 7
44638 8
44639 9
44640 0
44641 1
44642 2
44643 3
44644 4
44645 5
44646 6
44647 7
44648 8
44649 9
44650 0
44651 1
44652 2
44653 3
44654 4
44655 5
44656 6
44657 7
44658 8
44659 9
44660 0
44661 1
44662 2
44663 3
44664 4
44665 5
44666 6
44667 7
44668 8
44669 9
44670 0
44671 1
44672 2
44673 3
44674 4
44675 5
44676 6
44677 7
44678 8
44679 9
44680 0
44681 1
44682 2
44683 3
44684 4
44685 5
44686 6
44687 7
44688 8
44689 9
44690 0
44691 1
44692 2
44693 3
44694 4
44695 5
44696 6
44697 7
44698 8
44699 9
44700 0
44701 1
44702 2
44703 3
44704 4
44705 5
44706 6
44707 7
44708 8
44709 9
44710 0
44711 1
44712 2
44713 3
44714 4
44715 5
44716 6
44717 7
44718 8
44719 9
44720 0
44721 1
44722 2
44723 3
44724 4
44725 5
44726 6
44727 7
44728 8
44729 9
44730 0
44731 1
44732 2
44733 3
44734 4
44735 5
44736 6
44737 7
44738 8
44739 9
44740 0
44741 1
44742 2
44743 3
44744 4
44745 5
44746 6
44747 7
44748 8
44749 9
44750 0
44751 1
44752 2
44753 3
44754 4
44755 5
44756 6
44757 7
44758 8
44759 9
44760 0
44761 1
44762 2
44763 3
44764 4
44765 5
44766 6
44767 7
44768 8
44769 9
44770 0
44771 1
44772 2
44773 3
44774 4
44775 5
44776 6
44777 7
44778 8
44779 9
44780 0
44781 1
44782 2
44783 3
44784 4
44785 5
44786 6
44787 7
44788 8
44789 9
44790 0
44791 1
44792 2
44793 3
44794 4
44795 5
44796 6
44797 7
44798 8
44799 9
44800 0
44801 1
44802 2
44803 3
44804 4
44805 5
44806 6
44807 7
44808 8
44809 9
44810 0
44811 1
44812 2
44813 3
44814 4
44815 5
44816 6
44817 7
44818 8
44819 9
44820 0
44821 1
44822 2
44823 3
44824 4
44825 5
44826 6
44827 7
44828 8
44829 9
44830 0
44831 1
44832 2
44833 3
44834 4
44835 5
44836 6
44837 7
44838 8
44839 9
44840 0
44841 1
44842 2
44843 3
44844 4
44845 5
44846 6
44847 7
44848 8
44849 9
44850 0
44851 1
44852 2
44853 3
44854 4
44855 5
44856 6
44857 7
44858 8
44859 9
44860 0
44861 1
44862 2
44863 3
44864 4
44865 5
44866 6
44867 7
44868 8
44869 9
44870 0
44871 1
44872 2
44873 3
44874 4
44875 5
44876 6
44877 7
44878 8
44879 9
44880 0
44881 1
44882 2
44883 3
44884 4
44885 5
44886 6
44887 7
44888 8
44889 9
44890 0
44891 1
44892 2
44893 3
44894 4
44895 5
44896 6
44897 7
44898 8
44899 9
44900 0
44901 1
44902 2
44903 3
44904 4
44905 5
44906 6
44907 7
44908 8
44909 9
44910 0
44911 1
44912 2
44913 3
44914 4
44915 5
44916 6
44917 7
44918 8
44919 9
44920 0
44921 1
44922 2
44923 3
44924 4
44925 5
44926 6
44927 7
44928 8
44929 9
44930 0
44931 1
44932 2
44933 3
44934 4
44935 5
44936 6
44937 7
44938 8
44939 9
44940 0
44941 1
44942 2
44943 3
44944 4
44945 5
44946 6
44947 7
44948 8
44949 9
44950 0
44951 1
44952 2
44953 3
44954 4
44955 5
44956 6
44957 7
44958 8
44959 9
44960 0
44961 1
44962 2
44963 3
44964 4
44965 5
44966 6
44967 7
44968 8
44969 9
44970 0
44971 1
44972 2
44973 3
44974 4
44975 5
44976 6
44977 7
44978 8
44979 9
44980 0
44981 1
44982 2
44983 3
44984 4
44985 5
44986 6
44987 7
44988 8
44989 9
44990 0
44991 1
44992 2
44993 3
44994 4
44995 5
44996 6
44997 7
44998 8
44999 9
45000 0
45001 1
45002 2
45003 3
45004 4
45005 5
45006 6
45007 7
45008 8
45009 9
45010 0
45011 1
45012 2
45013 3
45014 4
45015 5
45016 6
45017 7
45018 8
45019 9
45020 0
45021 1
45022 2
45023 3
45024 4
45025 5
45026 6
45027 7
45028 8
45029 9
45030 0
45031 1
45032 2
45033 3
45034 4
45035 5
45036 6
45037 7
45038 8
45039 9
45040 0
45041 1
45042 2
45043 3
45044 4
45045 5
45046 6
45047 7
45048 8
45049 9
45050 0
45051 1
45052 2
45053 3
45054 4
45055 5
45056 6
45057 7
45058 8
45059 9
45060 0
45061 1
45062 2
45063 3
45064 4
45065 5
45066 6
45067 7
45068 8
45069 9
45070 0
45071 1
45072 2
45073 3
45074 4
45075 5
45076 6
45077 7
45078 8
45079 9
45080 0
45081 1
45082 2
45083 3
45084 4
45085 5
45086 6
45087 7
45088 8
45089 9
45090 0
45091 1
45092 2
45093 3
45094 4
45095 5
45096 6
45097 7
45098 8
45099 9
45100 0
45101 1
45102 2
45103 3
45104 4
45105 5
45106 6
45107 7
45108 8
45109 9
45110 0
45111 1
45112 2
45113 3
45114 4
45115 5
45116 6
45117 7
45118 8
45119 9
45120 0
45121 1
45122 2
45123 3
45124 4
45125 5
45126 6
45127 7
45128 8
45129 9
45130 0
45131 1
45132 2
45133 3
45134 4
45135 5
45136 6
45137 7
45138 8
45139 9
45140 0
45141 1
45142 2
45143 3
45144 4
45145 5
45146 6
45147 7
45148 8
45149 9
45150 0
45151 1
45152 2
45153 3
45154 4
45155 5
45156 6
45157 7
45158 8
45159 9
45160 0
45161 1
45162 2
45163 3
45164 4
45165 5
45166 6
45167 7
45168 8
45169 9
45170 0
45171 1
45172 2
45173 3
45174 4
45175 5
45176 6
45177 7
45178 8
45179 9
45180 0
45181 1
45182 2
45183 3
45184 4
45185 5
45186 6
45187 7
45188 8
45189 9
45190 0
45191 1
45192 2
45193 3
45194 4
45195 5
45196 6
45197 7
45198 8
45199 9
45200 0
45201 1
45202 2
45203 3
45204 4
45205 5
45206 6
45207 7
45208 8
45209 9
45210 0
45211 1
45212 2
45213 3
45214 4
45215 5
45216 6
45217 7
45218 8
45219 9
45220 0
45221 1
45222 2
45223 3
45224 4
45225 5
45226 6
45227 7
45228 8
45229 9
45230 0
45231 1
45232 2
45233 3
45234 4
45235 5
45236 6
45237 7
45238 8
45239 9
45240 0
45241 1
45242 2
45243 3
45244 4
45245 5
45246 6
45247 7
45248 8
45249 9
45250 0
45251 1
45252 2
45253 3
45254 4
45255 5
45256 6
45257 7
45258 8
45259 9
45260 0
45261 1
45262 2
45263 3
45264 4
45265 5
45266 6
45267 7
45268 8
45269 9
45270 0
45271 1
45272 2
45273 3
45274 4
45275 5
45276 6
45277 7
45278 8
45279 9
45280 0
45281 1
45282 2
45283 3
45284 4
45285 5
45286 6
45287 7
45288 8
45289 9
45290 0
45291 1
45292 2
45293 3
45294 4
45295 5
45296 6
45297 7
45298 8
45299 9
45300 0
45301 1
45302 2
45303 3
45304 4
45305 5
45306 6
45307 7
45308 8
45309 9
45310 0
45311 1
45312 2
45313 3
45314 4
45315 5
45316 6
45317 7
45318 8
45319 9
45320 0
45321 1
45322 2
45323 3
45324 4
45325 5
45326 6
45327 7
45328 8
45329 9
45330 0
45331 1
45332 2
45333 3
45334 4
45335 5
45336 6
45337 7
45338 8
45339 9
45340 0
45341 1
45342 2
45343 3
45344 4
45345 5
45346 6
45347 7
45348 8
45349 9
45350 0
45351 1
45352 2
45353 3
45354 4
45355 5
45356 6
45357 7
45358 8
45359 9
45360 0
45361 1
45362 2
45363 3
45364 4
45365 5
45366 6
45367 7
45368 8
45369 9
45370 0
45371 1
45372 2
45373 3
45374 4
45375 5
45376 6
45377 7
45378 8
45379 9
45380 0
45381 1
45382 2
45383 3
45384 4
45385 5
45386 6
45387 7
45388 8
45389 9
45390 0
45391 1
45392 2
45393 3
45394 4
45395 5
45396 6
45397 7
45398 8
45399 9
45400 0
45401 1
45402 2
45403 3
45404 4
45405 5
45406 6
45407 7
45408 8
45409 9
45410 0
45411 1
45412 2
45413 3
45414 4
45415 5
45416 6
45417 7
45418 8
45419 9
45420 0
45421 1
45422 2
45423 3
45424 4
45425 5
45426 6
45427 7
45428 8
45429 9
45430 0
45431 1
45432 2
45433 3
45434 4
45435 5
45436 6
45437 7
45438 8
45439 9
45440 0
45441 1
45442 2
45443 3
45444 4
45445 5
45446 6
45447 7
45448 8
45449 9
45450 0
45451 1
45452 2
45453 3
45454 4
45455 5
45456 6
45457 7
45458 8
45459 9
45460 0
45461 1
45462 2
45463 3
45464 4
45465 5
45466 6
45467 7
45468 8
45469 9
45470 0
45471 1
45472 2
45473 3
45474 4
45475 5
45476 6
45477 7
45478 8
45479 9
45480 0
45481 1
45482 2
45483 3
45484 4
45485 5
45486 6
45487 7
45488 8
45489 9
45490 0
45491 1
45492 2
45493 3
45494 4
45495 5
45496 6
45497 7
45498 8
45499 9
45500 0
45501 1
45502 2
45503 3
45504 4
45505 5
45506 6
45507 7
45508 8
45509 9
45510 0
45511 1
45512 2
45513 3
45514 4
45515 5
45516 6
45517 7
45518 8
45519 9
45520 0
45521 1
45522 2
45523 3
45524 4
45525 5
45526 6
45527 7
45528 8
45529 9
45530 0
45531 1
45532 2
45533 3
45534 4
45535 5
45536 6
45537 7
45538 8
45539 9
45540 0
45541 1
45542 2
45543 3
45544 4
45545 5
45546 6
45547 7
45548 8
45549 9
45550 0
45551 1
45552 2
45553 3
45554 4
45555 5
45556 6
45557 7
45558 8
45559 9
45560 0
45561 1
45562 2
45563 3
45564 4
45565 5
45566 6
45567 7
45568 8
45569 9
45570 0
45571 1
45572 2
45573 3
45574 4
45575 5
45576 6
45577 7
45578 8
45579 9
45580 0
45581 1
45582 2
45583 3
45584 4
45585 5
45586 6
45587 7
45588 8
45589 9
45590 0
45591 1
45592 2
45593 3
45594 4
45595 5
45596 6
45597 7
45598 8
45599 9
45600 0
45601 1
45602 2
45603 3
45604 4
45605 5
45606 6
45607 7
45608 8
45609 9
45610 0
45611 1
45612 2
45613 3
45614 4
45615 5
45616 6
45617 7
45618 8
45619 9
45620 0
45621 1
45622 2
45623 3
45624 4
45625 5
45626 6
45627 7
45628 8
45629 9
45630 0
45631 1
45632 2
45633 3
45634 4
45635 5
45636 6
45637 7
45638 8
45639 9
45640 0
45641 1
45642 2
45643 3
45644 4
45645 5
45646 6
45647 7
45648 8
45649 9
45650 0
45651 1
45652 2
45653 3
45654 4
45655 5
45656 6
45657 7
45658 8
45659 9
45660 0
45661 1
45662 2
45663 3
45664 4
45665 5
45666 6
45667 7
45668 8
45669 9
45670 0
45671 1
45672 2
45673 3
45674 4
45675 5
45676 6
45677 7
45678 8
45679 9
45680 0
45681 1
45682 2
45683 3
45684 4
45685 5
45686 6
45687 7
45688 8
45689 9
45690 0
45691 1
45692 2
45693 3
45694 4
45695 5
45696 6
45697 7
45698 8
45699 9
45700 0
45701 1
45702 2
45703 3
45704 4
45705 5
45706 6
45707 7
45708 8
45709 9
45710 0
45711 1
45712 2
45713 3
45714 4
45715 5
45716 6
45717 7
45718 8
45719 9
45720 0
45721 1
45722 2
45723 3
45724 4
45725 5
45726 6
45727 7
45728 8
45729 9
45730 0
45731 1
45732 2
45733 3
45734 4
45735 5
45736 6
45737 7
45738 8
45739 9
45740 0
45741 1
45742 2
45743 3
45744 4
45745 5
45746 6
45747 7
45748 8
45749 9
45750 0
45751 1
45752 2
45753 3
45754 4
45755 5
45756 6
45757 7
45758 8
45759 9
45760 0
45761 1
45762 2
45763 3
45764 4
45765 5
45766 6
45767 7
45768 8
45769 9
45770 0
45771 1
45772 2
45773 3
45774 4
45775 5
45776 6
45777 7
45778 8
45779 9
45780 0
45781 1
45782 2
45783 3
45784 4
45785 5
45786 6
45787 7
45788 8
45789 9
45790 0
45791 1
45792 2
45793 3
45794 4
45795 5
45796 6
45797 7
45798 8
45799 9
45800 0
45801 1
45802 2
45803 3
45804 4
45805 5
45806 6
45807 7
45808 8
45809 9
45810 0
45811 1
45812 2
45813 3
45814 4
45815 5
45816 6
45817 7
45818 8
45819 9
45820 0
45821 1
45822 2
45823 3
45824 4
45825 5
45826 6
45827 7
45828 8
45829 9
45830 0
45831 1
45832 2
45833 3
45834 4
45835 5
45836 6
45837 7
45838 8
45839 9
45840 0
45841 1
45842 2
45843 3
45844 4
45845 5
45846 6
45847 7
45848 8
45849 9
45850 0
45851 1
45852 2
45853 3
45854 4
45855 5
45856 6
45857 7
45858 8
45859 9
45860 0
45861 1
45862 2
45863 3
45864 4
45865 5
45866 6
45867 7
45868 8
45869 9
45870 0
45871 1
45872 2
45873 3
45874 4
45875 5
45876 6
45877 7
45878 8
45879 9
45880 0
45881 1
45882 2
45883 3
45884 4
45885 5
45886 6
45887 7
45888 8
45889 9
45890 0
45891 1
45892 2
45893 3
45894 4
45895 5
45896 6
45897 7
45898 8
45899 9
45900 0
45901 1
45902 2
45903 3
45904 4
45905 5
45906 6
45907 7
45908 8
45909 9
45910 0
45911 1
45912 2
45913 3
45914 4
45915 5
45916 6
45917 7
45918 8
45919 9
45920 0
45921 1
45922 2
45923 3
45924 4
45925 5
45926 6
45927 7
45928 8
45929 9
45930 0
45931 1
45932 2
45933 3
45934 4
45935 5
45936 6
45937 7
45938 8
45939 9
45940 0
45941 1
45942 2
45943 3
45944 4
45945 5
45946 6
45947 7
45948 8
45949 9
45950 0
45951 1
45952 2
45953 3
45954 4
45955 5
45956 6
45957 7
45958 8
45959 9
45960 0
45961 1
45962 2
45963 3
45964 4
45965 5
45966 6
45967 7
45968 8
45969 9
45970 0
45971 1
45972 2
45973 3
45974 4
45975 5
45976 6
45977 7
45978 8
45979 9
45980 0
45981 1
45982 2
45983 3
45984 4
45985 5
45986 6
45987 7
45988 8
45989 9
45990 0
45991 1
45992 2
45993 3
45994 4
45995 5
45996 6
45997 7
45998 8
45999 9
46000 0
46001 1
46002 2
46003 3
46004 4
46005 5
46006 6
46007 7
46008 8
46009 9
46010 0
46011 1
46012 2
46013 3
46014 4
46015 5
46016 6
46017 7
46018 8
46019 9
46020 0
46021 1
46022 2
46023 3
46024 4
46025 5
46026 6
46027 7
46028 8
46029 9
46030 0
46031 1
46032 2
46033 3
46034 4
46035 5
46036 6
46037 7
46038 8
46039 9
46040 0
46041 1
46042 2
46043 3
46044 4
46045 5
46046 6
46047 7
46048 8
46049 9
46050 0
46051 1
46052 2
46053 3
46054 4
46055 5
46056 6
46057 7
46058 8
46059 9
46060 0
46061 1
46062 2
46063 3
46064 4
46065 5
46066 6
46067 7
46068 8
46069 9
46070 0
46071 1
46072 2
46073 3
46074 4
46075 5
46076 6
46077 7
46078 8
46079 9
46080 0
46081 1
46082 2
46083 3
46084 4
46085 5
46086 6
46087 7
46088 8
46089 9
46090 0
46091 1
46092 2
46093 3
46094 4
46095 5
46096 6
46097 7
46098 8
46099 9
46100 0
46101 1
46102 2
46103 3
46104 4
46105 5
46106 6
46107 7
46108 8
46109 9
46110 0
46111 1
46112 2
46113 3
46114 4
46115 5
46116 6
46117 7
46118 8
46119 9
46120 0
46121 1
46122 2
46123 3
46124 4
46125 5
46126 6
46127 7
46128 8
46129 9
46130 0
46131 1
46132 2
46133 3
46134 4
46135 5
46136 6
46137 7
46138 8
46139 9
46140 0
46141 1
46142 2
46143 3
46144 4
46145 5
46146 6
46147 7
46148 8
46149 9
46150 0
46151 1
46152 2
46153 3
46154 4
46155 5
46156 6
46157 7
46158 8
46159 9
46160 0
46161 1
46162 2
46163 3
46164 4
46165 5
46166 6
46167 7
46168 8
46169 9
46170 0
46171 1
46172 2
46173 3
46174 4
46175 5
46176 6
46177 7
46178 8
46179 9
46180 0
46181 1
46182 2
46183 3
46184 4
46185 5
46186 6
46187 7
46188 8
46189 9
46190 0
46191 1
46192 2
46193 3
46194 4
46195 5
46196 6
46197 7
46198 8
46199 9
46200 0
46201 1
46202 2
46203 3
46204 4
46205 5
46206 6
46207 7
46208 8
46209 9
46210 0
46211 1
46212 2
46213 3
46214 4
46215 5
46216 6
46217 7
46218 8
46219 9
46220 0
46221 1
46222 2
46223 3
46224 4
46225 5
46226 6
46227 7
46228 8
46229 9
46230 0
46231 1
46232 2
46233 3
46234 4
46235 5
46236 6
46237 7
46238 8
46239 9
46240 0
46241 1
46242 2
46243 3
46244 4
46245 5
46246 6
46247 7
46248 8
46249 9
46250 0
46251 1
46252 2
46253 3
46254 4
46255 5
46256 6
46257 7
46258 8
46259 9
46260 0
46261 1
46262 2
46263 3
46264 4
46265 5
46266 6
46267 7
46268 8
46269 9
46270 0
46271 1
46272 2
46273 3
46274 4
46275 5
46276 6
46277 7
46278 8
46279 9
46280 0
46281 1
46282 2
46283 3
46284 4
46285 5
46286 6
46287 7
46288 8
46289 9
46290 0
46291 1
46292 2
46293 3
46294 4
46295 5
46296 6
46297 7
46298 8
46299 9
46300 0
46301 1
46302 2
46303 3
46304 4
46305 5
46306 6
46307 7
46308 8
46309 9
46310 0
46311 1
46312 2
46313 3
46314 4
46315 5
46316 6
46317 7
46318 8
46319 9
46320 0
46321 1
46322 2
46323 3
46324 4
46325 5
46326 6
46327 7
46328 8
46329 9
46330 0
46331 1
46332 2
46333 3
46334 4
46335 5
46336 6
46337 7
46338 8
46339 9
46340 0
46341 1
46342 2
46343 3
46344 4
46345 5
46346 6
46347 7
46348 8
46349 9
46350 0
46351 1
46352 2
46353 3
46354 4
46355 5
46356 6
46357 7
46358 8
46359 9
46360 0
46361 1
46362 2
46363 3
46364 4
46365 5
46366 6
46367 7
46368 8
46369 9
46370 0
46371 1
46372 2
46373 3
46374 4
46375 5
46376 6
46377 7
46378 8
46379 9
46380 0
46381 1
46382 2
46383 3
46384 4
46385 5
46386 6
46387 7
46388 8
46389 9
46390 0
46391 1
46392 2
46393 3
46394 4
46395 5
46396 6
46397 7
46398 8
46399 9
46400 0
46401 1
46402 2
46403 3
46404 4
46405 5
46406 6
46407 7
46408 8
46409 9
46410 0
46411 1
46412 2
46413 3
46414 4
46415 5
46416 6
46417 7
46418 8
46419 9
46420 0
46421 1
46422 2
46423 3
46424 4
46425 5
46426 6
46427 7
46428 8
46429 9
46430 0
46431 1
46432 2
46433 3
46434 4
46435 5
46436 6
46437 7
46438 8
46439 9
46440 0
46441 1
46442 2
46443 3
46444 4
46445 5
46446 6
46447 7
46448 8
46449 9
46450 0
46451 1
46452 2
46453 3
46454 4
46455 5
46456 6
46457 7
46458 8
46459 9
46460 0
46461 1
46462 2
46463 3
46464 4
46465 5
46466 6
46467 7
46468 8
46469 9
46470 0
46471 1
46472 2
46473 3
46474 4
46475 5
46476 6
46477 7
46478 8
46479 9
46480 0
46481 1
46482 2
46483 3
46484 4
46485 5
46486 6
46487 7
46488 8
46489 9
46490 0
46491 1
46492 2
46493 3
46494 4
46495 5
46496 6
46497 7
46498 8
46499 9
46500 0
46501 1
46502 2
46503 3
46504 4
46505 5
46506 6
46507 7
46508 8
46509 9
46510 0
46511 1
46512 2
46513 3
46514 4
46515 5
46516 6
46517 7
46518 8
46519 9
46520 0
46521 1
46522 2
46523 3
46524 4
46525 5
46526 6
46527 7
46528 8
46529 9
46530 0
46531 1
46532 2
46533 3
46534 4
46535 5
46536 6
46537 7
46538 8
46539 9
46540 0
46541 1
46542 2
46543 3
46544 4
46545 5
46546 6
46547 7
46548 8
46549 9
46550 0
46551 1
46552 2
46553 3
46554 4
46555 5
46556 6
46557 7
46558 8
46559 9
46560 0
46561 1
46562 2
46563 3
46564 4
46565 5
46566 6
46567 7
46568 8
46569 9
46570 0
46571 1
46572 2
46573 3
46574 4
46575 5
46576 6
46577 7
46578 8
46579 9
46580 0
46581 1
46582 2
46583 3
46584 4
46585 5
46586 6
46587 7
46588 8
46589 9
46590 0
46591 1
46592 2
46593 3
46594 4
46595 5
46596 6
46597 7
46598 8
46599 9
46600 0
46601 1
46602 2
46603 3
46604 4
46605 5
46606 6
46607 7
46608 8
46609 9
46610 0
46611 1
46612 2
46613 3
46614 4
46615 5
46616 6
46617 7
46618 8
46619 9
46620 0
46621 1
46622 2
46623 3
46624 4
46625 5
46626 6
46627 7
46628 8
46629 9
46630 0
46631 1
46632 2
46633 3
46634 4
46635 5
46636 6
46637 7
46638 8
46639 9
46640 0
46641 1
46642 2
46643 3
46644 4
46645 5
46646 6
46647 7
46648 8
46649 9
46650 0
46651 1
46652 2
46653 3
46654 4
46655 5
46656 6
46657 7
46658 8
46659 9
46660 0
46661 1
46662 2
46663 3
46664 4
46665 5
46666 6
46667 7
46668 8
46669 9
46670 0
46671 1
46672 2
46673 3
46674 4
46675 5
46676 6
46677 7
46678 8
46679 9
46680 0
46681 1
46682 2
46683 3
46684 4
46685 5
46686 6
46687 7
46688 8
46689 9
46690 0
46691 1
46692 2
46693 3
46694 4
46695 5
46696 6
46697 7
46698 8
46699 9
46700 0
46701 1
46702 2
46703 3
46704 4
46705 5
46706 6
46707 7
46708 8
46709 9
46710 0
46711 1
46712 2
46713 3
46714 4
46715 5
46716 6
46717 7
46718 8
46719 9
46720 0
46721 1
46722 2
46723 3
46724 4
46725 5
46726 6
46727 7
46728 8
46729 9
46730 0
46731 1
46732 2
46733 3
46734 4
46735 5
46736 6
46737 7
46738 8
46739 9
46740 0
46741 1
46742 2
46743 3
46744 4
46745 5
46746 6
46747 7
46748 8
46749 9
46750 0
46751 1
46752 2
46753 3
46754 4
46755 5
46756 6
46757 7
46758 8
46759 9
46760 0
46761 1
46762 2
46763 3
46764 4
46765 5
46766 6
46767 7
46768 8
46769 9
46770 0
46771 1
46772 2
46773 3
46774 4
46775 5
46776 6
46777 7
46778 8
46779 9
46780 0
46781 1
46782 2
46783 3
46784 4
46785 5
46786 6
46787 7
46788 8
46789 9
46790 0
46791 1
46792 2
46793 3
46794 4
46795 5
46796 6
46797 7
46798 8
46799 9
46800 0
46801 1
46802 2
46803 3
46804 4
46805 5
46806 6
46807 7
46808 8
46809 9
46810 0
46811 1
46812 2
46813 3
46814 4
46815 5
46816 6
46817 7
46818 8
46819 9
46820 0
46821 1
46822 2
46823 3
46824 4
46825 5
46826 6
46827 7
46828 8
46829 9
46830 0
46831 1
46832 2
46833 3
46834 4
46835 5
46836 6
46837 7
46838 8
46839 9
46840 0
46841 1
46842 2
46843 3
46844 4
46845 5
46846 6
46847 7
46848 8
46849 9
46850 0
46851 1
46852 2
46853 3
46854 4
46855 5
46856 6
46857 7
46858 8
46859 9
46860 0
46861 1
46862 2
46863 3
46864 4
46865 5
46866 6
46867 7
46868 8
46869 9
46870 0
46871 1
46872 2
46873 3
46874 4
46875 5
46876 6
46877 7
46878 8
46879 9
46880 0
46881 1
46882 2
46883 3
46884 4
46885 5
46886 6
46887 7
46888 8
46889 9
46890 0
46891 1
46892 2
46893 3
46894 4
46895 5
46896 6
46897 7
46898 8
46899 9
46900 0
46901 1
46902 2
46903 3
46904 4
46905 5
46906 6
46907 7
46908 8
46909 9
46910 0
46911 1
46912 2
46913 3
46914 4
46915 5
46916 6
46917 7
46918 8
46919 9
46920 0
46921 1
46922 2
46923 3
46924 4
46925 5
46926 6
46927 7
46928 8
46929 9
46930 0
46931 1
46932 2
46933 3
46934 4
46935 5
46936 6
46937 7
46938 8
46939 9
46940 0
46941 1
46942 2
46943 3
46944 4
46945 5
46946 6
46947 7
46948 8
46949 9
46950 0
46951 1
46952 2
46953 3
46954 4
46955 5
46956 6
46957 7
46958 8
46959 9
46960 0
46961 1
46962 2
46963 3
46964 4
46965 5
46966 6
46967 7
46968 8
46969 9
46970 0
46971 1
46972 2
46973 3
46974 4
46975 5
46976 6
46977 7
46978 8
46979 9
46980 0
46981 1
46982 2
46983 3
46984 4
46985 5
46986 6
46987 7
46988 8
46989 9
46990 0
46991 1
46992 2
46993 3
46994 4
46995 5
46996 6
46997 7
46998 8
46999 9
47000 0
47001 1
47002 2
47003 3
47004 4
47005 5
47006 6
47007 7
47008 8
47009 9
47010 0
47011 1
47012 2
47013 3
47014 4
47015 5
47016 6
47017 7
47018 8
47019 9
47020 0
47021 1
47022 2
47023 3
47024 4
47025 5
47026 6
47027 7
47028 8
47029 9
47030 0
47031 1
47032 2
47033 3
47034 4
47035 5
47036 6
47037 7
47038 8
47039 9
47040 0
47041 1
47042 2
47043 3
47044 4
47045 5
47046 6
47047 7
47048 8
47049 9
47050 0
47051 1
47052 2
47053 3
47054 4
47055 5
47056 6
47057 7
47058 8
47059 9
47060 0
47061 1
47062 2
47063 3
47064 4
47065 5
47066 6
47067 7
47068 8
47069 9
47070 0
47071 1
47072 2
47073 3
47074 4
47075 5
47076 6
47077 7
47078 8
47079 9
47080 0
47081 1
47082 2
47083 3
47084 4
47085 5
47086 6
47087 7
47088 8
47089 9
47090 0
47091 1
47092 2
47093 3
47094 4
47095 5
47096 6
47097 7
47098 8
47099 9
47100 0
47101 1
47102 2
47103 3
47104 4
47105 5
47106 6
47107 7
47108 8
47109 9
47110 0
47111 1
47112 2
47113 3
47114 4
47115 5
47116 6
47117 7
47118 8
47119 9
47120 0
47121 1
47122 2
47123 3
47124 4
47125 5
47126 6
47127 7
47128 8
47129 9
47130 0
47131 1
47132 2
47133 3
47134 4
47135 5
47136 6
47137 7
47138 8
47139 9
47140 0
47141 1
47142 2
47143 3
47144 4
47145 5
47146 6
47147 7
47148 8
47149 9
47150 0
47151 1
47152 2
47153 3
47154 4
47155 5
47156 6
47157 7
47158 8
47159 9
47160 0
47161 1
47162 2
47163 3
47164 4
47165 5
47166 6
47167 7
47168 8
47169 9
47170 0
47171 1
47172 2
47173 3
47174 4
47175 5
47176 6
47177 7
47178 8
47179 9
47180 0
47181 1
47182 2
47183 3
47184 4
47185 5
47186 6
47187 7
47188 8
47189 9
47190 0
47191 1
47192 2
47193 3
47194 4
47195 5
47196 6
47197 7
47198 8
47199 9
47200 0
47201 1
47202 2
47203 3
47204 4
47205 5
47206 6
47207 7
47208 8
47209 9
47210 0
47211 1
47212 2
47213 3
47214 4
47215 5
47216 6
47217 7
47218 8
47219 9
47220 0
47221 1
47222 2
47223 3
47224 4
47225 5
47226 6
47227 7
47228 8
47229 9
47230 0
47231 1
47232 2
47233 3
47234 4
47235 5
47236 6
47237 7
47238 8
47239 9
47240 0
47241 1
47242 2
47243 3
47244 4
47245 5
47246 6
47247 7
47248 8
47249 9
47250 0
47251 1
47252 2
47253 3
47254 4
47255 5
47256 6
47257 7
47258 8
47259 9
47260 0
47261 1
47262 2
47263 3
47264 4
47265 5
47266 6
47267 7
47268 8
47269 9
47270 0
47271 1
47272 2
47273 3
47274 4
47275 5
47276 6
47277 7
47278 8
47279 9
47280 0
47281 1
47282 2
47283 3
47284 4
47285 5
47286 6
47287 7
47288 8
47289 9
47290 0
47291 1
47292 2
47293 3
47294 4
47295 5
47296 6
47297 7
47298 8
47299 9
47300 0
47301 1
47302 2
47303 3
47304 4
47305 5
47306 6
47307 7
47308 8
47309 9
47310 0
47311 1
47312 2
47313 3
47314 4
47315 5
47316 6
47317 7
47318 8
47319 9
47320 0
47321 1
47322 2
47323 3
47324 4
47325 5
47326 6
47327 7
47328 8
47329 9
47330 0
47331 1
47332 2
47333 3
47334 4
47335 5
47336 6
47337 7
47338 8
47339 9
47340 0
47341 1
47342 2
47343 3
47344 4
47345 5
47346 6
47347 7
47348 8
47349 9
47350 0
47351 1
47352 2
47353 3
47354 4
47355 5
47356 6
47357 7
47358 8
47359 9
47360 0
47361 1
47362 2
47363 3
47364 4
47365 5
47366 6
47367 7
47368 8
47369 9
47370 0
47371 1
47372 2
47373 3
47374 4
47375 5
47376 6
47377 7
47378 8
47379 9
47380 0
47381 1
47382 2
47383 3
47384 4
47385 5
47386 6
47387 7
47388 8
47389 9
47390 0
47391 1
47392 2
47393 3
47394 4
47395 5
47396 6
47397 7
47398 8
47399 9
47400 0
47401 1
47402 2
47403 3
47404 4
47405 5
47406 6
47407 7
47408 8
47409 9
47410 0
47411 1
47412 2
47413 3
47414 4
47415 5
47416 6
47417 7
47418 8
47419 9
47420 0
47421 1
47422 2
47423 3
47424 4
47425 5
47426 6
47427 7
47428 8
47429 9
47430 0
47431 1
47432 2
47433 3
47434 4
47435 5
47436 6
47437 7
47438 8
47439 9
47440 0
47441 1
47442 2
47443 3
47444 4
47445 5
47446 6
47447 7
47448 8
47449 9
47450 0
47451 1
47452 2
47453 3
47454 4
47455 5
47456 6
47457 7
47458 8
47459 9
47460 0
47461 1
47462 2
47463 3
47464 4
47465 5
47466 6
47467 7
47468 8
47469 9
47470 0
47471 1
47472 2
47473 3
47474 4
47475 5
47476 6
47477 7
47478 8
47479 9
47480 0
47481 1
47482 2
47483 3
47484 4
47485 5
47486 6
47487 7
47488 8
47489 9
47490 0
47491 1
47492 2
47493 3
47494 4
47495 5
47496 6
47497 7
47498 8
47499 9
47500 0
47501 1
47502 2
47503 3
47504 4
47505 5
47506 6
47507 7
47508 8
47509 9
47510 0
47511 1
47512 2
47513 3
47514 4
47515 5
47516 6
47517 7
47518 8
47519 9
47520 0
47521 1
47522 2
47523 3
47524 4
47525 5
47526 6
47527 7
47528 8
47529 9
47530 0
47531 1
47532 2
47533 3
47534 4
47535 5
47536 6
47537 7
47538 8
47539 9
47540 0
47541 1
47542 2
47543 3
47544 4
47545 5
47546 6
47547 7
47548 8
47549 9
47550 0
47551 1
47552 2
47553 3
47554 4
47555 5
47556 6
47557 7
47558 8
47559 9
47560 0
47561 1
47562 2
47563 3
47564 4
47565 5
47566 6
47567 7
47568 8
47569 9
47570 0
47571 1
47572 2
47573 3
47574 4
47575 5
47576 6
47577 7
47578 8
47579 9
47580 0
47581 1
47582 2
47583 3
47584 4
47585 5
47586 6
47587 7
47588 8
47589 9
47590 0
47591 1
47592 2
47593 3
47594 4
47595 5
47596 6
47597 7
47598 8
47599 9
47600 0
47601 1
47602 2
47603 3
47604 4
47605 5
47606 6
47607 7
47608 8
47609 9
47610 0
47611 1
47612 2
47613 3
47614 4
47615 5
47616 6
47617 7
47618 8
47619 9
47620 0
47621 1
47622 2
47623 3
47624 4
47625 5
47626 6
47627 7
47628 8
47629 9
47630 0
47631 1
47632 2
47633 3
47634 4
47635 5
47636 6
47637 7
47638 8
47639 9
47640 0
47641 1
47642 2
47643 3
47644 4
47645 5
47646 6
47647 7
47648 8
47649 9
47650 0
47651 1
47652 2
47653 3
47654 4
47655 5
47656 6
47657 7
47658 8
47659 9
47660 0
47661 1
47662 2
47663 3
47664 4
47665 5
47666 6
47667 7
47668 8
47669 9
47670 0
47671 1
47672 2
47673 3
47674 4
47675 5
47676 6
47677 7
47678 8
47679 9
47680 0
47681 1
47682 2
47683 3
47684 4
47685 5
47686 6
47687 7
47688 8
47689 9
47690 0
47691 1
47692 2
47693 3
47694 4
47695 5
47696 6
47697 7
47698 8
47699 9
47700 0
47701 1
47702 2
47703 3
47704 4
47705 5
47706 6
47707 7
47708 8
47709 9
47710 0
47711 1
47712 2
47713 3
47714 4
47715 5
47716 6
47717 7
47718 8
47719 9
47720 0
47721 1
47722 2
47723 3
47724 4
47725 5
47726 6
47727 7
47728 8
47729 9
47730 0
47731 1
47732 2
47733 3
47734 4
47735 5
47736 6
47737 7
47738 8
47739 9
47740 0
47741 1
47742 2
47743 3
47744 4
47745 5
47746 6
47747 7
47748 8
47749 9
47750 0
47751 1
47752 2
47753 3
47754 4
47755 5
47756 6
47757 7
47758 8
47759 9
47760 0
47761 1
47762 2
47763 3
47764 4
47765 5
47766 6
47767 7
47768 8
47769 9
47770 0
47771 1
47772 2
47773 3
47774 4
47775 5
47776 6
47777 7
47778 8
47779 9
47780 0
47781 1
47782 2
47783 3
47784 4
47785 5
47786 6
47787 7
47788 8
47789 9
47790 0
47791 1
47792 2
47793 3
47794 4
47795 5
47796 6
47797 7
47798 8
47799 9
47800 0
47801 1
47802 2
47803 3
47804 4
47805 5
47806 6
47807 7
47808 8
47809 9
47810 0
47811 1
47812 2
47813 3
47814 4
47815 5
47816 6
47817 7
47818 8
47819 9
47820 0
47821 1
47822 2
47823 3
47824 4
47825 5
47826 6
47827 7
47828 8
47829 9
47830 0
47831 1
47832 2
47833 3
47834 4
47835 5
47836 6
47837 7
47838 8
47839 9
47840 0
47841 1
47842 2
47843 3
47844 4
47845 5
47846 6
47847 7
47848 8
47849 9
47850 0
47851 1
47852 2
47853 3
47854 4
47855 5
47856 6
47857 7
47858 8
47859 9
47860 0
47861 1
47862 2
47863 3
47864 4
47865 5
47866 6
47867 7
47868 8
47869 9
47870 0
47871 1
47872 2
47873 3
47874 4
47875 5
47876 6
47877 7
47878 8
47879 9
47880 0
47881 1
47882 2
47883 3
47884 4
47885 5
47886 6
47887 7
47888 8
47889 9
47890 0
47891 1
47892 2
47893 3
47894 4
47895 5
47896 6
47897 7
47898 8
47899 9
47900 0
47901 1
47902 2
47903 3
47904 4
47905 5
47906 6
47907 7
47908 8
47909 9
47910 0
47911 1
47912 2
47913 3
47914 4
47915 5
47916 6
47917 7
47918 8
47919 9
47920 0
47921 1
47922 2
47923 3
47924 4
47925 5
47926 6
47927 7
47928 8
47929 9
47930 0
47931 1
47932 2
47933 3
47934 4
47935 5
47936 6
47937 7
47938 8
47939 9
47940 0
47941 1
47942 2
47943 3
47944 4
47945 5
47946 6
47947 7
47948 8
47949 9
47950 0
47951 1
47952 2
47953 3
47954 4
47955 5
47956 6
47957 7
47958 8
47959 9
47960 0
47961 1
47962 2
47963 3
47964 4
47965 5
47966 6
47967 7
47968 8
47969 9
47970 0
47971 1
47972 2
47973 3
47974 4
47975 5
47976 6
47977 7
47978 8
47979 9
47980 0
47981 1
47982 2
47983 3
47984 4
47985 5
47986 6
47987 7
47988 8
47989 9
47990 0
47991 1
47992 2
47993 3
47994 4
47995 5
47996 6
47997 7
47998 8
47999 9
48000 0
48001 1
48002 2
48003 3
48004 4
48005 5
48006 6
48007 7
48008 8
48009 9
48010 0
48011 1
48012 2
48013 3
48014 4
48015 5
48016 6
48017 7
48018 8
48019 9
48020 0
48021 1
48022 2
48023 3
48024 4
48025 5
48026 6
48027 7
48028 8
48029 9
48030 0
48031 1
48032 2
48033 3
48034 4
48035 5
48036 6
48037 7
48038 8
48039 9
48040 0
48041 1
48042 2
48043 3
48044 4
48045 5
48046 6
48047 7
48048 8
48049 9
48050 0
48051 1
48052 2
48053 3
48054 4
48055 5
48056 6
48057 7
48058 8
48059 9
48060 0
48061 1
48062 2
48063 3
48064 4
48065 5
48066 6
48067 7
48068 8
48069 9
48070 0
48071 1
48072 2
48073 3
48074 4
48075 5
48076 6
48077 7
48078 8
48079 9
48080 0
48081 1
48082 2
48083 3
48084 4
48085 5
48086 6
48087 7
48088 8
48089 9
48090 0
48091 1
48092 2
48093 3
48094 4
48095 5
48096 6
48097 7
48098 8
48099 9
48100 0
48101 1
48102 2
48103 3
48104 4
48105 5
48106 6
48107 7
48108 8
48109 9
48110 0
48111 1
48112 2
48113 3
48114 4
48115 5
48116 6
48117 7
48118 8
48119 9
48120 0
48121 1
48122 2
48123 3
48124 4
48125 5
48126 6
48127 7
48128 8
48129 9
48130 0
48131 1
48132 2
48133 3
48134 4
48135 5
48136 6
48137 7
48138 8
48139 9
48140 0
48141 1
48142 2
48143 3
48144 4
48145 5
48146 6
48147 7
48148 8
48149 9
48150 0
48151 1
48152 2
48153 3
48154 4
48155 5
48156 6
48157 7
48158 8
48159 9
48160 0
48161 1
48162 2
48163 3
48164 4
48165 5
48166 6
48167 7
48168 8
48169 9
48170 0
48171 1
48172 2
48173 3
48174 4
48175 5
48176 6
48177 7
48178 8
48179 9
48180 0
48181 1
48182 2
48183 3
48184 4
48185 5
48186 6
48187 7
48188 8
48189 9
48190 0
48191 1
48192 2
48193 3
48194 4
48195 5
48196 6
48197 7
48198 8
48199 9
48200 0
48201 1
48202 2
48203 3
48204 4
48205 5
48206 6
48207 7
48208 8
48209 9
48210 0
48211 1
48212 2
48213 3
48214 4
48215 5
48216 6
48217 7
48218 8
48219 9
48220 0
48221 1
48222 2
48223 3
48224 4
48225 5
48226 6
48227 7
48228 8
48229 9
48230 0
48231 1
48232 2
48233 3
48234 4
48235 5
48236 6
48237 7
48238 8
48239 9
48240 0
48241 1
48242 2
48243 3
48244 4
48245 5
48246 6
48247 7
48248 8
48249 9
48250 0
48251 1
48252 2
48253 3
48254 4
48255 5
48256 6
48257 7
48258 8
48259 9
48260 0
48261 1
48262 2
48263 3
48264 4
48265 5
48266 6
48267 7
48268 8
48269 9
48270 0
48271 1
48272 2
48273 3
48274 4
48275 5
48276 6
48277 7
48278 8
48279 9
48280 0
48281 1
48282 2
48283 3
48284 4
48285 5
48286 6
48287 7
48288 8
48289 9
48290 0
48291 1
48292 2
48293 3
48294 4
48295 5
48296 6
48297 7
48298 8
48299 9
48300 0
48301 1
48302 2
48303 3
48304 4
48305 5
48306 6
48307 7
48308 8
48309 9
48310 0
48311 1
48312 2
48313 3
48314 4
48315 5
48316 6
48317 7
48318 8
48319 9
48320 0
48321 1
48322 2
48323 3
48324 4
48325 5
48326 6
48327 7
48328 8
48329 9
48330 0
48331 1
48332 2
48333 3
48334 4
48335 5
48336 6
48337 7
48338 8
48339 9
48340 0
48341 1
48342 2
48343 3
48344 4
48345 5
48346 6
48347 7
48348 8
48349 9
48350 0
48351 1
48352 2
48353 3
48354 4
48355 5
48356 6
48357 7
48358 8
48359 9
48360 0
48361 1
48362 2
48363 3
48364 4
48365 5
48366 6
48367 7
48368 8
48369 9
48370 0
48371 1
48372 2
48373 3
48374 4
48375 5
48376 6
48377 7
48378 8
48379 9
48380 0
48381 1
48382 2
48383 3
48384 4
48385 5
48386 6
48387 7
48388 8
48389 9
48390 0
48391 1
48392 2
48393 3
48394 4
48395 5
48396 6
48397 7
48398 8
48399 9
48400 0
48401 1
48402 2
48403 3
48404 4
48405 5
48406 6
48407 7
48408 8
48409 9
48410 0
48411 1
48412 2
48413 3
48414 4
48415 5
48416 6
48417 7
48418 8
48419 9
48420 0
48421 1
48422 2
48423 3
48424 4
48425 5
48426 6
48427 7
48428 8
48429 9
48430 0
48431 1
48432 2
48433 3
48434 4
48435 5
48436 6
48437 7
48438 8
48439 9
48440 0
48441 1
48442 2
48443 3
48444 4
48445 5
48446 6
48447 7
48448 8
48449 9
48450 0
48451 1
48452 2
48453 3
48454 4
48455 5
48456 6
48457 7
48458 8
48459 9
48460 0
48461 1
48462 2
48463 3
48464 4
48465 5
48466 6
48467 7
48468 8
48469 9
48470 0
48471 1
48472 2
48473 3
48474 4
48475 5
48476 6
48477 7
48478 8
48479 9
48480 0
48481 1
48482 2
48483 3
48484 4
48485 5
48486 6
48487 7
48488 8
48489 9
48490 0
48491 1
48492 2
48493 3
48494 4
48495 5
48496 6
48497 7
48498 8
48499 9
48500 0
48501 1
48502 2
48503 3
48504 4
48505 5
48506 6
48507 7
48508 8
48509 9
48510 0
48511 1
48512 2
48513 3
48514 4
48515 5
48516 6
48517 7
48518 8
48519 9
48520 0
48521 1
48522 2
48523 3
48524 4
48525 5
48526 6
48527 7
48528 8
48529 9
48530 0
48531 1
48532 2
48533 3
48534 4
48535 5
48536 6
48537 7
48538 8
48539 9
48540 0
48541 1
48542 2
48543 3
48544 4
48545 5
48546 6
48547 7
48548 8
48549 9
48550 0
48551 1
48552 2
48553 3
48554 4
48555 5
48556 6
48557 7
48558 8
48559 9
48560 0
48561 1
48562 2
48563 3
48564 4
48565 5
48566 6
48567 7
48568 8
48569 9
48570 0
48571 1
48572 2
48573 3
48574 4
48575 5
48576 6
48577 7
48578 8
48579 9
48580 0
48581 1
48582 2
48583 3
48584 4
48585 5
48586 6
48587 7
48588 8
48589 9
48590 0
48591 1
48592 2
48593 3
48594 4
48595 5
48596 6
48597 7
48598 8
48599 9
48600 0
48601 1
48602 2
48603 3
48604 4
48605 5
48606 6
48607 7
48608 8
48609 9
48610 0
48611 1
48612 2
48613 3
48614 4
48615 5
48616 6
48617 7
48618 8
48619 9
48620 0
48621 1
48622 2
48623 3
48624 4
48625 5
48626 6
48627 7
48628 8
48629 9
48630 0
48631 1
48632 2
48633 3
48634 4
48635 5
48636 6
48637 7
48638 8
48639 9
48640 0
48641 1
48642 2
48643 3
48644 4
48645 5
48646 6
48647 7
48648 8
48649 9
48650 0
48651 1
48652 2
48653 3
48654 4
48655 5
48656 6
48657 7
48658 8
48659 9
48660 0
48661 1
48662 2
48663 3
48664 4
48665 5
48666 6
48667 7
48668 8
48669 9
48670 0
48671 1
48672 2
48673 3
48674 4
48675 5
48676 6
48677 7
48678 8
48679 9
48680 0
48681 1
48682 2
48683 3
48684 4
48685 5
48686 6
48687 7
48688 8
48689 9
48690 0
48691 1
48692 2
48693 3
48694 4
48695 5
48696 6
48697 7
48698 8
48699 9
48700 0
48701 1
48702 2
48703 3
48704 4
48705 5
48706 6
48707 7
48708 8
48709 9
48710 0
48711 1
48712 2
48713 3
48714 4
48715 5
48716 6
48717 7
48718 8
48719 9
48720 0
48721 1
48722 2
48723 3
48724 4
48725 5
48726 6
48727 7
48728 8
48729 9
48730 0
48731 1
48732 2
48733 3
48734 4
48735 5
48736 6
48737 7
48738 8
48739 9
48740 0
48741 1
48742 2
48743 3
48744 4
48745 5
48746 6
48747 7
48748 8
48749 9
48750 0
48751 1
48752 2
48753 3
48754 4
48755 5
48756 6
48757 7
48758 8
48759 9
48760 0
48761 1
48762 2
48763 3
48764 4
48765 5
48766 6
48767 7
48768 8
48769 9
48770 0
48771 1
48772 2
48773 3
48774 4
48775 5
48776 6
48777 7
48778 8
48779 9
48780 0
48781 1
48782 2
48783 3
48784 4
48785 5
48786 6
48787 7
48788 8
48789 9
48790 0
48791 1
48792 2
48793 3
48794 4
48795 5
48796 6
48797 7
48798 8
48799 9
48800 0
48801 1
48802 2
48803 3
48804 4
48805 5
48806 6
48807 7
48808 8
48809 9
48810 0
48811 1
48812 2
48813 3
48814 4
48815 5
48816 6
48817 7
48818 8
48819 9
48820 0
48821 1
48822 2
48823 3
48824 4
48825 5
48826 6
48827 7
48828 8
48829 9
48830 0
48831 1
48832 2
48833 3
48834 4
48835 5
48836 6
48837 7
48838 8
48839 9
48840 0
48841 1
48842 2
48843 3
48844 4
48845 5
48846 6
48847 7
48848 8
48849 9
48850 0
48851 1
48852 2
48853 3
48854 4
48855 5
48856 6
48857 7
48858 8
48859 9
48860 0
48861 1
48862 2
48863 3
48864 4
48865 5
48866 6
48867 7
48868 8
48869 9
48870 0
48871 1
48872 2
48873 3
48874 4
48875 5
48876 6
48877 7
48878 8
48879 9
48880 0
48881 1
48882 2
48883 3
48884 4
48885 5
48886 6
48887 7
48888 8
48889 9
48890 0
48891 1
48892 2
48893 3
48894 4
48895 5
48896 6
48897 7
48898 8
48899 9
48900 0
48901 1
48902 2
48903 3
48904 4
48905 5
48906 6
48907 7
48908 8
48909 9
48910 0
48911 1
48912 2
48913 3
48914 4
48915 5
48916 6
48917 7
48918 8
48919 9
48920 0
48921 1
48922 2
48923 3
48924 4
48925 5
48926 6
48927 7
48928 8
48929 9
48930 0
48931 1
48932 2
48933 3
48934 4
48935 5
48936 6
48937 7
48938 8
48939 9
48940 0
48941 1
48942 2
48943 3
48944 4
48945 5
48946 6
48947 7
48948 8
48949 9
48950 0
48951 1
48952 2
48953 3
48954 4
48955 5
48956 6
48957 7
48958 8
48959 9
48960 0
48961 1
48962 2
48963 3
48964 4
48965 5
48966 6
48967 7
48968 8
48969 9
48970 0
48971 1
48972 2
48973 3
48974 4
48975 5
48976 6
48977 7
48978 8
48979 9
48980 0
48981 1
48982 2
48983 3
48984 4
48985 5
48986 6
48987 7
48988 8
48989 9
48990 0
48991 1
48992 2
48993 3
48994 4
48995 5
48996 6
48997 7
48998 8
48999 9
49000 0
49001 1
49002 2
49003 3
49004 4
49005 5
49006 6
49007 7
49008 8
49009 9
49010 0
49011 1
49012 2
49013 3
49014 4
49015 5
49016 6
49017 7
49018 8
49019 9
49020 0
49021 1
49022 2
49023 3
49024 4
49025 5
49026 6
49027 7
49028 8
49029 9
49030 0
49031 1
49032 2
49033 3
49034 4
49035 5
49036 6
49037 7
49038 8
49039 9
49040 0
49041 1
49042 2
49043 3
49044 4
49045 5
49046 6
49047 7
49048 8
49049 9
49050 0
49051 1
49052 2
49053 3
49054 4
49055 5
49056 6
49057 7
49058 8
49059 9
49060 0
49061 1
49062 2
49063 3
49064 4
49065 5
49066 6
49067 7
49068 8
49069 9
49070 0
49071 1
49072 2
49073 3
49074 4
49075 5
49076 6
49077 7
49078 8
49079 9
49080 0
49081 1
49082 2
49083 3
49084 4
49085 5
49086 6
49087 7
49088 8
49089 9
49090 0
49091 1
49092 2
49093 3
49094 4
49095 5
49096 6
49097 7
49098 8
49099 9
49100 0
49101 1
49102 2
49103 3
49104 4
49105 5
49106 6
49107 7
49108 8
49109 9
49110 0
49111 1
49112 2
49113 3
49114 4
49115 5
49116 6
49117 7
49118 8
49119 9
49120 0
49121 1
49122 2
49123 3
49124 4
49125 5
49126 6
49127 7
49128 8
49129 9
49130 0
49131 1
49132 2
49133 3
49134 4
49135 5
49136 6
49137 7
49138 8
49139 9
49140 0
49141 1
49142 2
49143 3
49144 4
49145 5
49146 6
49147 7
49148 8
49149 9
49150 0
49151 1
49152 2
49153 3
49154 4
49155 5
49156 6
49157 7
49158 8
49159 9
49160 0
49161 1
49162 2
49163 3
49164 4
49165 5
49166 6
49167 7
49168 8
49169 9
49170 0
49171 1
49172 2
49173 3
49174 4
49175 5
49176 6
49177 7
49178 8
49179 9
49180 0
49181 1
49182 2
49183 3
49184 4
49185 5
49186 6
49187 7
49188 8
49189 9
49190 0
49191 1
49192 2
49193 3
49194 4
49195 5
49196 6
49197 7
49198 8
49199 9
49200 0
49201 1
49202 2
49203 3
49204 4
49205 5
49206 6
49207 7
49208 8
49209 9
49210 0
49211 1
49212 2
49213 3
49214 4
49215 5
49216 6
49217 7
49218 8
49219 9
49220 0
49221 1
49222 2
49223 3
49224 4
49225 5
49226 6
49227 7
49228 8
49229 9
49230 0
49231 1
49232 2
49233 3
49234 4
49235 5
49236 6
49237 7
49238 8
49239 9
49240 0
49241 1
49242 2
49243 3
49244 4
49245 5
49246 6
49247 7
49248 8
49249 9
49250 0
49251 1
49252 2
49253 3
49254 4
49255 5
49256 6
49257 7
49258 8
49259 9
49260 0
49261 1
49262 2
49263 3
49264 4
49265 5
49266 6
49267 7
49268 8
49269 9
49270 0
49271 1
49272 2
49273 3
49274 4
49275 5
49276 6
49277 7
49278 8
49279 9
49280 0
49281 1
49282 2
49283 3
49284 4
49285 5
49286 6
49287 7
49288 8
49289 9
49290 0
49291 1
49292 2
49293 3
49294 4
49295 5
49296 6
49297 7
49298 8
49299 9
49300 0
49301 1
49302 2
49303 3
49304 4
49305 5
49306 6
49307 7
49308 8
49309 9
49310 0
49311 1
49312 2
49313 3
49314 4
49315 5
49316 6
49317 7
49318 8
49319 9
49320 0
49321 1
49322 2
49323 3
49324 4
49325 5
49326 6
49327 7
49328 8
49329 9
49330 0
49331 1
49332 2
49333 3
49334 4
49335 5
49336 6
49337 7
49338 8
49339 9
49340 0
49341 1
49342 2
49343 3
49344 4
49345 5
49346 6
49347 7
49348 8
49349 9
49350 0
49351 1
49352 2
49353 3
49354 4
49355 5
49356 6
49357 7
49358 8
49359 9
49360 0
49361 1
49362 2
49363 3
49364 4
49365 5
49366 6
49367 7
49368 8
49369 9
49370 0
49371 1
49372 2
49373 3
49374 4
49375 5
49376 6
49377 7
49378 8
49379 9
49380 0
49381 1
49382 2
49383 3
49384 4
49385 5
49386 6
49387 7
49388 8
49389 9
49390 0
49391 1
49392 2
49393 3
49394 4
49395 5
49396 6
49397 7
49398 8
49399 9
49400 0
49401 1
49402 2
49403 3
49404 4
49405 5
49406 6
49407 7
49408 8
49409 9
49410 0
49411 1
49412 2
49413 3
49414 4
49415 5
49416 6
49417 7
49418 8
49419 9
49420 0
49421 1
49422 2
49423 3
49424 4
49425 5
49426 6
49427 7
49428 8
49429 9
49430 0
49431 1
49432 2
49433 3
49434 4
49435 5
49436 6
49437 7
49438 8
49439 9
49440 0
49441 1
49442 2
49443 3
49444 4
49445 5
49446 6
49447 7
49448 8
49449 9
49450 0
49451 1
49452 2
49453 3
49454 4
49455 5
49456 6
49457 7
49458 8
49459 9
49460 0
49461 1
49462 2
49463 3
49464 4
49465 5
49466 6
49467 7
49468 8
49469 9
49470 0
49471 1
49472 2
49473 3
49474 4
49475 5
49476 6
49477 7
49478 8
49479 9
49480 0
49481 1
49482 2
49483 3
49484 4
49485 5
49486 6
49487 7
49488 8
49489 9
49490 0
49491 1
49492 2
49493 3
49494 4
49495 5
49496 6
49497 7
49498 8
49499 9
49500 0
49501 1
49502 2
49503 3
49504 4
49505 5
49506 6
49507 7
49508 8
49509 9
49510 0
49511 1
49512 2
49513 3
49514 4
49515 5
49516 6
49517 7
49518 8
49519 9
49520 0
49521 1
49522 2
49523 3
49524 4
49525 5
49526 6
49527 7
49528 8
49529 9
49530 0
49531 1
49532 2
49533 3
49534 4
49535 5
49536 6
49537 7
49538 8
49539 9
49540 0
49541 1
49542 2
49543 3
49544 4
49545 5
49546 6
49547 7
49548 8
49549 9
49550 0
49551 1
49552 2
49553 3
49554 4
49555 5
49556 6
49557 7
49558 8
49559 9
49560 0
49561 1
49562 2
49563 3
49564 4
49565 5
49566 6
49567 7
49568 8
49569 9
49570 0
49571 1
49572 2
49573 3
49574 4
49575 5
49576 6
49577 7
49578 8
49579 9
49580 0
49581 1
49582 2
49583 3
49584 4
49585 5
49586 6
49587 7
49588 8
49589 9
49590 0
49591 1
49592 2
49593 3
49594 4
49595 5
49596 6
49597 7
49598 8
49599 9
49600 0
49601 1
49602 2
49603 3
49604 4
49605 5
49606 6
49607 7
49608 8
49609 9
49610 0
49611 1
49612 2
49613 3
49614 4
49615 5
49616 6
49617 7
49618 8
49619 9
49620 0
49621 1
49622 2
49623 3
49624 4
49625 5
49626 6
49627 7
49628 8
49629 9
49630 0
49631 1
49632 2
49633 3
49634 4
49635 5
49636 6
49637 7
49638 8
49639 9
49640 0
49641 1
49642 2
49643 3
49644 4
49645 5
49646 6
49647 7
49648 8
49649 9
49650 0
49651 1
49652 2
49653 3
49654 4
49655 5
49656 6
49657 7
49658 8
49659 9
49660 0
49661 1
49662 2
49663 3
49664 4
49665 5
49666 6
49667 7
49668 8
49669 9
49670 0
49671 1
49672 2
49673 3
49674 4
49675 5
49676 6
49677 7
49678 8
49679 9
49680 0
49681 1
49682 2
49683 3
49684 4
49685 5
49686 6
49687 7
49688 8
49689 9
49690 0
49691 1
49692 2
49693 3
49694 4
49695 5
49696 6
49697 7
49698 8
49699 9
49700 0
49701 1
49702 2
49703 3
49704 4
49705 5
49706 6
49707 7
49708 8
49709 9
49710 0
49711 1
49712 2
49713 3
49714 4
49715 5
49716 6
49717 7
49718 8
49719 9
49720 0
49721 1
49722 2
49723 3
49724 4
49725 5
49726 6
49727 7
49728 8
49729 9
49730 0
49731 1
49732 2
49733 3
49734 4
49735 5
49736 6
49737 7
49738 8
49739 9
49740 0
49741 1
49742 2
49743 3
49744 4
49745 5
49746 6
49747 7
49748 8
49749 9
49750 0
49751 1
49752 2
49753 3
49754 4
49755 5
49756 6
49757 7
49758 8
49759 9
49760 0
49761 1
49762 2
49763 3
49764 4
49765 5
49766 6
49767 7
49768 8
49769 9
49770 0
49771 1
49772 2
49773 3
49774 4
49775 5
49776 6
49777 7
49778 8
49779 9
49780 0
49781 1
49782 2
49783 3
49784 4
49785 5
49786 6
49787 7
49788 8
49789 9
49790 0
49791 1
49792 2
49793 3
49794 4
49795 5
49796 6
49797 7
49798 8
49799 9
49800 0
49801 1
49802 2
49803 3
49804 4
49805 5
49806 6
49807 7
49808 8
49809 9
49810 0
49811 1
49812 2
49813 3
49814 4
49815 5
49816 6
49817 7
49818 8
49819 9
49820 0
49821 1
49822 2
49823 3
49824 4
49825 5
49826 6
49827 7
49828 8
49829 9
49830 0
49831 1
49832 2
49833 3
49834 4
49835 5
49836 6
49837 7
49838 8
49839 9
49840 0
49841 1
49842 2
49843 3
49844 4
49845 5
49846 6
49847 7
49848 8
49849 9
49850 0
49851 1
49852 2
49853 3
49854 4
49855 5
49856 6
49857 7
49858 8
49859 9
49860 0
49861 1
49862 2
49863 3
49864 4
49865 5
49866 6
49867 7
49868 8
49869 9
49870 0
49871 1
49872 2
49873 3
49874 4
49875 5
49876 6
49877 7
49878 8
49879 9
49880 0
49881 1
49882 2
49883 3
49884 4
49885 5
49886 6
49887 7
49888 8
49889 9
49890 0
49891 1
49892 2
49893 3
49894 4
49895 5
49896 6
49897 7
49898 8
49899 9
49900 0
49901 1
49902 2
49903 3
49904 4
49905 5
49906 6
49907 7
49908 8
49909 9
49910 0
49911 1
49912 2
49913 3
49914 4
49915 5
49916 6
49917 7
49918 8
49919 9
49920 0
49921 1
49922 2
49923 3
49924 4
49925 5
49926 6
49927 7
49928 8
49929 9
49930 0
49931 1
49932 2
49933 3
49934 4
49935 5
49936 6
49937 7
49938 8
49939 9
49940 0
49941 1
49942 2
49943 3
49944 4
49945 5
49946 6
49947 7
49948 8
49949 9
49950 0
49951 1
49952 2
49953 3
49954 4
49955 5
49956 6
49957 7
49958 8
49959 9
49960 0
49961 1
49962 2
49963 3
49964 4
49965 5
49966 6
49967 7
49968 8
49969 9
49970 0
49971 1
49972 2
49973 3
49974 4
49975 5
49976 6
49977 7
49978 8
49979 9
49980 0
49981 1
49982 2
49983 3
49984 4
49985 5
49986 6
49987 7
49988 8
49989 9
49990 0
49991 1
49992 2
49993 3
49994 4
49995 5
49996 6
49997 7
49998 8
49999 9
50000 0
50001 1
50002 2
50003 3
50004 4
50005 5
50006 6
50007 7
50008 8
50009 9
50010 0
50011 1
50012 2
50013 3
50014 4
50015 5
50016 6
50017 7
50018 8
50019 9
50020 0
50021 1
50022 2
50023 3
50024 4
50025 5
50026 6
50027 7
50028 8
50029 9
50030 0
50031 1
50032 2
50033 3
50034 4
50035 5
50036 6
50037 7
50038 8
50039 9
50040 0
50041 1
50042 2
50043 3
50044 4
50045 5
50046 6
50047 7
50048 8
50049 9
50050 0
50051 1
50052 2
50053 3
50054 4
50055 5
50056 6
50057 7
50058 8
50059 9
50060 0
50061 1
50062 2
50063 3
50064 4
50065 5
50066 6
50067 7
50068 8
50069 9
50070 0
50071 1
50072 2
50073 3
50074 4
50075 5
50076 6
50077 7
50078 8
50079 9
50080 0
50081 1
50082 2
50083 3
50084 4
50085 5
50086 6
50087 7
50088 8
50089 9
50090 0
50091 1
50092 2
50093 3
50094 4
50095 5
50096 6
50097 7
50098 8
50099 9
50100 0
50101 1
50102 2
50103 3
50104 4
50105 5
50106 6
50107 7
50108 8
50109 9
50110 0
50111 1
50112 2
50113 3
50114 4
50115 5
50116 6
50117 7
50118 8
50119 9
50120 0
50121 1
50122 2
50123 3
50124 4
50125 5
50126 6
50127 7
50128 8
50129 9
50130 0
50131 1
50132 2
50133 3
50134 4
50135 5
50136 6
50137 7
50138 8
50139 9
50140 0
50141 1
50142 2
50143 3
50144 4
50145 5
50146 6
50147 7
50148 8
50149 9
50150 0
50151 1
50152 2
50153 3
50154 4
50155 5
50156 6
50157 7
50158 8
50159 9
50160 0
50161 1
50162 2
50163 3
50164 4
50165 5
50166 6
50167 7
50168 8
50169 9
50170 0
50171 1
50172 2
50173 3
50174 4
50175 5
50176 6
50177 7
50178 8
50179 9
50180 0
50181 1
50182 2
50183 3
50184 4
50185 5
50186 6
50187 7
50188 8
50189 9
50190 0
50191 1
50192 2
50193 3
50194 4
50195 5
50196 6
50197 7
50198 8
50199 9
50200 0
50201 1
50202 2
50203 3
50204 4
50205 5
50206 6
50207 7
50208 8
50209 9
50210 0
50211 1
50212 2
50213 3
50214 4
50215 5
50216 6
50217 7
50218 8
50219 9
50220 0
50221 1
50222 2
50223 3
50224 4
50225 5
50226 6
50227 7
50228 8
50229 9
50230 0
50231 1
50232 2
50233 3
50234 4
50235 5
50236 6
50237 7
50238 8
50239 9
50240 0
50241 1
50242 2
50243 3
50244 4
50245 5
50246 6
50247 7
50248 8
50249 9
50250 0
50251 1
50252 2
50253 3
50254 4
50255 5
50256 6
50257 7
50258 8
50259 9
50260 0
50261 1
50262 2
50263 3
50264 4
50265 5
50266 6
50267 7
50268 8
50269 9
50270 0
50271 1
50272 2
50273 3
50274 4
50275 5
50276 6
50277 7
50278 8
50279 9
50280 0
50281 1
50282 2
50283 3
50284 4
50285 5
50286 6
50287 7
50288 8
50289 9
50290 0
50291 1
50292 2
50293 3
50294 4
50295 5
50296 6
50297 7
50298 8
50299 9
50300 0
50301 1
50302 2
50303 3
50304 4
50305 5
50306 6
50307 7
50308 8
50309 9
50310 0
50311 1
50312 2
50313 3
50314 4
50315 5
50316 6
50317 7
50318 8
50319 9
50320 0
50321 1
50322 2
50323 3
50324 4
50325 5
50326 6
50327 7
50328 8
50329 9
50330 0
50331 1
50332 2
50333 3
50334 4
50335 5
50336 6
50337 7
50338 8
50339 9
50340 0
50341 1
50342 2
50343 3
50344 4
50345 5
50346 6
50347 7
50348 8
50349 9
50350 0
50351 1
50352 2
50353 3
50354 4
50355 5
50356 6
50357 7
50358 8
50359 9
50360 0
50361 1
50362 2
50363 3
50364 4
50365 5
50366 6
50367 7
50368 8
50369 9
50370 0
50371 1
50372 2
50373 3
50374 4
50375 5
50376 6
50377 7
50378 8
50379 9
50380 0
50381 1
50382 2
50383 3
50384 4
50385 5
50386 6
50387 7
50388 8
50389 9
50390 0
50391 1
50392 2
50393 3
50394 4
50395 5
50396 6
50397 7
50398 8
50399 9
50400 0
50401 1
50402 2
50403 3
50404 4
50405 5
50406 6
50407 7
50408 8
50409 9
50410 0
50411 1
50412 2
50413 3
50414 4
50415 5
50416 6
50417 7
50418 8
50419 9
50420 0
50421 1
50422 2
50423 3
50424 4
50425 5
50426 6
50427 7
50428 8
50429 9
50430 0
50431 1
50432 2
50433 3
50434 4
50435 5
50436 6
50437 7
50438 8
50439 9
50440 0
50441 1
50442 2
50443 3
50444 4
50445 5
50446 6
50447 7
50448 8
50449 9
50450 0
50451 1
50452 2
50453 3
50454 4
50455 5
50456 6
50457 7
50458 8
50459 9
50460 0
50461 1
50462 2
50463 3
50464 4
50465 5
50466 6
50467 7
50468 8
50469 9
50470 0
50471 1
50472 2
50473 3
50474 4
50475 5
50476 6
50477 7
50478 8
50479 9
50480 0
50481 1
50482 2
50483 3
50484 4
50485 5
50486 6
50487 7
50488 8
50489 9
50490 0
50491 1
50492 2
50493 3
50494 4
50495 5
50496 6
50497 7
50498 8
50499 9
50500 0
50501 1
50502 2
50503 3
50504 4
50505 5
50506 6
50507 7
50508 8
50509 9
50510 0
50511 1
50512 2
50513 3
50514 4
50515 5
50516 6
50517 7
50518 8
50519 9
50520 0
50521 1
50522 2
50523 3
50524 4
50525 5
50526 6
50527 7
50528 8
50529 9
50530 0
50531 1
50532 2
50533 3
50534 4
50535 5
50536 6
50537 7
50538 8
50539 9
50540 0
50541 1
50542 2
50543 3
50544 4
50545 5
50546 6
50547 7
50548 8
50549 9
50550 0
50551 1
50552 2
50553 3
50554 4
50555 5
50556 6
50557 7
50558 8
50559 9
50560 0
50561 1
50562 2
50563 3
50564 4
50565 5
50566 6
50567 7
50568 8
50569 9
50570 0
50571 1
50572 2
50573 3
50574 4
50575 5
50576 6
50577 7
50578 8
50579 9
50580 0
50581 1
50582 2
50583 3
50584 4
50585 5
50586 6
50587 7
50588 8
50589 9
50590 0
50591 1
50592 2
50593 3
50594 4
50595 5
50596 6
50597 7
50598 8
50599 9
50600 0
50601 1
50602 2
50603 3
50604 4
50605 5
50606 6
50607 7
50608 8
50609 9
50610 0
50611 1
50612 2
50613 3
50614 4
50615 5
50616 6
50617 7
50618 8
50619 9
50620 0
50621 1
50622 2
50623 3
50624 4
50625 5
50626 6
50627 7
50628 8
50629 9
50630 0
50631 1
50632 2
50633 3
50634 4
50635 5
50636 6
50637 7
50638 8
50639 9
50640 0
50641 1
50642 2
50643 3
50644 4
50645 5
50646 6
50647 7
50648 8
50649 9
50650 0
50651 1
50652 2
50653 3
50654 4
50655 5
50656 6
50657 7
50658 8
50659 9
50660 0
50661 1
50662 2
50663 3
50664 4
50665 5
50666 6
50667 7
50668 8
50669 9
50670 0
50671 1
50672 2
50673 3
50674 4
50675 5
50676 6
50677 7
50678 8
50679 9
50680 0
50681 1
50682 2
50683 3
50684 4
50685 5
50686 6
50687 7
50688 8
50689 9
50690 0
50691 1
50692 2
50693 3
50694 4
50695 5
50696 6
50697 7
50698 8
50699 9
50700 0
50701 1
50702 2
50703 3
50704 4
50705 5
50706 6
50707 7
50708 8
50709 9
50710 0
50711 1
50712 2
50713 3
50714 4
50715 5
50716 6
50717 7
50718 8
50719 9
50720 0
50721 1
50722 2
50723 3
50724 4
50725 5
50726 6
50727 7
50728 8
50729 9
50730 0
50731 1
50732 2
50733 3
50734 4
50735 5
50736 6
50737 7
50738 8
50739 9
50740 0
50741 1
50742 2
50743 3
50744 4
50745 5
50746 6
50747 7
50748 8
50749 9
50750 0
50751 1
50752 2
50753 3
50754 4
50755 5
50756 6
50757 7
50758 8
50759 9
50760 0
50761 1
50762 2
50763 3
50764 4
50765 5
50766 6
50767 7
50768 8
50769 9
50770 0
50771 1
50772 2
50773 3
50774 4
50775 5
50776 6
50777 7
50778 8
50779 9
50780 0
50781 1
50782 2
50783 3
50784 4
50785 5
50786 6
50787 7
50788 8
50789 9
50790 0
50791 1
50792 2
50793 3
50794 4
50795 5
50796 6
50797 7
50798 8
50799 9
50800 0
50801 1
50802 2
50803 3
50804 4
50805 5
50806 6
50807 7
50808 8
50809 9
50810 0
50811 1
50812 2
50813 3
50814 4
50815 5
50816 6
50817 7
50818 8
50819 9
50820 0
50821 1
50822 2
50823 3
50824 4
50825 5
50826 6
50827 7
50828 8
50829 9
50830 0
50831 1
50832 2
50833 3
50834 4
50835 5
50836 6
50837 7
50838 8
50839 9
50840 0
50841 1
50842 2
50843 3
50844 4
50845 5
50846 6
50847 7
50848 8
50849 9
50850 0
50851 1
50852 2
50853 3
50854 4
50855 5
50856 6
50857 7
50858 8
50859 9
50860 0
50861 1
50862 2
50863 3
50864 4
50865 5
50866 6
50867 7
50868 8
50869 9
50870 0
50871 1
50872 2
50873 3
50874 4
50875 5
50876 6
50877 7
50878 8
50879 9
50880 0
50881 1
50882 2
50883 3
50884 4
50885 5
50886 6
50887 7
50888 8
50889 9
50890 0
50891 1
50892 2
50893 3
50894 4
50895 5
50896 6
50897 7
50898 8
50899 9
50900 0
50901 1
50902 2
50903 3
50904 4
50905 5
50906 6
50907 7
50908 8
50909 9
50910 0
50911 1
50912 2
50913 3
50914 4
50915 5
50916 6
50917 7
50918 8
50919 9
50920 0
50921 1
50922 2
50923 3
50924 4
50925 5
50926 6
50927 7
50928 8
50929 9
50930 0
50931 1
50932 2
50933 3
50934 4
50935 5
50936 6
50937 7
50938 8
50939 9
50940 0
50941 1
50942 2
50943 3
50944 4
50945 5
50946 6
50947 7
50948 8
50949 9
50950 0
50951 1
50952 2
50953 3
50954 4
50955 5
50956 6
50957 7
50958 8
50959 9
50960 0
50961 1
50962 2
50963 3
50964 4
50965 5
50966 6
50967 7
50968 8
50969 9
50970 0
50971 1
50972 2
50973 3
50974 4
50975 5
50976 6
50977 7
50978 8
50979 9
50980 0
50981 1
50982 2
50983 3
50984 4
50985 5
50986 6
50987 7
50988 8
50989 9
50990 0
50991 1
50992 2
50993 3
50994 4
50995 5
50996 6
50997 7
50998 8
50999 9
51000 0
51001 1
51002 2
51003 3
51004 4
51005 5
51006 6
51007 7
51008 8
51009 9
51010 0
51011 1
51012 2
51013 3
51014 4
51015 5
51016 6
51017 7
51018 8
51019 9
51020 0
51021 1
51022 2
51023 3
51024 4
51025 5
51026 6
51027 7
51028 8
51029 9
51030 0
51031 1
51032 2
51033 3
51034 4
51035 5
51036 6
51037 7
51038 8
51039 9
51040 0
51041 1
51042 2
51043 3
51044 4
51045 5
51046 6
51047 7
51048 8
51049 9
51050 0
51051 1
51052 2
51053 3
51054 4
51055 5
51056 6
51057 7
51058 8
51059 9
51060 0
51061 1
51062 2
51063 3
51064 4
51065 5
51066 6
51067 7
51068 8
51069 9
51070 0
51071 1
51072 2
51073 3
51074 4
51075 5
51076 6
51077 7
51078 8
51079 9
51080 0
51081 1
51082 2
51083 3
51084 4
51085 5
51086 6
51087 7
51088 8
51089 9
51090 0
51091 1
51092 2
51093 3
51094 4
51095 5
51096 6
51097 7
51098 8
51099 9
51100 0
51101 1
51102 2
51103 3
51104 4
51105 5
51106 6
51107 7
51108 8
51109 9
51110 0
51111 1
51112 2
51113 3
51114 4
51115 5
51116 6
51117 7
51118 8
51119 9
51120 0
51121 1
51122 2
51123 3
51124 4
51125 5
51126 6
51127 7
51128 8
51129 9
51130 0
51131 1
51132 2
51133 3
51134 4
51135 5
51136 6
51137 7
51138 8
51139 9
51140 0
51141 1
51142 2
51143 3
51144 4
51145 5
51146 6
51147 7
51148 8
51149 9
51150 0
51151 1
51152 2
51153 3
51154 4
51155 5
51156 6
51157 7
51158 8
51159 9
51160 0
51161 1
51162 2
51163 3
51164 4
51165 5
51166 6
51167 7
51168 8
51169 9
51170 0
51171 1
51172 2
51173 3
51174 4
51175 5
51176 6
51177 7
51178 8
51179 9
51180 0
51181 1
51182 2
51183 3
51184 4
51185 5
51186 6
51187 7
51188 8
51189 9
51190 0
51191 1
51192 2
51193 3
51194 4
51195 5
51196 6
51197 7
51198 8
51199 9
51200 0
51201 1
51202 2
51203 3
51204 4
51205 5
51206 6
51207 7
51208 8
51209 9
51210 0
51211 1
51212 2
51213 3
51214 4
51215 5
51216 6
51217 7
51218 8
51219 9
51220 0
51221 1
51222 2
51223 3
51224 4
51225 5
51226 6
51227 7
51228 8
51229 9
51230 0
51231 1
51232 2
51233 3
51234 4
51235 5
51236 6
51237 7
51238 8
51239 9
51240 0
51241 1
51242 2
51243 3
51244 4
51245 5
51246 6
51247 7
51248 8
51249 9
51250 0
51251 1
51252 2
51253 3
51254 4
51255 5
51256 6
51257 7
51258 8
51259 9
51260 0
51261 1
51262 2
51263 3
51264 4
51265 5
51266 6
51267 7
51268 8
51269 9
51270 0
51271 1
51272 2
51273 3
51274 4
51275 5
51276 6
51277 7
51278 8
51279 9
51280 0
51281 1
51282 2
51283 3
51284 4
51285 5
51286 6
51287 7
51288 8
51289 9
51290 0
51291 1
51292 2
51293 3
51294 4
51295 5
51296 6
51297 7
51298 8
51299 9
51300 0
51301 1
51302 2
51303 3
51304 4
51305 5
51306 6
51307 7
51308 8
51309 9
51310 0
51311 1
51312 2
51313 3
51314 4
51315 5
51316 6
51317 7
51318 8
51319 9
51320 0
51321 1
51322 2
51323 3
51324 4
51325 5
51326 6
51327 7
51328 8
51329 9
51330 0
51331 1
51332 2
51333 3
51334 4
51335 5
51336 6
51337 7
51338 8
51339 9
51340 0
51341 1
51342 2
51343 3
51344 4
51345 5
51346 6
51347 7
51348 8
51349 9
51350 0
51351 1
51352 2
51353 3
51354 4
51355 5
51356 6
51357 7
51358 8
51359 9
51360 0
51361 1
51362 2
51363 3
51364 4
51365 5
51366 6
51367 7
51368 8
51369 9
51370 0
51371 1
51372 2
51373 3
51374 4
51375 5
51376 6
51377 7
51378 8
51379 9
51380 0
51381 1
51382 2
51383 3
51384 4
51385 5
51386 6
51387 7
51388 8
51389 9
51390 0
51391 1
51392 2
51393 3
51394 4
51395 5
51396 6
51397 7
51398 8
51399 9
51400 0
51401 1
51402 2
51403 3
51404 4
51405 5
51406 6
51407 7
51408 8
51409 9
51410 0
51411 1
51412 2
51413 3
51414 4
51415 5
51416 6
51417 7
51418 8
51419 9
51420 0
51421 1
51422 2
51423 3
51424 4
51425 5
51426 6
51427 7
51428 8
51429 9
51430 0
51431 1
51432 2
51433 3
51434 4
51435 5
51436 6
51437 7
51438 8
51439 9
51440 0
51441 1
51442 2
51443 3
51444 4
51445 5
51446 6
51447 7
51448 8
51449 9
51450 0
51451 1
51452 2
51453 3
51454 4
51455 5
51456 6
51457 7
51458 8
51459 9
51460 0
51461 1
51462 2
51463 3
51464 4
51465 5
51466 6
51467 7
51468 8
51469 9
51470 0
51471 1
51472 2
51473 3
51474 4
51475 5
51476 6
51477 7
51478 8
51479 9
51480 0
51481 1
51482 2
51483 3
51484 4
51485 5
51486 6
51487 7
51488 8
51489 9
51490 0
51491 1
51492 2
51493 3
51494 4
51495 5
51496 6
51497 7
51498 8
51499 9
51500 0
51501 1
51502 2
51503 3
51504 4
51505 5
51506 6
51507 7
51508 8
51509 9
51510 0
51511 1
51512 2
51513 3
51514 4
51515 5
51516 6
51517 7
51518 8
51519 9
51520 0
51521 1
51522 2
51523 3
51524 4
51525 5
51526 6
51527 7
51528 8
51529 9
51530 0
51531 1
51532 2
51533 3
51534 4
51535 5
51536 6
51537 7
51538 8
51539 9
51540 0
51541 1
51542 2
51543 3
51544 4
51545 5
51546 6
51547 7
51548 8
51549 9
51550 0
51551 1
51552 2
51553 3
51554 4
51555 5
51556 6
51557 7
51558 8
51559 9
51560 0
51561 1
51562 2
51563 3
51564 4
51565 5
51566 6
51567 7
51568 8
51569 9
51570 0
51571 1
51572 2
51573 3
51574 4
51575 5
51576 6
51577 7
51578 8
51579 9
51580 0
51581 1
51582 2
51583 3
51584 4
51585 5
51586 6
51587 7
51588 8
51589 9
51590 0
51591 1
51592 2
51593 3
51594 4
51595 5
51596 6
51597 7
51598 8
51599 9
51600 0
51601 1
51602 2
51603 3
51604 4
51605 5
51606 6
51607 7
51608 8
51609 9
51610 0
51611 1
51612 2
51613 3
51614 4
51615 5
51616 6
51617 7
51618 8
51619 9
51620 0
51621 1
51622 2
51623 3
51624 4
51625 5
51626 6
51627 7
51628 8
51629 9
51630 0
51631 1
51632 2
51633 3
51634 4
51635 5
51636 6
51637 7
51638 8
51639 9
51640 0
51641 1
51642 2
51643 3
51644 4
51645 5
51646 6
51647 7
51648 8
51649 9
51650 0
51651 1
51652 2
51653 3
51654 4
51655 5
51656 6
51657 7
51658 8
51659 9
51660 0
51661 1
51662 2
51663 3
51664 4
51665 5
51666 6
51667 7
51668 8
51669 9
51670 0
51671 1
51672 2
51673 3
51674 4
51675 5
51676 6
51677 7
51678 8
51679 9
51680 0
51681 1
51682 2
51683 3
51684 4
51685 5
51686 6
51687 7
51688 8
51689 9
51690 0
51691 1
51692 2
51693 3
51694 4
51695 5
51696 6
51697 7
51698 8
51699 9
51700 0
51701 1
51702 2
51703 3
51704 4
51705 5
51706 6
51707 7
51708 8
51709 9
51710 0
51711 1
51712 2
51713 3
51714 4
51715 5
51716 6
51717 7
51718 8
51719 9
51720 0
51721 1
51722 2
51723 3
51724 4
51725 5
51726 6
51727 7
51728 8
51729 9
51730 0
51731 1
51732 2
51733 3
51734 4
51735 5
51736 6
51737 7
51738 8
51739 9
51740 0
51741 1
51742 2
51743 3
51744 4
51745 5
51746 6
51747 7
51748 8
51749 9
51750 0
51751 1
51752 2
51753 3
51754 4
51755 5
51756 6
51757 7
51758 8
51759 9
51760 0
51761 1
51762 2
51763 3
51764 4
51765 5
51766 6
51767 7
51768 8
51769 9
51770 0
51771 1
51772 2
51773 3
51774 4
51775 5
51776 6
51777 7
51778 8
51779 9
51780 0
51781 1
51782 2
51783 3
51784 4
51785 5
51786 6
51787 7
51788 8
51789 9
51790 0
51791 1
51792 2
51793 3
51794 4
51795 5
51796 6
51797 7
51798 8
51799 9
51800 0
51801 1
51802 2
51803 3
51804 4
51805 5
51806 6
51807 7
51808 8
51809 9
51810 0
51811 1
51812 2
51813 3
51814 4
51815 5
51816 6
51817 7
51818 8
51819 9
51820 0
51821 1
51822 2
51823 3
51824 4
51825 5
51826 6
51827 7
51828 8
51829 9
51830 0
51831 1
51832 2
51833 3
51834 4
51835 5
51836 6
51837 7
51838 8
51839 9
51840 0
51841 1
51842 2
51843 3
51844 4
51845 5
51846 6
51847 7
51848 8
51849 9
51850 0
51851 1
51852 2
51853 3
51854 4
51855 5
51856 6
51857 7
51858 8
51859 9
51860 0
51861 1
51862 2
51863 3
51864 4
51865 5
51866 6
51867 7
51868 8
51869 9
51870 0
51871 1
51872 2
51873 3
51874 4
51875 5
51876 6
51877 7
51878 8
51879 9
51880 0
51881 1
51882 2
51883 3
51884 4
51885 5
51886 6
51887 7
51888 8
51889 9
51890 0
51891 1
51892 2
51893 3
51894 4
51895 5
51896 6
51897 7
51898 8
51899 9
51900 0
51901 1
51902 2
51903 3
51904 4
51905 5
51906 6
51907 7
51908 8
51909 9
51910 0
51911 1
51912 2
51913 3
51914 4
51915 5
51916 6
51917 7
51918 8
51919 9
51920 0
51921 1
51922 2
51923 3
51924 4
51925 5
51926 6
51927 7
51928 8
51929 9
51930 0
51931 1
51932 2
51933 3
51934 4
51935 5
51936 6
51937 7
51938 8
51939 9
51940 0
51941 1
51942 2
51943 3
51944 4
51945 5
51946 6
51947 7
51948 8
51949 9
51950 0
51951 1
51952 2
51953 3
51954 4
51955 5
51956 6
51957 7
51958 8
51959 9
51960 0
51961 1
51962 2
51963 3
51964 4
51965 5
51966 6
51967 7
51968 8
51969 9
51970 0
51971 1
51972 2
51973 3
51974 4
51975 5
51976 6
51977 7
51978 8
51979 9
51980 0
51981 1
51982 2
51983 3
51984 4
51985 5
51986 6
51987 7
51988 8
51989 9
51990 0
51991 1
51992 2
51993 3
51994 4
51995 5
51996 6
51997 7
51998 8
51999 9
52000 0
52001 1
52002 2
52003 3
52004 4
52005 5
52006 6
52007 7
52008 8
52009 9
52010 0
52011 1
52012 2
52013 3
52014 4
52015 5
52016 6
52017 7
52018 8
52019 9
52020 0
52021 1
52022 2
52023 3
52024 4
52025 5
52026 6
52027 7
52028 8
52029 9
52030 0
52031 1
52032 2
52033 3
52034 4
52035 5
52036 6
52037 7
52038 8
52039 9
52040 0
52041 1
52042 2
52043 3
52044 4
52045 5
52046 6
52047 7
52048 8
52049 9
52050 0
52051 1
52052 2
52053 3
52054 4
52055 5
52056 6
52057 7
52058 8
52059 9
52060 0
52061 1
52062 2
52063 3
52064 4
52065 5
52066 6
52067 7
52068 8
52069 9
52070 0
52071 1
52072 2
52073 3
52074 4
52075 5
52076 6
52077 7
52078 8
52079 9
52080 0
52081 1
52082 2
52083 3
52084 4
52085 5
52086 6
52087 7
52088 8
52089 9
52090 0
52091 1
52092 2
52093 3
52094 4
52095 5
52096 6
52097 7
52098 8
52099 9
52100 0
52101 1
52102 2
52103 3
52104 4
52105 5
52106 6
52107 7
52108 8
52109 9
52110 0
52111 1
52112 2
52113 3
52114 4
52115 5
52116 6
52117 7
52118 8
52119 9
52120 0
52121 1
52122 2
52123 3
52124 4
52125 5
52126 6
52127 7
52128 8
52129 9
52130 0
52131 1
52132 2
52133 3
52134 4
52135 5
52136 6
52137 7
52138 8
52139 9
52140 0
52141 1
52142 2
52143 3
52144 4
52145 5
52146 6
52147 7
52148 8
52149 9
52150 0
52151 1
52152 2
52153 3
52154 4
52155 5
52156 6
52157 7
52158 8
52159 9
52160 0
52161 1
52162 2
52163 3
52164 4
52165 5
52166 6
52167 7
52168 8
52169 9
52170 0
52171 1
52172 2
52173 3
52174 4
52175 5
52176 6
52177 7
52178 8
52179 9
52180 0
52181 1
52182 2
52183 3
52184 4
52185 5
52186 6
52187 7
52188 8
52189 9
52190 0
52191 1
52192 2
52193 3
52194 4
52195 5
52196 6
52197 7
52198 8
52199 9
52200 0
52201 1
52202 2
52203 3
52204 4
52205 5
52206 6
52207 7
52208 8
52209 9
52210 0
52211 1
52212 2
52213 3
52214 4
52215 5
52216 6
52217 7
52218 8
52219 9
52220 0
52221 1
52222 2
52223 3
52224 4
52225 5
52226 6
52227 7
52228 8
52229 9
52230 0
52231 1
52232 2
52233 3
52234 4
52235 5
52236 6
52237 7
52238 8
52239 9
52240 0
52241 1
52242 2
52243 3
52244 4
52245 5
52246 6
52247 7
52248 8
52249 9
52250 0
52251 1
52252 2
52253 3
52254 4
52255 5
52256 6
52257 7
52258 8
52259 9
52260 0
52261 1
52262 2
52263 3
52264 4
52265 5
52266 6
52267 7
52268 8
52269 9
52270 0
52271 1
52272 2
52273 3
52274 4
52275 5
52276 6
52277 7
52278 8
52279 9
52280 0
52281 1
52282 2
52283 3
52284 4
52285 5
52286 6
52287 7
52288 8
52289 9
52290 0
52291 1
52292 2
52293 3
52294 4
52295 5
52296 6
52297 7
52298 8
52299 9
52300 0
52301 1
52302 2
52303 3
52304 4
52305 5
52306 6
52307 7
52308 8
52309 9
52310 0
52311 1
52312 2
52313 3
52314 4
52315 5
52316 6
52317 7
52318 8
52319 9
52320 0
52321 1
52322 2
52323 3
52324 4
52325 5
52326 6
52327 7
52328 8
52329 9
52330 0
52331 1
52332 2
52333 3
52334 4
52335 5
52336 6
52337 7
52338 8
52339 9
52340 0
52341 1
52342 2
52343 3
52344 4
52345 5
52346 6
52347 7
52348 8
52349 9
52350 0
52351 1
52352 2
52353 3
52354 4
52355 5
52356 6
52357 7
52358 8
52359 9
52360 0
52361 1
52362 2
52363 3
52364 4
52365 5
52366 6
52367 7
52368 8
52369 9
52370 0
52371 1
52372 2
52373 3
52374 4
52375 5
52376 6
52377 7
52378 8
52379 9
52380 0
52381 1
52382 2
52383 3
52384 4
52385 5
52386 6
52387 7
52388 8
52389 9
52390 0
52391 1
52392 2
52393 3
52394 4
52395 5
52396 6
52397 7
52398 8
52399 9
52400 0
52401 1
52402 2
52403 3
52404 4
52405 5
52406 6
52407 7
52408 8
52409 9
52410 0
52411 1
52412 2
52413 3
52414 4
52415 5
52416 6
52417 7
52418 8
52419 9
52420 0
52421 1
52422 2
52423 3
52424 4
52425 5
52426 6
52427 7
52428 8
52429 9
52430 0
52431 1
52432 2
52433 3
52434 4
52435 5
52436 6
52437 7
52438 8
52439 9
52440 0
52441 1
52442 2
52443 3
52444 4
52445 5
52446 6
52447 7
52448 8
52449 9
52450 0
52451 1
52452 2
52453 3
52454 4
52455 5
52456 6
52457 7
52458 8
52459 9
52460 0
52461 1
52462 2
52463 3
52464 4
52465 5
52466 6
52467 7
52468 8
52469 9
52470 0
52471 1
52472 2
52473 3
52474 4
52475 5
52476 6
52477 7
52478 8
52479 9
52480 0
52481 1
52482 2
52483 3
52484 4
52485 5
52486 6
52487 7
52488 8
52489 9
52490 0
52491 1
52492 2
52493 3
52494 4
52495 5
52496 6
52497 7
52498 8
52499 9
52500 0
52501 1
52502 2
52503 3
52504 4
52505 5
52506 6
52507 7
52508 8
52509 9
52510 0
52511 1
52512 2
52513 3
52514 4
52515 5
52516 6
52517 7
52518 8
52519 9
52520 0
52521 1
52522 2
52523 3
52524 4
52525 5
52526 6
52527 7
52528 8
52529 9
52530 0
52531 1
52532 2
52533 3
52534 4
52535 5
52536 6
52537 7
52538 8
52539 9
52540 0
52541 1
52542 2
52543 3
52544 4
52545 5
52546 6
52547 7
52548 8
52549 9
52550 0
52551 1
52552 2
52553 3
52554 4
52555 5
52556 6
52557 7
52558 8
52559 9
52560 0
52561 1
52562 2
52563 3
52564 4
52565 5
52566 6
52567 7
52568 8
52569 9
52570 0
52571 1
52572 2
52573 3
52574 4
52575 5
52576 6
52577 7
52578 8
52579 9
52580 0
52581 1
52582 2
52583 3
52584 4
52585 5
52586 6
52587 7
52588 8
52589 9
52590 0
52591 1
52592 2
52593 3
52594 4
52595 5
52596 6
52597 7
52598 8
52599 9
52600 0
52601 1
52602 2
52603 3
52604 4
52605 5
52606 6
52607 7
52608 8
52609 9
52610 0
52611 1
52612 2
52613 3
52614 4
52615 5
52616 6
52617 7
52618 8
52619 9
52620 0
52621 1
52622 2
52623 3
52624 4
52625 5
52626 6
52627 7
52628 8
52629 9
52630 0
52631 1
52632 2
52633 3
52634 4
52635 5
52636 6
52637 7
52638 8
52639 9
52640 0
52641 1
52642 2
52643 3
52644 4
52645 5
52646 6
52647 7
52648 8
52649 9
52650 0
52651 1
52652 2
52653 3
52654 4
52655 5
52656 6
52657 7
52658 8
52659 9
52660 0
52661 1
52662 2
52663 3
52664 4
52665 5
52666 6
52667 7
52668 8
52669 9
52670 0
52671 1
52672 2
52673 3
52674 4
52675 5
52676 6
52677 7
52678 8
52679 9
52680 0
52681 1
52682 2
52683 3
52684 4
52685 5
52686 6
52687 7
52688 8
52689 9
52690 0
52691 1
52692 2
52693 3
52694 4
52695 5
52696 6
52697 7
52698 8
52699 9
52700 0
52701 1
52702 2
52703 3
52704 4
52705 5
52706 6
52707 7
52708 8
52709 9
52710 0
52711 1
52712 2
52713 3
52714 4
52715 5
52716 6
52717 7
52718 8
52719 9
52720 0
52721 1
52722 2
52723 3
52724 4
52725 5
52726 6
52727 7
52728 8
52729 9
52730 0
52731 1
52732 2
52733 3
52734 4
52735 5
52736 6
52737 7
52738 8
52739 9
52740 0
52741 1
52742 2
52743 3
52744 4
52745 5
52746 6
52747 7
52748 8
52749 9
52750 0
52751 1
52752 2
52753 3
52754 4
52755 5
52756 6
52757 7
52758 8
52759 9
52760 0
52761 1
52762 2
52763 3
52764 4
52765 5
52766 6
52767 7
52768 8
52769 9
52770 0
52771 1
52772 2
52773 3
52774 4
52775 5
52776 6
52777 7
52778 8
52779 9
52780 0
52781 1
52782 2
52783 3
52784 4
52785 5
52786 6
52787 7
52788 8
52789 9
52790 0
52791 1
52792 2
52793 3
52794 4
52795 5
52796 6
52797 7
52798 8
52799 9
52800 0
52801 1
52802 2
52803 3
52804 4
52805 5
52806 6
52807 7
52808 8
52809 9
52810 0
52811 1
52812 2
52813 3
52814 4
52815 5
52816 6
52817 7
52818 8
52819 9
52820 0
52821 1
52822 2
52823 3
52824 4
52825 5
52826 6
52827 7
52828 8
52829 9
52830 0
52831 1
52832 2
52833 3
52834 4
52835 5
52836 6
52837 7
52838 8
52839 9
52840 0
52841 1
52842 2
52843 3
52844 4
52845 5
52846 6
52847 7
52848 8
52849 9
52850 0
52851 1
52852 2
52853 3
52854 4
52855 5
52856 6
52857 7
52858 8
52859 9
52860 0
52861 1
52862 2
52863 3
52864 4
52865 5
52866 6
52867 7
52868 8
52869 9
52870 0
52871 1
52872 2
52873 3
52874 4
52875 5
52876 6
52877 7
52878 8
52879 9
52880 0
52881 1
52882 2
52883 3
52884 4
52885 5
52886 6
52887 7
52888 8
52889 9
52890 0
52891 1
52892 2
52893 3
52894 4
52895 5
52896 6
52897 7
52898 8
52899 9
52900 0
52901 1
52902 2
52903 3
52904 4
52905 5
52906 6
52907 7
52908 8
52909 9
52910 0
52911 1
52912 2
52913 3
52914 4
52915 5
52916 6
52917 7
52918 8
52919 9
52920 0
52921 1
52922 2
52923 3
52924 4
52925 5
52926 6
52927 7
52928 8
52929 9
52930 0
52931 1
52932 2
52933 3
52934 4
52935 5
52936 6
52937 7
52938 8
52939 9
52940 0
52941 1
52942 2
52943 3
52944 4
52945 5
52946 6
52947 7
52948 8
52949 9
52950 0
52951 1
52952 2
52953 3
52954 4
52955 5
52956 6
52957 7
52958 8
52959 9
52960 0
52961 1
52962 2
52963 3
52964 4
52965 5
52966 6
52967 7
52968 8
52969 9
52970 0
52971 1
52972 2
52973 3
52974 4
52975 5
52976 6
52977 7
52978 8
52979 9
52980 0
52981 1
52982 2
52983 3
52984 4
52985 5
52986 6
52987 7
52988 8
52989 9
52990 0
52991 1
52992 2
52993 3
52994 4
52995 5
52996 6
52997 7
52998 8
52999 9
53000 0
53001 1
53002 2
53003 3
53004 4
53005 5
53006 6
53007 7
53008 8
53009 9
53010 0
53011 1
53012 2
53013 3
53014 4
53015 5
53016 6
53017 7
53018 8
53019 9
53020 0
53021 1
53022 2
53023 3
53024 4
53025 5
53026 6
53027 7
53028 8
53029 9
53030 0
53031 1
53032 2
53033 3
53034 4
53035 5
53036 6
53037 7
53038 8
53039 9
53040 0
53041 1
53042 2
53043 3
53044 4
53045 5
53046 6
53047 7
53048 8
53049 9
53050 0
53051 1
53052 2
53053 3
53054 4
53055 5
53056 6
53057 7
53058 8
53059 9
53060 0
53061 1
53062 2
53063 3
53064 4
53065 5
53066 6
53067 7
53068 8
53069 9
53070 0
53071 1
53072 2
53073 3
53074 4
53075 5
53076 6
53077 7
53078 8
53079 9
53080 0
53081 1
53082 2
53083 3
53084 4
53085 5
53086 6
53087 7
53088 8
53089 9
53090 0
53091 1
53092 2
53093 3
53094 4
53095 5
53096 6
53097 7
53098 8
53099 9
53100 0
53101 1
53102 2
53103 3
53104 4
53105 5
53106 6
53107 7
53108 8
53109 9
53110 0
53111 1
53112 2
53113 3
53114 4
53115 5
53116 6
53117 7
53118 8
53119 9
53120 0
53121 1
53122 2
53123 3
53124 4
53125 5
53126 6
53127 7
53128 8
53129 9
53130 0
53131 1
53132 2
53133 3
53134 4
53135 5
53136 6
53137 7
53138 8
53139 9
53140 0
53141 1
53142 2
53143 3
53144 4
53145 5
53146 6
53147 7
53148 8
53149 9
53150 0
53151 1
53152 2
53153 3
53154 4
53155 5
53156 6
53157 7
53158 8
53159 9
53160 0
53161 1
53162 2
53163 3
53164 4
53165 5
53166 6
53167 7
53168 8
53169 9
53170 0
53171 1
53172 2
53173 3
53174 4
53175 5
53176 6
53177 7
53178 8
53179 9
53180 0
53181 1
53182 2
53183 3
53184 4
53185 5
53186 6
53187 7
53188 8
53189 9
53190 0
53191 1
53192 2
53193 3
53194 4
53195 5
53196 6
53197 7
53198 8
53199 9
53200 0
53201 1
53202 2
53203 3
53204 4
53205 5
53206 6
53207 7
53208 8
53209 9
53210 0
53211 1
53212 2
53213 3
53214 4
53215 5
53216 6
53217 7
53218 8
53219 9
53220 0
53221 1
53222 2
53223 3
53224 4
53225 5
53226 6
53227 7
53228 8
53229 9
53230 0
53231 1
53232 2
53233 3
53234 4
53235 5
53236 6
53237 7
53238 8
53239 9
53240 0
53241 1
53242 2
53243 3
53244 4
53245 5
53246 6
53247 7
53248 8
53249 9
53250 0
53251 1
53252 2
53253 3
53254 4
53255 5
53256 6
53257 7
53258 8
53259 9
53260 0
53261 1
53262 2
53263 3
53264 4
53265 5
53266 6
53267 7
53268 8
53269 9
53270 0
53271 1
53272 2
53273 3
53274 4
53275 5
53276 6
53277 7
53278 8
53279 9
53280 0
53281 1
53282 2
53283 3
53284 4
53285 5
53286 6
53287 7
53288 8
53289 9
53290 0
53291 1
53292 2
53293 3
53294 4
53295 5
53296 6
53297 7
53298 8
53299 9
53300 0
53301 1
53302 2
53303 3
53304 4
53305 5
53306 6
53307 7
53308 8
53309 9
53310 0
53311 1
53312 2
53313 3
53314 4
53315 5
53316 6
53317 7
53318 8
53319 9
53320 0
53321 1
53322 2
53323 3
53324 4
53325 5
53326 6
53327 7
53328 8
53329 9
53330 0
53331 1
53332 2
53333 3
53334 4
53335 5
53336 6
53337 7
53338 8
53339 9
53340 0
53341 1
53342 2
53343 3
53344 4
53345 5
53346 6
53347 7
53348 8
53349 9
53350 0
53351 1
53352 2
53353 3
53354 4
53355 5
53356 6
53357 7
53358 8
53359 9
53360 0
53361 1
53362 2
53363 3
53364 4
53365 5
53366 6
53367 7
53368 8
53369 9
53370 0
53371 1
53372 2
53373 3
53374 4
53375 5
53376 6
53377 7
53378 8
53379 9
53380 0
53381 1
53382 2
53383 3
53384 4
53385 5
53386 6
53387 7
53388 8
53389 9
53390 0
53391 1
53392 2
53393 3
53394 4
53395 5
53396 6
53397 7
53398 8
53399 9
53400 0
53401 1
53402 2
53403 3
53404 4
53405 5
53406 6
53407 7
53408 8
53409 9
53410 0
53411 1
53412 2
53413 3
53414 4
53415 5
53416 6
53417 7
53418 8
53419 9
53420 0
53421 1
53422 2
53423 3
53424 4
53425 5
53426 6
53427 7
53428 8
53429 9
53430 0
53431 1
53432 2
53433 3
53434 4
53435 5
53436 6
53437 7
53438 8
53439 9
53440 0
53441 1
53442 2
53443 3
53444 4
53445 5
53446 6
53447 7
53448 8
53449 9
53450 0
53451 1
53452 2
53453 3
53454 4
53455 5
53456 6
53457 7
53458 8
53459 9
53460 0
53461 1
53462 2
53463 3
53464 4
53465 5
53466 6
53467 7
53468 8
53469 9
53470 0
53471 1
53472 2
53473 3
53474 4
53475 5
53476 6
53477 7
53478 8
53479 9
53480 0
53481 1
53482 2
53483 3
53484 4
53485 5
53486 6
53487 7
53488 8
53489 9
53490 0
53491 1
53492 2
53493 3
53494 4
53495 5
53496 6
53497 7
53498 8
53499 9
53500 0
53501 1
53502 2
53503 3
53504 4
53505 5
53506 6
53507 7
53508 8
53509 9
53510 0
53511 1
53512 2
53513 3
53514 4
53515 5
53516 6
53517 7
53518 8
53519 9
53520 0
53521 1
53522 2
53523 3
53524 4
53525 5
53526 6
53527 7
53528 8
53529 9
53530 0
53531 1
53532 2
53533 3
53534 4
53535 5
53536 6
53537 7
53538 8
53539 9
53540 0
53541 1
53542 2
53543 3
53544 4
53545 5
53546 6
53547 7
53548 8
53549 9
53550 0
53551 1
53552 2
53553 3
53554 4
53555 5
53556 6
53557 7
53558 8
53559 9
53560 0
53561 1
53562 2
53563 3
53564 4
53565 5
53566 6
53567 7
53568 8
53569 9
53570 0
53571 1
53572 2
53573 3
53574 4
53575 5
53576 6
53577 7
53578 8
53579 9
53580 0
53581 1
53582 2
53583 3
53584 4
53585 5
53586 6
53587 7
53588 8
53589 9
53590 0
53591 1
53592 2
53593 3
53594 4
53595 5
53596 6
53597 7
53598 8
53599 9
53600 0
53601 1
53602 2
53603 3
53604 4
53605 5
53606 6
53607 7
53608 8
53609 9
53610 0
53611 1
53612 2
53613 3
53614 4
53615 5
53616 6
53617 7
53618 8
53619 9
53620 0
53621 1
53622 2
53623 3
53624 4
53625 5
53626 6
53627 7
53628 8
53629 9
53630 0
53631 1
53632 2
53633 3
53634 4
53635 5
53636 6
53637 7
53638 8
53639 9
53640 0
53641 1
53642 2
53643 3
53644 4
53645 5
53646 6
53647 7
53648 8
53649 9
53650 0
53651 1
53652 2
53653 3
53654 4
53655 5
53656 6
53657 7
53658 8
53659 9
53660 0
53661 1
53662 2
53663 3
53664 4
53665 5
53666 6
53667 7
53668 8
53669 9
53670 0
53671 1
53672 2
53673 3
53674 4
53675 5
53676 6
53677 7
53678 8
53679 9
53680 0
53681 1
53682 2
53683 3
53684 4
53685 5
53686 6
53687 7
53688 8
53689 9
53690 0
53691 1
53692 2
53693 3
53694 4
53695 5
53696 6
53697 7
53698 8
53699 9
53700 0
53701 1
53702 2
53703 3
53704 4
53705 5
53706 6
53707 7
53708 8
53709 9
53710 0
53711 1
53712 2
53713 3
53714 4
53715 5
53716 6
53717 7
53718 8
53719 9
53720 0
53721 1
53722 2
53723 3
53724 4
53725 5
53726 6
53727 7
53728 8
53729 9
53730 0
53731 1
53732 2
53733 3
53734 4
53735 5
53736 6
53737 7
53738 8
53739 9
53740 0
53741 1
53742 2
53743 3
53744 4
53745 5
53746 6
53747 7
53748 8
53749 9
53750 0
53751 1
53752 2
53753 3
53754 4
53755 5
53756 6
53757 7
53758 8
53759 9
53760 0
53761 1
53762 2
53763 3
53764 4
53765 5
53766 6
53767 7
53768 8
53769 9
53770 0
53771 1
53772 2
53773 3
53774 4
53775 5
53776 6
53777 7
53778 8
53779 9
53780 0
53781 1
53782 2
53783 3
53784 4
53785 5
53786 6
53787 7
53788 8
53789 9
53790 0
53791 1
53792 2
53793 3
53794 4
53795 5
53796 6
53797 7
53798 8
53799 9
53800 0
53801 1
53802 2
53803 3
53804 4
53805 5
53806 6
53807 7
53808 8
53809 9
53810 0
53811 1
53812 2
53813 3
53814 4
53815 5
53816 6
53817 7
53818 8
53819 9
53820 0
53821 1
53822 2
53823 3
53824 4
53825 5
53826 6
53827 7
53828 8
53829 9
53830 0
53831 1
53832 2
53833 3
53834 4
53835 5
53836 6
53837 7
53838 8
53839 9
53840 0
53841 1
53842 2
53843 3
53844 4
53845 5
53846 6
53847 7
53848 8
53849 9
53850 0
53851 1
53852 2
53853 3
53854 4
53855 5
53856 6
53857 7
53858 8
53859 9
53860 0
53861 1
53862 2
53863 3
53864 4
53865 5
53866 6
53867 7
53868 8
53869 9
53870 0
53871 1
53872 2
53873 3
53874 4
53875 5
53876 6
53877 7
53878 8
53879 9
53880 0
53881 1
53882 2
53883 3
53884 4
53885 5
53886 6
53887 7
53888 8
53889 9
53890 0
53891 1
53892 2
53893 3
53894 4
53895 5
53896 6
53897 7
53898 8
53899 9
53900 0
53901 1
53902 2
53903 3
53904 4
53905 5
53906 6
53907 7
53908 8
53909 9
53910 0
53911 1
53912 2
53913 3
53914 4
53915 5
53916 6
53917 7
53918 8
53919 9
53920 0
53921 1
53922 2
53923 3
53924 4
53925 5
53926 6
53927 7
53928 8
53929 9
53930 0
53931 1
53932 2
53933 3
53934 4
53935 5
53936 6
53937 7
53938 8
53939 9
53940 0
53941 1
53942 2
53943 3
53944 4
53945 5
53946 6
53947 7
53948 8
53949 9
53950 0
53951 1
53952 2
53953 3
53954 4
53955 5
53956 6
53957 7
53958 8
53959 9
53960 0
53961 1
53962 2
53963 3
53964 4
53965 5
53966 6
53967 7
53968 8
53969 9
53970 0
53971 1
53972 2
53973 3
53974 4
53975 5
53976 6
53977 7
53978 8
53979 9
53980 0
53981 1
53982 2
53983 3
53984 4
53985 5
53986 6
53987 7
53988 8
53989 9
53990 0
53991 1
53992 2
53993 3
53994 4
53995 5
53996 6
53997 7
53998 8
53999 9
54000 0
54001 1
54002 2
54003 3
54004 4
54005 5
54006 6
54007 7
54008 8
54009 9
54010 0
54011 1
54012 2
54013 3
54014 4
54015 5
54016 6
54017 7
54018 8
54019 9
54020 0
54021 1
54022 2
54023 3
54024 4
54025 5
54026 6
54027 7
54028 8
54029 9
54030 0
54031 1
54032 2
54033 3
54034 4
54035 5
54036 6
54037 7
54038 8
54039 9
54040 0
54041 1
54042 2
54043 3
54044 4
54045 5
54046 6
54047 7
54048 8
54049 9
54050 0
54051 1
54052 2
54053 3
54054 4
54055 5
54056 6
54057 7
54058 8
54059 9
54060 0
54061 1
54062 2
54063 3
54064 4
54065 5
54066 6
54067 7
54068 8
54069 9
54070 0
54071 1
54072 2
54073 3
54074 4
54075 5
54076 6
54077 7
54078 8
54079 9
54080 0
54081 1
54082 2
54083 3
54084 4
54085 5
54086 6
54087 7
54088 8
54089 9
54090 0
54091 1
54092 2
54093 3
54094 4
54095 5
54096 6
54097 7
54098 8
54099 9
54100 0
54101 1
54102 2
54103 3
54104 4
54105 5
54106 6
54107 7
54108 8
54109 9
54110 0
54111 1
54112 2
54113 3
54114 4
54115 5
54116 6
54117 7
54118 8
54119 9
54120 0
54121 1
54122 2
54123 3
54124 4
54125 5
54126 6
54127 7
54128 8
54129 9
54130 0
54131 1
54132 2
54133 3
54134 4
54135 5
54136 6
54137 7
54138 8
54139 9
54140 0
54141 1
54142 2
54143 3
54144 4
54145 5
54146 6
54147 7
54148 8
54149 9
54150 0
54151 1
54152 2
54153 3
54154 4
54155 5
54156 6
54157 7
54158 8
54159 9
54160 0
54161 1
54162 2
54163 3
54164 4
54165 5
54166 6
54167 7
54168 8
54169 9
54170 0
54171 1
54172 2
54173 3
54174 4
54175 5
54176 6
54177 7
54178 8
54179 9
54180 0
54181 1
54182 2
54183 3
54184 4
54185 5
54186 6
54187 7
54188 8
54189 9
54190 0
54191 1
54192 2
54193 3
54194 4
54195 5
54196 6
54197 7
54198 8
54199 9
54200 0
54201 1
54202 2
54203 3
54204 4
54205 5
54206 6
54207 7
54208 8
54209 9
54210 0
54211 1
54212 2
54213 3
54214 4
54215 5
54216 6
54217 7
54218 8
54219 9
54220 0
54221 1
54222 2
54223 3
54224 4
54225 5
54226 6
54227 7
54228 8
54229 9
54230 0
54231 1
54232 2
54233 3
54234 4
54235 5
54236 6
54237 7
54238 8
54239 9
54240 0
54241 1
54242 2
54243 3
54244 4
54245 5
54246 6
54247 7
54248 8
54249 9
54250 0
54251 1
54252 2
54253 3
54254 4
54255 5
54256 6
54257 7
54258 8
54259 9
54260 0
54261 1
54262 2
54263 3
54264 4
54265 5
54266 6
54267 7
54268 8
54269 9
54270 0
54271 1
54272 2
54273 3
54274 4
54275 5
54276 6
54277 7
54278 8
54279 9
54280 0
54281 1
54282 2
54283 3
54284 4
54285 5
54286 6
54287 7
54288 8
54289 9
54290 0
54291 1
54292 2
54293 3
54294 4
54295 5
54296 6
54297 7
54298 8
54299 9
54300 0
54301 1
54302 2
54303 3
54304 4
54305 5
54306 6
54307 7
54308 8
54309 9
54310 0
54311 1
54312 2
54313 3
54314 4
54315 5
54316 6
54317 7
54318 8
54319 9
54320 0
54321 1
54322 2
54323 3
54324 4
54325 5
54326 6
54327 7
54328 8
54329 9
54330 0
54331 1
54332 2
54333 3
54334 4
54335 5
54336 6
54337 7
54338 8
54339 9
54340 0
54341 1
54342 2
54343 3
54344 4
54345 5
54346 6
54347 7
54348 8
54349 9
54350 0
54351 1
54352 2
54353 3
54354 4
54355 5
54356 6
54357 7
54358 8
54359 9
54360 0
54361 1
54362 2
54363 3
54364 4
54365 5
54366 6
54367 7
54368 8
54369 9
54370 0
54371 1
54372 2
54373 3
54374 4
54375 5
54376 6
54377 7
54378 8
54379 9
54380 0
54381 1
54382 2
54383 3
54384 4
54385 5
54386 6
54387 7
54388 8
54389 9
54390 0
54391 1
54392 2
54393 3
54394 4
54395 5
54396 6
54397 7
54398 8
54399 9
54400 0
54401 1
54402 2
54403 3
54404 4
54405 5
54406 6
54407 7
54408 8
54409 9
54410 0
54411 1
54412 2
54413 3
54414 4
54415 5
54416 6
54417 7
54418 8
54419 9
54420 0
54421 1
54422 2
54423 3
54424 4
54425 5
54426 6
54427 7
54428 8
54429 9
54430 0
54431 1
54432 2
54433 3
54434 4
54435 5
54436 6
54437 7
54438 8
54439 9
54440 0
54441 1
54442 2
54443 3
54444 4
54445 5
54446 6
54447 7
54448 8
54449 9
54450 0
54451 1
54452 2
54453 3
54454 4
54455 5
54456 6
54457 7
54458 8
54459 9
54460 0
54461 1
54462 2
54463 3
54464 4
54465 5
54466 6
54467 7
54468 8
54469 9
54470 0
54471 1
54472 2
54473 3
54474 4
54475 5
54476 6
54477 7
54478 8
54479 9
54480 0
54481 1
54482 2
54483 3
54484 4
54485 5
54486 6
54487 7
54488 8
54489 9
54490 0
54491 1
54492 2
54493 3
54494 4
54495 5
54496 6
54497 7
54498 8
54499 9
54500 0
54501 1
54502 2
54503 3
54504 4
54505 5
54506 6
54507 7
54508 8
54509 9
54510 0
54511 1
54512 2
54513 3
54514 4
54515 5
54516 6
54517 7
54518 8
54519 9
54520 0
54521 1
54522 2
54523 3
54524 4
54525 5
54526 6
54527 7
54528 8
54529 9
54530 0
54531 1
54532 2
54533 3
54534 4
54535 5
54536 6
54537 7
54538 8
54539 9
54540 0
54541 1
54542 2
54543 3
54544 4
54545 5
54546 6
54547 7
54548 8
54549 9
54550 0
54551 1
54552 2
54553 3
54554 4
54555 5
54556 6
54557 7
54558 8
54559 9
54560 0
54561 1
54562 2
54563 3
54564 4
54565 5
54566 6
54567 7
54568 8
54569 9
54570 0
54571 1
54572 2
54573 3
54574 4
54575 5
54576 6
54577 7
54578 8
54579 9
54580 0
54581 1
54582 2
54583 3
54584 4
54585 5
54586 6
54587 7
54588 8
54589 9
54590 0
54591 1
54592 2
54593 3
54594 4
54595 5
54596 6
54597 7
54598 8
54599 9
54600 0
54601 1
54602 2
54603 3
54604 4
54605 5
54606 6
54607 7
54608 8
54609 9
54610 0
54611 1
54612 2
54613 3
54614 4
54615 5
54616 6
54617 7
54618 8
54619 9
54620 0
54621 1
54622 2
54623 3
54624 4
54625 5
54626 6
54627 7
54628 8
54629 9
54630 0
54631 1
54632 2
54633 3
54634 4
54635 5
54636 6
54637 7
54638 8
54639 9
54640 0
54641 1
54642 2
54643 3
54644 4
54645 5
54646 6
54647 7
54648 8
54649 9
54650 0
54651 1
54652 2
54653 3
54654 4
54655 5
54656 6
54657 7
54658 8
54659 9
54660 0
54661 1
54662 2
54663 3
54664 4
54665 5
54666 6
54667 7
54668 8
54669 9
54670 0
54671 1
54672 2
54673 3
54674 4
54675 5
54676 6
54677 7
54678 8
54679 9
54680 0
54681 1
54682 2
54683 3
54684 4
54685 5
54686 6
54687 7
54688 8
54689 9
54690 0
54691 1
54692 2
54693 3
54694 4
54695 5
54696 6
54697 7
54698 8
54699 9
54700 0
54701 1
54702 2
54703 3
54704 4
54705 5
54706 6
54707 7
54708 8
54709 9
54710 0
54711 1
54712 2
54713 3
54714 4
54715 5
54716 6
54717 7
54718 8
54719 9
54720 0
54721 1
54722 2
54723 3
54724 4
54725 5
54726 6
54727 7
54728 8
54729 9
54730 0
54731 1
54732 2
54733 3
54734 4
54735 5
54736 6
54737 7
54738 8
54739 9
54740 0
54741 1
54742 2
54743 3
54744 4
54745 5
54746 6
54747 7
54748 8
54749 9
54750 0
54751 1
54752 2
54753 3
54754 4
54755 5
54756 6
54757 7
54758 8
54759 9
54760 0
54761 1
54762 2
54763 3
54764 4
54765 5
54766 6
54767 7
54768 8
54769 9
54770 0
54771 1
54772 2
54773 3
54774 4
54775 5
54776 6
54777 7
54778 8
54779 9
54780 0
54781 1
54782 2
54783 3
54784 4
54785 5
54786 6
54787 7
54788 8
54789 9
54790 0
54791 1
54792 2
54793 3
54794 4
54795 5
54796 6
54797 7
54798 8
54799 9
54800 0
54801 1
54802 2
54803 3
54804 4
54805 5
54806 6
54807 7
54808 8
54809 9
54810 0
54811 1
54812 2
54813 3
54814 4
54815 5
54816 6
54817 7
54818 8
54819 9
54820 0
54821 1
54822 2
54823 3
54824 4
54825 5
54826 6
54827 7
54828 8
54829 9
54830 0
54831 1
54832 2
54833 3
54834 4
54835 5
54836 6
54837 7
54838 8
54839 9
54840 0
54841 1
54842 2
54843 3
54844 4
54845 5
54846 6
54847 7
54848 8
54849 9
54850 0
54851 1
54852 2
54853 3
54854 4
54855 5
54856 6
54857 7
54858 8
54859 9
54860 0
54861 1
54862 2
54863 3
54864 4
54865 5
54866 6
54867 7
54868 8
54869 9
54870 0
54871 1
54872 2
54873 3
54874 4
54875 5
54876 6
54877 7
54878 8
54879 9
54880 0
54881 1
54882 2
54883 3
54884 4
54885 5
54886 6
54887 7
54888 8
54889 9
54890 0
54891 1
54892 2
54893 3
54894 4
54895 5
54896 6
54897 7
54898 8
54899 9
54900 0
54901 1
54902 2
54903 3
54904 4
54905 5
54906 6
54907 7
54908 8
54909 9
54910 0
54911 1
54912 2
54913 3
54914 4
54915 5
54916 6
54917 7
54918 8
54919 9
54920 0
54921 1
54922 2
54923 3
54924 4
54925 5
54926 6
54927 7
54928 8
54929 9
54930 0
54931 1
54932 2
54933 3
54934 4
54935 5
54936 6
54937 7
54938 8
54939 9
54940 0
54941 1
54942 2
54943 3
54944 4
54945 5
54946 6
54947 7
54948 8
54949 9
54950 0
54951 1
54952 2
54953 3
54954 4
54955 5
54956 6
54957 7
54958 8
54959 9
54960 0
54961 1
54962 2
54963 3
54964 4
54965 5
54966 6
54967 7
54968 8
54969 9
54970 0
54971 1
54972 2
54973 3
54974 4
54975 5
54976 6
54977 7
54978 8
54979 9
54980 0
54981 1
54982 2
54983 3
54984 4
54985 5
54986 6
54987 7
54988 8
54989 9
54990 0
54991 1
54992 2
54993 3
54994 4
54995 5
54996 6
54997 7
54998 8
54999 9
55000 0
55001 1
55002 2
55003 3
55004 4
55005 5
55006 6
55007 7
55008 8
55009 9
55010 0
55011 1
55012 2
55013 3
55014 4
55015 5
55016 6
55017 7
55018 8
55019 9
55020 0
55021 1
55022 2
55023 3
55024 4
55025 5
55026 6
55027 7
55028 8
55029 9
55030 0
55031 1
55032 2
55033 3
55034 4
55035 5
55036 6
55037 7
55038 8
55039 9
55040 0
55041 1
55042 2
55043 3
55044 4
55045 5
55046 6
55047 7
55048 8
55049 9
55050 0
55051 1
55052 2
55053 3
55054 4
55055 5
55056 6
55057 7
55058 8
55059 9
55060 0
55061 1
55062 2
55063 3
55064 4
55065 5
55066 6
55067 7
55068 8
55069 9
55070 0
55071 1
55072 2
55073 3
55074 4
55075 5
55076 6
55077 7
55078 8
55079 9
55080 0
55081 1
55082 2
55083 3
55084 4
55085 5
55086 6
55087 7
55088 8
55089 9
55090 0
55091 1
55092 2
55093 3
55094 4
55095 5
55096 6
55097 7
55098 8
55099 9
55100 0
55101 1
55102 2
55103 3
55104 4
55105 5
55106 6
55107 7
55108 8
55109 9
55110 0
55111 1
55112 2
55113 3
55114 4
55115 5
55116 6
55117 7
55118 8
55119 9
55120 0
55121 1
55122 2
55123 3
55124 4
55125 5
55126 6
55127 7
55128 8
55129 9
55130 0
55131 1
55132 2
55133 3
55134 4
55135 5
55136 6
55137 7
55138 8
55139 9
55140 0
55141 1
55142 2
55143 3
55144 4
55145 5
55146 6
55147 7
55148 8
55149 9
55150 0
55151 1
55152 2
55153 3
55154 4
55155 5
55156 6
55157 7
55158 8
55159 9
55160 0
55161 1
55162 2
55163 3
55164 4
55165 5
55166 6
55167 7
55168 8
55169 9
55170 0
55171 1
55172 2
55173 3
55174 4
55175 5
55176 6
55177 7
55178 8
55179 9
55180 0
55181 1
55182 2
55183 3
55184 4
55185 5
55186 6
55187 7
55188 8
55189 9
55190 0
55191 1
55192 2
55193 3
55194 4
55195 5
55196 6
55197 7
55198 8
55199 9
55200 0
55201 1
55202 2
55203 3
55204 4
55205 5
55206 6
55207 7
55208 8
55209 9
55210 0
55211 1
55212 2
55213 3
55214 4
55215 5
55216 6
55217 7
55218 8
55219 9
55220 0
55221 1
55222 2
55223 3
55224 4
55225 5
55226 6
55227 7
55228 8
55229 9
55230 0
55231 1
55232 2
55233 3
55234 4
55235 5
55236 6
55237 7
55238 8
55239 9
55240 0
55241 1
55242 2
55243 3
55244 4
55245 5
55246 6
55247 7
55248 8
55249 9
55250 0
55251 1
55252 2
55253 3
55254 4
55255 5
55256 6
55257 7
55258 8
55259 9
55260 0
55261 1
55262 2
55263 3
55264 4
55265 5
55266 6
55267 7
55268 8
55269 9
55270 0
55271 1
55272 2
55273 3
55274 4
55275 5
55276 6
55277 7
55278 8
55279 9
55280 0
55281 1
55282 2
55283 3
55284 4
55285 5
55286 6
55287 7
55288 8
55289 9
55290 0
55291 1
55292 2
55293 3
55294 4
55295 5
55296 6
55297 7
55298 8
55299 9
55300 0
55301 1
55302 2
55303 3
55304 4
55305 5
55306 6
55307 7
55308 8
55309 9
55310 0
55311 1
55312 2
55313 3
55314 4
55315 5
55316 6
55317 7
55318 8
55319 9
55320 0
55321 1
55322 2
55323 3
55324 4
55325 5
55326 6
55327 7
55328 8
55329 9
55330 0
55331 1
55332 2
55333 3
55334 4
55335 5
55336 6
55337 7
55338 8
55339 9
55340 0
55341 1
55342 2
55343 3
55344 4
55345 5
55346 6
55347 7
55348 8
55349 9
55350 0
55351 1
55352 2
55353 3
55354 4
55355 5
55356 6
55357 7
55358 8
55359 9
55360 0
55361 1
55362 2
55363 3
55364 4
55365 5
55366 6
55367 7
55368 8
55369 9
55370 0
55371 1
55372 2
55373 3
55374 4
55375 5
55376 6
55377 7
55378 8
55379 9
55380 0
55381 1
55382 2
55383 3
55384 4
55385 5
55386 6
55387 7
55388 8
55389 9
55390 0
55391 1
55392 2
55393 3
55394 4
55395 5
55396 6
55397 7
55398 8
55399 9
55400 0
55401 1
55402 2
55403 3
55404 4
55405 5
55406 6
55407 7
55408 8
55409 9
55410 0
55411 1
55412 2
55413 3
55414 4
55415 5
55416 6
55417 7
55418 8
55419 9
55420 0
55421 1
55422 2
55423 3
55424 4
55425 5
55426 6
55427 7
55428 8
55429 9
55430 0
55431 1
55432 2
55433 3
55434 4
55435 5
55436 6
55437 7
55438 8
55439 9
55440 0
55441 1
55442 2
55443 3
55444 4
55445 5
55446 6
55447 7
55448 8
55449 9
55450 0
55451 1
55452 2
55453 3
55454 4
55455 5
55456 6
55457 7
55458 8
55459 9
55460 0
55461 1
55462 2
55463 3
55464 4
55465 5
55466 6
55467 7
55468 8
55469 9
55470 0
55471 1
55472 2
55473 3
55474 4
55475 5
55476 6
55477 7
55478 8
55479 9
55480 0
55481 1
55482 2
55483 3
55484 4
55485 5
55486 6
55487 7
55488 8
55489 9
55490 0
55491 1
55492 2
55493 3
55494 4
55495 5
55496 6
55497 7
55498 8
55499 9
55500 0
55501 1
55502 2
55503 3
55504 4
55505 5
55506 6
55507 7
55508 8
55509 9
55510 0
55511 1
55512 2
55513 3
55514 4
55515 5
55516 6
55517 7
55518 8
55519 9
55520 0
55521 1
55522 2
55523 3
55524 4
55525 5
55526 6
55527 7
55528 8
55529 9
55530 0
55531 1
55532 2
55533 3
55534 4
55535 5
55536 6
55537 7
55538 8
55539 9
55540 0
55541 1
55542 2
55543 3
55544 4
55545 5
55546 6
55547 7
55548 8
55549 9
55550 0
55551 1
55552 2
55553 3
55554 4
55555 5
55556 6
55557 7
55558 8
55559 9
55560 0
55561 1
55562 2
55563 3
55564 4
55565 5
55566 6
55567 7
55568 8
55569 9
55570 0
55571 1
55572 2
55573 3
55574 4
55575 5
55576 6
55577 7
55578 8
55579 9
55580 0
55581 1
55582 2
55583 3
55584 4
55585 5
55586 6
55587 7
55588 8
55589 9
55590 0
55591 1
55592 2
55593 3
55594 4
55595 5
55596 6
55597 7
55598 8
55599 9
55600 0
55601 1
55602 2
55603 3
55604 4
55605 5
55606 6
55607 7
55608 8
55609 9
55610 0
55611 1
55612 2
55613 3
55614 4
55615 5
55616 6
55617 7
55618 8
55619 9
55620 0
55621 1
55622 2
55623 3
55624 4
55625 5
55626 6
55627 7
55628 8
55629 9
55630 0
55631 1
55632 2
55633 3
55634 4
55635 5
55636 6
55637 7
55638 8
55639 9
55640 0
55641 1
55642 2
55643 3
55644 4
55645 5
55646 6
55647 7
55648 8
55649 9
55650 0
55651 1
55652 2
55653 3
55654 4
55655 5
55656 6
55657 7
55658 8
55659 9
55660 0
55661 1
55662 2
55663 3
55664 4
55665 5
55666 6
55667 7
55668 8
55669 9
55670 0
55671 1
55672 2
55673 3
55674 4
55675 5
55676 6
55677 7
55678 8
55679 9
55680 0
55681 1
55682 2
55683 3
55684 4
55685 5
55686 6
55687 7
55688 8
55689 9
55690 0
55691 1
55692 2
55693 3
55694 4
55695 5
55696 6
55697 7
55698 8
55699 9
55700 0
55701 1
55702 2
55703 3
55704 4
55705 5
55706 6
55707 7
55708 8
55709 9
55710 0
55711 1
55712 2
55713 3
55714 4
55715 5
55716 6
55717 7
55718 8
55719 9
55720 0
55721 1
55722 2
55723 3
55724 4
55725 5
55726 6
55727 7
55728 8
55729 9
55730 0
55731 1
55732 2
55733 3
55734 4
55735 5
55736 6
55737 7
55738 8
55739 9
55740 0
55741 1
55742 2
55743 3
55744 4
55745 5
55746 6
55747 7
55748 8
55749 9
55750 0
55751 1
55752 2
55753 3
55754 4
55755 5
55756 6
55757 7
55758 8
55759 9
55760 0
55761 1
55762 2
55763 3
55764 4
55765 5
55766 6
55767 7
55768 8
55769 9
55770 0
55771 1
55772 2
55773 3
55774 4
55775 5
55776 6
55777 7
55778 8
55779 9
55780 0
55781 1
55782 2
55783 3
55784 4
55785 5
55786 6
55787 7
55788 8
55789 9
55790 0
55791 1
55792 2
55793 3
55794 4
55795 5
55796 6
55797 7
55798 8
55799 9
55800 0
55801 1
55802 2
55803 3
55804 4
55805 5
55806 6
55807 7
55808 8
55809 9
55810 0
55811 1
55812 2
55813 3
55814 4
55815 5
55816 6
55817 7
55818 8
55819 9
55820 0
55821 1
55822 2
55823 3
55824 4
55825 5
55826 6
55827 7
55828 8
55829 9
55830 0
55831 1
55832 2
55833 3
55834 4
55835 5
55836 6
55837 7
55838 8
55839 9
55840 0
55841 1
55842 2
55843 3
55844 4
55845 5
55846 6
55847 7
55848 8
55849 9
55850 0
55851 1
55852 2
55853 3
55854 4
55855 5
55856 6
55857 7
55858 8
55859 9
55860 0
55861 1
55862 2
55863 3
55864 4
55865 5
55866 6
55867 7
55868 8
55869 9
55870 0
55871 1
55872 2
55873 3
55874 4
55875 5
55876 6
55877 7
55878 8
55879 9
55880 0
55881 1
55882 2
55883 3
55884 4
55885 5
55886 6
55887 7
55888 8
55889 9
55890 0
55891 1
55892 2
55893 3
55894 4
55895 5
55896 6
55897 7
55898 8
55899 9
55900 0
55901 1
55902 2
55903 3
55904 4
55905 5
55906 6
55907 7
55908 8
55909 9
55910 0
55911 1
55912 2
55913 3
55914 4
55915 5
55916 6
55917 7
55918 8
55919 9
55920 0
55921 1
55922 2
55923 3
55924 4
55925 5
55926 6
55927 7
55928 8
55929 9
55930 0
55931 1
55932 2
55933 3
55934 4
55935 5
55936 6
55937 7
55938 8
55939 9
55940 0
55941 1
55942 2
55943 3
55944 4
55945 5
55946 6
55947 7
55948 8
55949 9
55950 0
55951 1
55952 2
55953 3
55954 4
55955 5
55956 6
55957 7
55958 8
55959 9
55960 0
55961 1
55962 2
55963 3
55964 4
55965 5
55966 6
55967 7
55968 8
55969 9
55970 0
55971 1
55972 2
55973 3
55974 4
55975 5
55976 6
55977 7
55978 8
55979 9
55980 0
55981 1
55982 2
55983 3
55984 4
55985 5
55986 6
55987 7
55988 8
55989 9
55990 0
55991 1
55992 2
55993 3
55994 4
55995 5
55996 6
55997 7
55998 8
55999 9
56000 0
56001 1
56002 2
56003 3
56004 4
56005 5
56006 6
56007 7
56008 8
56009 9
56010 0
56011 1
56012 2
56013 3
56014 4
56015 5
56016 6
56017 7
56018 8
56019 9
56020 0
56021 1
56022 2
56023 3
56024 4
56025 5
56026 6
56027 7
56028 8
56029 9
56030 0
56031 1
56032 2
56033 3
56034 4
56035 5
56036 6
56037 7
56038 8
56039 9
56040 0
56041 1
56042 2
56043 3
56044 4
56045 5
56046 6
56047 7
56048 8
56049 9
56050 0
56051 1
56052 2
56053 3
56054 4
56055 5
56056 6
56057 7
56058 8
56059 9
56060 0
56061 1
56062 2
56063 3
56064 4
56065 5
56066 6
56067 7
56068 8
56069 9
56070 0
56071 1
56072 2
56073 3
56074 4
56075 5
56076 6
56077 7
56078 8
56079 9
56080 0
56081 1
56082 2
56083 3
56084 4
56085 5
56086 6
56087 7
56088 8
56089 9
56090 0
56091 1
56092 2
56093 3
56094 4
56095 5
56096 6
56097 7
56098 8
56099 9
56100 0
56101 1
56102 2
56103 3
56104 4
56105 5
56106 6
56107 7
56108 8
56109 9
56110 0
56111 1
56112 2
56113 3
56114 4
56115 5
56116 6
56117 7
56118 8
56119 9
56120 0
56121 1
56122 2
56123 3
56124 4
56125 5
56126 6
56127 7
56128 8
56129 9
56130 0
56131 1
56132 2
56133 3
56134 4
56135 5
56136 6
56137 7
56138 8
56139 9
56140 0
56141 1
56142 2
56143 3
56144 4
56145 5
56146 6
56147 7
56148 8
56149 9
56150 0
56151 1
56152 2
56153 3
56154 4
56155 5
56156 6
56157 7
56158 8
56159 9
56160 0
56161 1
56162 2
56163 3
56164 4
56165 5
56166 6
56167 7
56168 8
56169 9
56170 0
56171 1
56172 2
56173 3
56174 4
56175 5
56176 6
56177 7
56178 8
56179 9
56180 0
56181 1
56182 2
56183 3
56184 4
56185 5
56186 6
56187 7
56188 8
56189 9
56190 0
56191 1
56192 2
56193 3
56194 4
56195 5
56196 6
56197 7
56198 8
56199 9
56200 0
56201 1
56202 2
56203 3
56204 4
56205 5
56206 6
56207 7
56208 8
56209 9
56210 0
56211 1
56212 2
56213 3
56214 4
56215 5
56216 6
56217 7
56218 8
56219 9
56220 0
56221 1
56222 2
56223 3
56224 4
56225 5
56226 6
56227 7
56228 8
56229 9
56230 0
56231 1
56232 2
56233 3
56234 4
56235 5
56236 6
56237 7
56238 8
56239 9
56240 0
56241 1
56242 2
56243 3
56244 4
56245 5
56246 6
56247 7
56248 8
56249 9
56250 0
56251 1
56252 2
56253 3
56254 4
56255 5
56256 6
56257 7
56258 8
56259 9
56260 0
56261 1
56262 2
56263 3
56264 4
56265 5
56266 6
56267 7
56268 8
56269 9
56270 0
56271 1
56272 2
56273 3
56274 4
56275 5
56276 6
56277 7
56278 8
56279 9
56280 0
56281 1
56282 2
56283 3
56284 4
56285 5
56286 6
56287 7
56288 8
56289 9
56290 0
56291 1
56292 2
56293 3
56294 4
56295 5
56296 6
56297 7
56298 8
56299 9
56300 0
56301 1
56302 2
56303 3
56304 4
56305 5
56306 6
56307 7
56308 8
56309 9
56310 0
56311 1
56312 2
56313 3
56314 4
56315 5
56316 6
56317 7
56318 8
56319 9
56320 0
56321 1
56322 2
56323 3
56324 4
56325 5
56326 6
56327 7
56328 8
56329 9
56330 0
56331 1
56332 2
56333 3
56334 4
56335 5
56336 6
56337 7
56338 8
56339 9
56340 0
56341 1
56342 2
56343 3
56344 4
56345 5
56346 6
56347 7
56348 8
56349 9
56350 0
56351 1
56352 2
56353 3
56354 4
56355 5
56356 6
56357 7
56358 8
56359 9
56360 0
56361 1
56362 2
56363 3
56364 4
56365 5
56366 6
56367 7
56368 8
56369 9
56370 0
56371 1
56372 2
56373 3
56374 4
56375 5
56376 6
56377 7
56378 8
56379 9
56380 0
56381 1
56382 2
56383 3
56384 4
56385 5
56386 6
56387 7
56388 8
56389 9
56390 0
56391 1
56392 2
56393 3
56394 4
56395 5
56396 6
56397 7
56398 8
56399 9
56400 0
56401 1
56402 2
56403 3
56404 4
56405 5
56406 6
56407 7
56408 8
56409 9
56410 0
56411 1
56412 2
56413 3
56414 4
56415 5
56416 6
56417 7
56418 8
56419 9
56420 0
56421 1
56422 2
56423 3
56424 4
56425 5
56426 6
56427 7
56428 8
56429 9
56430 0
56431 1
56432 2
56433 3
56434 4
56435 5
56436 6
56437 7
56438 8
56439 9
56440 0
56441 1
56442 2
56443 3
56444 4
56445 5
56446 6
56447 7
56448 8
56449 9
56450 0
56451 1
56452 2
56453 3
56454 4
56455 5
56456 6
56457 7
56458 8
56459 9
56460 0
56461 1
56462 2
56463 3
56464 4
56465 5
56466 6
56467 7
56468 8
56469 9
56470 0
56471 1
56472 2
56473 3
56474 4
56475 5
56476 6
56477 7
56478 8
56479 9
56480 0
56481 1
56482 2
56483 3
56484 4
56485 5
56486 6
56487 7
56488 8
56489 9
56490 0
56491 1
56492 2
56493 3
56494 4
56495 5
56496 6
56497 7
56498 8
56499 9
56500 0
56501 1
56502 2
56503 3
56504 4
56505 5
56506 6
56507 7
56508 8
56509 9
56510 0
56511 1
56512 2
56513 3
56514 4
56515 5
56516 6
56517 7
56518 8
56519 9
56520 0
56521 1
56522 2
56523 3
56524 4
56525 5
56526 6
56527 7
56528 8
56529 9
56530 0
56531 1
56532 2
56533 3
56534 4
56535 5
56536 6
56537 7
56538 8
56539 9
56540 0
56541 1
56542 2
56543 3
56544 4
56545 5
56546 6
56547 7
56548 8
56549 9
56550 0
56551 1
56552 2
56553 3
56554 4
56555 5
56556 6
56557 7
56558 8
56559 9
56560 0
56561 1
56562 2
56563 3
56564 4
56565 5
56566 6
56567 7
56568 8
56569 9
56570 0
56571 1
56572 2
56573 3
56574 4
56575 5
56576 6
56577 7
56578 8
56579 9
56580 0
56581 1
56582 2
56583 3
56584 4
56585 5
56586 6
56587 7
56588 8
56589 9
56590 0
56591 1
56592 2
56593 3
56594 4
56595 5
56596 6
56597 7
56598 8
56599 9
56600 0
56601 1
56602 2
56603 3
56604 4
56605 5
56606 6
56607 7
56608 8
56609 9
56610 0
56611 1
56612 2
56613 3
56614 4
56615 5
56616 6
56617 7
56618 8
56619 9
56620 0
56621 1
56622 2
56623 3
56624 4
56625 5
56626 6
56627 7
56628 8
56629 9
56630 0
56631 1
56632 2
56633 3
56634 4
56635 5
56636 6
56637 7
56638 8
56639 9
56640 0
56641 1
56642 2
56643 3
56644 4
56645 5
56646 6
56647 7
56648 8
56649 9
56650 0
56651 1
56652 2
56653 3
56654 4
56655 5
56656 6
56657 7
56658 8
56659 9
56660 0
56661 1
56662 2
56663 3
56664 4
56665 5
56666 6
56667 7
56668 8
56669 9
56670 0
56671 1
56672 2
56673 3
56674 4
56675 5
56676 6
56677 7
56678 8
56679 9
56680 0
56681 1
56682 2
56683 3
56684 4
56685 5
56686 6
56687 7
56688 8
56689 9
56690 0
56691 1
56692 2
56693 3
56694 4
56695 5
56696 6
56697 7
56698 8
56699 9
56700 0
56701 1
56702 2
56703 3
56704 4
56705 5
56706 6
56707 7
56708 8
56709 9
56710 0
56711 1
56712 2
56713 3
56714 4
56715 5
56716 6
56717 7
56718 8
56719 9
56720 0
56721 1
56722 2
56723 3
56724 4
56725 5
56726 6
56727 7
56728 8
56729 9
56730 0
56731 1
56732 2
56733 3
56734 4
56735 5
56736 6
56737 7
56738 8
56739 9
56740 0
56741 1
56742 2
56743 3
56744 4
56745 5
56746 6
56747 7
56748 8
56749 9
56750 0
56751 1
56752 2
56753 3
56754 4
56755 5
56756 6
56757 7
56758 8
56759 9
56760 0
56761 1
56762 2
56763 3
56764 4
56765 5
56766 6
56767 7
56768 8
56769 9
56770 0
56771 1
56772 2
56773 3
56774 4
56775 5
56776 6
56777 7
56778 8
56779 9
56780 0
56781 1
56782 2
56783 3
56784 4
56785 5
56786 6
56787 7
56788 8
56789 9
56790 0
56791 1
56792 2
56793 3
56794 4
56795 5
56796 6
56797 7
56798 8
56799 9
56800 0
56801 1
56802 2
56803 3
56804 4
56805 5
56806 6
56807 7
56808 8
56809 9
56810 0
56811 1
56812 2
56813 3
56814 4
56815 5
56816 6
56817 7
56818 8
56819 9
56820 0
56821 1
56822 2
56823 3
56824 4
56825 5
56826 6
56827 7
56828 8
56829 9
56830 0
56831 1
56832 2
56833 3
56834 4
56835 5
56836 6
56837 7
56838 8
56839 9
56840 0
56841 1
56842 2
56843 3
56844 4
56845 5
56846 6
56847 7
56848 8
56849 9
56850 0
56851 1
56852 2
56853 3
56854 4
56855 5
56856 6
56857 7
56858 8
56859 9
56860 0
56861 1
56862 2
56863 3
56864 4
56865 5
56866 6
56867 7
56868 8
56869 9
56870 0
56871 1
56872 2
56873 3
56874 4
56875 5
56876 6
56877 7
56878 8
56879 9
56880 0
56881 1
56882 2
56883 3
56884 4
56885 5
56886 6
56887 7
56888 8
56889 9
56890 0
56891 1
56892 2
56893 3
56894 4
56895 5
56896 6
56897 7
56898 8
56899 9
56900 0
56901 1
56902 2
56903 3
56904 4
56905 5
56906 6
56907 7
56908 8
56909 9
56910 0
56911 1
56912 2
56913 3
56914 4
56915 5
56916 6
56917 7
56918 8
56919 9
56920 0
56921 1
56922 2
56923 3
56924 4
56925 5
56926 6
56927 7
56928 8
56929 9
56930 0
56931 1
56932 2
56933 3
56934 4
56935 5
56936 6
56937 7
56938 8
56939 9
56940 0
56941 1
56942 2
56943 3
56944 4
56945 5
56946 6
56947 7
56948 8
56949 9
56950 0
56951 1
56952 2
56953 3
56954 4
56955 5
56956 6
56957 7
56958 8
56959 9
56960 0
56961 1
56962 2
56963 3
56964 4
56965 5
56966 6
56967 7
56968 8
56969 9
56970 0
56971 1
56972 2
56973 3
56974 4
56975 5
56976 6
56977 7
56978 8
56979 9
56980 0
56981 1
56982 2
56983 3
56984 4
56985 5
56986 6
56987 7
56988 8
56989 9
56990 0
56991 1
56992 2
56993 3
56994 4
56995 5
56996 6
56997 7
56998 8
56999 9
57000 0
57001 1
57002 2
57003 3
57004 4
57005 5
57006 6
57007 7
57008 8
57009 9
57010 0
57011 1
57012 2
57013 3
57014 4
57015 5
57016 6
57017 7
57018 8
57019 9
57020 0
57021 1
57022 2
57023 3
57024 4
57025 5
57026 6
57027 7
57028 8
57029 9
57030 0
57031 1
57032 2
57033 3
57034 4
57035 5
57036 6
57037 7
57038 8
57039 9
57040 0
57041 1
57042 2
57043 3
57044 4
57045 5
57046 6
57047 7
57048 8
57049 9
57050 0
57051 1
57052 2
57053 3
57054 4
57055 5
57056 6
57057 7
57058 8
57059 9
57060 0
57061 1
57062 2
57063 3
57064 4
57065 5
57066 6
57067 7
57068 8
57069 9
57070 0
57071 1
57072 2
57073 3
57074 4
57075 5
57076 6
57077 7
57078 8
57079 9
57080 0
57081 1
57082 2
57083 3
57084 4
57085 5
57086 6
57087 7
57088 8
57089 9
57090 0
57091 1
57092 2
57093 3
57094 4
57095 5
57096 6
57097 7
57098 8
57099 9
57100 0
57101 1
57102 2
57103 3
57104 4
57105 5
57106 6
57107 7
57108 8
57109 9
57110 0
57111 1
57112 2
57113 3
57114 4
57115 5
57116 6
57117 7
57118 8
57119 9
57120 0
57121 1
57122 2
57123 3
57124 4
57125 5
57126 6
57127 7
57128 8
57129 9
57130 0
57131 1
57132 2
57133 3
57134 4
57135 5
57136 6
57137 7
57138 8
57139 9
57140 0
57141 1
57142 2
57143 3
57144 4
57145 5
57146 6
57147 7
57148 8
57149 9
57150 0
57151 1
57152 2
57153 3
57154 4
57155 5
57156 6
57157 7
57158 8
57159 9
57160 0
57161 1
57162 2
57163 3
57164 4
57165 5
57166 6
57167 7
57168 8
57169 9
57170 0
57171 1
57172 2
57173 3
57174 4
57175 5
57176 6
57177 7
57178 8
57179 9
57180 0
57181 1
57182 2
57183 3
57184 4
57185 5
57186 6
57187 7
57188 8
57189 9
57190 0
57191 1
57192 2
57193 3
57194 4
57195 5
57196 6
57197 7
57198 8
57199 9
57200 0
57201 1
57202 2
57203 3
57204 4
57205 5
57206 6
57207 7
57208 8
57209 9
57210 0
57211 1
57212 2
57213 3
57214 4
57215 5
57216 6
57217 7
57218 8
57219 9
57220 0
57221 1
57222 2
57223 3
57224 4
57225 5
57226 6
57227 7
57228 8
57229 9
57230 0
57231 1
57232 2
57233 3
57234 4
57235 5
57236 6
57237 7
57238 8
57239 9
57240 0
57241 1
57242 2
57243 3
57244 4
57245 5
57246 6
57247 7
57248 8
57249 9
57250 0
57251 1
57252 2
57253 3
57254 4
57255 5
57256 6
57257 7
57258 8
57259 9
57260 0
57261 1
57262 2
57263 3
57264 4
57265 5
57266 6
57267 7
57268 8
57269 9
57270 0
57271 1
57272 2
57273 3
57274 4
57275 5
57276 6
57277 7
57278 8
57279 9
57280 0
57281 1
57282 2
57283 3
57284 4
57285 5
57286 6
57287 7
57288 8
57289 9
57290 0
57291 1
57292 2
57293 3
57294 4
57295 5
57296 6
57297 7
57298 8
57299 9
57300 0
57301 1
57302 2
57303 3
57304 4
57305 5
57306 6
57307 7
57308 8
57309 9
57310 0
57311 1
57312 2
57313 3
57314 4
57315 5
57316 6
57317 7
57318 8
57319 9
57320 0
57321 1
57322 2
57323 3
57324 4
57325 5
57326 6
57327 7
57328 8
57329 9
57330 0
57331 1
57332 2
57333 3
57334 4
57335 5
57336 6
57337 7
57338 8
57339 9
57340 0
57341 1
57342 2
57343 3
57344 4
57345 5
57346 6
57347 7
57348 8
57349 9
57350 0
57351 1
57352 2
57353 3
57354 4
57355 5
57356 6
57357 7
57358 8
57359 9
57360 0
57361 1
57362 2
57363 3
57364 4
57365 5
57366 6
57367 7
57368 8
57369 9
57370 0
57371 1
57372 2
57373 3
57374 4
57375 5
57376 6
57377 7
57378 8
57379 9
57380 0
57381 1
57382 2
57383 3
57384 4
57385 5
57386 6
57387 7
57388 8
57389 9
57390 0
57391 1
57392 2
57393 3
57394 4
57395 5
57396 6
57397 7
57398 8
57399 9
57400 0
57401 1
57402 2
57403 3
57404 4
57405 5
57406 6
57407 7
57408 8
57409 9
57410 0
57411 1
57412 2
57413 3
57414 4
57415 5
57416 6
57417 7
57418 8
57419 9
57420 0
57421 1
57422 2
57423 3
57424 4
57425 5
57426 6
57427 7
57428 8
57429 9
57430 0
57431 1
57432 2
57433 3
57434 4
57435 5
57436 6
57437 7
57438 8
57439 9
57440 0
57441 1
57442 2
57443 3
57444 4
57445 5
57446 6
57447 7
57448 8
57449 9
57450 0
57451 1
57452 2
57453 3
57454 4
57455 5
57456 6
57457 7
57458 8
57459 9
57460 0
57461 1
57462 2
57463 3
57464 4
57465 5
57466 6
57467 7
57468 8
57469 9
57470 0
57471 1
57472 2
57473 3
57474 4
57475 5
57476 6
57477 7
57478 8
57479 9
57480 0
57481 1
57482 2
57483 3
57484 4
57485 5
57486 6
57487 7
57488 8
57489 9
57490 0
57491 1
57492 2
57493 3
57494 4
57495 5
57496 6
57497 7
57498 8
57499 9
57500 0
57501 1
57502 2
57503 3
57504 4
57505 5
57506 6
57507 7
57508 8
57509 9
57510 0
57511 1
57512 2
57513 3
57514 4
57515 5
57516 6
57517 7
57518 8
57519 9
57520 0
57521 1
57522 2
57523 3
57524 4
57525 5
57526 6
57527 7
57528 8
57529 9
57530 0
57531 1
57532 2
57533 3
57534 4
57535 5
57536 6
57537 7
57538 8
57539 9
57540 0
57541 1
57542 2
57543 3
57544 4
57545 5
57546 6
57547 7
57548 8
57549 9
57550 0
57551 1
57552 2
57553 3
57554 4
57555 5
57556 6
57557 7
57558 8
57559 9
57560 0
57561 1
57562 2
57563 3
57564 4
57565 5
57566 6
57567 7
57568 8
57569 9
57570 0
57571 1
57572 2
57573 3
57574 4
57575 5
57576 6
57577 7
57578 8
57579 9
57580 0
57581 1
57582 2
57583 3
57584 4
57585 5
57586 6
57587 7
57588 8
57589 9
57590 0
57591 1
57592 2
57593 3
57594 4
57595 5
57596 6
57597 7
57598 8
57599 9
57600 0
57601 1
57602 2
57603 3
57604 4
57605 5
57606 6
57607 7
57608 8
57609 9
57610 0
57611 1
57612 2
57613 3
57614 4
57615 5
57616 6
57617 7
57618 8
57619 9
57620 0
57621 1
57622 2
57623 3
57624 4
57625 5
57626 6
57627 7
57628 8
57629 9
57630 0
57631 1
57632 2
57633 3
57634 4
57635 5
57636 6
57637 7
57638 8
57639 9
57640 0
57641 1
57642 2
57643 3
57644 4
57645 5
57646 6
57647 7
57648 8
57649 9
57650 0
57651 1
57652 2
57653 3
57654 4
57655 5
57656 6
57657 7
57658 8
57659 9
57660 0
57661 1
57662 2
57663 3
57664 4
57665 5
57666 6
57667 7
57668 8
57669 9
57670 0
57671 1
57672 2
57673 3
57674 4
57675 5
57676 6
57677 7
57678 8
57679 9
57680 0
57681 1
57682 2
57683 3
57684 4
57685 5
57686 6
57687 7
57688 8
57689 9
57690 0
57691 1
57692 2
57693 3
57694 4
57695 5
57696 6
57697 7
57698 8
57699 9
57700 0
57701 1
57702 2
57703 3
57704 4
57705 5
57706 6
57707 7
57708 8
57709 9
57710 0
57711 1
57712 2
57713 3
57714 4
57715 5
57716 6
57717 7
57718 8
57719 9
57720 0
57721 1
57722 2
57723 3
57724 4
57725 5
57726 6
57727 7
57728 8
57729 9
57730 0
57731 1
57732 2
57733 3
57734 4
57735 5
57736 6
57737 7
57738 8
57739 9
57740 0
57741 1
57742 2
57743 3
57744 4
57745 5
57746 6
57747 7
57748 8
57749 9
57750 0
57751 1
57752 2
57753 3
57754 4
57755 5
57756 6
57757 7
57758 8
57759 9
57760 0
57761 1
57762 2
57763 3
57764 4
57765 5
57766 6
57767 7
57768 8
57769 9
57770 0
57771 1
57772 2
57773 3
57774 4
57775 5
57776 6
57777 7
57778 8
57779 9
57780 0
57781 1
57782 2
57783 3
57784 4
57785 5
57786 6
57787 7
57788 8
57789 9
57790 0
57791 1
57792 2
57793 3
57794 4
57795 5
57796 6
57797 7
57798 8
57799 9
57800 0
57801 1
57802 2
57803 3
57804 4
57805 5
57806 6
57807 7
57808 8
57809 9
57810 0
57811 1
57812 2
57813 3
57814 4
57815 5
57816 6
57817 7
57818 8
57819 9
57820 0
57821 1
57822 2
57823 3
57824 4
57825 5
57826 6
57827 7
57828 8
57829 9
57830 0
57831 1
57832 2
57833 3
57834 4
57835 5
57836 6
57837 7
57838 8
57839 9
57840 0
57841 1
57842 2
57843 3
57844 4
57845 5
57846 6
57847 7
57848 8
57849 9
57850 0
57851 1
57852 2
57853 3
57854 4
57855 5
57856 6
57857 7
57858 8
57859 9
57860 0
57861 1
57862 2
57863 3
57864 4
57865 5
57866 6
57867 7
57868 8
57869 9
57870 0
57871 1
57872 2
57873 3
57874 4
57875 5
57876 6
57877 7
57878 8
57879 9
57880 0
57881 1
57882 2
57883 3
57884 4
57885 5
57886 6
57887 7
57888 8
57889 9
57890 0
57891 1
57892 2
57893 3
57894 4
57895 5
57896 6
57897 7
57898 8
57899 9
57900 0
57901 1
57902 2
57903 3
57904 4
57905 5
57906 6
57907 7
57908 8
57909 9
57910 0
57911 1
57912 2
57913 3
57914 4
57915 5
57916 6
57917 7
57918 8
57919 9
57920 0
57921 1
57922 2
57923 3
57924 4
57925 5
57926 6
57927 7
57928 8
57929 9
57930 0
57931 1
57932 2
57933 3
57934 4
57935 5
57936 6
57937 7
57938 8
57939 9
57940 0
57941 1
57942 2
57943 3
57944 4
57945 5
57946 6
57947 7
57948 8
57949 9
57950 0
57951 1
57952 2
57953 3
57954 4
57955 5
57956 6
57957 7
57958 8
57959 9
57960 0
57961 1
57962 2
57963 3
57964 4
57965 5
57966 6
57967 7
57968 8
57969 9
57970 0
57971 1
57972 2
57973 3
57974 4
57975 5
57976 6
57977 7
57978 8
57979 9
57980 0
57981 1
57982 2
57983 3
57984 4
57985 5
57986 6
57987 7
57988 8
57989 9
57990 0
57991 1
57992 2
57993 3
57994 4
57995 5
57996 6
57997 7
57998 8
57999 9
58000 0
58001 1
58002 2
58003 3
58004 4
58005 5
58006 6
58007 7
58008 8
58009 9
58010 0
58011 1
58012 2
58013 3
58014 4
58015 5
58016 6
58017 7
58018 8
58019 9
58020 0
58021 1
58022 2
58023 3
58024 4
58025 5
58026 6
58027 7
58028 8
58029 9
58030 0
58031 1
58032 2
58033 3
58034 4
58035 5
58036 6
58037 7
58038 8
58039 9
58040 0
58041 1
58042 2
58043 3
58044 4
58045 5
58046 6
58047 7
58048 8
58049 9
58050 0
58051 1
58052 2
58053 3
58054 4
58055 5
58056 6
58057 7
58058 8
58059 9
58060 0
58061 1
58062 2
58063 3
58064 4
58065 5
58066 6
58067 7
58068 8
58069 9
58070 0
58071 1
58072 2
58073 3
58074 4
58075 5
58076 6
58077 7
58078 8
58079 9
58080 0
58081 1
58082 2
58083 3
58084 4
58085 5
58086 6
58087 7
58088 8
58089 9
58090 0
58091 1
58092 2
58093 3
58094 4
58095 5
58096 6
58097 7
58098 8
58099 9
58100 0
58101 1
58102 2
58103 3
58104 4
58105 5
58106 6
58107 7
58108 8
58109 9
58110 0
58111 1
58112 2
58113 3
58114 4
58115 5
58116 6
58117 7
58118 8
58119 9
58120 0
58121 1
58122 2
58123 3
58124 4
58125 5
58126 6
58127 7
58128 8
58129 9
58130 0
58131 1
58132 2
58133 3
58134 4
58135 5
58136 6
58137 7
58138 8
58139 9
58140 0
58141 1
58142 2
58143 3
58144 4
58145 5
58146 6
58147 7
58148 8
58149 9
58150 0
58151 1
58152 2
58153 3
58154 4
58155 5
58156 6
58157 7
58158 8
58159 9
58160 0
58161 1
58162 2
58163 3
58164 4
58165 5
58166 6
58167 7
58168 8
58169 9
58170 0
58171 1
58172 2
58173 3
58174 4
58175 5
58176 6
58177 7
58178 8
58179 9
58180 0
58181 1
58182 2
58183 3
58184 4
58185 5
58186 6
58187 7
58188 8
58189 9
58190 0
58191 1
58192 2
58193 3
58194 4
58195 5
58196 6
58197 7
58198 8
58199 9
58200 0
58201 1
58202 2
58203 3
58204 4
58205 5
58206 6
58207 7
58208 8
58209 9
58210 0
58211 1
58212 2
58213 3
58214 4
58215 5
58216 6
58217 7
58218 8
58219 9
58220 0
58221 1
58222 2
58223 3
58224 4
58225 5
58226 6
58227 7
58228 8
58229 9
58230 0
58231 1
58232 2
58233 3
58234 4
58235 5
58236 6
58237 7
58238 8
58239 9
58240 0
58241 1
58242 2
58243 3
58244 4
58245 5
58246 6
58247 7
58248 8
58249 9
58250 0
58251 1
58252 2
58253 3
58254 4
58255 5
58256 6
58257 7
58258 8
58259 9
58260 0
58261 1
58262 2
58263 3
58264 4
58265 5
58266 6
58267 7
58268 8
58269 9
58270 0
58271 1
58272 2
58273 3
58274 4
58275 5
58276 6
58277 7
58278 8
58279 9
58280 0
58281 1
58282 2
58283 3
58284 4
58285 5
58286 6
58287 7
58288 8
58289 9
58290 0
58291 1
58292 2
58293 3
58294 4
58295 5
58296 6
58297 7
58298 8
58299 9
58300 0
58301 1
58302 2
58303 3
58304 4
58305 5
58306 6
58307 7
58308 8
58309 9
58310 0
58311 1
58312 2
58313 3
58314 4
58315 5
58316 6
58317 7
58318 8
58319 9
58320 0
58321 1
58322 2
58323 3
58324 4
58325 5
58326 6
58327 7
58328 8
58329 9
58330 0
58331 1
58332 2
58333 3
58334 4
58335 5
58336 6
58337 7
58338 8
58339 9
58340 0
58341 1
58342 2
58343 3
58344 4
58345 5
58346 6
58347 7
58348 8
58349 9
58350 0
58351 1
58352 2
58353 3
58354 4
58355 5
58356 6
58357 7
58358 8
58359 9
58360 0
58361 1
58362 2
58363 3
58364 4
58365 5
58366 6
58367 7
58368 8
58369 9
58370 0
58371 1
58372 2
58373 3
58374 4
58375 5
58376 6
58377 7
58378 8
58379 9
58380 0
58381 1
58382 2
58383 3
58384 4
58385 5
58386 6
58387 7
58388 8
58389 9
58390 0
58391 1
58392 2
58393 3
58394 4
58395 5
58396 6
58397 7
58398 8
58399 9
58400 0
58401 1
58402 2
58403 3
58404 4
58405 5
58406 6
58407 7
58408 8
58409 9
58410 0
58411 1
58412 2
58413 3
58414 4
58415 5
58416 6
58417 7
58418 8
58419 9
58420 0
58421 1
58422 2
58423 3
58424 4
58425 5
58426 6
58427 7
58428 8
58429 9
58430 0
58431 1
58432 2
58433 3
58434 4
58435 5
58436 6
58437 7
58438 8
58439 9
58440 0
58441 1
58442 2
58443 3
58444 4
58445 5
58446 6
58447 7
58448 8
58449 9
58450 0
58451 1
58452 2
58453 3
58454 4
58455 5
58456 6
58457 7
58458 8
58459 9
58460 0
58461 1
58462 2
58463 3
58464 4
58465 5
58466 6
58467 7
58468 8
58469 9
58470 0
58471 1
58472 2
58473 3
58474 4
58475 5
58476 6
58477 7
58478 8
58479 9
58480 0
58481 1
58482 2
58483 3
58484 4
58485 5
58486 6
58487 7
58488 8
58489 9
58490 0
58491 1
58492 2
58493 3
58494 4
58495 5
58496 6
58497 7
58498 8
58499 9
58500 0
58501 1
58502 2
58503 3
58504 4
58505 5
58506 6
58507 7
58508 8
58509 9
58510 0
58511 1
58512 2
58513 3
58514 4
58515 5
58516 6
58517 7
58518 8
58519 9
58520 0
58521 1
58522 2
58523 3
58524 4
58525 5
58526 6
58527 7
58528 8
58529 9
58530 0
58531 1
58532 2
58533 3
58534 4
58535 5
58536 6
58537 7
58538 8
58539 9
58540 0
58541 1
58542 2
58543 3
58544 4
58545 5
58546 6
58547 7
58548 8
58549 9
58550 0
58551 1
58552 2
58553 3
58554 4
58555 5
58556 6
58557 7
58558 8
58559 9
58560 0
58561 1
58562 2
58563 3
58564 4
58565 5
58566 6
58567 7
58568 8
58569 9
58570 0
58571 1
58572 2
58573 3
58574 4
58575 5
58576 6
58577 7
58578 8
58579 9
58580 0
58581 1
58582 2
58583 3
58584 4
58585 5
58586 6
58587 7
58588 8
58589 9
58590 0
58591 1
58592 2
58593 3
58594 4
58595 5
58596 6
58597 7
58598 8
58599 9
58600 0
58601 1
58602 2
58603 3
58604 4
58605 5
58606 6
58607 7
58608 8
58609 9
58610 0
58611 1
58612 2
58613 3
58614 4
58615 5
58616 6
58617 7
58618 8
58619 9
58620 0
58621 1
58622 2
58623 3
58624 4
58625 5
58626 6
58627 7
58628 8
58629 9
58630 0
58631 1
58632 2
58633 3
58634 4
58635 5
58636 6
58637 7
58638 8
58639 9
58640 0
58641 1
58642 2
58643 3
58644 4
58645 5
58646 6
58647 7
58648 8
58649 9
58650 0
58651 1
58652 2
58653 3
58654 4
58655 5
58656 6
58657 7
58658 8
58659 9
58660 0
58661 1
58662 2
58663 3
58664 4
58665 5
58666 6
58667 7
58668 8
58669 9
58670 0
58671 1
58672 2
58673 3
58674 4
58675 5
58676 6
58677 7
58678 8
58679 9
58680 0
58681 1
58682 2
58683 3
58684 4
58685 5
58686 6
58687 7
58688 8
58689 9
58690 0
58691 1
58692 2
58693 3
58694 4
58695 5
58696 6
58697 7
58698 8
58699 9
58700 0
58701 1
58702 2
58703 3
58704 4
58705 5
58706 6
58707 7
58708 8
58709 9
58710 0
58711 1
58712 2
58713 3
58714 4
58715 5
58716 6
58717 7
58718 8
58719 9
58720 0
58721 1
58722 2
58723 3
58724 4
58725 5
58726 6
58727 7
58728 8
58729 9
58730 0
58731 1
58732 2
58733 3
58734 4
58735 5
58736 6
58737 7
58738 8
58739 9
58740 0
58741 1
58742 2
58743 3
58744 4
58745 5
58746 6
58747 7
58748 8
58749 9
58750 0
58751 1
58752 2
58753 3
58754 4
58755 5
58756 6
58757 7
58758 8
58759 9
58760 0
58761 1
58762 2
58763 3
58764 4
58765 5
58766 6
58767 7
58768 8
58769 9
58770 0
58771 1
58772 2
58773 3
58774 4
58775 5
58776 6
58777 7
58778 8
58779 9
58780 0
58781 1
58782 2
58783 3
58784 4
58785 5
58786 6
58787 7
58788 8
58789 9
58790 0
58791 1
58792 2
58793 3
58794 4
58795 5
58796 6
58797 7
58798 8
58799 9
58800 0
58801 1
58802 2
58803 3
58804 4
58805 5
58806 6
58807 7
58808 8
58809 9
58810 0
58811 1
58812 2
58813 3
58814 4
58815 5
58816 6
58817 7
58818 8
58819 9
58820 0
58821 1
58822 2
58823 3
58824 4
58825 5
58826 6
58827 7
58828 8
58829 9
58830 0
58831 1
58832 2
58833 3
58834 4
58835 5
58836 6
58837 7
58838 8
58839 9
58840 0
58841 1
58842 2
58843 3
58844 4
58845 5
58846 6
58847 7
58848 8
58849 9
58850 0
58851 1
58852 2
58853 3
58854 4
58855 5
58856 6
58857 7
58858 8
58859 9
58860 0
58861 1
58862 2
58863 3
58864 4
58865 5
58866 6
58867 7
58868 8
58869 9
58870 0
58871 1
58872 2
58873 3
58874 4
58875 5
58876 6
58877 7
58878 8
58879 9
58880 0
58881 1
58882 2
58883 3
58884 4
58885 5
58886 6
58887 7
58888 8
58889 9
58890 0
58891 1
58892 2
58893 3
58894 4
58895 5
58896 6
58897 7
58898 8
58899 9
58900 0
58901 1
58902 2
58903 3
58904 4
58905 5
58906 6
58907 7
58908 8
58909 9
58910 0
58911 1
58912 2
58913 3
58914 4
58915 5
58916 6
58917 7
58918 8
58919 9
58920 0
58921 1
58922 2
58923 3
58924 4
58925 5
58926 6
58927 7
58928 8
58929 9
58930 0
58931 1
58932 2
58933 3
58934 4
58935 5
58936 6
58937 7
58938 8
58939 9
58940 0
58941 1
58942 2
58943 3
58944 4
58945 5
58946 6
58947 7
58948 8
58949 9
58950 0
58951 1
58952 2
58953 3
58954 4
58955 5
58956 6
58957 7
58958 8
58959 9
58960 0
58961 1
58962 2
58963 3
58964 4
58965 5
58966 6
58967 7
58968 8
58969 9
58970 0
58971 1
58972 2
58973 3
58974 4
58975 5
58976 6
58977 7
58978 8
58979 9
58980 0
58981 1
58982 2
58983 3
58984 4
58985 5
58986 6
58987 7
58988 8
58989 9
58990 0
58991 1
58992 2
58993 3
58994 4
58995 5
58996 6
58997 7
58998 8
58999 9
59000 0
59001 1
59002 2
59003 3
59004 4
59005 5
59006 6
59007 7
59008 8
59009 9
59010 0
59011 1
59012 2
59013 3
59014 4
59015 5
59016 6
59017 7
59018 8
59019 9
59020 0
59021 1
59022 2
59023 3
59024 4
59025 5
59026 6
59027 7
59028 8
59029 9
59030 0
59031 1
59032 2
59033 3
59034 4
59035 5
59036 6
59037 7
59038 8
59039 9
59040 0
59041 1
59042 2
59043 3
59044 4
59045 5
59046 6
59047 7
59048 8
59049 9
59050 0
59051 1
59052 2
59053 3
59054 4
59055 5
59056 6
59057 7
59058 8
59059 9
59060 0
59061 1
59062 2
59063 3
59064 4
59065 5
59066 6
59067 7
59068 8
59069 9
59070 0
59071 1
59072 2
59073 3
59074 4
59075 5
59076 6
59077 7
59078 8
59079 9
59080 0
59081 1
59082 2
59083 3
59084 4
59085 5
59086 6
59087 7
59088 8
59089 9
59090 0
59091 1
59092 2
59093 3
59094 4
59095 5
59096 6
59097 7
59098 8
59099 9
59100 0
59101 1
59102 2
59103 3
59104 4
59105 5
59106 6
59107 7
59108 8
59109 9
59110 0
59111 1
59112 2
59113 3
59114 4
59115 5
59116 6
59117 7
59118 8
59119 9
59120 0
59121 1
59122 2
59123 3
59124 4
59125 5
59126 6
59127 7
59128 8
59129 9
59130 0
59131 1
59132 2
59133 3
59134 4
59135 5
59136 6
59137 7
59138 8
59139 9
59140 0
59141 1
59142 2
59143 3
59144 4
59145 5
59146 6
59147 7
59148 8
59149 9
59150 0
59151 1
59152 2
59153 3
59154 4
59155 5
59156 6
59157 7
59158 8
59159 9
59160 0
59161 1
59162 2
59163 3
59164 4
59165 5
59166 6
59167 7
59168 8
59169 9
59170 0
59171 1
59172 2
59173 3
59174 4
59175 5
59176 6
59177 7
59178 8
59179 9
59180 0
59181 1
59182 2
59183 3
59184 4
59185 5
59186 6
59187 7
59188 8
59189 9
59190 0
59191 1
59192 2
59193 3
59194 4
59195 5
59196 6
59197 7
59198 8
59199 9
59200 0
59201 1
59202 2
59203 3
59204 4
59205 5
59206 6
59207 7
59208 8
59209 9
59210 0
59211 1
59212 2
59213 3
59214 4
59215 5
59216 6
59217 7
59218 8
59219 9
59220 0
59221 1
59222 2
59223 3
59224 4
59225 5
59226 6
59227 7
59228 8
59229 9
59230 0
59231 1
59232 2
59233 3
59234 4
59235 5
59236 6
59237 7
59238 8
59239 9
59240 0
59241 1
59242 2
59243 3
59244 4
59245 5
59246 6
59247 7
59248 8
59249 9
59250 0
59251 1
59252 2
59253 3
59254 4
59255 5
59256 6
59257 7
59258 8
59259 9
59260 0
59261 1
59262 2
59263 3
59264 4
59265 5
59266 6
59267 7
59268 8
59269 9
59270 0
59271 1
59272 2
59273 3
59274 4
59275 5
59276 6
59277 7
59278 8
59279 9
59280 0
59281 1
59282 2
59283 3
59284 4
59285 5
59286 6
59287 7
59288 8
59289 9
59290 0
59291 1
59292 2
59293 3
59294 4
59295 5
59296 6
59297 7
59298 8
59299 9
59300 0
59301 1
59302 2
59303 3
59304 4
59305 5
59306 6
59307 7
59308 8
59309 9
59310 0
59311 1
59312 2
59313 3
59314 4
59315 5
59316 6
59317 7
59318 8
59319 9
59320 0
59321 1
59322 2
59323 3
59324 4
59325 5
59326 6
59327 7
59328 8
59329 9
59330 0
59331 1
59332 2
59333 3
59334 4
59335 5
59336 6
59337 7
59338 8
59339 9
59340 0
59341 1
59342 2
59343 3
59344 4
59345 5
59346 6
59347 7
59348 8
59349 9
59350 0
59351 1
59352 2
59353 3
59354 4
59355 5
59356 6
59357 7
59358 8
59359 9
59360 0
59361 1
59362 2
59363 3
59364 4
59365 5
59366 6
59367 7
59368 8
59369 9
59370 0
59371 1
59372 2
59373 3
59374 4
59375 5
59376 6
59377 7
59378 8
59379 9
59380 0
59381 1
59382 2
59383 3
59384 4
59385 5
59386 6
59387 7
59388 8
59389 9
59390 0
59391 1
59392 2
59393 3
59394 4
59395 5
59396 6
59397 7
59398 8
59399 9
59400 0
59401 1
59402 2
59403 3
59404 4
59405 5
59406 6
59407 7
59408 8
59409 9
59410 0
59411 1
59412 2
59413 3
59414 4
59415 5
59416 6
59417 7
59418 8
59419 9
59420 0
59421 1
59422 2
59423 3
59424 4
59425 5
59426 6
59427 7
59428 8
59429 9
59430 0
59431 1
59432 2
59433 3
59434 4
59435 5
59436 6
59437 7
59438 8
59439 9
59440 0
59441 1
59442 2
59443 3
59444 4
59445 5
59446 6
59447 7
59448 8
59449 9
59450 0
59451 1
59452 2
59453 3
59454 4
59455 5
59456 6
59457 7
59458 8
59459 9
59460 0
59461 1
59462 2
59463 3
59464 4
59465 5
59466 6
59467 7
59468 8
59469 9
59470 0
59471 1
59472 2
59473 3
59474 4
59475 5
59476 6
59477 7
59478 8
59479 9
59480 0
59481 1
59482 2
59483 3
59484 4
59485 5
59486 6
59487 7
59488 8
59489 9
59490 0
59491 1
59492 2
59493 3
59494 4
59495 5
59496 6
59497 7
59498 8
59499 9
59500 0
59501 1
59502 2
59503 3
59504 4
59505 5
59506 6
59507 7
59508 8
59509 9
59510 0
59511 1
59512 2
59513 3
59514 4
59515 5
59516 6
59517 7
59518 8
59519 9
59520 0
59521 1
59522 2
59523 3
59524 4
59525 5
59526 6
59527 7
59528 8
59529 9
59530 0
59531 1
59532 2
59533 3
59534 4
59535 5
59536 6
59537 7
59538 8
59539 9
59540 0
59541 1
59542 2
59543 3
59544 4
59545 5
59546 6
59547 7
59548 8
59549 9
59550 0
59551 1
59552 2
59553 3
59554 4
59555 5
59556 6
59557 7
59558 8
59559 9
59560 0
59561 1
59562 2
59563 3
59564 4
59565 5
59566 6
59567 7
59568 8
59569 9
59570 0
59571 1
59572 2
59573 3
59574 4
59575 5
59576 6
59577 7
59578 8
59579 9
59580 0
59581 1
59582 2
59583 3
59584 4
59585 5
59586 6
59587 7
59588 8
59589 9
59590 0
59591 1
59592 2
59593 3
59594 4
59595 5
59596 6
59597 7
59598 8
59599 9
59600 0
59601 1
59602 2
59603 3
59604 4
59605 5
59606 6
59607 7
59608 8
59609 9
59610 0
59611 1
59612 2
59613 3
59614 4
59615 5
59616 6
59617 7
59618 8
59619 9
59620 0
59621 1
59622 2
59623 3
59624 4
59625 5
59626 6
59627 7
59628 8
59629 9
59630 0
59631 1
59632 2
59633 3
59634 4
59635 5
59636 6
59637 7
59638 8
59639 9
59640 0
59641 1
59642 2
59643 3
59644 4
59645 5
59646 6
59647 7
59648 8
59649 9
59650 0
59651 1
59652 2
59653 3
59654 4
59655 5
59656 6
59657 7
59658 8
59659 9
59660 0
59661 1
59662 2
59663 3
59664 4
59665 5
59666 6
59667 7
59668 8
59669 9
59670 0
59671 1
59672 2
59673 3
59674 4
59675 5
59676 6
59677 7
59678 8
59679 9
59680 0
59681 1
59682 2
59683 3
59684 4
59685 5
59686 6
59687 7
59688 8
59689 9
59690 0
59691 1
59692 2
59693 3
59694 4
59695 5
59696 6
59697 7
59698 8
59699 9
59700 0
59701 1
59702 2
59703 3
59704 4
59705 5
59706 6
59707 7
59708 8
59709 9
59710 0
59711 1
59712 2
59713 3
59714 4
59715 5
59716 6
59717 7
59718 8
59719 9
59720 0
59721 1
59722 2
59723 3
59724 4
59725 5
59726 6
59727 7
59728 8
59729 9
59730 0
59731 1
59732 2
59733 3
59734 4
59735 5
59736 6
59737 7
59738 8
59739 9
59740 0
59741 1
59742 2
59743 3
59744 4
59745 5
59746 6
59747 7
59748 8
59749 9
59750 0
59751 1
59752 2
59753 3
59754 4
59755 5
59756 6
59757 7
59758 8
59759 9
59760 0
59761 1
59762 2
59763 3
59764 4
59765 5
59766 6
59767 7
59768 8
59769 9
59770 0
59771 1
59772 2
59773 3
59774 4
59775 5
59776 6
59777 7
59778 8
59779 9
59780 0
59781 1
59782 2
59783 3
59784 4
59785 5
59786 6
59787 7
59788 8
59789 9
59790 0
59791 1
59792 2
59793 3
59794 4
59795 5
59796 6
59797 7
59798 8
59799 9
59800 0
59801 1
59802 2
59803 3
59804 4
59805 5
59806 6
59807 7
59808 8
59809 9
59810 0
59811 1
59812 2
59813 3
59814 4
59815 5
59816 6
59817 7
59818 8
59819 9
59820 0
59821 1
59822 2
59823 3
59824 4
59825 5
59826 6
59827 7
59828 8
59829 9
59830 0
59831 1
59832 2
59833 3
59834 4
59835 5
59836 6
59837 7
59838 8
59839 9
59840 0
59841 1
59842 2
59843 3
59844 4
59845 5
59846 6
59847 7
59848 8
59849 9
59850 0
59851 1
59852 2
59853 3
59854 4
59855 5
59856 6
59857 7
59858 8
59859 9
59860 0
59861 1
59862 2
59863 3
59864 4
59865 5
59866 6
59867 7
59868 8
59869 9
59870 0
59871 1
59872 2
59873 3
59874 4
59875 5
59876 6
59877 7
59878 8
59879 9
59880 0
59881 1
59882 2
59883 3
59884 4
59885 5
59886 6
59887 7
59888 8
59889 9
59890 0
59891 1
59892 2
59893 3
59894 4
59895 5
59896 6
59897 7
59898 8
59899 9
59900 0
59901 1
59902 2
59903 3
59904 4
59905 5
59906 6
59907 7
59908 8
59909 9
59910 0
59911 1
59912 2
59913 3
59914 4
59915 5
59916 6
59917 7
59918 8
59919 9
59920 0
59921 1
59922 2
59923 3
59924 4
59925 5
59926 6
59927 7
59928 8
59929 9
59930 0
59931 1
59932 2
59933 3
59934 4
59935 5
59936 6
59937 7
59938 8
59939 9
59940 0
59941 1
59942 2
59943 3
59944 4
59945 5
59946 6
59947 7
59948 8
59949 9
59950 0
59951 1
59952 2
59953 3
59954 4
59955 5
59956 6
59957 7
59958 8
59959 9
59960 0
59961 1
59962 2
59963 3
59964 4
59965 5
59966 6
59967 7
59968 8
59969 9
59970 0
59971 1
59972 2
59973 3
59974 4
59975 5
59976 6
59977 7
59978 8
59979 9
59980 0
59981 1
59982 2
59983 3
59984 4
59985 5
59986 6
59987 7
59988 8
59989 9
59990 0
59991 1
59992 2
59993 3
59994 4
59995 5
59996 6
59997 7
59998 8
59999 9
60000 0
60001 1
60002 2
60003 3
60004 4
60005 5
60006 6
60007 7
60008 8
60009 9
60010 0
60011 1
60012 2
60013 3
60014 4
60015 5
60016 6
60017 7
60018 8
60019 9
60020 0
60021 1
60022 2
60023 3
60024 4
60025 5
60026 6
60027 7
60028 8
60029 9
60030 0
60031 1
60032 2
60033 3
60034 4
60035 5
60036 6
60037 7
60038 8
60039 9
60040 0
60041 1
60042 2
60043 3
60044 4
60045 5
60046 6
60047 7
60048 8
60049 9
60050 0
60051 1
60052 2
60053 3
60054 4
60055 5
60056 6
60057 7
60058 8
60059 9
60060 0
60061 1
60062 2
60063 3
60064 4
60065 5
60066 6
60067 7
60068 8
60069 9
60070 0
60071 1
60072 2
60073 3
60074 4
60075 5
60076 6
60077 7
60078 8
60079 9
60080 0
60081 1
60082 2
60083 3
60084 4
60085 5
60086 6
60087 7
60088 8
60089 9
60090 0
60091 1
60092 2
60093 3
60094 4
60095 5
60096 6
60097 7
60098 8
60099 9
60100 0
60101 1
60102 2
60103 3
60104 4
60105 5
60106 6
60107 7
60108 8
60109 9
60110 0
60111 1
60112 2
60113 3
60114 4
60115 5
60116 6
60117 7
60118 8
60119 9
60120 0
60121 1
60122 2
60123 3
60124 4
60125 5
60126 6
60127 7
60128 8
60129 9
60130 0
60131 1
60132 2
60133 3
60134 4
60135 5
60136 6
60137 7
60138 8
60139 9
60140 0
60141 1
60142 2
60143 3
60144 4
60145 5
60146 6
60147 7
60148 8
60149 9
60150 0
60151 1
60152 2
60153 3
60154 4
60155 5
60156 6
60157 7
60158 8
60159 9
60160 0
60161 1
60162 2
60163 3
60164 4
60165 5
60166 6
60167 7
60168 8
60169 9
60170 0
60171 1
60172 2
60173 3
60174 4
60175 5
60176 6
60177 7
60178 8
60179 9
60180 0
60181 1
60182 2
60183 3
60184 4
60185 5
60186 6
60187 7
60188 8
60189 9
60190 0
60191 1
60192 2
60193 3
60194 4
60195 5
60196 6
60197 7
60198 8
60199 9
60200 0
60201 1
60202 2
60203 3
60204 4
60205 5
60206 6
60207 7
60208 8
60209 9
60210 0
60211 1
60212 2
60213 3
60214 4
60215 5
60216 6
60217 7
60218 8
60219 9
60220 0
60221 1
60222 2
60223 3
60224 4
60225 5
60226 6
60227 7
60228 8
60229 9
60230 0
60231 1
60232 2
60233 3
60234 4
60235 5
60236 6
60237 7
60238 8
60239 9
60240 0
60241 1
60242 2
60243 3
60244 4
60245 5
60246 6
60247 7
60248 8
60249 9
60250 0
60251 1
60252 2
60253 3
60254 4
60255 5
60256 6
60257 7
60258 8
60259 9
60260 0
60261 1
60262 2
60263 3
60264 4
60265 5
60266 6
60267 7
60268 8
60269 9
60270 0
60271 1
60272 2
60273 3
60274 4
60275 5
60276 6
60277 7
60278 8
60279 9
60280 0
60281 1
60282 2
60283 3
60284 4
60285 5
60286 6
60287 7
60288 8
60289 9
60290 0
60291 1
60292 2
60293 3
60294 4
60295 5
60296 6
60297 7
60298 8
60299 9
60300 0
60301 1
60302 2
60303 3
60304 4
60305 5
60306 6
60307 7
60308 8
60309 9
60310 0
60311 1
60312 2
60313 3
60314 4
60315 5
60316 6
60317 7
60318 8
60319 9
60320 0
60321 1
60322 2
60323 3
60324 4
60325 5
60326 6
60327 7
60328 8
60329 9
60330 0
60331 1
60332 2
60333 3
60334 4
60335 5
60336 6
60337 7
60338 8
60339 9
60340 0
60341 1
60342 2
60343 3
60344 4
60345 5
60346 6
60347 7
60348 8
60349 9
60350 0
60351 1
60352 2
60353 3
60354 4
60355 5
60356 6
60357 7
60358 8
60359 9
60360 0
60361 1
60362 2
60363 3
60364 4
60365 5
60366 6
60367 7
60368 8
60369 9
60370 0
60371 1
60372 2
60373 3
60374 4
60375 5
60376 6
60377 7
60378 8
60379 9
60380 0
60381 1
60382 2
60383 3
60384 4
60385 5
60386 6
60387 7
60388 8
60389 9
60390 0
60391 1
60392 2
60393 3
60394 4
60395 5
60396 6
60397 7
60398 8
60399 9
60400 0
60401 1
60402 2
60403 3
60404 4
60405 5
60406 6
60407 7
60408 8
60409 9
60410 0
60411 1
60412 2
60413 3
60414 4
60415 5
60416 6
60417 7
60418 8
60419 9
60420 0
60421 1
60422 2
60423 3
60424 4
60425 5
60426 6
60427 7
60428 8
60429 9
60430 0
60431 1
60432 2
60433 3
60434 4
60435 5
60436 6
60437 7
60438 8
60439 9
60440 0
60441 1
60442 2
60443 3
60444 4
60445 5
60446 6
60447 7
60448 8
60449 9
60450 0
60451 1
60452 2
60453 3
60454 4
60455 5
60456 6
60457 7
60458 8
60459 9
60460 0
60461 1
60462 2
60463 3
60464 4
60465 5
60466 6
60467 7
60468 8
60469 9
60470 0
60471 1
60472 2
60473 3
60474 4
60475 5
60476 6
60477 7
60478 8
60479 9
60480 0
60481 1
60482 2
60483 3
60484 4
60485 5
60486 6
60487 7
60488 8
60489 9
60490 0
60491 1
60492 2
60493 3
60494 4
60495 5
60496 6
60497 7
60498 8
60499 9
60500 0
60501 1
60502 2
60503 3
60504 4
60505 5
60506 6
60507 7
60508 8
60509 9
60510 0
60511 1
60512 2
60513 3
60514 4
60515 5
60516 6
60517 7
60518 8
60519 9
60520 0
60521 1
60522 2
60523 3
60524 4
60525 5
60526 6
60527 7
60528 8
60529 9
60530 0
60531 1
60532 2
60533 3
60534 4
60535 5
60536 6
60537 7
60538 8
60539 9
60540 0
60541 1
60542 2
60543 3
60544 4
60545 5
60546 6
60547 7
60548 8
60549 9
60550 0
60551 1
60552 2
60553 3
60554 4
60555 5
60556 6
60557 7
60558 8
60559 9
60560 0
60561 1
60562 2
60563 3
60564 4
60565 5
60566 6
60567 7
60568 8
60569 9
60570 0
60571 1
60572 2
60573 3
60574 4
60575 5
60576 6
60577 7
60578 8
60579 9
60580 0
60581 1
60582 2
60583 3
60584 4
60585 5
60586 6
60587 7
60588 8
60589 9
60590 0
60591 1
60592 2
60593 3
60594 4
60595 5
60596 6
60597 7
60598 8
60599 9
60600 0
60601 1
60602 2
60603 3
60604 4
60605 5
60606 6
60607 7
60608 8
60609 9
60610 0
60611 1
60612 2
60613 3
60614 4
60615 5
60616 6
60617 7
60618 8
60619 9
60620 0
60621 1
60622 2
60623 3
60624 4
60625 5
60626 6
60627 7
60628 8
60629 9
60630 0
60631 1
60632 2
60633 3
60634 4
60635 5
60636 6
60637 7
60638 8
60639 9
60640 0
60641 1
60642 2
60643 3
60644 4
60645 5
60646 6
60647 7
60648 8
60649 9
60650 0
60651 1
60652 2
60653 3
60654 4
60655 5
60656 6
60657 7
60658 8
60659 9
60660 0
60661 1
60662 2
60663 3
60664 4
60665 5
60666 6
60667 7
60668 8
60669 9
60670 0
60671 1
60672 2
60673 3
60674 4
60675 5
60676 6
60677 7
60678 8
60679 9
60680 0
60681 1
60682 2
60683 3
60684 4
60685 5
60686 6
60687 7
60688 8
60689 9
60690 0
60691 1
60692 2
60693 3
60694 4
60695 5
60696 6
60697 7
60698 8
60699 9
60700 0
60701 1
60702 2
60703 3
60704 4
60705 5
60706 6
60707 7
60708 8
60709 9
60710 0
60711 1
60712 2
60713 3
60714 4
60715 5
60716 6
60717 7
60718 8
60719 9
60720 0
60721 1
60722 2
60723 3
60724 4
60725 5
60726 6
60727 7
60728 8
60729 9
60730 0
60731 1
60732 2
60733 3
60734 4
60735 5
60736 6
60737 7
60738 8
60739 9
60740 0
60741 1
60742 2
60743 3
60744 4
60745 5
60746 6
60747 7
60748 8
60749 9
60750 0
60751 1
60752 2
60753 3
60754 4
60755 5
60756 6
60757 7
60758 8
60759 9
60760 0
60761 1
60762 2
60763 3
60764 4
60765 5
60766 6
60767 7
60768 8
60769 9
60770 0
60771 1
60772 2
60773 3
60774 4
60775 5
60776 6
60777 7
60778 8
60779 9
60780 0
60781 1
60782 2
60783 3
60784 4
60785 5
60786 6
60787 7
60788 8
60789 9
60790 0
60791 1
60792 2
60793 3
60794 4
60795 5
60796 6
60797 7
60798 8
60799 9
60800 0
60801 1
60802 2
60803 3
60804 4
60805 5
60806 6
60807 7
60808 8
60809 9
60810 0
60811 1
60812 2
60813 3
60814 4
60815 5
60816 6
60817 7
60818 8
60819 9
60820 0
60821 1
60822 2
60823 3
60824 4
60825 5
60826 6
60827 7
60828 8
60829 9
60830 0
60831 1
60832 2
60833 3
60834 4
60835 5
60836 6
60837 7
60838 8
60839 9
60840 0
60841 1
60842 2
60843 3
60844 4
60845 5
60846 6
60847 7
60848 8
60849 9
60850 0
60851 1
60852 2
60853 3
60854 4
60855 5
60856 6
60857 7
60858 8
60859 9
60860 0
60861 1
60862 2
60863 3
60864 4
60865 5
60866 6
60867 7
60868 8
60869 9
60870 0
60871 1
60872 2
60873 3
60874 4
60875 5
60876 6
60877 7
60878 8
60879 9
60880 0
60881 1
60882 2
60883 3
60884 4
60885 5
60886 6
60887 7
60888 8
60889 9
60890 0
60891 1
60892 2
60893 3
60894 4
60895 5
60896 6
60897 7
60898 8
60899 9
60900 0
60901 1
60902 2
60903 3
60904 4
60905 5
60906 6
60907 7
60908 8
60909 9
60910 0
60911 1
60912 2
60913 3
60914 4
60915 5
60916 6
60917 7
60918 8
60919 9
60920 0
60921 1
60922 2
60923 3
60924 4
60925 5
60926 6
60927 7
60928 8
60929 9
60930 0
60931 1
60932 2
60933 3
60934 4
60935 5
60936 6
60937 7
60938 8
60939 9
60940 0
60941 1
60942 2
60943 3
60944 4
60945 5
60946 6
60947 7
60948 8
60949 9
60950 0
60951 1
60952 2
60953 3
60954 4
60955 5
60956 6
60957 7
60958 8
60959 9
60960 0
60961 1
60962 2
60963 3
60964 4
60965 5
60966 6
60967 7
60968 8
60969 9
60970 0
60971 1
60972 2
60973 3
60974 4
60975 5
60976 6
60977 7
60978 8
60979 9
60980 0
60981 1
60982 2
60983 3
60984 4
60985 5
60986 6
60987 7
60988 8
60989 9
60990 0
60991 1
60992 2
60993 3
60994 4
60995 5
60996 6
60997 7
60998 8
60999 9
61000 0
61001 1
61002 2
61003 3
61004 4
61005 5
61006 6
61007 7
61008 8
61009 9
61010 0
61011 1
61012 2
61013 3
61014 4
61015 5
61016 6
61017 7
61018 8
61019 9
61020 0
61021 1
61022 2
61023 3
61024 4
61025 5
61026 6
61027 7
61028 8
61029 9
61030 0
61031 1
61032 2
61033 3
61034 4
61035 5
61036 6
61037 7
61038 8
61039 9
61040 0
61041 1
61042 2
61043 3
61044 4
61045 5
61046 6
61047 7
61048 8
61049 9
61050 0
61051 1
61052 2
61053 3
61054 4
61055 5
61056 6
61057 7
61058 8
61059 9
61060 0
61061 1
61062 2
61063 3
61064 4
61065 5
61066 6
61067 7
61068 8
61069 9
61070 0
61071 1
61072 2
61073 3
61074 4
61075 5
61076 6
61077 7
61078 8
61079 9
61080 0
61081 1
61082 2
61083 3
61084 4
61085 5
61086 6
61087 7
61088 8
61089 9
61090 0
61091 1
61092 2
61093 3
61094 4
61095 5
61096 6
61097 7
61098 8
61099 9
61100 0
61101 1
61102 2
61103 3
61104 4
61105 5
61106 6
61107 7
61108 8
61109 9
61110 0
61111 1
61112 2
61113 3
61114 4
61115 5
61116 6
61117 7
61118 8
61119 9
61120 0
61121 1
61122 2
61123 3
61124 4
61125 5
61126 6
61127 7
61128 8
61129 9
61130 0
61131 1
61132 2
61133 3
61134 4
61135 5
61136 6
61137 7
61138 8
61139 9
61140 0
61141 1
61142 2
61143 3
61144 4
61145 5
61146 6
61147 7
61148 8
61149 9
61150 0
61151 1
61152 2
61153 3
61154 4
61155 5
61156 6
61157 7
61158 8
61159 9
61160 0
61161 1
61162 2
61163 3
61164 4
61165 5
61166 6
61167 7
61168 8
61169 9
61170 0
61171 1
61172 2
61173 3
61174 4
61175 5
61176 6
61177 7
61178 8
61179 9
61180 0
61181 1
61182 2
61183 3
61184 4
61185 5
61186 6
61187 7
61188 8
61189 9
61190 0
61191 1
61192 2
61193 3
61194 4
61195 5
61196 6
61197 7
61198 8
61199 9
61200 0
61201 1
61202 2
61203 3
61204 4
61205 5
61206 6
61207 7
61208 8
61209 9
61210 0
61211 1
61212 2
61213 3
61214 4
61215 5
61216 6
61217 7
61218 8
61219 9
61220 0
61221 1
61222 2
61223 3
61224 4
61225 5
61226 6
61227 7
61228 8
61229 9
61230 0
61231 1
61232 2
61233 3
61234 4
61235 5
61236 6
61237 7
61238 8
61239 9
61240 0
61241 1
61242 2
61243 3
61244 4
61245 5
61246 6
61247 7
61248 8
61249 9
61250 0
61251 1
61252 2
61253 3
61254 4
61255 5
61256 6
61257 7
61258 8
61259 9
61260 0
61261 1
61262 2
61263 3
61264 4
61265 5
61266 6
61267 7
61268 8
61269 9
61270 0
61271 1
61272 2
61273 3
61274 4
61275 5
61276 6
61277 7
61278 8
61279 9
61280 0
61281 1
61282 2
61283 3
61284 4
61285 5
61286 6
61287 7
61288 8
61289 9
61290 0
61291 1
61292 2
61293 3
61294 4
61295 5
61296 6
61297 7
61298 8
61299 9
61300 0
61301 1
61302 2
61303 3
61304 4
61305 5
61306 6
61307 7
61308 8
61309 9
61310 0
61311 1
61312 2
61313 3
61314 4
61315 5
61316 6
61317 7
61318 8
61319 9
61320 0
61321 1
61322 2
61323 3
61324 4
61325 5
61326 6
61327 7
61328 8
61329 9
61330 0
61331 1
61332 2
61333 3
61334 4
61335 5
61336 6
61337 7
61338 8
61339 9
61340 0
61341 1
61342 2
61343 3
61344 4
61345 5
61346 6
61347 7
61348 8
61349 9
61350 0
61351 1
61352 2
61353 3
61354 4
61355 5
61356 6
61357 7
61358 8
61359 9
61360 0
61361 1
61362 2
61363 3
61364 4
61365 5
61366 6
61367 7
61368 8
61369 9
61370 0
61371 1
61372 2
61373 3
61374 4
61375 5
61376 6
61377 7
61378 8
61379 9
61380 0
61381 1
61382 2
61383 3
61384 4
61385 5
61386 6
61387 7
61388 8
61389 9
61390 0
61391 1
61392 2
61393 3
61394 4
61395 5
61396 6
61397 7
61398 8
61399 9
61400 0
61401 1
61402 2
61403 3
61404 4
61405 5
61406 6
61407 7
61408 8
61409 9
61410 0
61411 1
61412 2
61413 3
61414 4
61415 5
61416 6
61417 7
61418 8
61419 9
61420 0
61421 1
61422 2
61423 3
61424 4
61425 5
61426 6
61427 7
61428 8
61429 9
61430 0
61431 1
61432 2
61433 3
61434 4
61435 5
61436 6
61437 7
61438 8
61439 9
61440 0
61441 1
61442 2
61443 3
61444 4
61445 5
61446 6
61447 7
61448 8
61449 9
61450 0
61451 1
61452 2
61453 3
61454 4
61455 5
61456 6
61457 7
61458 8
61459 9
61460 0
61461 1
61462 2
61463 3
61464 4
61465 5
61466 6
61467 7
61468 8
61469 9
61470 0
61471 1
61472 2
61473 3
61474 4
61475 5
61476 6
61477 7
61478 8
61479 9
61480 0
61481 1
61482 2
61483 3
61484 4
61485 5
61486 6
61487 7
61488 8
61489 9
61490 0
61491 1
61492 2
61493 3
61494 4
61495 5
61496 6
61497 7
61498 8
61499 9
61500 0
61501 1
61502 2
61503 3
61504 4
61505 5
61506 6
61507 7
61508 8
61509 9
61510 0
61511 1
61512 2
61513 3
61514 4
61515 5
61516 6
61517 7
61518 8
61519 9
61520 0
61521 1
61522 2
61523 3
61524 4
61525 5
61526 6
61527 7
61528 8
61529 9
61530 0
61531 1
61532 2
61533 3
61534 4
61535 5
61536 6
61537 7
61538 8
61539 9
61540 0
61541 1
61542 2
61543 3
61544 4
61545 5
61546 6
61547 7
61548 8
61549 9
61550 0
61551 1
61552 2
61553 3
61554 4
61555 5
61556 6
61557 7
61558 8
61559 9
61560 0
61561 1
61562 2
61563 3
61564 4
61565 5
61566 6
61567 7
61568 8
61569 9
61570 0
61571 1
61572 2
61573 3
61574 4
61575 5
61576 6
61577 7
61578 8
61579 9
61580 0
61581 1
61582 2
61583 3
61584 4
61585 5
61586 6
61587 7
61588 8
61589 9
61590 0
61591 1
61592 2
61593 3
61594 4
61595 5
61596 6
61597 7
61598 8
61599 9
61600 0
61601 1
61602 2
61603 3
61604 4
61605 5
61606 6
61607 7
61608 8
61609 9
61610 0
61611 1
61612 2
61613 3
61614 4
61615 5
61616 6
61617 7
61618 8
61619 9
61620 0
61621 1
61622 2
61623 3
61624 4
61625 5
61626 6
61627 7
61628 8
61629 9
61630 0
61631 1
61632 2
61633 3
61634 4
61635 5
61636 6
61637 7
61638 8
61639 9
61640 0
61641 1
61642 2
61643 3
61644 4
61645 5
61646 6
61647 7
61648 8
61649 9
61650 0
61651 1
61652 2
61653 3
61654 4
61655 5
61656 6
61657 7
61658 8
61659 9
61660 0
61661 1
61662 2
61663 3
61664 4
61665 5
61666 6
61667 7
61668 8
61669 9
61670 0
61671 1
61672 2
61673 3
61674 4
61675 5
61676 6
61677 7
61678 8
61679 9
61680 0
61681 1
61682 2
61683 3
61684 4
61685 5
61686 6
61687 7
61688 8
61689 9
61690 0
61691 1
61692 2
61693 3
61694 4
61695 5
61696 6
61697 7
61698 8
61699 9
61700 0
61701 1
61702 2
61703 3
61704 4
61705 5
61706 6
61707 7
61708 8
61709 9
61710 0
61711 1
61712 2
61713 3
61714 4
61715 5
61716 6
61717 7
61718 8
61719 9
61720 0
61721 1
61722 2
61723 3
61724 4
61725 5
61726 6
61727 7
61728 8
61729 9
61730 0
61731 1
61732 2
61733 3
61734 4
61735 5
61736 6
61737 7
61738 8
61739 9
61740 0
61741 1
61742 2
61743 3
61744 4
61745 5
61746 6
61747 7
61748 8
61749 9
61750 0
61751 1
61752 2
61753 3
61754 4
61755 5
61756 6
61757 7
61758 8
61759 9
61760 0
61761 1
61762 2
61763 3
61764 4
61765 5
61766 6
61767 7
61768 8
61769 9
61770 0
61771 1
61772 2
61773 3
61774 4
61775 5
61776 6
61777 7
61778 8
61779 9
61780 0
61781 1
61782 2
61783 3
61784 4
61785 5
61786 6
61787 7
61788 8
61789 9
61790 0
61791 1
61792 2
61793 3
61794 4
61795 5
61796 6
61797 7
61798 8
61799 9
61800 0
61801 1
61802 2
61803 3
61804 4
61805 5
61806 6
61807 7
61808 8
61809 9
61810 0
61811 1
61812 2
61813 3
61814 4
61815 5
61816 6
61817 7
61818 8
61819 9
61820 0
61821 1
61822 2
61823 3
61824 4
61825 5
61826 6
61827 7
61828 8
61829 9
61830 0
61831 1
61832 2
61833 3
61834 4
61835 5
61836 6
61837 7
61838 8
61839 9
61840 0
61841 1
61842 2
61843 3
61844 4
61845 5
61846 6
61847 7
61848 8
61849 9
61850 0
61851 1
61852 2
61853 3
61854 4
61855 5
61856 6
61857 7
61858 8
61859 9
61860 0
61861 1
61862 2
61863 3
61864 4
61865 5
61866 6
61867 7
61868 8
61869 9
61870 0
61871 1
61872 2
61873 3
61874 4
61875 5
61876 6
61877 7
61878 8
61879 9
61880 0
61881 1
61882 2
61883 3
61884 4
61885 5
61886 6
61887 7
61888 8
61889 9
61890 0
61891 1
61892 2
61893 3
61894 4
61895 5
61896 6
61897 7
61898 8
61899 9
61900 0
61901 1
61902 2
61903 3
61904 4
61905 5
61906 6
61907 7
61908 8
61909 9
61910 0
61911 1
61912 2
61913 3
61914 4
61915 5
61916 6
61917 7
61918 8
61919 9
61920 0
61921 1
61922 2
61923 3
61924 4
61925 5
61926 6
61927 7
61928 8
61929 9
61930 0
61931 1
61932 2
61933 3
61934 4
61935 5
61936 6
61937 7
61938 8
61939 9
61940 0
61941 1
61942 2
61943 3
61944 4
61945 5
61946 6
61947 7
61948 8
61949 9
61950 0
61951 1
61952 2
61953 3
61954 4
61955 5
61956 6
61957 7
61958 8
61959 9
61960 0
61961 1
61962 2
61963 3
61964 4
61965 5
61966 6
61967 7
61968 8
61969 9
61970 0
61971 1
61972 2
61973 3
61974 4
61975 5
61976 6
61977 7
61978 8
61979 9
61980 0
61981 1
61982 2
61983 3
61984 4
61985 5
61986 6
61987 7
61988 8
61989 9
61990 0
61991 1
61992 2
61993 3
61994 4
61995 5
61996 6
61997 7
61998 8
61999 9
62000 0
62001 1
62002 2
62003 3
62004 4
62005 5
62006 6
62007 7
62008 8
62009 9
62010 0
62011 1
62012 2
62013 3
62014 4
62015 5
62016 6
62017 7
62018 8
62019 9
62020 0
62021 1
62022 2
62023 3
62024 4
62025 5
62026 6
62027 7
62028 8
62029 9
62030 0
62031 1
62032 2
62033 3
62034 4
62035 5
62036 6
62037 7
62038 8
62039 9
62040 0
62041 1
62042 2
62043 3
62044 4
62045 5
62046 6
62047 7
62048 8
62049 9
62050 0
62051 1
62052 2
62053 3
62054 4
62055 5
62056 6
62057 7
62058 8
62059 9
62060 0
62061 1
62062 2
62063 3
62064 4
62065 5
62066 6
62067 7
62068 8
62069 9
62070 0
62071 1
62072 2
62073 3
62074 4
62075 5
62076 6
62077 7
62078 8
62079 9
62080 0
62081 1
62082 2
62083 3
62084 4
62085 5
62086 6
62087 7
62088 8
62089 9
62090 0
62091 1
62092 2
62093 3
62094 4
62095 5
62096 6
62097 7
62098 8
62099 9
62100 0
62101 1
62102 2
62103 3
62104 4
62105 5
62106 6
62107 7
62108 8
62109 9
62110 0
62111 1
62112 2
62113 3
62114 4
62115 5
62116 6
62117 7
62118 8
62119 9
62120 0
62121 1
62122 2
62123 3
62124 4
62125 5
62126 6
62127 7
62128 8
62129 9
62130 0
62131 1
62132 2
62133 3
62134 4
62135 5
62136 6
62137 7
62138 8
62139 9
62140 0
62141 1
62142 2
62143 3
62144 4
62145 5
62146 6
62147 7
62148 8
62149 9
62150 0
62151 1
62152 2
62153 3
62154 4
62155 5
62156 6
62157 7
62158 8
62159 9
62160 0
62161 1
62162 2
62163 3
62164 4
62165 5
62166 6
62167 7
62168 8
62169 9
62170 0
62171 1
62172 2
62173 3
62174 4
62175 5
62176 6
62177 7
62178 8
62179 9
62180 0
62181 1
62182 2
62183 3
62184 4
62185 5
62186 6
62187 7
62188 8
62189 9
62190 0
62191 1
62192 2
62193 3
62194 4
62195 5
62196 6
62197 7
62198 8
62199 9
62200 0
62201 1
62202 2
62203 3
62204 4
62205 5
62206 6
62207 7
62208 8
62209 9
62210 0
62211 1
62212 2
62213 3
62214 4
62215 5
62216 6
62217 7
62218 8
62219 9
62220 0
62221 1
62222 2
62223 3
62224 4
62225 5
62226 6
62227 7
62228 8
62229 9
62230 0
62231 1
62232 2
62233 3
62234 4
62235 5
62236 6
62237 7
62238 8
62239 9
62240 0
62241 1
62242 2
62243 3
62244 4
62245 5
62246 6
62247 7
62248 8
62249 9
62250 0
62251 1
62252 2
62253 3
62254 4
62255 5
62256 6
62257 7
62258 8
62259 9
62260 0
62261 1
62262 2
62263 3
62264 4
62265 5
62266 6
62267 7
62268 8
62269 9
62270 0
62271 1
62272 2
62273 3
62274 4
62275 5
62276 6
62277 7
62278 8
62279 9
62280 0
62281 1
62282 2
62283 3
62284 4
62285 5
62286 6
62287 7
62288 8
62289 9
62290 0
62291 1
62292 2
62293 3
62294 4
62295 5
62296 6
62297 7
62298 8
62299 9
62300 0
62301 1
62302 2
62303 3
62304 4
62305 5
62306 6
62307 7
62308 8
62309 9
62310 0
62311 1
62312 2
62313 3
62314 4
62315 5
62316 6
62317 7
62318 8
62319 9
62320 0
62321 1
62322 2
62323 3
62324 4
62325 5
62326 6
62327 7
62328 8
62329 9
62330 0
62331 1
62332 2
62333 3
62334 4
62335 5
62336 6
62337 7
62338 8
62339 9
62340 0
62341 1
62342 2
62343 3
62344 4
62345 5
62346 6
62347 7
62348 8
62349 9
62350 0
62351 1
62352 2
62353 3
62354 4
62355 5
62356 6
62357 7
62358 8
62359 9
62360 0
62361 1
62362 2
62363 3
62364 4
62365 5
62366 6
62367 7
62368 8
62369 9
62370 0
62371 1
62372 2
62373 3
62374 4
62375 5
62376 6
62377 7
62378 8
62379 9
62380 0
62381 1
62382 2
62383 3
62384 4
62385 5
62386 6
62387 7
62388 8
62389 9
62390 0
62391 1
62392 2
62393 3
62394 4
62395 5
62396 6
62397 7
62398 8
62399 9
62400 0
62401 1
62402 2
62403 3
62404 4
62405 5
62406 6
62407 7
62408 8
62409 9
62410 0
62411 1
62412 2
62413 3
62414 4
62415 5
62416 6
62417 7
62418 8
62419 9
62420 0
62421 1
62422 2
62423 3
62424 4
62425 5
62426 6
62427 7
62428 8
62429 9
62430 0
62431 1
62432 2
62433 3
62434 4
62435 5
62436 6
62437 7
62438 8
62439 9
62440 0
62441 1
62442 2
62443 3
62444 4
62445 5
62446 6
62447 7
62448 8
62449 9
62450 0
62451 1
62452 2
62453 3
62454 4
62455 5
62456 6
62457 7
62458 8
62459 9
62460 0
62461 1
62462 2
62463 3
62464 4
62465 5
62466 6
62467 7
62468 8
62469 9
62470 0
62471 1
62472 2
62473 3
62474 4
62475 5
62476 6
62477 7
62478 8
62479 9
62480 0
62481 1
62482 2
62483 3
62484 4
62485 5
62486 6
62487 7
62488 8
62489 9
62490 0
62491 1
62492 2
62493 3
62494 4
62495 5
62496 6
62497 7
62498 8
62499 9
62500 0
62501 1
62502 2
62503 3
62504 4
62505 5
62506 6
62507 7
62508 8
62509 9
62510 0
62511 1
62512 2
62513 3
62514 4
62515 5
62516 6
62517 7
62518 8
62519 9
62520 0
62521 1
62522 2
62523 3
62524 4
62525 5
62526 6
62527 7
62528 8
62529 9
62530 0
62531 1
62532 2
62533 3
62534 4
62535 5
62536 6
62537 7
62538 8
62539 9
62540 0
62541 1
62542 2
62543 3
62544 4
62545 5
62546 6
62547 7
62548 8
62549 9
62550 0
62551 1
62552 2
62553 3
62554 4
62555 5
62556 6
62557 7
62558 8
62559 9
62560 0
62561 1
62562 2
62563 3
62564 4
62565 5
62566 6
62567 7
62568 8
62569 9
62570 0
62571 1
62572 2
62573 3
62574 4
62575 5
62576 6
62577 7
62578 8
62579 9
62580 0
62581 1
62582 2
62583 3
62584 4
62585 5
62586 6
62587 7
62588 8
62589 9
62590 0
62591 1
62592 2
62593 3
62594 4
62595 5
62596 6
62597 7
62598 8
62599 9
62600 0
62601 1
62602 2
62603 3
62604 4
62605 5
62606 6
62607 7
62608 8
62609 9
62610 0
62611 1
62612 2
62613 3
62614 4
62615 5
62616 6
62617 7
62618 8
62619 9
62620 0
62621 1
62622 2
62623 3
62624 4
62625 5
62626 6
62627 7
62628 8
62629 9
62630 0
62631 1
62632 2
62633 3
62634 4
62635 5
62636 6
62637 7
62638 8
62639 9
62640 0
62641 1
62642 2
62643 3
62644 4
62645 5
62646 6
62647 7
62648 8
62649 9
62650 0
62651 1
62652 2
62653 3
62654 4
62655 5
62656 6
62657 7
62658 8
62659 9
62660 0
62661 1
62662 2
62663 3
62664 4
62665 5
62666 6
62667 7
62668 8
62669 9
62670 0
62671 1
62672 2
62673 3
62674 4
62675 5
62676 6
62677 7
62678 8
62679 9
62680 0
62681 1
62682 2
62683 3
62684 4
62685 5
62686 6
62687 7
62688 8
62689 9
62690 0
62691 1
62692 2
62693 3
62694 4
62695 5
62696 6
62697 7
62698 8
62699 9
62700 0
62701 1
62702 2
62703 3
62704 4
62705 5
62706 6
62707 7
62708 8
62709 9
62710 0
62711 1
62712 2
62713 3
62714 4
62715 5
62716 6
62717 7
62718 8
62719 9
62720 0
62721 1
62722 2
62723 3
62724 4
62725 5
62726 6
62727 7
62728 8
62729 9
62730 0
62731 1
62732 2
62733 3
62734 4
62735 5
62736 6
62737 7
62738 8
62739 9
62740 0
62741 1
62742 2
62743 3
62744 4
62745 5
62746 6
62747 7
62748 8
62749 9
62750 0
62751 1
62752 2
62753 3
62754 4
62755 5
62756 6
62757 7
62758 8
62759 9
62760 0
62761 1
62762 2
62763 3
62764 4
62765 5
62766 6
62767 7
62768 8
62769 9
62770 0
62771 1
62772 2
62773 3
62774 4
62775 5
62776 6
62777 7
62778 8
62779 9
62780 0
62781 1
62782 2
62783 3
62784 4
62785 5
62786 6
62787 7
62788 8
62789 9
62790 0
62791 1
62792 2
62793 3
62794 4
62795 5
62796 6
62797 7
62798 8
62799 9
62800 0
62801 1
62802 2
62803 3
62804 4
62805 5
62806 6
62807 7
62808 8
62809 9
62810 0
62811 1
62812 2
62813 3
62814 4
62815 5
62816 6
62817 7
62818 8
62819 9
62820 0
62821 1
62822 2
62823 3
62824 4
62825 5
62826 6
62827 7
62828 8
62829 9
62830 0
62831 1
62832 2
62833 3
62834 4
62835 5
62836 6
62837 7
62838 8
62839 9
62840 0
62841 1
62842 2
62843 3
62844 4
62845 5
62846 6
62847 7
62848 8
62849 9
62850 0
62851 1
62852 2
62853 3
62854 4
62855 5
62856 6
62857 7
62858 8
62859 9
62860 0
62861 1
62862 2
62863 3
62864 4
62865 5
62866 6
62867 7
62868 8
62869 9
62870 0
62871 1
62872 2
62873 3
62874 4
62875 5
62876 6
62877 7
62878 8
62879 9
62880 0
62881 1
62882 2
62883 3
62884 4
62885 5
62886 6
62887 7
62888 8
62889 9
62890 0
62891 1
62892 2
62893 3
62894 4
62895 5
62896 6
62897 7
62898 8
62899 9
62900 0
62901 1
62902 2
62903 3
62904 4
62905 5
62906 6
62907 7
62908 8
62909 9
62910 0
62911 1
62912 2
62913 3
62914 4
62915 5
62916 6
62917 7
62918 8
62919 9
62920 0
62921 1
62922 2
62923 3
62924 4
62925 5
62926 6
62927 7
62928 8
62929 9
62930 0
62931 1
62932 2
62933 3
62934 4
62935 5
62936 6
62937 7
62938 8
62939 9
62940 0
62941 1
62942 2
62943 3
62944 4
62945 5
62946 6
62947 7
62948 8
62949 9
62950 0
62951 1
62952 2
62953 3
62954 4
62955 5
62956 6
62957 7
62958 8
62959 9
62960 0
62961 1
62962 2
62963 3
62964 4
62965 5
62966 6
62967 7
62968 8
62969 9
62970 0
62971 1
62972 2
62973 3
62974 4
62975 5
62976 6
62977 7
62978 8
62979 9
62980 0
62981 1
62982 2
62983 3
62984 4
62985 5
62986 6
62987 7
62988 8
62989 9
62990 0
62991 1
62992 2
62993 3
62994 4
62995 5
62996 6
62997 7
62998 8
62999 9
63000 0
63001 1
63002 2
63003 3
63004 4
63005 5
63006 6
63007 7
63008 8
63009 9
63010 0
63011 1
63012 2
63013 3
63014 4
63015 5
63016 6
63017 7
63018 8
63019 9
63020 0
63021 1
63022 2
63023 3
63024 4
63025 5
63026 6
63027 7
63028 8
63029 9
63030 0
63031 1
63032 2
63033 3
63034 4
63035 5
63036 6
63037 7
63038 8
63039 9
63040 0
63041 1
63042 2
63043 3
63044 4
63045 5
63046 6
63047 7
63048 8
63049 9
63050 0
63051 1
63052 2
63053 3
63054 4
63055 5
63056 6
63057 7
63058 8
63059 9
63060 0
63061 1
63062 2
63063 3
63064 4
63065 5
63066 6
63067 7
63068 8
63069 9
63070 0
63071 1
63072 2
63073 3
63074 4
63075 5
63076 6
63077 7
63078 8
63079 9
63080 0
63081 1
63082 2
63083 3
63084 4
63085 5
63086 6
63087 7
63088 8
63089 9
63090 0
63091 1
63092 2
63093 3
63094 4
63095 5
63096 6
63097 7
63098 8
63099 9
63100 0
63101 1
63102 2
63103 3
63104 4
63105 5
63106 6
63107 7
63108 8
63109 9
63110 0
63111 1
63112 2
63113 3
63114 4
63115 5
63116 6
63117 7
63118 8
63119 9
63120 0
63121 1
63122 2
63123 3
63124 4
63125 5
63126 6
63127 7
63128 8
63129 9
63130 0
63131 1
63132 2
63133 3
63134 4
63135 5
63136 6
63137 7
63138 8
63139 9
63140 0
63141 1
63142 2
63143 3
63144 4
63145 5
63146 6
63147 7
63148 8
63149 9
63150 0
63151 1
63152 2
63153 3
63154 4
63155 5
63156 6
63157 7
63158 8
63159 9
63160 0
63161 1
63162 2
63163 3
63164 4
63165 5
63166 6
63167 7
63168 8
63169 9
63170 0
63171 1
63172 2
63173 3
63174 4
63175 5
63176 6
63177 7
63178 8
63179 9
63180 0
63181 1
63182 2
63183 3
63184 4
63185 5
63186 6
63187 7
63188 8
63189 9
63190 0
63191 1
63192 2
63193 3
63194 4
63195 5
63196 6
63197 7
63198 8
63199 9
63200 0
63201 1
63202 2
63203 3
63204 4
63205 5
63206 6
63207 7
63208 8
63209 9
63210 0
63211 1
63212 2
63213 3
63214 4
63215 5
63216 6
63217 7
63218 8
63219 9
63220 0
63221 1
63222 2
63223 3
63224 4
63225 5
63226 6
63227 7
63228 8
63229 9
63230 0
63231 1
63232 2
63233 3
63234 4
63235 5
63236 6
63237 7
63238 8
63239 9
63240 0
63241 1
63242 2
63243 3
63244 4
63245 5
63246 6
63247 7
63248 8
63249 9
63250 0
63251 1
63252 2
63253 3
63254 4
63255 5
63256 6
63257 7
63258 8
63259 9
63260 0
63261 1
63262 2
63263 3
63264 4
63265 5
63266 6
63267 7
63268 8
63269 9
63270 0
63271 1
63272 2
63273 3
63274 4
63275 5
63276 6
63277 7
63278 8
63279 9
63280 0
63281 1
63282 2
63283 3
63284 4
63285 5
63286 6
63287 7
63288 8
63289 9
63290 0
63291 1
63292 2
63293 3
63294 4
63295 5
63296 6
63297 7
63298 8
63299 9
63300 0
63301 1
63302 2
63303 3
63304 4
63305 5
63306 6
63307 7
63308 8
63309 9
63310 0
63311 1
63312 2
63313 3
63314 4
63315 5
63316 6
63317 7
63318 8
63319 9
63320 0
63321 1
63322 2
63323 3
63324 4
63325 5
63326 6
63327 7
63328 8
63329 9
63330 0
63331 1
63332 2
63333 3
63334 4
63335 5
63336 6
63337 7
63338 8
63339 9
63340 0
63341 1
63342 2
63343 3
63344 4
63345 5
63346 6
63347 7
63348 8
63349 9
63350 0
63351 1
63352 2
63353 3
63354 4
63355 5
63356 6
63357 7
63358 8
63359 9
63360 0
63361 1
63362 2
63363 3
63364 4
63365 5
63366 6
63367 7
63368 8
63369 9
63370 0
63371 1
63372 2
63373 3
63374 4
63375 5
63376 6
63377 7
63378 8
63379 9
63380 0
63381 1
63382 2
63383 3
63384 4
63385 5
63386 6
63387 7
63388 8
63389 9
63390 0
63391 1
63392 2
63393 3
63394 4
63395 5
63396 6
63397 7
63398 8
63399 9
63400 0
63401 1
63402 2
63403 3
63404 4
63405 5
63406 6
63407 7
63408 8
63409 9
63410 0
63411 1
63412 2
63413 3
63414 4
63415 5
63416 6
63417 7
63418 8
63419 9
63420 0
63421 1
63422 2
63423 3
63424 4
63425 5
63426 6
63427 7
63428 8
63429 9
63430 0
63431 1
63432 2
63433 3
63434 4
63435 5
63436 6
63437 7
63438 8
63439 9
63440 0
63441 1
63442 2
63443 3
63444 4
63445 5
63446 6
63447 7
63448 8
63449 9
63450 0
63451 1
63452 2
63453 3
63454 4
63455 5
63456 6
63457 7
63458 8
63459 9
63460 0
63461 1
63462 2
63463 3
63464 4
63465 5
63466 6
63467 7
63468 8
63469 9
63470 0
63471 1
63472 2
63473 3
63474 4
63475 5
63476 6
63477 7
63478 8
63479 9
63480 0
63481 1
63482 2
63483 3
63484 4
63485 5
63486 6
63487 7
63488 8
63489 9
63490 0
63491 1
63492 2
63493 3
63494 4
63495 5
63496 6
63497 7
63498 8
63499 9
63500 0
63501 1
63502 2
63503 3
63504 4
63505 5
63506 6
63507 7
63508 8
63509 9
63510 0
63511 1
63512 2
63513 3
63514 4
63515 5
63516 6
63517 7
63518 8
63519 9
63520 0
63521 1
63522 2
63523 3
63524 4
63525 5
63526 6
63527 7
63528 8
63529 9
63530 0
63531 1
63532 2
63533 3
63534 4
63535 5
63536 6
63537 7
63538 8
63539 9
63540 0
63541 1
63542 2
63543 3
63544 4
63545 5
63546 6
63547 7
63548 8
63549 9
63550 0
63551 1
63552 2
63553 3
63554 4
63555 5
63556 6
63557 7
63558 8
63559 9
63560 0
63561 1
63562 2
63563 3
63564 4
63565 5
63566 6
63567 7
63568 8
63569 9
63570 0
63571 1
63572 2
63573 3
63574 4
63575 5
63576 6
63577 7
63578 8
63579 9
63580 0
63581 1
63582 2
63583 3
63584 4
63585 5
63586 6
63587 7
63588 8
63589 9
63590 0
63591 1
63592 2
63593 3
63594 4
63595 5
63596 6
63597 7
63598 8
63599 9
63600 0
63601 1
63602 2
63603 3
63604 4
63605 5
63606 6
63607 7
63608 8
63609 9
63610 0
63611 1
63612 2
63613 3
63614 4
63615 5
63616 6
63617 7
63618 8
63619 9
63620 0
63621 1
63622 2
63623 3
63624 4
63625 5
63626 6
63627 7
63628 8
63629 9
63630 0
63631 1
63632 2
63633 3
63634 4
63635 5
63636 6
63637 7
63638 8
63639 9
63640 0
63641 1
63642 2
63643 3
63644 4
63645 5
63646 6
63647 7
63648 8
63649 9
63650 0
63651 1
63652 2
63653 3
63654 4
63655 5
63656 6
63657 7
63658 8
63659 9
63660 0
63661 1
63662 2
63663 3
63664 4
63665 5
63666 6
63667 7
63668 8
63669 9
63670 0
63671 1
63672 2
63673 3
63674 4
63675 5
63676 6
63677 7
63678 8
63679 9
63680 0
63681 1
63682 2
63683 3
63684 4
63685 5
63686 6
63687 7
63688 8
63689 9
63690 0
63691 1
63692 2
63693 3
63694 4
63695 5
63696 6
63697 7
63698 8
63699 9
63700 0
63701 1
63702 2
63703 3
63704 4
63705 5
63706 6
63707 7
63708 8
63709 9
63710 0
63711 1
63712 2
63713 3
63714 4
63715 5
63716 6
63717 7
63718 8
63719 9
63720 0
63721 1
63722 2
63723 3
63724 4
63725 5
63726 6
63727 7
63728 8
63729 9
63730 0
63731 1
63732 2
63733 3
63734 4
63735 5
63736 6
63737 7
63738 8
63739 9
63740 0
63741 1
63742 2
63743 3
63744 4
63745 5
63746 6
63747 7
63748 8
63749 9
63750 0
63751 1
63752 2
63753 3
63754 4
63755 5
63756 6
63757 7
63758 8
63759 9
63760 0
63761 1
63762 2
63763 3
63764 4
63765 5
63766 6
63767 7
63768 8
63769 9
63770 0
63771 1
63772 2
63773 3
63774 4
63775 5
63776 6
63777 7
63778 8
63779 9
63780 0
63781 1
63782 2
63783 3
63784 4
63785 5
63786 6
63787 7
63788 8
63789 9
63790 0
63791 1
63792 2
63793 3
63794 4
63795 5
63796 6
63797 7
63798 8
63799 9
63800 0
63801 1
63802 2
63803 3
63804 4
63805 5
63806 6
63807 7
63808 8
63809 9
63810 0
63811 1
63812 2
63813 3
63814 4
63815 5
63816 6
63817 7
63818 8
63819 9
63820 0
63821 1
63822 2
63823 3
63824 4
63825 5
63826 6
63827 7
63828 8
63829 9
63830 0
63831 1
63832 2
63833 3
63834 4
63835 5
63836 6
63837 7
63838 8
63839 9
63840 0
63841 1
63842 2
63843 3
63844 4
63845 5
63846 6
63847 7
63848 8
63849 9
63850 0
63851 1
63852 2
63853 3
63854 4
63855 5
63856 6
63857 7
63858 8
63859 9
63860 0
63861 1
63862 2
63863 3
63864 4
63865 5
63866 6
63867 7
63868 8
63869 9
63870 0
63871 1
63872 2
63873 3
63874 4
63875 5
63876 6
63877 7
63878 8
63879 9
63880 0
63881 1
63882 2
63883 3
63884 4
63885 5
63886 6
63887 7
63888 8
63889 9
63890 0
63891 1
63892 2
63893 3
63894 4
63895 5
63896 6
63897 7
63898 8
63899 9
63900 0
63901 1
63902 2
63903 3
63904 4
63905 5
63906 6
63907 7
63908 8
63909 9
63910 0
63911 1
63912 2
63913 3
63914 4
63915 5
63916 6
63917 7
63918 8
63919 9
63920 0
63921 1
63922 2
63923 3
63924 4
63925 5
63926 6
63927 7
63928 8
63929 9
63930 0
63931 1
63932 2
63933 3
63934 4
63935 5
63936 6
63937 7
63938 8
63939 9
63940 0
63941 1
63942 2
63943 3
63944 4
63945 5
63946 6
63947 7
63948 8
63949 9
63950 0
63951 1
63952 2
63953 3
63954 4
63955 5
63956 6
63957 7
63958 8
63959 9
63960 0
63961 1
63962 2
63963 3
63964 4
63965 5
63966 6
63967 7
63968 8
63969 9
63970 0
63971 1
63972 2
63973 3
63974 4
63975 5
63976 6
63977 7
63978 8
63979 9
63980 0
63981 1
63982 2
63983 3
63984 4
63985 5
63986 6
63987 7
63988 8
63989 9
63990 0
63991 1
63992 2
63993 3
63994 4
63995 5
63996 6
63997 7
63998 8
63999 9
64000 0
64001 1
64002 2
64003 3
64004 4
64005 5
64006 6
64007 7
64008 8
64009 9
64010 0
64011 1
64012 2
64013 3
64014 4
64015 5
64016 6
64017 7
64018 8
64019 9
64020 0
64021 1
64022 2
64023 3
64024 4
64025 5
64026 6
64027 7
64028 8
64029 9
64030 0
64031 1
64032 2
64033 3
64034 4
64035 5
64036 6
64037 7
64038 8
64039 9
64040 0
64041 1
64042 2
64043 3
64044 4
64045 5
64046 6
64047 7
64048 8
64049 9
64050 0
64051 1
64052 2
64053 3
64054 4
64055 5
64056 6
64057 7
64058 8
64059 9
64060 0
64061 1
64062 2
64063 3
64064 4
64065 5
64066 6
64067 7
64068 8
64069 9
64070 0
64071 1
64072 2
64073 3
64074 4
64075 5
64076 6
64077 7
64078 8
64079 9
64080 0
64081 1
64082 2
64083 3
64084 4
64085 5
64086 6
64087 7
64088 8
64089 9
64090 0
64091 1
64092 2
64093 3
64094 4
64095 5
64096 6
64097 7
64098 8
64099 9
64100 0
64101 1
64102 2
64103 3
64104 4
64105 5
64106 6
64107 7
64108 8
64109 9
64110 0
64111 1
64112 2
64113 3
64114 4
64115 5
64116 6
64117 7
64118 8
64119 9
64120 0
64121 1
64122 2
64123 3
64124 4
64125 5
64126 6
64127 7
64128 8
64129 9
64130 0
64131 1
64132 2
64133 3
64134 4
64135 5
64136 6
64137 7
64138 8
64139 9
64140 0
64141 1
64142 2
64143 3
64144 4
64145 5
64146 6
64147 7
64148 8
64149 9
64150 0
64151 1
64152 2
64153 3
64154 4
64155 5
64156 6
64157 7
64158 8
64159 9
64160 0
64161 1
64162 2
64163 3
64164 4
64165 5
64166 6
64167 7
64168 8
64169 9
64170 0
64171 1
64172 2
64173 3
64174 4
64175 5
64176 6
64177 7
64178 8
64179 9
64180 0
64181 1
64182 2
64183 3
64184 4
64185 5
64186 6
64187 7
64188 8
64189 9
64190 0
64191 1
64192 2
64193 3
64194 4
64195 5
64196 6
64197 7
64198 8
64199 9
64200 0
64201 1
64202 2
64203 3
64204 4
64205 5
64206 6
64207 7
64208 8
64209 9
64210 0
64211 1
64212 2
64213 3
64214 4
64215 5
64216 6
64217 7
64218 8
64219 9
64220 0
64221 1
64222 2
64223 3
64224 4
64225 5
64226 6
64227 7
64228 8
64229 9
64230 0
64231 1
64232 2
64233 3
64234 4
64235 5
64236 6
64237 7
64238 8
64239 9
64240 0
64241 1
64242 2
64243 3
64244 4
64245 5
64246 6
64247 7
64248 8
64249 9
64250 0
64251 1
64252 2
64253 3
64254 4
64255 5
64256 6
64257 7
64258 8
64259 9
64260 0
64261 1
64262 2
64263 3
64264 4
64265 5
64266 6
64267 7
64268 8
64269 9
64270 0
64271 1
64272 2
64273 3
64274 4
64275 5
64276 6
64277 7
64278 8
64279 9
64280 0
64281 1
64282 2
64283 3
64284 4
64285 5
64286 6
64287 7
64288 8
64289 9
64290 0
64291 1
64292 2
64293 3
64294 4
64295 5
64296 6
64297 7
64298 8
64299 9
64300 0
64301 1
64302 2
64303 3
64304 4
64305 5
64306 6
64307 7
64308 8
64309 9
64310 0
64311 1
64312 2
64313 3
64314 4
64315 5
64316 6
64317 7
64318 8
64319 9
64320 0
64321 1
64322 2
64323 3
64324 4
64325 5
64326 6
64327 7
64328 8
64329 9
64330 0
64331 1
64332 2
64333 3
64334 4
64335 5
64336 6
64337 7
64338 8
64339 9
64340 0
64341 1
64342 2
64343 3
64344 4
64345 5
64346 6
64347 7
64348 8
64349 9
64350 0
64351 1
64352 2
64353 3
64354 4
64355 5
64356 6
64357 7
64358 8
64359 9
64360 0
64361 1
64362 2
64363 3
64364 4
64365 5
64366 6
64367 7
64368 8
64369 9
64370 0
64371 1
64372 2
64373 3
64374 4
64375 5
64376 6
64377 7
64378 8
64379 9
64380 0
64381 1
64382 2
64383 3
64384 4
64385 5
64386 6
64387 7
64388 8
64389 9
64390 0
64391 1
64392 2
64393 3
64394 4
64395 5
64396 6
64397 7
64398 8
64399 9
64400 0
64401 1
64402 2
64403 3
64404 4
64405 5
64406 6
64407 7
64408 8
64409 9
64410 0
64411 1
64412 2
64413 3
64414 4
64415 5
64416 6
64417 7
64418 8
64419 9
64420 0
64421 1
64422 2
64423 3
64424 4
64425 5
64426 6
64427 7
64428 8
64429 9
64430 0
64431 1
64432 2
64433 3
64434 4
64435 5
64436 6
64437 7
64438 8
64439 9
64440 0
64441 1
64442 2
64443 3
64444 4
64445 5
64446 6
64447 7
64448 8
64449 9
64450 0
64451 1
64452 2
64453 3
64454 4
64455 5
64456 6
64457 7
64458 8
64459 9
64460 0
64461 1
64462 2
64463 3
64464 4
64465 5
64466 6
64467 7
64468 8
64469 9
64470 0
64471 1
64472 2
64473 3
64474 4
64475 5
64476 6
64477 7
64478 8
64479 9
64480 0
64481 1
64482 2
64483 3
64484 4
64485 5
64486 6
64487 7
64488 8
64489 9
64490 0
64491 1
64492 2
64493 3
64494 4
64495 5
64496 6
64497 7
64498 8
64499 9
64500 0
64501 1
64502 2
64503 3
64504 4
64505 5
64506 6
64507 7
64508 8
64509 9
64510 0
64511 1
64512 2
64513 3
64514 4
64515 5
64516 6
64517 7
64518 8
64519 9
64520 0
64521 1
64522 2
64523 3
64524 4
64525 5
64526 6
64527 7
64528 8
64529 9
64530 0
64531 1
64532 2
64533 3
64534 4
64535 5
64536 6
64537 7
64538 8
64539 9
64540 0
64541 1
64542 2
64543 3
64544 4
64545 5
64546 6
64547 7
64548 8
64549 9
64550 0
64551 1
64552 2
64553 3
64554 4
64555 5
64556 6
64557 7
64558 8
64559 9
64560 0
64561 1
64562 2
64563 3
64564 4
64565 5
64566 6
64567 7
64568 8
64569 9
64570 0
64571 1
64572 2
64573 3
64574 4
64575 5
64576 6
64577 7
64578 8
64579 9
64580 0
64581 1
64582 2
64583 3
64584 4
64585 5
64586 6
64587 7
64588 8
64589 9
64590 0
64591 1
64592 2
64593 3
64594 4
64595 5
64596 6
64597 7
64598 8
64599 9
64600 0
64601 1
64602 2
64603 3
64604 4
64605 5
64606 6
64607 7
64608 8
64609 9
64610 0
64611 1
64612 2
64613 3
64614 4
64615 5
64616 6
64617 7
64618 8
64619 9
64620 0
64621 1
64622 2
64623 3
64624 4
64625 5
64626 6
64627 7
64628 8
64629 9
64630 0
64631 1
64632 2
64633 3
64634 4
64635 5
64636 6
64637 7
64638 8
64639 9
64640 0
64641 1
64642 2
64643 3
64644 4
64645 5
64646 6
64647 7
64648 8
64649 9
64650 0
64651 1
64652 2
64653 3
64654 4
64655 5
64656 6
64657 7
64658 8
64659 9
64660 0
64661 1
64662 2
64663 3
64664 4
64665 5
64666 6
64667 7
64668 8
64669 9
64670 0
64671 1
64672 2
64673 3
64674 4
64675 5
64676 6
64677 7
64678 8
64679 9
64680 0
64681 1
64682 2
64683 3
64684 4
64685 5
64686 6
64687 7
64688 8
64689 9
64690 0
64691 1
64692 2
64693 3
64694 4
64695 5
64696 6
64697 7
64698 8
64699 9
64700 0
64701 1
64702 2
64703 3
64704 4
64705 5
64706 6
64707 7
64708 8
64709 9
64710 0
64711 1
64712 2
64713 3
64714 4
64715 5
64716 6
64717 7
64718 8
64719 9
64720 0
64721 1
64722 2
64723 3
64724 4
64725 5
64726 6
64727 7
64728 8
64729 9
64730 0
64731 1
64732 2
64733 3
64734 4
64735 5
64736 6
64737 7
64738 8
64739 9
64740 0
64741 1
64742 2
64743 3
64744 4
64745 5
64746 6
64747 7
64748 8
64749 9
64750 0
64751 1
64752 2
64753 3
64754 4
64755 5
64756 6
64757 7
64758 8
64759 9
64760 0
64761 1
64762 2
64763 3
64764 4
64765 5
64766 6
64767 7
64768 8
64769 9
64770 0
64771 1
64772 2
64773 3
64774 4
64775 5
64776 6
64777 7
64778 8
64779 9
64780 0
64781 1
64782 2
64783 3
64784 4
64785 5
64786 6
64787 7
64788 8
64789 9
64790 0
64791 1
64792 2
64793 3
64794 4
64795 5
64796 6
64797 7
64798 8
64799 9
64800 0
64801 1
64802 2
64803 3
64804 4
64805 5
64806 6
64807 7
64808 8
64809 9
64810 0
64811 1
64812 2
64813 3
64814 4
64815 5
64816 6
64817 7
64818 8
64819 9
64820 0
64821 1
64822 2
64823 3
64824 4
64825 5
64826 6
64827 7
64828 8
64829 9
64830 0
64831 1
64832 2
64833 3
64834 4
64835 5
64836 6
64837 7
64838 8
64839 9
64840 0
64841 1
64842 2
64843 3
64844 4
64845 5
64846 6
64847 7
64848 8
64849 9
64850 0
64851 1
64852 2
64853 3
64854 4
64855 5
64856 6
64857 7
64858 8
64859 9
64860 0
64861 1
64862 2
64863 3
64864 4
64865 5
64866 6
64867 7
64868 8
64869 9
64870 0
64871 1
64872 2
64873 3
64874 4
64875 5
64876 6
64877 7
64878 8
64879 9
64880 0
64881 1
64882 2
64883 3
64884 4
64885 5
64886 6
64887 7
64888 8
64889 9
64890 0
64891 1
64892 2
64893 3
64894 4
64895 5
64896 6
64897 7
64898 8
64899 9
64900 0
64901 1
64902 2
64903 3
64904 4
64905 5
64906 6
64907 7
64908 8
64909 9
64910 0
64911 1
64912 2
64913 3
64914 4
64915 5
64916 6
64917 7
64918 8
64919 9
64920 0
64921 1
64922 2
64923 3
64924 4
64925 5
64926 6
64927 7
64928 8
64929 9
64930 0
64931 1
64932 2
64933 3
64934 4
64935 5
64936 6
64937 7
64938 8
64939 9
64940 0
64941 1
64942 2
64943 3
64944 4
64945 5
64946 6
64947 7
64948 8
64949 9
64950 0
64951 1
64952 2
64953 3
64954 4
64955 5
64956 6
64957 7
64958 8
64959 9
64960 0
64961 1
64962 2
64963 3
64964 4
64965 5
64966 6
64967 7
64968 8
64969 9
64970 0
64971 1
64972 2
64973 3
64974 4
64975 5
64976 6
64977 7
64978 8
64979 9
64980 0
64981 1
64982 2
64983 3
64984 4
64985 5
64986 6
64987 7
64988 8
64989 9
64990 0
64991 1
64992 2
64993 3
64994 4
64995 5
64996 6
64997 7
64998 8
64999 9
65000 0
65001 1
65002 2
65003 3
65004 4
65005 5
65006 6
65007 7
65008 8
65009 9
65010 0
65011 1
65012 2
65013 3
65014 4
65015 5
65016 6
65017 7
65018 8
65019 9
65020 0
65021 1
65022 2
65023 3
65024 4
65025 5
65026 6
65027 7
65028 8
65029 9
65030 0
65031 1
65032 2
65033 3
65034 4
65035 5
65036 6
65037 7
65038 8
65039 9
65040 0
65041 1
65042 2
65043 3
65044 4
65045 5
65046 6
65047 7
65048 8
65049 9
65050 0
65051 1
65052 2
65053 3
65054 4
65055 5
65056 6
65057 7
65058 8
65059 9
65060 0
65061 1
65062 2
65063 3
65064 4
65065 5
65066 6
65067 7
65068 8
65069 9
65070 0
65071 1
65072 2
65073 3
65074 4
65075 5
65076 6
65077 7
65078 8
65079 9
65080 0
65081 1
65082 2
65083 3
65084 4
65085 5
65086 6
65087 7
65088 8
65089 9
65090 0
65091 1
65092 2
65093 3
65094 4
65095 5
65096 6
65097 7
65098 8
65099 9
65100 0
65101 1
65102 2
65103 3
65104 4
65105 5
65106 6
65107 7
65108 8
65109 9
65110 0
65111 1
65112 2
65113 3
65114 4
65115 5
65116 6
65117 7
65118 8
65119 9
65120 0
65121 1
65122 2
65123 3
65124 4
65125 5
65126 6
65127 7
65128 8
65129 9
65130 0
65131 1
65132 2
65133 3
65134 4
65135 5
65136 6
65137 7
65138 8
65139 9
65140 0
65141 1
65142 2
65143 3
65144 4
65145 5
65146 6
65147 7
65148 8
65149 9
65150 0
65151 1
65152 2
65153 3
65154 4
65155 5
65156 6
65157 7
65158 8
65159 9
65160 0
65161 1
65162 2
65163 3
65164 4
65165 5
65166 6
65167 7
65168 8
65169 9
65170 0
65171 1
65172 2
65173 3
65174 4
65175 5
65176 6
65177 7
65178 8
65179 9
65180 0
65181 1
65182 2
65183 3
65184 4
65185 5
65186 6
65187 7
65188 8
65189 9
65190 0
65191 1
65192 2
65193 3
65194 4
65195 5
65196 6
65197 7
65198 8
65199 9
65200 0
65201 1
65202 2
65203 3
65204 4
65205 5
65206 6
65207 7
65208 8
65209 9
65210 0
65211 1
65212 2
65213 3
65214 4
65215 5
65216 6
65217 7
65218 8
65219 9
65220 0
65221 1
65222 2
65223 3
65224 4
65225 5
65226 6
65227 7
65228 8
65229 9
65230 0
65231 1
65232 2
65233 3
65234 4
65235 5
65236 6
65237 7
65238 8
65239 9
65240 0
65241 1
65242 2
65243 3
65244 4
65245 5
65246 6
65247 7
65248 8
65249 9
65250 0
65251 1
65252 2
65253 3
65254 4
65255 5
65256 6
65257 7
65258 8
65259 9
65260 0
65261 1
65262 2
65263 3
65264 4
65265 5
65266 6
65267 7
65268 8
65269 9
65270 0
65271 1
65272 2
65273 3
65274 4
65275 5
65276 6
65277 7
65278 8
65279 9
65280 0
65281 1
65282 2
65283 3
65284 4
65285 5
65286 6
65287 7
65288 8
65289 9
65290 0
65291 1
65292 2
65293 3
65294 4
65295 5
65296 6
65297 7
65298 8
65299 9
65300 0
65301 1
65302 2
65303 3
65304 4
65305 5
65306 6
65307 7
65308 8
65309 9
65310 0
65311 1
65312 2
65313 3
65314 4
65315 5
65316 6
65317 7
65318 8
65319 9
65320 0
65321 1
65322 2
65323 3
65324 4
65325 5
65326 6
65327 7
65328 8
65329 9
65330 0
65331 1
65332 2
65333 3
65334 4
65335 5
65336 6
65337 7
65338 8
65339 9
65340 0
65341 1
65342 2
65343 3
65344 4
65345 5
65346 6
65347 7
65348 8
65349 9
65350 0
65351 1
65352 2
65353 3
65354 4
65355 5
65356 6
65357 7
65358 8
65359 9
65360 0
65361 1
65362 2
65363 3
65364 4
65365 5
65366 6
65367 7
65368 8
65369 9
65370 0
65371 1
65372 2
65373 3
65374 4
65375 5
65376 6
65377 7
65378 8
65379 9
65380 0
65381 1
65382 2
65383 3
65384 4
65385 5
65386 6
65387 7
65388 8
65389 9
65390 0
65391 1
65392 2
65393 3
65394 4
65395 5
65396 6
65397 7
65398 8
65399 9
65400 0
65401 1
65402 2
65403 3
65404 4
65405 5
65406 6
65407 7
65408 8
65409 9
65410 0
65411 1
65412 2
65413 3
65414 4
65415 5
65416 6
65417 7
65418 8
65419 9
65420 0
65421 1
65422 2
65423 3
65424 4
65425 5
65426 6
65427 7
65428 8
65429 9
65430 0
65431 1
65432 2
65433 3
65434 4
65435 5
65436 6
65437 7
65438 8
65439 9
65440 0
65441 1
65442 2
65443 3
65444 4
65445 5
65446 6
65447 7
65448 8
65449 9
65450 0
65451 1
65452 2
65453 3
65454 4
65455 5
65456 6
65457 7
65458 8
65459 9
65460 0
65461 1
65462 2
65463 3
65464 4
65465 5
65466 6
65467 7
65468 8
65469 9
65470 0
65471 1
65472 2
65473 3
65474 4
65475 5
65476 6
65477 7
65478 8
65479 9
65480 0
65481 1
65482 2
65483 3
65484 4
65485 5
65486 6
65487 7
65488 8
65489 9
65490 0
65491 1
65492 2
65493 3
65494 4
65495 5
65496 6
65497 7
65498 8
65499 9
65500 0
65501 1
65502 2
65503 3
65504 4
65505 5
65506 6
65507 7
65508 8
65509 9
65510 0
65511 1
65512 2
65513 3
65514 4
65515 5
65516 6
65517 7
65518 8
65519 9
65520 0
65521 1
65522 2
65523 3
65524 4
65525 5
65526 6
65527 7
65528 8
65529 9
65530 0
65531 1
65532 2
65533 3
65534 4
65535 5
65536 6
65537 7
65538 8
65539 9
65540 0
65541 1
65542 2
65543 3
65544 4
65545 5
65546 6
65547 7
65548 8
65549 9
65550 0
65551 1
65552 2
65553 3
65554 4
65555 5
65556 6
65557 7
65558 8
65559 9
65560 0
65561 1
65562 2
65563 3
65564 4
65565 5
65566 6
65567 7
65568 8
65569 9
65570 0
65571 1
65572 2
65573 3
65574 4
65575 5
65576 6
65577 7
65578 8
65579 9
65580 0
65581 1
65582 2
65583 3
65584 4
65585 5
65586 6
65587 7
65588 8
65589 9
65590 0
65591 1
65592 2
65593 3
65594 4
65595 5
65596 6
65597 7
65598 8
65599 9
65600 0
65601 1
65602 2
65603 3
65604 4
65605 5
65606 6
65607 7
65608 8
65609 9
65610 0
65611 1
65612 2
65613 3
65614 4
65615 5
65616 6
65617 7
65618 8
65619 9
65620 0
65621 1
65622 2
65623 3
65624 4
65625 5
65626 6
65627 7
65628 8
65629 9
65630 0
65631 1
65632 2
65633 3
65634 4
65635 5
65636 6
65637 7
65638 8
65639 9
65640 0
65641 1
65642 2
65643 3
65644 4
65645 5
65646 6
65647 7
65648 8
65649 9
65650 0
65651 1
65652 2
65653 3
65654 4
65655 5
65656 6
65657 7
65658 8
65659 9
65660 0
65661 1
65662 2
65663 3
65664 4
65665 5
65666 6
65667 7
65668 8
65669 9
65670 0
65671 1
65672 2
65673 3
65674 4
65675 5
65676 6
65677 7
65678 8
65679 9
65680 0
65681 1
65682 2
65683 3
65684 4
65685 5
65686 6
65687 7
65688 8
65689 9
65690 0
65691 1
65692 2
65693 3
65694 4
65695 5
65696 6
65697 7
65698 8
65699 9
65700 0
65701 1
65702 2
65703 3
65704 4
65705 5
65706 6
65707 7
65708 8
65709 9
65710 0
65711 1
65712 2
65713 3
65714 4
65715 5
65716 6
65717 7
65718 8
65719 9
65720 0
65721 1
65722 2
65723 3
65724 4
65725 5
65726 6
65727 7
65728 8
65729 9
65730 0
65731 1
65732 2
65733 3
65734 4
65735 5
65736 6
65737 7
65738 8
65739 9
65740 0
65741 1
65742 2
65743 3
65744 4
65745 5
65746 6
65747 7
65748 8
65749 9
65750 0
65751 1
65752 2
65753 3
65754 4
65755 5
65756 6
65757 7
65758 8
65759 9
65760 0
65761 1
65762 2
65763 3
65764 4
65765 5
65766 6
65767 7
65768 8
65769 9
65770 0
65771 1
65772 2
65773 3
65774 4
65775 5
65776 6
65777 7
65778 8
65779 9
65780 0
65781 1
65782 2
65783 3
65784 4
65785 5
65786 6
65787 7
65788 8
65789 9
65790 0
65791 1
65792 2
65793 3
65794 4
65795 5
65796 6
65797 7
65798 8
65799 9
65800 0
65801 1
65802 2
65803 3
65804 4
65805 5
65806 6
65807 7
65808 8
65809 9
65810 0
65811 1
65812 2
65813 3
65814 4
65815 5
65816 6
65817 7
65818 8
65819 9
65820 0
65821 1
65822 2
65823 3
65824 4
65825 5
65826 6
65827 7
65828 8
65829 9
65830 0
65831 1
65832 2
65833 3
65834 4
65835 5
65836 6
65837 7
65838 8
65839 9
65840 0
65841 1
65842 2
65843 3
65844 4
65845 5
65846 6
65847 7
65848 8
65849 9
65850 0
65851 1
65852 2
65853 3
65854 4
65855 5
65856 6
65857 7
65858 8
65859 9
65860 0
65861 1
65862 2
65863 3
65864 4
65865 5
65866 6
65867 7
65868 8
65869 9
65870 0
65871 1
65872 2
65873 3
65874 4
65875 5
65876 6
65877 7
65878 8
65879 9
65880 0
65881 1
65882 2
65883 3
65884 4
65885 5
65886 6
65887 7
65888 8
65889 9
65890 0
65891 1
65892 2
65893 3
65894 4
65895 5
65896 6
65897 7
65898 8
65899 9
65900 0
65901 1
65902 2
65903 3
65904 4
65905 5
65906 6
65907 7
65908 8
65909 9
65910 0
65911 1
65912 2
65913 3
65914 4
65915 5
65916 6
65917 7
65918 8
65919 9
65920 0
65921 1
65922 2
65923 3
65924 4
65925 5
65926 6
65927 7
65928 8
65929 9
65930 0
65931 1
65932 2
65933 3
65934 4
65935 5
65936 6
65937 7
65938 8
65939 9
65940 0
65941 1
65942 2
65943 3
65944 4
65945 5
65946 6
65947 7
65948 8
65949 9
65950 0
65951 1
65952 2
65953 3
65954 4
65955 5
65956 6
65957 7
65958 8
65959 9
65960 0
65961 1
65962 2
65963 3
65964 4
65965 5
65966 6
65967 7
65968 8
65969 9
65970 0
65971 1
65972 2
65973 3
65974 4
65975 5
65976 6
65977 7
65978 8
65979 9
65980 0
65981 1
65982 2
65983 3
65984 4
65985 5
65986 6
65987 7
65988 8
65989 9
65990 0
65991 1
65992 2
65993 3
65994 4
65995 5
65996 6
65997 7
65998 8
65999 9
66000 0
66001 1
66002 2
66003 3
66004 4
66005 5
66006 6
66007 7
66008 8
66009 9
66010 0
66011 1
66012 2
66013 3
66014 4
66015 5
66016 6
66017 7
66018 8
66019 9
66020 0
66021 1
66022 2
66023 3
66024 4
66025 5
66026 6
66027 7
66028 8
66029 9
66030 0
66031 1
66032 2
66033 3
66034 4
66035 5
66036 6
66037 7
66038 8
66039 9
66040 0
66041 1
66042 2
66043 3
66044 4
66045 5
66046 6
66047 7
66048 8
66049 9
66050 0
66051 1
66052 2
66053 3
66054 4
66055 5
66056 6
66057 7
66058 8
66059 9
66060 0
66061 1
66062 2
66063 3
66064 4
66065 5
66066 6
66067 7
66068 8
66069 9
66070 0
66071 1
66072 2
66073 3
66074 4
66075 5
66076 6
66077 7
66078 8
66079 9
66080 0
66081 1
66082 2
66083 3
66084 4
66085 5
66086 6
66087 7
66088 8
66089 9
66090 0
66091 1
66092 2
66093 3
66094 4
66095 5
66096 6
66097 7
66098 8
66099 9
66100 0
66101 1
66102 2
66103 3
66104 4
66105 5
66106 6
66107 7
66108 8
66109 9
66110 0
66111 1
66112 2
66113 3
66114 4
66115 5
66116 6
66117 7
66118 8
66119 9
66120 0
66121 1
66122 2
66123 3
66124 4
66125 5
66126 6
66127 7
66128 8
66129 9
66130 0
66131 1
66132 2
66133 3
66134 4
66135 5
66136 6
66137 7
66138 8
66139 9
66140 0
66141 1
66142 2
66143 3
66144 4
66145 5
66146 6
66147 7
66148 8
66149 9
66150 0
66151 1
66152 2
66153 3
66154 4
66155 5
66156 6
66157 7
66158 8
66159 9
66160 0
66161 1
66162 2
66163 3
66164 4
66165 5
66166 6
66167 7
66168 8
66169 9
66170 0
66171 1
66172 2
66173 3
66174 4
66175 5
66176 6
66177 7
66178 8
66179 9
66180 0
66181 1
66182 2
66183 3
66184 4
66185 5
66186 6
66187 7
66188 8
66189 9
66190 0
66191 1
66192 2
66193 3
66194 4
66195 5
66196 6
66197 7
66198 8
66199 9
66200 0
66201 1
66202 2
66203 3
66204 4
66205 5
66206 6
66207 7
66208 8
66209 9
66210 0
66211 1
66212 2
66213 3
66214 4
66215 5
66216 6
66217 7
66218 8
66219 9
66220 0
66221 1
66222 2
66223 3
66224 4
66225 5
66226 6
66227 7
66228 8
66229 9
66230 0
66231 1
66232 2
66233 3
66234 4
66235 5
66236 6
66237 7
66238 8
66239 9
66240 0
66241 1
66242 2
66243 3
66244 4
66245 5
66246 6
66247 7
66248 8
66249 9
66250 0
66251 1
66252 2
66253 3
66254 4
66255 5
66256 6
66257 7
66258 8
66259 9
66260 0
66261 1
66262 2
66263 3
66264 4
66265 5
66266 6
66267 7
66268 8
66269 9
66270 0
66271 1
66272 2
66273 3
66274 4
66275 5
66276 6
66277 7
66278 8
66279 9
66280 0
66281 1
66282 2
66283 3
66284 4
66285 5
66286 6
66287 7
66288 8
66289 9
66290 0
66291 1
66292 2
66293 3
66294 4
66295 5
66296 6
66297 7
66298 8
66299 9
66300 0
66301 1
66302 2
66303 3
66304 4
66305 5
66306 6
66307 7
66308 8
66309 9
66310 0
66311 1
66312 2
66313 3
66314 4
66315 5
66316 6
66317 7
66318 8
66319 9
66320 0
66321 1
66322 2
66323 3
66324 4
66325 5
66326 6
66327 7
66328 8
66329 9
66330 0
66331 1
66332 2
66333 3
66334 4
66335 5
66336 6
66337 7
66338 8
66339 9
66340 0
66341 1
66342 2
66343 3
66344 4
66345 5
66346 6
66347 7
66348 8
66349 9
66350 0
66351 1
66352 2
66353 3
66354 4
66355 5
66356 6
66357 7
66358 8
66359 9
66360 0
66361 1
66362 2
66363 3
66364 4
66365 5
66366 6
66367 7
66368 8
66369 9
66370 0
66371 1
66372 2
66373 3
66374 4
66375 5
66376 6
66377 7
66378 8
66379 9
66380 0
66381 1
66382 2
66383 3
66384 4
66385 5
66386 6
66387 7
66388 8
66389 9
66390 0
66391 1
66392 2
66393 3
66394 4
66395 5
66396 6
66397 7
66398 8
66399 9
66400 0
66401 1
66402 2
66403 3
66404 4
66405 5
66406 6
66407 7
66408 8
66409 9
66410 0
66411 1
66412 2
66413 3
66414 4
66415 5
66416 6
66417 7
66418 8
66419 9
66420 0
66421 1
66422 2
66423 3
66424 4
66425 5
66426 6
66427 7
66428 8
66429 9
66430 0
66431 1
66432 2
66433 3
66434 4
66435 5
66436 6
66437 7
66438 8
66439 9
66440 0
66441 1
66442 2
66443 3
66444 4
66445 5
66446 6
66447 7
66448 8
66449 9
66450 0
66451 1
66452 2
66453 3
66454 4
66455 5
66456 6
66457 7
66458 8
66459 9
66460 0
66461 1
66462 2
66463 3
66464 4
66465 5
66466 6
66467 7
66468 8
66469 9
66470 0
66471 1
66472 2
66473 3
66474 4
66475 5
66476 6
66477 7
66478 8
66479 9
66480 0
66481 1
66482 2
66483 3
66484 4
66485 5
66486 6
66487 7
66488 8
66489 9
66490 0
66491 1
66492 2
66493 3
66494 4
66495 5
66496 6
66497 7
66498 8
66499 9
66500 0
66501 1
66502 2
66503 3
66504 4
66505 5
66506 6
66507 7
66508 8
66509 9
66510 0
66511 1
66512 2
66513 3
66514 4
66515 5
66516 6
66517 7
66518 8
66519 9
66520 0
66521 1
66522 2
66523 3
66524 4
66525 5
66526 6
66527 7
66528 8
66529 9
66530 0
66531 1
66532 2
66533 3
66534 4
66535 5
66536 6
66537 7
66538 8
66539 9
66540 0
66541 1
66542 2
66543 3
66544 4
66545 5
66546 6
66547 7
66548 8
66549 9
66550 0
66551 1
66552 2
66553 3
66554 4
66555 5
66556 6
66557 7
66558 8
66559 9
66560 0
66561 1
66562 2
66563 3
66564 4
66565 5
66566 6
66567 7
66568 8
66569 9
66570 0
66571 1
66572 2
66573 3
66574 4
66575 5
66576 6
66577 7
66578 8
66579 9
66580 0
66581 1
66582 2
66583 3
66584 4
66585 5
66586 6
66587 7
66588 8
66589 9
66590 0
66591 1
66592 2
66593 3
66594 4
66595 5
66596 6
66597 7
66598 8
66599 9
66600 0
66601 1
66602 2
66603 3
66604 4
66605 5
66606 6
66607 7
66608 8
66609 9
66610 0
66611 1
66612 2
66613 3
66614 4
66615 5
66616 6
66617 7
66618 8
66619 9
66620 0
66621 1
66622 2
66623 3
66624 4
66625 5
66626 6
66627 7
66628 8
66629 9
66630 0
66631 1
66632 2
66633 3
66634 4
66635 5
66636 6
66637 7
66638 8
66639 9
66640 0
66641 1
66642 2
66643 3
66644 4
66645 5
66646 6
66647 7
66648 8
66649 9
66650 0
66651 1
66652 2
66653 3
66654 4
66655 5
66656 6
66657 7
66658 8
66659 9
66660 0
66661 1
66662 2
66663 3
66664 4
66665 5
66666 6
66667 7
66668 8
66669 9
66670 0
66671 1
66672 2
66673 3
66674 4
66675 5
66676 6
66677 7
66678 8
66679 9
66680 0
66681 1
66682 2
66683 3
66684 4
66685 5
66686 6
66687 7
66688 8
66689 9
66690 0
66691 1
66692 2
66693 3
66694 4
66695 5
66696 6
66697 7
66698 8
66699 9
66700 0
66701 1
66702 2
66703 3
66704 4
66705 5
66706 6
66707 7
66708 8
66709 9
66710 0
66711 1
66712 2
66713 3
66714 4
66715 5
66716 6
66717 7
66718 8
66719 9
66720 0
66721 1
66722 2
66723 3
66724 4
66725 5
66726 6
66727 7
66728 8
66729 9
66730 0
66731 1
66732 2
66733 3
66734 4
66735 5
66736 6
66737 7
66738 8
66739 9
66740 0
66741 1
66742 2
66743 3
66744 4
66745 5
66746 6
66747 7
66748 8
66749 9
66750 0
66751 1
66752 2
66753 3
66754 4
66755 5
66756 6
66757 7
66758 8
66759 9
66760 0
66761 1
66762 2
66763 3
66764 4
66765 5
66766 6
66767 7
66768 8
66769 9
66770 0
66771 1
66772 2
66773 3
66774 4
66775 5
66776 6
66777 7
66778 8
66779 9
66780 0
66781 1
66782 2
66783 3
66784 4
66785 5
66786 6
66787 7
66788 8
66789 9
66790 0
66791 1
66792 2
66793 3
66794 4
66795 5
66796 6
66797 7
66798 8
66799 9
66800 0
66801 1
66802 2
66803 3
66804 4
66805 5
66806 6
66807 7
66808 8
66809 9
66810 0
66811 1
66812 2
66813 3
66814 4
66815 5
66816 6
66817 7
66818 8
66819 9
66820 0
66821 1
66822 2
66823 3
66824 4
66825 5
66826 6
66827 7
66828 8
66829 9
66830 0
66831 1
66832 2
66833 3
66834 4
66835 5
66836 6
66837 7
66838 8
66839 9
66840 0
66841 1
66842 2
66843 3
66844 4
66845 5
66846 6
66847 7
66848 8
66849 9
66850 0
66851 1
66852 2
66853 3
66854 4
66855 5
66856 6
66857 7
66858 8
66859 9
66860 0
66861 1
66862 2
66863 3
66864 4
66865 5
66866 6
66867 7
66868 8
66869 9
66870 0
66871 1
66872 2
66873 3
66874 4
66875 5
66876 6
66877 7
66878 8
66879 9
66880 0
66881 1
66882 2
66883 3
66884 4
66885 5
66886 6
66887 7
66888 8
66889 9
66890 0
66891 1
66892 2
66893 3
66894 4
66895 5
66896 6
66897 7
66898 8
66899 9
66900 0
66901 1
66902 2
66903 3
66904 4
66905 5
66906 6
66907 7
66908 8
66909 9
66910 0
66911 1
66912 2
66913 3
66914 4
66915 5
66916 6
66917 7
66918 8
66919 9
66920 0
66921 1
66922 2
66923 3
66924 4
66925 5
66926 6
66927 7
66928 8
66929 9
66930 0
66931 1
66932 2
66933 3
66934 4
66935 5
66936 6
66937 7
66938 8
66939 9
66940 0
66941 1
66942 2
66943 3
66944 4
66945 5
66946 6
66947 7
66948 8
66949 9
66950 0
66951 1
66952 2
66953 3
66954 4
66955 5
66956 6
66957 7
66958 8
66959 9
66960 0
66961 1
66962 2
66963 3
66964 4
66965 5
66966 6
66967 7
66968 8
66969 9
66970 0
66971 1
66972 2
66973 3
66974 4
66975 5
66976 6
66977 7
66978 8
66979 9
66980 0
66981 1
66982 2
66983 3
66984 4
66985 5
66986 6
66987 7
66988 8
66989 9
66990 0
66991 1
66992 2
66993 3
66994 4
66995 5
66996 6
66997 7
66998 8
66999 9
67000 0
67001 1
67002 2
67003 3
67004 4
67005 5
67006 6
67007 7
67008 8
67009 9
67010 0
67011 1
67012 2
67013 3
67014 4
67015 5
67016 6
67017 7
67018 8
67019 9
67020 0
67021 1
67022 2
67023 3
67024 4
67025 5
67026 6
67027 7
67028 8
67029 9
67030 0
67031 1
67032 2
67033 3
67034 4
67035 5
67036 6
67037 7
67038 8
67039 9
67040 0
67041 1
67042 2
67043 3
67044 4
67045 5
67046 6
67047 7
67048 8
67049 9
67050 0
67051 1
67052 2
67053 3
67054 4
67055 5
67056 6
67057 7
67058 8
67059 9
67060 0
67061 1
67062 2
67063 3
67064 4
67065 5
67066 6
67067 7
67068 8
67069 9
67070 0
67071 1
67072 2
67073 3
67074 4
67075 5
67076 6
67077 7
67078 8
67079 9
67080 0
67081 1
67082 2
67083 3
67084 4
67085 5
67086 6
67087 7
67088 8
67089 9
67090 0
67091 1
67092 2
67093 3
67094 4
67095 5
67096 6
67097 7
67098 8
67099 9
67100 0
67101 1
67102 2
67103 3
67104 4
67105 5
67106 6
67107 7
67108 8
67109 9
67110 0
67111 1
67112 2
67113 3
67114 4
67115 5
67116 6
67117 7
67118 8
67119 9
67120 0
67121 1
67122 2
67123 3
67124 4
67125 5
67126 6
67127 7
67128 8
67129 9
67130 0
67131 1
67132 2
67133 3
67134 4
67135 5
67136 6
67137 7
67138 8
67139 9
67140 0
67141 1
67142 2
67143 3
67144 4
67145 5
67146 6
67147 7
67148 8
67149 9
67150 0
67151 1
67152 2
67153 3
67154 4
67155 5
67156 6
67157 7
67158 8
67159 9
67160 0
67161 1
67162 2
67163 3
67164 4
67165 5
67166 6
67167 7
67168 8
67169 9
67170 0
67171 1
67172 2
67173 3
67174 4
67175 5
67176 6
67177 7
67178 8
67179 9
67180 0
67181 1
67182 2
67183 3
67184 4
67185 5
67186 6
67187 7
67188 8
67189 9
67190 0
67191 1
67192 2
67193 3
67194 4
67195 5
67196 6
67197 7
67198 8
67199 9
67200 0
67201 1
67202 2
67203 3
67204 4
67205 5
67206 6
67207 7
67208 8
67209 9
67210 0
67211 1
67212 2
67213 3
67214 4
67215 5
67216 6
67217 7
67218 8
67219 9
67220 0
67221 1
67222 2
67223 3
67224 4
67225 5
67226 6
67227 7
67228 8
67229 9
67230 0
67231 1
67232 2
67233 3
67234 4
67235 5
67236 6
67237 7
67238 8
67239 9
67240 0
67241 1
67242 2
67243 3
67244 4
67245 5
67246 6
67247 7
67248 8
67249 9
67250 0
67251 1
67252 2
67253 3
67254 4
67255 5
67256 6
67257 7
67258 8
67259 9
67260 0
67261 1
67262 2
67263 3
67264 4
67265 5
67266 6
67267 7
67268 8
67269 9
67270 0
67271 1
67272 2
67273 3
67274 4
67275 5
67276 6
67277 7
67278 8
67279 9
67280 0
67281 1
67282 2
67283 3
67284 4
67285 5
67286 6
67287 7
67288 8
67289 9
67290 0
67291 1
67292 2
67293 3
67294 4
67295 5
67296 6
67297 7
67298 8
67299 9
67300 0
67301 1
67302 2
67303 3
67304 4
67305 5
67306 6
67307 7
67308 8
67309 9
67310 0
67311 1
67312 2
67313 3
67314 4
67315 5
67316 6
67317 7
67318 8
67319 9
67320 0
67321 1
67322 2
67323 3
67324 4
67325 5
67326 6
67327 7
67328 8
67329 9
67330 0
67331 1
67332 2
67333 3
67334 4
67335 5
67336 6
67337 7
67338 8
67339 9
67340 0
67341 1
67342 2
67343 3
67344 4
67345 5
67346 6
67347 7
67348 8
67349 9
67350 0
67351 1
67352 2
67353 3
67354 4
67355 5
67356 6
67357 7
67358 8
67359 9
67360 0
67361 1
67362 2
67363 3
67364 4
67365 5
67366 6
67367 7
67368 8
67369 9
67370 0
67371 1
67372 2
67373 3
67374 4
67375 5
67376 6
67377 7
67378 8
67379 9
67380 0
67381 1
67382 2
67383 3
67384 4
67385 5
67386 6
67387 7
67388 8
67389 9
67390 0
67391 1
67392 2
67393 3
67394 4
67395 5
67396 6
67397 7
67398 8
67399 9
67400 0
67401 1
67402 2
67403 3
67404 4
67405 5
67406 6
67407 7
67408 8
67409 9
67410 0
67411 1
67412 2
67413 3
67414 4
67415 5
67416 6
67417 7
67418 8
67419 9
67420 0
67421 1
67422 2
67423 3
67424 4
67425 5
67426 6
67427 7
67428 8
67429 9
67430 0
67431 1
67432 2
67433 3
67434 4
67435 5
67436 6
67437 7
67438 8
67439 9
67440 0
67441 1
67442 2
67443 3
67444 4
67445 5
67446 6
67447 7
67448 8
67449 9
67450 0
67451 1
67452 2
67453 3
67454 4
67455 5
67456 6
67457 7
67458 8
67459 9
67460 0
67461 1
67462 2
67463 3
67464 4
67465 5
67466 6
67467 7
67468 8
67469 9
67470 0
67471 1
67472 2
67473 3
67474 4
67475 5
67476 6
67477 7
67478 8
67479 9
67480 0
67481 1
67482 2
67483 3
67484 4
67485 5
67486 6
67487 7
67488 8
67489 9
67490 0
67491 1
67492 2
67493 3
67494 4
67495 5
67496 6
67497 7
67498 8
67499 9
67500 0
67501 1
67502 2
67503 3
67504 4
67505 5
67506 6
67507 7
67508 8
67509 9
67510 0
67511 1
67512 2
67513 3
67514 4
67515 5
67516 6
67517 7
67518 8
67519 9
67520 0
67521 1
67522 2
67523 3
67524 4
67525 5
67526 6
67527 7
67528 8
67529 9
67530 0
67531 1
67532 2
67533 3
67534 4
67535 5
67536 6
67537 7
67538 8
67539 9
67540 0
67541 1
67542 2
67543 3
67544 4
67545 5
67546 6
67547 7
67548 8
67549 9
67550 0
67551 1
67552 2
67553 3
67554 4
67555 5
67556 6
67557 7
67558 8
67559 9
67560 0
67561 1
67562 2
67563 3
67564 4
67565 5
67566 6
67567 7
67568 8
67569 9
67570 0
67571 1
67572 2
67573 3
67574 4
67575 5
67576 6
67577 7
67578 8
67579 9
67580 0
67581 1
67582 2
67583 3
67584 4
67585 5
67586 6
67587 7
67588 8
67589 9
67590 0
67591 1
67592 2
67593 3
67594 4
67595 5
67596 6
67597 7
67598 8
67599 9
67600 0
67601 1
67602 2
67603 3
67604 4
67605 5
67606 6
67607 7
67608 8
67609 9
67610 0
67611 1
67612 2
67613 3
67614 4
67615 5
67616 6
67617 7
67618 8
67619 9
67620 0
67621 1
67622 2
67623 3
67624 4
67625 5
67626 6
67627 7
67628 8
67629 9
67630 0
67631 1
67632 2
67633 3
67634 4
67635 5
67636 6
67637 7
67638 8
67639 9
67640 0
67641 1
67642 2
67643 3
67644 4
67645 5
67646 6
67647 7
67648 8
67649 9
67650 0
67651 1
67652 2
67653 3
67654 4
67655 5
67656 6
67657 7
67658 8
67659 9
67660 0
67661 1
67662 2
67663 3
67664 4
67665 5
67666 6
67667 7
67668 8
67669 9
67670 0
67671 1
67672 2
67673 3
67674 4
67675 5
67676 6
67677 7
67678 8
67679 9
67680 0
67681 1
67682 2
67683 3
67684 4
67685 5
67686 6
67687 7
67688 8
67689 9
67690 0
67691 1
67692 2
67693 3
67694 4
67695 5
67696 6
67697 7
67698 8
67699 9
67700 0
67701 1
67702 2
67703 3
67704 4
67705 5
67706 6
67707 7
67708 8
67709 9
67710 0
67711 1
67712 2
67713 3
67714 4
67715 5
67716 6
67717 7
67718 8
67719 9
67720 0
67721 1
67722 2
67723 3
67724 4
67725 5
67726 6
67727 7
67728 8
67729 9
67730 0
67731 1
67732 2
67733 3
67734 4
67735 5
67736 6
67737 7
67738 8
67739 9
67740 0
67741 1
67742 2
67743 3
67744 4
67745 5
67746 6
67747 7
67748 8
67749 9
67750 0
67751 1
67752 2
67753 3
67754 4
67755 5
67756 6
67757 7
67758 8
67759 9
67760 0
67761 1
67762 2
67763 3
67764 4
67765 5
67766 6
67767 7
67768 8
67769 9
67770 0
67771 1
67772 2
67773 3
67774 4
67775 5
67776 6
67777 7
67778 8
67779 9
67780 0
67781 1
67782 2
67783 3
67784 4
67785 5
67786 6
67787 7
67788 8
67789 9
67790 0
67791 1
67792 2
67793 3
67794 4
67795 5
67796 6
67797 7
67798 8
67799 9
67800 0
67801 1
67802 2
67803 3
67804 4
67805 5
67806 6
67807 7
67808 8
67809 9
67810 0
67811 1
67812 2
67813 3
67814 4
67815 5
67816 6
67817 7
67818 8
67819 9
67820 0
67821 1
67822 2
67823 3
67824 4
67825 5
67826 6
67827 7
67828 8
67829 9
67830 0
67831 1
67832 2
67833 3
67834 4
67835 5
67836 6
67837 7
67838 8
67839 9
67840 0
67841 1
67842 2
67843 3
67844 4
67845 5
67846 6
67847 7
67848 8
67849 9
67850 0
67851 1
67852 2
67853 3
67854 4
67855 5
67856 6
67857 7
67858 8
67859 9
67860 0
67861 1
67862 2
67863 3
67864 4
67865 5
67866 6
67867 7
67868 8
67869 9
67870 0
67871 1
67872 2
67873 3
67874 4
67875 5
67876 6
67877 7
67878 8
67879 9
67880 0
67881 1
67882 2
67883 3
67884 4
67885 5
67886 6
67887 7
67888 8
67889 9
67890 0
67891 1
67892 2
67893 3
67894 4
67895 5
67896 6
67897 7
67898 8
67899 9
67900 0
67901 1
67902 2
67903 3
67904 4
67905 5
67906 6
67907 7
67908 8
67909 9
67910 0
67911 1
67912 2
67913 3
67914 4
67915 5
67916 6
67917 7
67918 8
67919 9
67920 0
67921 1
67922 2
67923 3
67924 4
67925 5
67926 6
67927 7
67928 8
67929 9
67930 0
67931 1
67932 2
67933 3
67934 4
67935 5
67936 6
67937 7
67938 8
67939 9
67940 0
67941 1
67942 2
67943 3
67944 4
67945 5
67946 6
67947 7
67948 8
67949 9
67950 0
67951 1
67952 2
67953 3
67954 4
67955 5
67956 6
67957 7
67958 8
67959 9
67960 0
67961 1
67962 2
67963 3
67964 4
67965 5
67966 6
67967 7
67968 8
67969 9
67970 0
67971 1
67972 2
67973 3
67974 4
67975 5
67976 6
67977 7
67978 8
67979 9
67980 0
67981 1
67982 2
67983 3
67984 4
67985 5
67986 6
67987 7
67988 8
67989 9
67990 0
67991 1
67992 2
67993 3
67994 4
67995 5
67996 6
67997 7
67998 8
67999 9
68000 0
68001 1
68002 2
68003 3
68004 4
68005 5
68006 6
68007 7
68008 8
68009 9
68010 0
68011 1
68012 2
68013 3
68014 4
68015 5
68016 6
68017 7
68018 8
68019 9
68020 0
68021 1
68022 2
68023 3
68024 4
68025 5
68026 6
68027 7
68028 8
68029 9
68030 0
68031 1
68032 2
68033 3
68034 4
68035 5
68036 6
68037 7
68038 8
68039 9
68040 0
68041 1
68042 2
68043 3
68044 4
68045 5
68046 6
68047 7
68048 8
68049 9
68050 0
68051 1
68052 2
68053 3
68054 4
68055 5
68056 6
68057 7
68058 8
68059 9
68060 0
68061 1
68062 2
68063 3
68064 4
68065 5
68066 6
68067 7
68068 8
68069 9
68070 0
68071 1
68072 2
68073 3
68074 4
68075 5
68076 6
68077 7
68078 8
68079 9
68080 0
68081 1
68082 2
68083 3
68084 4
68085 5
68086 6
68087 7
68088 8
68089 9
68090 0
68091 1
68092 2
68093 3
68094 4
68095 5
68096 6
68097 7
68098 8
68099 9
68100 0
68101 1
68102 2
68103 3
68104 4
68105 5
68106 6
68107 7
68108 8
68109 9
68110 0
68111 1
68112 2
68113 3
68114 4
68115 5
68116 6
68117 7
68118 8
68119 9
68120 0
68121 1
68122 2
68123 3
68124 4
68125 5
68126 6
68127 7
68128 8
68129 9
68130 0
68131 1
68132 2
68133 3
68134 4
68135 5
68136 6
68137 7
68138 8
68139 9
68140 0
68141 1
68142 2
68143 3
68144 4
68145 5
68146 6
68147 7
68148 8
68149 9
68150 0
68151 1
68152 2
68153 3
68154 4
68155 5
68156 6
68157 7
68158 8
68159 9
68160 0
68161 1
68162 2
68163 3
68164 4
68165 5
68166 6
68167 7
68168 8
68169 9
68170 0
68171 1
68172 2
68173 3
68174 4
68175 5
68176 6
68177 7
68178 8
68179 9
68180 0
68181 1
68182 2
68183 3
68184 4
68185 5
68186 6
68187 7
68188 8
68189 9
68190 0
68191 1
68192 2
68193 3
68194 4
68195 5
68196 6
68197 7
68198 8
68199 9
68200 0
68201 1
68202 2
68203 3
68204 4
68205 5
68206 6
68207 7
68208 8
68209 9
68210 0
68211 1
68212 2
68213 3
68214 4
68215 5
68216 6
68217 7
68218 8
68219 9
68220 0
68221 1
68222 2
68223 3
68224 4
68225 5
68226 6
68227 7
68228 8
68229 9
68230 0
68231 1
68232 2
68233 3
68234 4
68235 5
68236 6
68237 7
68238 8
68239 9
68240 0
68241 1
68242 2
68243 3
68244 4
68245 5
68246 6
68247 7
68248 8
68249 9
68250 0
68251 1
68252 2
68253 3
68254 4
68255 5
68256 6
68257 7
68258 8
68259 9
68260 0
68261 1
68262 2
68263 3
68264 4
68265 5
68266 6
68267 7
68268 8
68269 9
68270 0
68271 1
68272 2
68273 3
68274 4
68275 5
68276 6
68277 7
68278 8
68279 9
68280 0
68281 1
68282 2
68283 3
68284 4
68285 5
68286 6
68287 7
68288 8
68289 9
68290 0
68291 1
68292 2
68293 3
68294 4
68295 5
68296 6
68297 7
68298 8
68299 9
68300 0
68301 1
68302 2
68303 3
68304 4
68305 5
68306 6
68307 7
68308 8
68309 9
68310 0
68311 1
68312 2
68313 3
68314 4
68315 5
68316 6
68317 7
68318 8
68319 9
68320 0
68321 1
68322 2
68323 3
68324 4
68325 5
68326 6
68327 7
68328 8
68329 9
68330 0
68331 1
68332 2
68333 3
68334 4
68335 5
68336 6
68337 7
68338 8
68339 9
68340 0
68341 1
68342 2
68343 3
68344 4
68345 5
68346 6
68347 7
68348 8
68349 9
68350 0
68351 1
68352 2
68353 3
68354 4
68355 5
68356 6
68357 7
68358 8
68359 9
68360 0
68361 1
68362 2
68363 3
68364 4
68365 5
68366 6
68367 7
68368 8
68369 9
68370 0
68371 1
68372 2
68373 3
68374 4
68375 5
68376 6
68377 7
68378 8
68379 9
68380 0
68381 1
68382 2
68383 3
68384 4
68385 5
68386 6
68387 7
68388 8
68389 9
68390 0
68391 1
68392 2
68393 3
68394 4
68395 5
68396 6
68397 7
68398 8
68399 9
68400 0
68401 1
68402 2
68403 3
68404 4
68405 5
68406 6
68407 7
68408 8
68409 9
68410 0
68411 1
68412 2
68413 3
68414 4
68415 5
68416 6
68417 7
68418 8
68419 9
68420 0
68421 1
68422 2
68423 3
68424 4
68425 5
68426 6
68427 7
68428 8
68429 9
68430 0
68431 1
68432 2
68433 3
68434 4
68435 5
68436 6
68437 7
68438 8
68439 9
68440 0
68441 1
68442 2
68443 3
68444 4
68445 5
68446 6
68447 7
68448 8
68449 9
68450 0
68451 1
68452 2
68453 3
68454 4
68455 5
68456 6
68457 7
68458 8
68459 9
68460 0
68461 1
68462 2
68463 3
68464 4
68465 5
68466 6
68467 7
68468 8
68469 9
68470 0
68471 1
68472 2
68473 3
68474 4
68475 5
68476 6
68477 7
68478 8
68479 9
68480 0
68481 1
68482 2
68483 3
68484 4
68485 5
68486 6
68487 7
68488 8
68489 9
68490 0
68491 1
68492 2
68493 3
68494 4
68495 5
68496 6
68497 7
68498 8
68499 9
68500 0
68501 1
68502 2
68503 3
68504 4
68505 5
68506 6
68507 7
68508 8
68509 9
68510 0
68511 1
68512 2
68513 3
68514 4
68515 5
68516 6
68517 7
68518 8
68519 9
68520 0
68521 1
68522 2
68523 3
68524 4
68525 5
68526 6
68527 7
68528 8
68529 9
68530 0
68531 1
68532 2
68533 3
68534 4
68535 5
68536 6
68537 7
68538 8
68539 9
68540 0
68541 1
68542 2
68543 3
68544 4
68545 5
68546 6
68547 7
68548 8
68549 9
68550 0
68551 1
68552 2
68553 3
68554 4
68555 5
68556 6
68557 7
68558 8
68559 9
68560 0
68561 1
68562 2
68563 3
68564 4
68565 5
68566 6
68567 7
68568 8
68569 9
68570 0
68571 1
68572 2
68573 3
68574 4
68575 5
68576 6
68577 7
68578 8
68579 9
68580 0
68581 1
68582 2
68583 3
68584 4
68585 5
68586 6
68587 7
68588 8
68589 9
68590 0
68591 1
68592 2
68593 3
68594 4
68595 5
68596 6
68597 7
68598 8
68599 9
68600 0
68601 1
68602 2
68603 3
68604 4
68605 5
68606 6
68607 7
68608 8
68609 9
68610 0
68611 1
68612 2
68613 3
68614 4
68615 5
68616 6
68617 7
68618 8
68619 9
68620 0
68621 1
68622 2
68623 3
68624 4
68625 5
68626 6
68627 7
68628 8
68629 9
68630 0
68631 1
68632 2
68633 3
68634 4
68635 5
68636 6
68637 7
68638 8
68639 9
68640 0
68641 1
68642 2
68643 3
68644 4
68645 5
68646 6
68647 7
68648 8
68649 9
68650 0
68651 1
68652 2
68653 3
68654 4
68655 5
68656 6
68657 7
68658 8
68659 9
68660 0
68661 1
68662 2
68663 3
68664 4
68665 5
68666 6
68667 7
68668 8
68669 9
68670 0
68671 1
68672 2
68673 3
68674 4
68675 5
68676 6
68677 7
68678 8
68679 9
68680 0
68681 1
68682 2
68683 3
68684 4
68685 5
68686 6
68687 7
68688 8
68689 9
68690 0
68691 1
68692 2
68693 3
68694 4
68695 5
68696 6
68697 7
68698 8
68699 9
68700 0
68701 1
68702 2
68703 3
68704 4
68705 5
68706 6
68707 7
68708 8
68709 9
68710 0
68711 1
68712 2
68713 3
68714 4
68715 5
68716 6
68717 7
68718 8
68719 9
68720 0
68721 1
68722 2
68723 3
68724 4
68725 5
68726 6
68727 7
68728 8
68729 9
68730 0
68731 1
68732 2
68733 3
68734 4
68735 5
68736 6
68737 7
68738 8
68739 9
68740 0
68741 1
68742 2
68743 3
68744 4
68745 5
68746 6
68747 7
68748 8
68749 9
68750 0
68751 1
68752 2
68753 3
68754 4
68755 5
68756 6
68757 7
68758 8
68759 9
68760 0
68761 1
68762 2
68763 3
68764 4
68765 5
68766 6
68767 7
68768 8
68769 9
68770 0
68771 1
68772 2
68773 3
68774 4
68775 5
68776 6
68777 7
68778 8
68779 9
68780 0
68781 1
68782 2
68783 3
68784 4
68785 5
68786 6
68787 7
68788 8
68789 9
68790 0
68791 1
68792 2
68793 3
68794 4
68795 5
68796 6
68797 7
68798 8
68799 9
68800 0
68801 1
68802 2
68803 3
68804 4
68805 5
68806 6
68807 7
68808 8
68809 9
68810 0
68811 1
68812 2
68813 3
68814 4
68815 5
68816 6
68817 7
68818 8
68819 9
68820 0
68821 1
68822 2
68823 3
68824 4
68825 5
68826 6
68827 7
68828 8
68829 9
68830 0
68831 1
68832 2
68833 3
68834 4
68835 5
68836 6
68837 7
68838 8
68839 9
68840 0
68841 1
68842 2
68843 3
68844 4
68845 5
68846 6
68847 7
68848 8
68849 9
68850 0
68851 1
68852 2
68853 3
68854 4
68855 5
68856 6
68857 7
68858 8
68859 9
68860 0
68861 1
68862 2
68863 3
68864 4
68865 5
68866 6
68867 7
68868 8
68869 9
68870 0
68871 1
68872 2
68873 3
68874 4
68875 5
68876 6
68877 7
68878 8
68879 9
68880 0
68881 1
68882 2
68883 3
68884 4
68885 5
68886 6
68887 7
68888 8
68889 9
68890 0
68891 1
68892 2
68893 3
68894 4
68895 5
68896 6
68897 7
68898 8
68899 9
68900 0
68901 1
68902 2
68903 3
68904 4
68905 5
68906 6
68907 7
68908 8
68909 9
68910 0
68911 1
68912 2
68913 3
68914 4
68915 5
68916 6
68917 7
68918 8
68919 9
68920 0
68921 1
68922 2
68923 3
68924 4
68925 5
68926 6
68927 7
68928 8
68929 9
68930 0
68931 1
68932 2
68933 3
68934 4
68935 5
68936 6
68937 7
68938 8
68939 9
68940 0
68941 1
68942 2
68943 3
68944 4
68945 5
68946 6
68947 7
68948 8
68949 9
68950 0
68951 1
68952 2
68953 3
68954 4
68955 5
68956 6
68957 7
68958 8
68959 9
68960 0
68961 1
68962 2
68963 3
68964 4
68965 5
68966 6
68967 7
68968 8
68969 9
68970 0
68971 1
68972 2
68973 3
68974 4
68975 5
68976 6
68977 7
68978 8
68979 9
68980 0
68981 1
68982 2
68983 3
68984 4
68985 5
68986 6
68987 7
68988 8
68989 9
68990 0
68991 1
68992 2
68993 3
68994 4
68995 5
68996 6
68997 7
68998 8
68999 9
69000 0
69001 1
69002 2
69003 3
69004 4
69005 5
69006 6
69007 7
69008 8
69009 9
69010 0
69011 1
69012 2
69013 3
69014 4
69015 5
69016 6
69017 7
69018 8
69019 9
69020 0
69021 1
69022 2
69023 3
69024 4
69025 5
69026 6
69027 7
69028 8
69029 9
69030 0
69031 1
69032 2
69033 3
69034 4
69035 5
69036 6
69037 7
69038 8
69039 9
69040 0
69041 1
69042 2
69043 3
69044 4
69045 5
69046 6
69047 7
69048 8
69049 9
69050 0
69051 1
69052 2
69053 3
69054 4
69055 5
69056 6
69057 7
69058 8
69059 9
69060 0
69061 1
69062 2
69063 3
69064 4
69065 5
69066 6
69067 7
69068 8
69069 9
69070 0
69071 1
69072 2
69073 3
69074 4
69075 5
69076 6
69077 7
69078 8
69079 9
69080 0
69081 1
69082 2
69083 3
69084 4
69085 5
69086 6
69087 7
69088 8
69089 9
69090 0
69091 1
69092 2
69093 3
69094 4
69095 5
69096 6
69097 7
69098 8
69099 9
69100 0
69101 1
69102 2
69103 3
69104 4
69105 5
69106 6
69107 7
69108 8
69109 9
69110 0
69111 1
69112 2
69113 3
69114 4
69115 5
69116 6
69117 7
69118 8
69119 9
69120 0
69121 1
69122 2
69123 3
69124 4
69125 5
69126 6
69127 7
69128 8
69129 9
69130 0
69131 1
69132 2
69133 3
69134 4
69135 5
69136 6
69137 7
69138 8
69139 9
69140 0
69141 1
69142 2
69143 3
69144 4
69145 5
69146 6
69147 7
69148 8
69149 9
69150 0
69151 1
69152 2
69153 3
69154 4
69155 5
69156 6
69157 7
69158 8
69159 9
69160 0
69161 1
69162 2
69163 3
69164 4
69165 5
69166 6
69167 7
69168 8
69169 9
69170 0
69171 1
69172 2
69173 3
69174 4
69175 5
69176 6
69177 7
69178 8
69179 9
69180 0
69181 1
69182 2
69183 3
69184 4
69185 5
69186 6
69187 7
69188 8
69189 9
69190 0
69191 1
69192 2
69193 3
69194 4
69195 5
69196 6
69197 7
69198 8
69199 9
69200 0
69201 1
69202 2
69203 3
69204 4
69205 5
69206 6
69207 7
69208 8
69209 9
69210 0
69211 1
69212 2
69213 3
69214 4
69215 5
69216 6
69217 7
69218 8
69219 9
69220 0
69221 1
69222 2
69223 3
69224 4
69225 5
69226 6
69227 7
69228 8
69229 9
69230 0
69231 1
69232 2
69233 3
69234 4
69235 5
69236 6
69237 7
69238 8
69239 9
69240 0
69241 1
69242 2
69243 3
69244 4
69245 5
69246 6
69247 7
69248 8
69249 9
69250 0
69251 1
69252 2
69253 3
69254 4
69255 5
69256 6
69257 7
69258 8
69259 9
69260 0
69261 1
69262 2
69263 3
69264 4
69265 5
69266 6
69267 7
69268 8
69269 9
69270 0
69271 1
69272 2
69273 3
69274 4
69275 5
69276 6
69277 7
69278 8
69279 9
69280 0
69281 1
69282 2
69283 3
69284 4
69285 5
69286 6
69287 7
69288 8
69289 9
69290 0
69291 1
69292 2
69293 3
69294 4
69295 5
69296 6
69297 7
69298 8
69299 9
69300 0
69301 1
69302 2
69303 3
69304 4
69305 5
69306 6
69307 7
69308 8
69309 9
69310 0
69311 1
69312 2
69313 3
69314 4
69315 5
69316 6
69317 7
69318 8
69319 9
69320 0
69321 1
69322 2
69323 3
69324 4
69325 5
69326 6
69327 7
69328 8
69329 9
69330 0
69331 1
69332 2
69333 3
69334 4
69335 5
69336 6
69337 7
69338 8
69339 9
69340 0
69341 1
69342 2
69343 3
69344 4
69345 5
69346 6
69347 7
69348 8
69349 9
69350 0
69351 1
69352 2
69353 3
69354 4
69355 5
69356 6
69357 7
69358 8
69359 9
69360 0
69361 1
69362 2
69363 3
69364 4
69365 5
69366 6
69367 7
69368 8
69369 9
69370 0
69371 1
69372 2
69373 3
69374 4
69375 5
69376 6
69377 7
69378 8
69379 9
69380 0
69381 1
69382 2
69383 3
69384 4
69385 5
69386 6
69387 7
69388 8
69389 9
69390 0
69391 1
69392 2
69393 3
69394 4
69395 5
69396 6
69397 7
69398 8
69399 9
69400 0
69401 1
69402 2
69403 3
69404 4
69405 5
69406 6
69407 7
69408 8
69409 9
69410 0
69411 1
69412 2
69413 3
69414 4
69415 5
69416 6
69417 7
69418 8
69419 9
69420 0
69421 1
69422 2
69423 3
69424 4
69425 5
69426 6
69427 7
69428 8
69429 9
69430 0
69431 1
69432 2
69433 3
69434 4
69435 5
69436 6
69437 7
69438 8
69439 9
69440 0
69441 1
69442 2
69443 3
69444 4
69445 5
69446 6
69447 7
69448 8
69449 9
69450 0
69451 1
69452 2
69453 3
69454 4
69455 5
69456 6
69457 7
69458 8
69459 9
69460 0
69461 1
69462 2
69463 3
69464 4
69465 5
69466 6
69467 7
69468 8
69469 9
69470 0
69471 1
69472 2
69473 3
69474 4
69475 5
69476 6
69477 7
69478 8
69479 9
69480 0
69481 1
69482 2
69483 3
69484 4
69485 5
69486 6
69487 7
69488 8
69489 9
69490 0
69491 1
69492 2
69493 3
69494 4
69495 5
69496 6
69497 7
69498 8
69499 9
69500 0
69501 1
69502 2
69503 3
69504 4
69505 5
69506 6
69507 7
69508 8
69509 9
69510 0
69511 1
69512 2
69513 3
69514 4
69515 5
69516 6
69517 7
69518 8
69519 9
69520 0
69521 1
69522 2
69523 3
69524 4
69525 5
69526 6
69527 7
69528 8
69529 9
69530 0
69531 1
69532 2
69533 3
69534 4
69535 5
69536 6
69537 7
69538 8
69539 9
69540 0
69541 1
69542 2
69543 3
69544 4
69545 5
69546 6
69547 7
69548 8
69549 9
69550 0
69551 1
69552 2
69553 3
69554 4
69555 5
69556 6
69557 7
69558 8
69559 9
69560 0
69561 1
69562 2
69563 3
69564 4
69565 5
69566 6
69567 7
69568 8
69569 9
69570 0
69571 1
69572 2
69573 3
69574 4
69575 5
69576 6
69577 7
69578 8
69579 9
69580 0
69581 1
69582 2
69583 3
69584 4
69585 5
69586 6
69587 7
69588 8
69589 9
69590 0
69591 1
69592 2
69593 3
69594 4
69595 5
69596 6
69597 7
69598 8
69599 9
69600 0
69601 1
69602 2
69603 3
69604 4
69605 5
69606 6
69607 7
69608 8
69609 9
69610 0
69611 1
69612 2
69613 3
69614 4
69615 5
69616 6
69617 7
69618 8
69619 9
69620 0
69621 1
69622 2
69623 3
69624 4
69625 5
69626 6
69627 7
69628 8
69629 9
69630 0
69631 1
69632 2
69633 3
69634 4
69635 5
69636 6
69637 7
69638 8
69639 9
69640 0
69641 1
69642 2
69643 3
69644 4
69645 5
69646 6
69647 7
69648 8
69649 9
69650 0
69651 1
69652 2
69653 3
69654 4
69655 5
69656 6
69657 7
69658 8
69659 9
69660 0
69661 1
69662 2
69663 3
69664 4
69665 5
69666 6
69667 7
69668 8
69669 9
69670 0
69671 1
69672 2
69673 3
69674 4
69675 5
69676 6
69677 7
69678 8
69679 9
69680 0
69681 1
69682 2
69683 3
69684 4
69685 5
69686 6
69687 7
69688 8
69689 9
69690 0
69691 1
69692 2
69693 3
69694 4
69695 5
69696 6
69697 7
69698 8
69699 9
69700 0
69701 1
69702 2
69703 3
69704 4
69705 5
69706 6
69707 7
69708 8
69709 9
69710 0
69711 1
69712 2
69713 3
69714 4
69715 5
69716 6
69717 7
69718 8
69719 9
69720 0
69721 1
69722 2
69723 3
69724 4
69725 5
69726 6
69727 7
69728 8
69729 9
69730 0
69731 1
69732 2
69733 3
69734 4
69735 5
69736 6
69737 7
69738 8
69739 9
69740 0
69741 1
69742 2
69743 3
69744 4
69745 5
69746 6
69747 7
69748 8
69749 9
69750 0
69751 1
69752 2
69753 3
69754 4
69755 5
69756 6
69757 7
69758 8
69759 9
69760 0
69761 1
69762 2
69763 3
69764 4
69765 5
69766 6
69767 7
69768 8
69769 9
69770 0
69771 1
69772 2
69773 3
69774 4
69775 5
69776 6
69777 7
69778 8
69779 9
69780 0
69781 1
69782 2
69783 3
69784 4
69785 5
69786 6
69787 7
69788 8
69789 9
69790 0
69791 1
69792 2
69793 3
69794 4
69795 5
69796 6
69797 7
69798 8
69799 9
69800 0
69801 1
69802 2
69803 3
69804 4
69805 5
69806 6
69807 7
69808 8
69809 9
69810 0
69811 1
69812 2
69813 3
69814 4
69815 5
69816 6
69817 7
69818 8
69819 9
69820 0
69821 1
69822 2
69823 3
69824 4
69825 5
69826 6
69827 7
69828 8
69829 9
69830 0
69831 1
69832 2
69833 3
69834 4
69835 5
69836 6
69837 7
69838 8
69839 9
69840 0
69841 1
69842 2
69843 3
69844 4
69845 5
69846 6
69847 7
69848 8
69849 9
69850 0
69851 1
69852 2
69853 3
69854 4
69855 5
69856 6
69857 7
69858 8
69859 9
69860 0
69861 1
69862 2
69863 3
69864 4
69865 5
69866 6
69867 7
69868 8
69869 9
69870 0
69871 1
69872 2
69873 3
69874 4
69875 5
69876 6
69877 7
69878 8
69879 9
69880 0
69881 1
69882 2
69883 3
69884 4
69885 5
69886 6
69887 7
69888 8
69889 9
69890 0
69891 1
69892 2
69893 3
69894 4
69895 5
69896 6
69897 7
69898 8
69899 9
69900 0
69901 1
69902 2
69903 3
69904 4
69905 5
69906 6
69907 7
69908 8
69909 9
69910 0
69911 1
69912 2
69913 3
69914 4
69915 5
69916 6
69917 7
69918 8
69919 9
69920 0
69921 1
69922 2
69923 3
69924 4
69925 5
69926 6
69927 7
69928 8
69929 9
69930 0
69931 1
69932 2
69933 3
69934 4
69935 5
69936 6
69937 7
69938 8
69939 9
69940 0
69941 1
69942 2
69943 3
69944 4
69945 5
69946 6
69947 7
69948 8
69949 9
69950 0
69951 1
69952 2
69953 3
69954 4
69955 5
69956 6
69957 7
69958 8
69959 9
69960 0
69961 1
69962 2
69963 3
69964 4
69965 5
69966 6
69967 7
69968 8
69969 9
69970 0
69971 1
69972 2
69973 3
69974 4
69975 5
69976 6
69977 7
69978 8
69979 9
69980 0
69981 1
69982 2
69983 3
69984 4
69985 5
69986 6
69987 7
69988 8
69989 9
69990 0
69991 1
69992 2
69993 3
69994 4
69995 5
69996 6
69997 7
69998 8
69999 9
70000 0
70001 1
70002 2
70003 3
70004 4
70005 5
70006 6
70007 7
70008 8
70009 9
70010 0
70011 1
70012 2
70013 3
70014 4
70015 5
70016 6
70017 7
70018 8
70019 9
70020 0
70021 1
70022 2
70023 3
70024 4
70025 5
70026 6
70027 7
70028 8
70029 9
70030 0
70031 1
70032 2
70033 3
70034 4
70035 5
70036 6
70037 7
70038 8
70039 9
70040 0
70041 1
70042 2
70043 3
70044 4
70045 5
70046 6
70047 7
70048 8
70049 9
70050 0
70051 1
70052 2
70053 3
70054 4
70055 5
70056 6
70057 7
70058 8
70059 9
70060 0
70061 1
70062 2
70063 3
70064 4
70065 5
70066 6
70067 7
70068 8
70069 9
70070 0
70071 1
70072 2
70073 3
70074 4
70075 5
70076 6
70077 7
70078 8
70079 9
70080 0
70081 1
70082 2
70083 3
70084 4
70085 5
70086 6
70087 7
70088 8
70089 9
70090 0
70091 1
70092 2
70093 3
70094 4
70095 5
70096 6
70097 7
70098 8
70099 9
70100 0
70101 1
70102 2
70103 3
70104 4
70105 5
70106 6
70107 7
70108 8
70109 9
70110 0
70111 1
70112 2
70113 3
70114 4
70115 5
70116 6
70117 7
70118 8
70119 9
70120 0
70121 1
70122 2
70123 3
70124 4
70125 5
70126 6
70127 7
70128 8
70129 9
70130 0
70131 1
70132 2
70133 3
70134 4
70135 5
70136 6
70137 7
70138 8
70139 9
70140 0
70141 1
70142 2
70143 3
70144 4
70145 5
70146 6
70147 7
70148 8
70149 9
70150 0
70151 1
70152 2
70153 3
70154 4
70155 5
70156 6
70157 7
70158 8
70159 9
70160 0
70161 1
70162 2
70163 3
70164 4
70165 5
70166 6
70167 7
70168 8
70169 9
70170 0
70171 1
70172 2
70173 3
70174 4
70175 5
70176 6
70177 7
70178 8
70179 9
70180 0
70181 1
70182 2
70183 3
70184 4
70185 5
70186 6
70187 7
70188 8
70189 9
70190 0
70191 1
70192 2
70193 3
70194 4
70195 5
70196 6
70197 7
70198 8
70199 9
70200 0
70201 1
70202 2
70203 3
70204 4
70205 5
70206 6
70207 7
70208 8
70209 9
70210 0
70211 1
70212 2
70213 3
70214 4
70215 5
70216 6
70217 7
70218 8
70219 9
70220 0
70221 1
70222 2
70223 3
70224 4
70225 5
70226 6
70227 7
70228 8
70229 9
70230 0
70231 1
70232 2
70233 3
70234 4
70235 5
70236 6
70237 7
70238 8
70239 9
70240 0
70241 1
70242 2
70243 3
70244 4
70245 5
70246 6
70247 7
70248 8
70249 9
70250 0
70251 1
70252 2
70253 3
70254 4
70255 5
70256 6
70257 7
70258 8
70259 9
70260 0
70261 1
70262 2
70263 3
70264 4
70265 5
70266 6
70267 7
70268 8
70269 9
70270 0
70271 1
70272 2
70273 3
70274 4
70275 5
70276 6
70277 7
70278 8
70279 9
70280 0
70281 1
70282 2
70283 3
70284 4
70285 5
70286 6
70287 7
70288 8
70289 9
70290 0
70291 1
70292 2
70293 3
70294 4
70295 5
70296 6
70297 7
70298 8
70299 9
70300 0
70301 1
70302 2
70303 3
70304 4
70305 5
70306 6
70307 7
70308 8
70309 9
70310 0
70311 1
70312 2
70313 3
70314 4
70315 5
70316 6
70317 7
70318 8
70319 9
70320 0
70321 1
70322 2
70323 3
70324 4
70325 5
70326 6
70327 7
70328 8
70329 9
70330 0
70331 1
70332 2
70333 3
70334 4
70335 5
70336 6
70337 7
70338 8
70339 9
70340 0
70341 1
70342 2
70343 3
70344 4
70345 5
70346 6
70347 7
70348 8
70349 9
70350 0
70351 1
70352 2
70353 3
70354 4
70355 5
70356 6
70357 7
70358 8
70359 9
70360 0
70361 1
70362 2
70363 3
70364 4
70365 5
70366 6
70367 7
70368 8
70369 9
70370 0
70371 1
70372 2
70373 3
70374 4
70375 5
70376 6
70377 7
70378 8
70379 9
70380 0
70381 1
70382 2
70383 3
70384 4
70385 5
70386 6
70387 7
70388 8
70389 9
70390 0
70391 1
70392 2
70393 3
70394 4
70395 5
70396 6
70397 7
70398 8
70399 9
70400 0
70401 1
70402 2
70403 3
70404 4
70405 5
70406 6
70407 7
70408 8
70409 9
70410 0
70411 1
70412 2
70413 3
70414 4
70415 5
70416 6
70417 7
70418 8
70419 9
70420 0
70421 1
70422 2
70423 3
70424 4
70425 5
70426 6
70427 7
70428 8
70429 9
70430 0
70431 1
70432 2
70433 3
70434 4
70435 5
70436 6
70437 7
70438 8
70439 9
70440 0
70441 1
70442 2
70443 3
70444 4
70445 5
70446 6
70447 7
70448 8
70449 9
70450 0
70451 1
70452 2
70453 3
70454 4
70455 5
70456 6
70457 7
70458 8
70459 9
70460 0
70461 1
70462 2
70463 3
70464 4
70465 5
70466 6
70467 7
70468 8
70469 9
70470 0
70471 1
70472 2
70473 3
70474 4
70475 5
70476 6
70477 7
70478 8
70479 9
70480 0
70481 1
70482 2
70483 3
70484 4
70485 5
70486 6
70487 7
70488 8
70489 9
70490 0
70491 1
70492 2
70493 3
70494 4
70495 5
70496 6
70497 7
70498 8
70499 9
70500 0
70501 1
70502 2
70503 3
70504 4
70505 5
70506 6
70507 7
70508 8
70509 9
70510 0
70511 1
70512 2
70513 3
70514 4
70515 5
70516 6
70517 7
70518 8
70519 9
70520 0
70521 1
70522 2
70523 3
70524 4
70525 5
70526 6
70527 7
70528 8
70529 9
70530 0
70531 1
70532 2
70533 3
70534 4
70535 5
70536 6
70537 7
70538 8
70539 9
70540 0
70541 1
70542 2
70543 3
70544 4
70545 5
70546 6
70547 7
70548 8
70549 9
70550 0
70551 1
70552 2
70553 3
70554 4
70555 5
70556 6
70557 7
70558 8
70559 9
70560 0
70561 1
70562 2
70563 3
70564 4
70565 5
70566 6
70567 7
70568 8
70569 9
70570 0
70571 1
70572 2
70573 3
70574 4
70575 5
70576 6
70577 7
70578 8
70579 9
70580 0
70581 1
70582 2
70583 3
70584 4
70585 5
70586 6
70587 7
70588 8
70589 9
70590 0
70591 1
70592 2
70593 3
70594 4
70595 5
70596 6
70597 7
70598 8
70599 9
70600 0
70601 1
70602 2
70603 3
70604 4
70605 5
70606 6
70607 7
70608 8
70609 9
70610 0
70611 1
70612 2
70613 3
70614 4
70615 5
70616 6
70617 7
70618 8
70619 9
70620 0
70621 1
70622 2
70623 3
70624 4
70625 5
70626 6
70627 7
70628 8
70629 9
70630 0
70631 1
70632 2
70633 3
70634 4
70635 5
70636 6
70637 7
70638 8
70639 9
70640 0
70641 1
70642 2
70643 3
70644 4
70645 5
70646 6
70647 7
70648 8
70649 9
70650 0
70651 1
70652 2
70653 3
70654 4
70655 5
70656 6
70657 7
70658 8
70659 9
70660 0
70661 1
70662 2
70663 3
70664 4
70665 5
70666 6
70667 7
70668 8
70669 9
70670 0
70671 1
70672 2
70673 3
70674 4
70675 5
70676 6
70677 7
70678 8
70679 9
70680 0
70681 1
70682 2
70683 3
70684 4
70685 5
70686 6
70687 7
70688 8
70689 9
70690 0
70691 1
70692 2
70693 3
70694 4
70695 5
70696 6
70697 7
70698 8
70699 9
70700 0
70701 1
70702 2
70703 3
70704 4
70705 5
70706 6
70707 7
70708 8
70709 9
70710 0
70711 1
70712 2
70713 3
70714 4
70715 5
70716 6
70717 7
70718 8
70719 9
70720 0
70721 1
70722 2
70723 3
70724 4
70725 5
70726 6
70727 7
70728 8
70729 9
70730 0
70731 1
70732 2
70733 3
70734 4
70735 5
70736 6
70737 7
70738 8
70739 9
70740 0
70741 1
70742 2
70743 3
70744 4
70745 5
70746 6
70747 7
70748 8
70749 9
70750 0
70751 1
70752 2
70753 3
70754 4
70755 5
70756 6
70757 7
70758 8
70759 9
70760 0
70761 1
70762 2
70763 3
70764 4
70765 5
70766 6
70767 7
70768 8
70769 9
70770 0
70771 1
70772 2
70773 3
70774 4
70775 5
70776 6
70777 7
70778 8
70779 9
70780 0
70781 1
70782 2
70783 3
70784 4
70785 5
70786 6
70787 7
70788 8
70789 9
70790 0
70791 1
70792 2
70793 3
70794 4
70795 5
70796 6
70797 7
70798 8
70799 9
70800 0
70801 1
70802 2
70803 3
70804 4
70805 5
70806 6
70807 7
70808 8
70809 9
70810 0
70811 1
70812 2
70813 3
70814 4
70815 5
70816 6
70817 7
70818 8
70819 9
70820 0
70821 1
70822 2
70823 3
70824 4
70825 5
70826 6
70827 7
70828 8
70829 9
70830 0
70831 1
70832 2
70833 3
70834 4
70835 5
70836 6
70837 7
70838 8
70839 9
70840 0
70841 1
70842 2
70843 3
70844 4
70845 5
70846 6
70847 7
70848 8
70849 9
70850 0
70851 1
70852 2
70853 3
70854 4
70855 5
70856 6
70857 7
70858 8
70859 9
70860 0
70861 1
70862 2
70863 3
70864 4
70865 5
70866 6
70867 7
70868 8
70869 9
70870 0
70871 1
70872 2
70873 3
70874 4
70875 5
70876 6
70877 7
70878 8
70879 9
70880 0
70881 1
70882 2
70883 3
70884 4
70885 5
70886 6
70887 7
70888 8
70889 9
70890 0
70891 1
70892 2
70893 3
70894 4
70895 5
70896 6
70897 7
70898 8
70899 9
70900 0
70901 1
70902 2
70903 3
70904 4
70905 5
70906 6
70907 7
70908 8
70909 9
70910 0
70911 1
70912 2
70913 3
70914 4
70915 5
70916 6
70917 7
70918 8
70919 9
70920 0
70921 1
70922 2
70923 3
70924 4
70925 5
70926 6
70927 7
70928 8
70929 9
70930 0
70931 1
70932 2
70933 3
70934 4
70935 5
70936 6
70937 7
70938 8
70939 9
70940 0
70941 1
70942 2
70943 3
70944 4
70945 5
70946 6
70947 7
70948 8
70949 9
70950 0
70951 1
70952 2
70953 3
70954 4
70955 5
70956 6
70957 7
70958 8
70959 9
70960 0
70961 1
70962 2
70963 3
70964 4
70965 5
70966 6
70967 7
70968 8
70969 9
70970 0
70971 1
70972 2
70973 3
70974 4
70975 5
70976 6
70977 7
70978 8
70979 9
70980 0
70981 1
70982 2
70983 3
70984 4
70985 5
70986 6
70987 7
70988 8
70989 9
70990 0
70991 1
70992 2
70993 3
70994 4
70995 5
70996 6
70997 7
70998 8
70999 9
71000 0
71001 1
71002 2
71003 3
71004 4
71005 5
71006 6
71007 7
71008 8
71009 9
71010 0
71011 1
71012 2
71013 3
71014 4
71015 5
71016 6
71017 7
71018 8
71019 9
71020 0
71021 1
71022 2
71023 3
71024 4
71025 5
71026 6
71027 7
71028 8
71029 9
71030 0
71031 1
71032 2
71033 3
71034 4
71035 5
71036 6
71037 7
71038 8
71039 9
71040 0
71041 1
71042 2
71043 3
71044 4
71045 5
71046 6
71047 7
71048 8
71049 9
71050 0
71051 1
71052 2
71053 3
71054 4
71055 5
71056 6
71057 7
71058 8
71059 9
71060 0
71061 1
71062 2
71063 3
71064 4
71065 5
71066 6
71067 7
71068 8
71069 9
71070 0
71071 1
71072 2
71073 3
71074 4
71075 5
71076 6
71077 7
71078 8
71079 9
71080 0
71081 1
71082 2
71083 3
71084 4
71085 5
71086 6
71087 7
71088 8
71089 9
71090 0
71091 1
71092 2
71093 3
71094 4
71095 5
71096 6
71097 7
71098 8
71099 9
71100 0
71101 1
71102 2
71103 3
71104 4
71105 5
71106 6
71107 7
71108 8
71109 9
71110 0
71111 1
71112 2
71113 3
71114 4
71115 5
71116 6
71117 7
71118 8
71119 9
71120 0
71121 1
71122 2
71123 3
71124 4
71125 5
71126 6
71127 7
71128 8
71129 9
71130 0
71131 1
71132 2
71133 3
71134 4
71135 5
71136 6
71137 7
71138 8
71139 9
71140 0
71141 1
71142 2
71143 3
71144 4
71145 5
71146 6
71147 7
71148 8
71149 9
71150 0
71151 1
71152 2
71153 3
71154 4
71155 5
71156 6
71157 7
71158 8
71159 9
71160 0
71161 1
71162 2
71163 3
71164 4
71165 5
71166 6
71167 7
71168 8
71169 9
71170 0
71171 1
71172 2
71173 3
71174 4
71175 5
71176 6
71177 7
71178 8
71179 9
71180 0
71181 1
71182 2
71183 3
71184 4
71185 5
71186 6
71187 7
71188 8
71189 9
71190 0
71191 1
71192 2
71193 3
71194 4
71195 5
71196 6
71197 7
71198 8
71199 9
71200 0
71201 1
71202 2
71203 3
71204 4
71205 5
71206 6
71207 7
71208 8
71209 9
71210 0
71211 1
71212 2
71213 3
71214 4
71215 5
71216 6
71217 7
71218 8
71219 9
71220 0
71221 1
71222 2
71223 3
71224 4
71225 5
71226 6
71227 7
71228 8
71229 9
71230 0
71231 1
71232 2
71233 3
71234 4
71235 5
71236 6
71237 7
71238 8
71239 9
71240 0
71241 1
71242 2
71243 3
71244 4
71245 5
71246 6
71247 7
71248 8
71249 9
71250 0
71251 1
71252 2
71253 3
71254 4
71255 5
71256 6
71257 7
71258 8
71259 9
71260 0
71261 1
71262 2
71263 3
71264 4
71265 5
71266 6
71267 7
71268 8
71269 9
71270 0
71271 1
71272 2
71273 3
71274 4
71275 5
71276 6
71277 7
71278 8
71279 9
71280 0
71281 1
71282 2
71283 3
71284 4
71285 5
71286 6
71287 7
71288 8
71289 9
71290 0
71291 1
71292 2
71293 3
71294 4
71295 5
71296 6
71297 7
71298 8
71299 9
71300 0
71301 1
71302 2
71303 3
71304 4
71305 5
71306 6
71307 7
71308 8
71309 9
71310 0
71311 1
71312 2
71313 3
71314 4
71315 5
71316 6
71317 7
71318 8
71319 9
71320 0
71321 1
71322 2
71323 3
71324 4
71325 5
71326 6
71327 7
71328 8
71329 9
71330 0
71331 1
71332 2
71333 3
71334 4
71335 5
71336 6
71337 7
71338 8
71339 9
71340 0
71341 1
71342 2
71343 3
71344 4
71345 5
71346 6
71347 7
71348 8
71349 9
71350 0
71351 1
71352 2
71353 3
71354 4
71355 5
71356 6
71357 7
71358 8
71359 9
71360 0
71361 1
71362 2
71363 3
71364 4
71365 5
71366 6
71367 7
71368 8
71369 9
71370 0
71371 1
71372 2
71373 3
71374 4
71375 5
71376 6
71377 7
71378 8
71379 9
71380 0
71381 1
71382 2
71383 3
71384 4
71385 5
71386 6
71387 7
71388 8
71389 9
71390 0
71391 1
71392 2
71393 3
71394 4
71395 5
71396 6
71397 7
71398 8
71399 9
71400 0
71401 1
71402 2
71403 3
71404 4
71405 5
71406 6
71407 7
71408 8
71409 9
71410 0
71411 1
71412 2
71413 3
71414 4
71415 5
71416 6
71417 7
71418 8
71419 9
71420 0
71421 1
71422 2
71423 3
71424 4
71425 5
71426 6
71427 7
71428 8
71429 9
71430 0
71431 1
71432 2
71433 3
71434 4
71435 5
71436 6
71437 7
71438 8
71439 9
71440 0
71441 1
71442 2
71443 3
71444 4
71445 5
71446 6
71447 7
71448 8
71449 9
71450 0
71451 1
71452 2
71453 3
71454 4
71455 5
71456 6
71457 7
71458 8
71459 9
71460 0
71461 1
71462 2
71463 3
71464 4
71465 5
71466 6
71467 7
71468 8
71469 9
71470 0
71471 1
71472 2
71473 3
71474 4
71475 5
71476 6
71477 7
71478 8
71479 9
71480 0
71481 1
71482 2
71483 3
71484 4
71485 5
71486 6
71487 7
71488 8
71489 9
71490 0
71491 1
71492 2
71493 3
71494 4
71495 5
71496 6
71497 7
71498 8
71499 9
71500 0
71501 1
71502 2
71503 3
71504 4
71505 5
71506 6
71507 7
71508 8
71509 9
71510 0
71511 1
71512 2
71513 3
71514 4
71515 5
71516 6
71517 7
71518 8
71519 9
71520 0
71521 1
71522 2
71523 3
71524 4
71525 5
71526 6
71527 7
71528 8
71529 9
71530 0
71531 1
71532 2
71533 3
71534 4
71535 5
71536 6
71537 7
71538 8
71539 9
71540 0
71541 1
71542 2
71543 3
71544 4
71545 5
71546 6
71547 7
71548 8
71549 9
71550 0
71551 1
71552 2
71553 3
71554 4
71555 5
71556 6
71557 7
71558 8
71559 9
71560 0
71561 1
71562 2
71563 3
71564 4
71565 5
71566 6
71567 7
71568 8
71569 9
71570 0
71571 1
71572 2
71573 3
71574 4
71575 5
71576 6
71577 7
71578 8
71579 9
71580 0
71581 1
71582 2
71583 3
71584 4
71585 5
71586 6
71587 7
71588 8
71589 9
71590 0
71591 1
71592 2
71593 3
71594 4
71595 5
71596 6
71597 7
71598 8
71599 9
71600 0
71601 1
71602 2
71603 3
71604 4
71605 5
71606 6
71607 7
71608 8
71609 9
71610 0
71611 1
71612 2
71613 3
71614 4
71615 5
71616 6
71617 7
71618 8
71619 9
71620 0
71621 1
71622 2
71623 3
71624 4
71625 5
71626 6
71627 7
71628 8
71629 9
71630 0
71631 1
71632 2
71633 3
71634 4
71635 5
71636 6
71637 7
71638 8
71639 9
71640 0
71641 1
71642 2
71643 3
71644 4
71645 5
71646 6
71647 7
71648 8
71649 9
71650 0
71651 1
71652 2
71653 3
71654 4
71655 5
71656 6
71657 7
71658 8
71659 9
71660 0
71661 1
71662 2
71663 3
71664 4
71665 5
71666 6
71667 7
71668 8
71669 9
71670 0
71671 1
71672 2
71673 3
71674 4
71675 5
71676 6
71677 7
71678 8
71679 9
71680 0
71681 1
71682 2
71683 3
71684 4
71685 5
71686 6
71687 7
71688 8
71689 9
71690 0
71691 1
71692 2
71693 3
71694 4
71695 5
71696 6
71697 7
71698 8
71699 9
71700 0
71701 1
71702 2
71703 3
71704 4
71705 5
71706 6
71707 7
71708 8
71709 9
71710 0
71711 1
71712 2
71713 3
71714 4
71715 5
71716 6
71717 7
71718 8
71719 9
71720 0
71721 1
71722 2
71723 3
71724 4
71725 5
71726 6
71727 7
71728 8
71729 9
71730 0
71731 1
71732 2
71733 3
71734 4
71735 5
71736 6
71737 7
71738 8
71739 9
71740 0
71741 1
71742 2
71743 3
71744 4
71745 5
71746 6
71747 7
71748 8
71749 9
71750 0
71751 1
71752 2
71753 3
71754 4
71755 5
71756 6
71757 7
71758 8
71759 9
71760 0
71761 1
71762 2
71763 3
71764 4
71765 5
71766 6
71767 7
71768 8
71769 9
71770 0
71771 1
71772 2
71773 3
71774 4
71775 5
71776 6
71777 7
71778 8
71779 9
71780 0
71781 1
71782 2
71783 3
71784 4
71785 5
71786 6
71787 7
71788 8
71789 9
71790 0
71791 1
71792 2
71793 3
71794 4
71795 5
71796 6
71797 7
71798 8
71799 9
71800 0
71801 1
71802 2
71803 3
71804 4
71805 5
71806 6
71807 7
71808 8
71809 9
71810 0
71811 1
71812 2
71813 3
71814 4
71815 5
71816 6
71817 7
71818 8
71819 9
71820 0
71821 1
71822 2
71823 3
71824 4
71825 5
71826 6
71827 7
71828 8
71829 9
71830 0
71831 1
71832 2
71833 3
71834 4
71835 5
71836 6
71837 7
71838 8
71839 9
71840 0
71841 1
71842 2
71843 3
71844 4
71845 5
71846 6
71847 7
71848 8
71849 9
71850 0
71851 1
71852 2
71853 3
71854 4
71855 5
71856 6
71857 7
71858 8
71859 9
71860 0
71861 1
71862 2
71863 3
71864 4
71865 5
71866 6
71867 7
71868 8
71869 9
71870 0
71871 1
71872 2
71873 3
71874 4
71875 5
71876 6
71877 7
71878 8
71879 9
71880 0
71881 1
71882 2
71883 3
71884 4
71885 5
71886 6
71887 7
71888 8
71889 9
71890 0
71891 1
71892 2
71893 3
71894 4
71895 5
71896 6
71897 7
71898 8
71899 9
71900 0
71901 1
71902 2
71903 3
71904 4
71905 5
71906 6
71907 7
71908 8
71909 9
71910 0
71911 1
71912 2
71913 3
71914 4
71915 5
71916 6
71917 7
71918 8
71919 9
71920 0
71921 1
71922 2
71923 3
71924 4
71925 5
71926 6
71927 7
71928 8
71929 9
71930 0
71931 1
71932 2
71933 3
71934 4
71935 5
71936 6
71937 7
71938 8
71939 9
71940 0
71941 1
71942 2
71943 3
71944 4
71945 5
71946 6
71947 7
71948 8
71949 9
71950 0
71951 1
71952 2
71953 3
71954 4
71955 5
71956 6
71957 7
71958 8
71959 9
71960 0
71961 1
71962 2
71963 3
71964 4
71965 5
71966 6
71967 7
71968 8
71969 9
71970 0
71971 1
71972 2
71973 3
71974 4
71975 5
71976 6
71977 7
71978 8
71979 9
71980 0
71981 1
71982 2
71983 3
71984 4
71985 5
71986 6
71987 7
71988 8
71989 9
71990 0
71991 1
71992 2
71993 3
71994 4
71995 5
71996 6
71997 7
71998 8
71999 9
72000 0
72001 1
72002 2
72003 3
72004 4
72005 5
72006 6
72007 7
72008 8
72009 9
72010 0
72011 1
72012 2
72013 3
72014 4
72015 5
72016 6
72017 7
72018 8
72019 9
72020 0
72021 1
72022 2
72023 3
72024 4
72025 5
72026 6
72027 7
72028 8
72029 9
72030 0
72031 1
72032 2
72033 3
72034 4
72035 5
72036 6
72037 7
72038 8
72039 9
72040 0
72041 1
72042 2
72043 3
72044 4
72045 5
72046 6
72047 7
72048 8
72049 9
72050 0
72051 1
72052 2
72053 3
72054 4
72055 5
72056 6
72057 7
72058 8
72059 9
72060 0
72061 1
72062 2
72063 3
72064 4
72065 5
72066 6
72067 7
72068 8
72069 9
72070 0
72071 1
72072 2
72073 3
72074 4
72075 5
72076 6
72077 7
72078 8
72079 9
72080 0
72081 1
72082 2
72083 3
72084 4
72085 5
72086 6
72087 7
72088 8
72089 9
72090 0
72091 1
72092 2
72093 3
72094 4
72095 5
72096 6
72097 7
72098 8
72099 9
72100 0
72101 1
72102 2
72103 3
72104 4
72105 5
72106 6
72107 7
72108 8
72109 9
72110 0
72111 1
72112 2
72113 3
72114 4
72115 5
72116 6
72117 7
72118 8
72119 9
72120 0
72121 1
72122 2
72123 3
72124 4
72125 5
72126 6
72127 7
72128 8
72129 9
72130 0
72131 1
72132 2
72133 3
72134 4
72135 5
72136 6
72137 7
72138 8
72139 9
72140 0
72141 1
72142 2
72143 3
72144 4
72145 5
72146 6
72147 7
72148 8
72149 9
72150 0
72151 1
72152 2
72153 3
72154 4
72155 5
72156 6
72157 7
72158 8
72159 9
72160 0
72161 1
72162 2
72163 3
72164 4
72165 5
72166 6
72167 7
72168 8
72169 9
72170 0
72171 1
72172 2
72173 3
72174 4
72175 5
72176 6
72177 7
72178 8
72179 9
72180 0
72181 1
72182 2
72183 3
72184 4
72185 5
72186 6
72187 7
72188 8
72189 9
72190 0
72191 1
72192 2
72193 3
72194 4
72195 5
72196 6
72197 7
72198 8
72199 9
72200 0
72201 1
72202 2
72203 3
72204 4
72205 5
72206 6
72207 7
72208 8
72209 9
72210 0
72211 1
72212 2
72213 3
72214 4
72215 5
72216 6
72217 7
72218 8
72219 9
72220 0
72221 1
72222 2
72223 3
72224 4
72225 5
72226 6
72227 7
72228 8
72229 9
72230 0
72231 1
72232 2
72233 3
72234 4
72235 5
72236 6
72237 7
72238 8
72239 9
72240 0
72241 1
72242 2
72243 3
72244 4
72245 5
72246 6
72247 7
72248 8
72249 9
72250 0
72251 1
72252 2
72253 3
72254 4
72255 5
72256 6
72257 7
72258 8
72259 9
72260 0
72261 1
72262 2
72263 3
72264 4
72265 5
72266 6
72267 7
72268 8
72269 9
72270 0
72271 1
72272 2
72273 3
72274 4
72275 5
72276 6
72277 7
72278 8
72279 9
72280 0
72281 1
72282 2
72283 3
72284 4
72285 5
72286 6
72287 7
72288 8
72289 9
72290 0
72291 1
72292 2
72293 3
72294 4
72295 5
72296 6
72297 7
72298 8
72299 9
72300 0
72301 1
72302 2
72303 3
72304 4
72305 5
72306 6
72307 7
72308 8
72309 9
72310 0
72311 1
72312 2
72313 3
72314 4
72315 5
72316 6
72317 7
72318 8
72319 9
72320 0
72321 1
72322 2
72323 3
72324 4
72325 5
72326 6
72327 7
72328 8
72329 9
72330 0
72331 1
72332 2
72333 3
72334 4
72335 5
72336 6
72337 7
72338 8
72339 9
72340 0
72341 1
72342 2
72343 3
72344 4
72345 5
72346 6
72347 7
72348 8
72349 9
72350 0
72351 1
72352 2
72353 3
72354 4
72355 5
72356 6
72357 7
72358 8
72359 9
72360 0
72361 1
72362 2
72363 3
72364 4
72365 5
72366 6
72367 7
72368 8
72369 9
72370 0
72371 1
72372 2
72373 3
72374 4
72375 5
72376 6
72377 7
72378 8
72379 9
72380 0
72381 1
72382 2
72383 3
72384 4
72385 5
72386 6
72387 7
72388 8
72389 9
72390 0
72391 1
72392 2
72393 3
72394 4
72395 5
72396 6
72397 7
72398 8
72399 9
72400 0
72401 1
72402 2
72403 3
72404 4
72405 5
72406 6
72407 7
72408 8
72409 9
72410 0
72411 1
72412 2
72413 3
72414 4
72415 5
72416 6
72417 7
72418 8
72419 9
72420 0
72421 1
72422 2
72423 3
72424 4
72425 5
72426 6
72427 7
72428 8
72429 9
72430 0
72431 1
72432 2
72433 3
72434 4
72435 5
72436 6
72437 7
72438 8
72439 9
72440 0
72441 1
72442 2
72443 3
72444 4
72445 5
72446 6
72447 7
72448 8
72449 9
72450 0
72451 1
72452 2
72453 3
72454 4
72455 5
72456 6
72457 7
72458 8
72459 9
72460 0
72461 1
72462 2
72463 3
72464 4
72465 5
72466 6
72467 7
72468 8
72469 9
72470 0
72471 1
72472 2
72473 3
72474 4
72475 5
72476 6
72477 7
72478 8
72479 9
72480 0
72481 1
72482 2
72483 3
72484 4
72485 5
72486 6
72487 7
72488 8
72489 9
72490 0
72491 1
72492 2
72493 3
72494 4
72495 5
72496 6
72497 7
72498 8
72499 9
72500 0
72501 1
72502 2
72503 3
72504 4
72505 5
72506 6
72507 7
72508 8
72509 9
72510 0
72511 1
72512 2
72513 3
72514 4
72515 5
72516 6
72517 7
72518 8
72519 9
72520 0
72521 1
72522 2
72523 3
72524 4
72525 5
72526 6
72527 7
72528 8
72529 9
72530 0
72531 1
72532 2
72533 3
72534 4
72535 5
72536 6
72537 7
72538 8
72539 9
72540 0
72541 1
72542 2
72543 3
72544 4
72545 5
72546 6
72547 7
72548 8
72549 9
72550 0
72551 1
72552 2
72553 3
72554 4
72555 5
72556 6
72557 7
72558 8
72559 9
72560 0
72561 1
72562 2
72563 3
72564 4
72565 5
72566 6
72567 7
72568 8
72569 9
72570 0
72571 1
72572 2
72573 3
72574 4
72575 5
72576 6
72577 7
72578 8
72579 9
72580 0
72581 1
72582 2
72583 3
72584 4
72585 5
72586 6
72587 7
72588 8
72589 9
72590 0
72591 1
72592 2
72593 3
72594 4
72595 5
72596 6
72597 7
72598 8
72599 9
72600 0
72601 1
72602 2
72603 3
72604 4
72605 5
72606 6
72607 7
72608 8
72609 9
72610 0
72611 1
72612 2
72613 3
72614 4
72615 5
72616 6
72617 7
72618 8
72619 9
72620 0
72621 1
72622 2
72623 3
72624 4
72625 5
72626 6
72627 7
72628 8
72629 9
72630 0
72631 1
72632 2
72633 3
72634 4
72635 5
72636 6
72637 7
72638 8
72639 9
72640 0
72641 1
72642 2
72643 3
72644 4
72645 5
72646 6
72647 7
72648 8
72649 9
72650 0
72651 1
72652 2
72653 3
72654 4
72655 5
72656 6
72657 7
72658 8
72659 9
72660 0
72661 1
72662 2
72663 3
72664 4
72665 5
72666 6
72667 7
72668 8
72669 9
72670 0
72671 1
72672 2
72673 3
72674 4
72675 5
72676 6
72677 7
72678 8
72679 9
72680 0
72681 1
72682 2
72683 3
72684 4
72685 5
72686 6
72687 7
72688 8
72689 9
72690 0
72691 1
72692 2
72693 3
72694 4
72695 5
72696 6
72697 7
72698 8
72699 9
72700 0
72701 1
72702 2
72703 3
72704 4
72705 5
72706 6
72707 7
72708 8
72709 9
72710 0
72711 1
72712 2
72713 3
72714 4
72715 5
72716 6
72717 7
72718 8
72719 9
72720 0
72721 1
72722 2
72723 3
72724 4
72725 5
72726 6
72727 7
72728 8
72729 9
72730 0
72731 1
72732 2
72733 3
72734 4
72735 5
72736 6
72737 7
72738 8
72739 9
72740 0
72741 1
72742 2
72743 3
72744 4
72745 5
72746 6
72747 7
72748 8
72749 9
72750 0
72751 1
72752 2
72753 3
72754 4
72755 5
72756 6
72757 7
72758 8
72759 9
72760 0
72761 1
72762 2
72763 3
72764 4
72765 5
72766 6
72767 7
72768 8
72769 9
72770 0
72771 1
72772 2
72773 3
72774 4
72775 5
72776 6
72777 7
72778 8
72779 9
72780 0
72781 1
72782 2
72783 3
72784 4
72785 5
72786 6
72787 7
72788 8
72789 9
72790 0
72791 1
72792 2
72793 3
72794 4
72795 5
72796 6
72797 7
72798 8
72799 9
72800 0
72801 1
72802 2
72803 3
72804 4
72805 5
72806 6
72807 7
72808 8
72809 9
72810 0
72811 1
72812 2
72813 3
72814 4
72815 5
72816 6
72817 7
72818 8
72819 9
72820 0
72821 1
72822 2
72823 3
72824 4
72825 5
72826 6
72827 7
72828 8
72829 9
72830 0
72831 1
72832 2
72833 3
72834 4
72835 5
72836 6
72837 7
72838 8
72839 9
72840 0
72841 1
72842 2
72843 3
72844 4
72845 5
72846 6
72847 7
72848 8
72849 9
72850 0
72851 1
72852 2
72853 3
72854 4
72855 5
72856 6
72857 7
72858 8
72859 9
72860 0
72861 1
72862 2
72863 3
72864 4
72865 5
72866 6
72867 7
72868 8
72869 9
72870 0
72871 1
72872 2
72873 3
72874 4
72875 5
72876 6
72877 7
72878 8
72879 9
72880 0
72881 1
72882 2
72883 3
72884 4
72885 5
72886 6
72887 7
72888 8
72889 9
72890 0
72891 1
72892 2
72893 3
72894 4
72895 5
72896 6
72897 7
72898 8
72899 9
72900 0
72901 1
72902 2
72903 3
72904 4
72905 5
72906 6
72907 7
72908 8
72909 9
72910 0
72911 1
72912 2
72913 3
72914 4
72915 5
72916 6
72917 7
72918 8
72919 9
72920 0
72921 1
72922 2
72923 3
72924 4
72925 5
72926 6
72927 7
72928 8
72929 9
72930 0
72931 1
72932 2
72933 3
72934 4
72935 5
72936 6
72937 7
72938 8
72939 9
72940 0
72941 1
72942 2
72943 3
72944 4
72945 5
72946 6
72947 7
72948 8
72949 9
72950 0
72951 1
72952 2
72953 3
72954 4
72955 5
72956 6
72957 7
72958 8
72959 9
72960 0
72961 1
72962 2
72963 3
72964 4
72965 5
72966 6
72967 7
72968 8
72969 9
72970 0
72971 1
72972 2
72973 3
72974 4
72975 5
72976 6
72977 7
72978 8
72979 9
72980 0
72981 1
72982 2
72983 3
72984 4
72985 5
72986 6
72987 7
72988 8
72989 9
72990 0
72991 1
72992 2
72993 3
72994 4
72995 5
72996 6
72997 7
72998 8
72999 9
73000 0
73001 1
73002 2
73003 3
73004 4
73005 5
73006 6
73007 7
73008 8
73009 9
73010 0
73011 1
73012 2
73013 3
73014 4
73015 5
73016 6
73017 7
73018 8
73019 9
73020 0
73021 1
73022 2
73023 3
73024 4
73025 5
73026 6
73027 7
73028 8
73029 9
73030 0
73031 1
73032 2
73033 3
73034 4
73035 5
73036 6
73037 7
73038 8
73039 9
73040 0
73041 1
73042 2
73043 3
73044 4
73045 5
73046 6
73047 7
73048 8
73049 9
73050 0
73051 1
73052 2
73053 3
73054 4
73055 5
73056 6
73057 7
73058 8
73059 9
73060 0
73061 1
73062 2
73063 3
73064 4
73065 5
73066 6
73067 7
73068 8
73069 9
73070 0
73071 1
73072 2
73073 3
73074 4
73075 5
73076 6
73077 7
73078 8
73079 9
73080 0
73081 1
73082 2
73083 3
73084 4
73085 5
73086 6
73087 7
73088 8
73089 9
73090 0
73091 1
73092 2
73093 3
73094 4
73095 5
73096 6
73097 7
73098 8
73099 9
73100 0
73101 1
73102 2
73103 3
73104 4
73105 5
73106 6
73107 7
73108 8
73109 9
73110 0
73111 1
73112 2
73113 3
73114 4
73115 5
73116 6
73117 7
73118 8
73119 9
73120 0
73121 1
73122 2
73123 3
73124 4
73125 5
73126 6
73127 7
73128 8
73129 9
73130 0
73131 1
73132 2
73133 3
73134 4
73135 5
73136 6
73137 7
73138 8
73139 9
73140 0
73141 1
73142 2
73143 3
73144 4
73145 5
73146 6
73147 7
73148 8
73149 9
73150 0
73151 1
73152 2
73153 3
73154 4
73155 5
73156 6
73157 7
73158 8
73159 9
73160 0
73161 1
73162 2
73163 3
73164 4
73165 5
73166 6
73167 7
73168 8
73169 9
73170 0
73171 1
73172 2
73173 3
73174 4
73175 5
73176 6
73177 7
73178 8
73179 9
73180 0
73181 1
73182 2
73183 3
73184 4
73185 5
73186 6
73187 7
73188 8
73189 9
73190 0
73191 1
73192 2
73193 3
73194 4
73195 5
73196 6
73197 7
73198 8
73199 9
73200 0
73201 1
73202 2
73203 3
73204 4
73205 5
73206 6
73207 7
73208 8
73209 9
73210 0
73211 1
73212 2
73213 3
73214 4
73215 5
73216 6
73217 7
73218 8
73219 9
73220 0
73221 1
73222 2
73223 3
73224 4
73225 5
73226 6
73227 7
73228 8
73229 9
73230 0
73231 1
73232 2
73233 3
73234 4
73235 5
73236 6
73237 7
73238 8
73239 9
73240 0
73241 1
73242 2
73243 3
73244 4
73245 5
73246 6
73247 7
73248 8
73249 9
73250 0
73251 1
73252 2
73253 3
73254 4
73255 5
73256 6
73257 7
73258 8
73259 9
73260 0
73261 1
73262 2
73263 3
73264 4
73265 5
73266 6
73267 7
73268 8
73269 9
73270 0
73271 1
73272 2
73273 3
73274 4
73275 5
73276 6
73277 7
73278 8
73279 9
73280 0
73281 1
73282 2
73283 3
73284 4
73285 5
73286 6
73287 7
73288 8
73289 9
73290 0
73291 1
73292 2
73293 3
73294 4
73295 5
73296 6
73297 7
73298 8
73299 9
73300 0
73301 1
73302 2
73303 3
73304 4
73305 5
73306 6
73307 7
73308 8
73309 9
73310 0
73311 1
73312 2
73313 3
73314 4
73315 5
73316 6
73317 7
73318 8
73319 9
73320 0
73321 1
73322 2
73323 3
73324 4
73325 5
73326 6
73327 7
73328 8
73329 9
73330 0
73331 1
73332 2
73333 3
73334 4
73335 5
73336 6
73337 7
73338 8
73339 9
73340 0
73341 1
73342 2
73343 3
73344 4
73345 5
73346 6
73347 7
73348 8
73349 9
73350 0
73351 1
73352 2
73353 3
73354 4
73355 5
73356 6
73357 7
73358 8
73359 9
73360 0
73361 1
73362 2
73363 3
73364 4
73365 5
73366 6
73367 7
73368 8
73369 9
73370 0
73371 1
73372 2
73373 3
73374 4
73375 5
73376 6
73377 7
73378 8
73379 9
73380 0
73381 1
73382 2
73383 3
73384 4
73385 5
73386 6
73387 7
73388 8
73389 9
73390 0
73391 1
73392 2
73393 3
73394 4
73395 5
73396 6
73397 7
73398 8
73399 9
73400 0
73401 1
73402 2
73403 3
73404 4
73405 5
73406 6
73407 7
73408 8
73409 9
73410 0
73411 1
73412 2
73413 3
73414 4
73415 5
73416 6
73417 7
73418 8
73419 9
73420 0
73421 1
73422 2
73423 3
73424 4
73425 5
73426 6
73427 7
73428 8
73429 9
73430 0
73431 1
73432 2
73433 3
73434 4
73435 5
73436 6
73437 7
73438 8
73439 9
73440 0
73441 1
73442 2
73443 3
73444 4
73445 5
73446 6
73447 7
73448 8
73449 9
73450 0
73451 1
73452 2
73453 3
73454 4
73455 5
73456 6
73457 7
73458 8
73459 9
73460 0
73461 1
73462 2
73463 3
73464 4
73465 5
73466 6
73467 7
73468 8
73469 9
73470 0
73471 1
73472 2
73473 3
73474 4
73475 5
73476 6
73477 7
73478 8
73479 9
73480 0
73481 1
73482 2
73483 3
73484 4
73485 5
73486 6
73487 7
73488 8
73489 9
73490 0
73491 1
73492 2
73493 3
73494 4
73495 5
73496 6
73497 7
73498 8
73499 9
73500 0
73501 1
73502 2
73503 3
73504 4
73505 5
73506 6
73507 7
73508 8
73509 9
73510 0
73511 1
73512 2
73513 3
73514 4
73515 5
73516 6
73517 7
73518 8
73519 9
73520 0
73521 1
73522 2
73523 3
73524 4
73525 5
73526 6
73527 7
73528 8
73529 9
73530 0
73531 1
73532 2
73533 3
73534 4
73535 5
73536 6
73537 7
73538 8
73539 9
73540 0
73541 1
73542 2
73543 3
73544 4
73545 5
73546 6
73547 7
73548 8
73549 9
73550 0
73551 1
73552 2
73553 3
73554 4
73555 5
73556 6
73557 7
73558 8
73559 9
73560 0
73561 1
73562 2
73563 3
73564 4
73565 5
73566 6
73567 7
73568 8
73569 9
73570 0
73571 1
73572 2
73573 3
73574 4
73575 5
73576 6
73577 7
73578 8
73579 9
73580 0
73581 1
73582 2
73583 3
73584 4
73585 5
73586 6
73587 7
73588 8
73589 9
73590 0
73591 1
73592 2
73593 3
73594 4
73595 5
73596 6
73597 7
73598 8
73599 9
73600 0
73601 1
73602 2
73603 3
73604 4
73605 5
73606 6
73607 7
73608 8
73609 9
73610 0
73611 1
73612 2
73613 3
73614 4
73615 5
73616 6
73617 7
73618 8
73619 9
73620 0
73621 1
73622 2
73623 3
73624 4
73625 5
73626 6
73627 7
73628 8
73629 9
73630 0
73631 1
73632 2
73633 3
73634 4
73635 5
73636 6
73637 7
73638 8
73639 9
73640 0
73641 1
73642 2
73643 3
73644 4
73645 5
73646 6
73647 7
73648 8
73649 9
73650 0
73651 1
73652 2
73653 3
73654 4
73655 5
73656 6
73657 7
73658 8
73659 9
73660 0
73661 1
73662 2
73663 3
73664 4
73665 5
73666 6
73667 7
73668 8
73669 9
73670 0
73671 1
73672 2
73673 3
73674 4
73675 5
73676 6
73677 7
73678 8
73679 9
73680 0
73681 1
73682 2
73683 3
73684 4
73685 5
73686 6
73687 7
73688 8
73689 9
73690 0
73691 1
73692 2
73693 3
73694 4
73695 5
73696 6
73697 7
73698 8
73699 9
73700 0
73701 1
73702 2
73703 3
73704 4
73705 5
73706 6
73707 7
73708 8
73709 9
73710 0
73711 1
73712 2
73713 3
73714 4
73715 5
73716 6
73717 7
73718 8
73719 9
73720 0
73721 1
73722 2
73723 3
73724 4
73725 5
73726 6
73727 7
73728 8
73729 9
73730 0
73731 1
73732 2
73733 3
73734 4
73735 5
73736 6
73737 7
73738 8
73739 9
73740 0
73741 1
73742 2
73743 3
73744 4
73745 5
73746 6
73747 7
73748 8
73749 9
73750 0
73751 1
73752 2
73753 3
73754 4
73755 5
73756 6
73757 7
73758 8
73759 9
73760 0
73761 1
73762 2
73763 3
73764 4
73765 5
73766 6
73767 7
73768 8
73769 9
73770 0
73771 1
73772 2
73773 3
73774 4
73775 5
73776 6
73777 7
73778 8
73779 9
73780 0
73781 1
73782 2
73783 3
73784 4
73785 5
73786 6
73787 7
73788 8
73789 9
73790 0
73791 1
73792 2
73793 3
73794 4
73795 5
73796 6
73797 7
73798 8
73799 9
73800 0
73801 1
73802 2
73803 3
73804 4
73805 5
73806 6
73807 7
73808 8
73809 9
73810 0
73811 1
73812 2
73813 3
73814 4
73815 5
73816 6
73817 7
73818 8
73819 9
73820 0
73821 1
73822 2
73823 3
73824 4
73825 5
73826 6
73827 7
73828 8
73829 9
73830 0
73831 1
73832 2
73833 3
73834 4
73835 5
73836 6
73837 7
73838 8
73839 9
73840 0
73841 1
73842 2
73843 3
73844 4
73845 5
73846 6
73847 7
73848 8
73849 9
73850 0
73851 1
73852 2
73853 3
73854 4
73855 5
73856 6
73857 7
73858 8
73859 9
73860 0
73861 1
73862 2
73863 3
73864 4
73865 5
73866 6
73867 7
73868 8
73869 9
73870 0
73871 1
73872 2
73873 3
73874 4
73875 5
73876 6
73877 7
73878 8
73879 9
73880 0
73881 1
73882 2
73883 3
73884 4
73885 5
73886 6
73887 7
73888 8
73889 9
73890 0
73891 1
73892 2
73893 3
73894 4
73895 5
73896 6
73897 7
73898 8
73899 9
73900 0
73901 1
73902 2
73903 3
73904 4
73905 5
73906 6
73907 7
73908 8
73909 9
73910 0
73911 1
73912 2
73913 3
73914 4
73915 5
73916 6
73917 7
73918 8
73919 9
73920 0
73921 1
73922 2
73923 3
73924 4
73925 5
73926 6
73927 7
73928 8
73929 9
73930 0
73931 1
73932 2
73933 3
73934 4
73935 5
73936 6
73937 7
73938 8
73939 9
73940 0
73941 1
73942 2
73943 3
73944 4
73945 5
73946 6
73947 7
73948 8
73949 9
73950 0
73951 1
73952 2
73953 3
73954 4
73955 5
73956 6
73957 7
73958 8
73959 9
73960 0
73961 1
73962 2
73963 3
73964 4
73965 5
73966 6
73967 7
73968 8
73969 9
73970 0
73971 1
73972 2
73973 3
73974 4
73975 5
73976 6
73977 7
73978 8
73979 9
73980 0
73981 1
73982 2
73983 3
73984 4
73985 5
73986 6
73987 7
73988 8
73989 9
73990 0
73991 1
73992 2
73993 3
73994 4
73995 5
73996 6
73997 7
73998 8
73999 9
74000 0
74001 1
74002 2
74003 3
74004 4
74005 5
74006 6
74007 7
74008 8
74009 9
74010 0
74011 1
74012 2
74013 3
74014 4
74015 5
74016 6
74017 7
74018 8
74019 9
74020 0
74021 1
74022 2
74023 3
74024 4
74025 5
74026 6
74027 7
74028 8
74029 9
74030 0
74031 1
74032 2
74033 3
74034 4
74035 5
74036 6
74037 7
74038 8
74039 9
74040 0
74041 1
74042 2
74043 3
74044 4
74045 5
74046 6
74047 7
74048 8
74049 9
74050 0
74051 1
74052 2
74053 3
74054 4
74055 5
74056 6
74057 7
74058 8
74059 9
74060 0
74061 1
74062 2
74063 3
74064 4
74065 5
74066 6
74067 7
74068 8
74069 9
74070 0
74071 1
74072 2
74073 3
74074 4
74075 5
74076 6
74077 7
74078 8
74079 9
74080 0
74081 1
74082 2
74083 3
74084 4
74085 5
74086 6
74087 7
74088 8
74089 9
74090 0
74091 1
74092 2
74093 3
74094 4
74095 5
74096 6
74097 7
74098 8
74099 9
74100 0
74101 1
74102 2
74103 3
74104 4
74105 5
74106 6
74107 7
74108 8
74109 9
74110 0
74111 1
74112 2
74113 3
74114 4
74115 5
74116 6
74117 7
74118 8
74119 9
74120 0
74121 1
74122 2
74123 3
74124 4
74125 5
74126 6
74127 7
74128 8
74129 9
74130 0
74131 1
74132 2
74133 3
74134 4
74135 5
74136 6
74137 7
74138 8
74139 9
74140 0
74141 1
74142 2
74143 3
74144 4
74145 5
74146 6
74147 7
74148 8
74149 9
74150 0
74151 1
74152 2
74153 3
74154 4
74155 5
74156 6
74157 7
74158 8
74159 9
74160 0
74161 1
74162 2
74163 3
74164 4
74165 5
74166 6
74167 7
74168 8
74169 9
74170 0
74171 1
74172 2
74173 3
74174 4
74175 5
74176 6
74177 7
74178 8
74179 9
74180 0
74181 1
74182 2
74183 3
74184 4
74185 5
74186 6
74187 7
74188 8
74189 9
74190 0
74191 1
74192 2
74193 3
74194 4
74195 5
74196 6
74197 7
74198 8
74199 9
74200 0
74201 1
74202 2
74203 3
74204 4
74205 5
74206 6
74207 7
74208 8
74209 9
74210 0
74211 1
74212 2
74213 3
74214 4
74215 5
74216 6
74217 7
74218 8
74219 9
74220 0
74221 1
74222 2
74223 3
74224 4
74225 5
74226 6
74227 7
74228 8
74229 9
74230 0
74231 1
74232 2
74233 3
74234 4
74235 5
74236 6
74237 7
74238 8
74239 9
74240 0
74241 1
74242 2
74243 3
74244 4
74245 5
74246 6
74247 7
74248 8
74249 9
74250 0
74251 1
74252 2
74253 3
74254 4
74255 5
74256 6
74257 7
74258 8
74259 9
74260 0
74261 1
74262 2
74263 3
74264 4
74265 5
74266 6
74267 7
74268 8
74269 9
74270 0
74271 1
74272 2
74273 3
74274 4
74275 5
74276 6
74277 7
74278 8
74279 9
74280 0
74281 1
74282 2
74283 3
74284 4
74285 5
74286 6
74287 7
74288 8
74289 9
74290 0
74291 1
74292 2
74293 3
74294 4
74295 5
74296 6
74297 7
74298 8
74299 9
74300 0
74301 1
74302 2
74303 3
74304 4
74305 5
74306 6
74307 7
74308 8
74309 9
74310 0
74311 1
74312 2
74313 3
74314 4
74315 5
74316 6
74317 7
74318 8
74319 9
74320 0
74321 1
74322 2
74323 3
74324 4
74325 5
74326 6
74327 7
74328 8
74329 9
74330 0
74331 1
74332 2
74333 3
74334 4
74335 5
74336 6
74337 7
74338 8
74339 9
74340 0
74341 1
74342 2
74343 3
74344 4
74345 5
74346 6
74347 7
74348 8
74349 9
74350 0
74351 1
74352 2
74353 3
74354 4
74355 5
74356 6
74357 7
74358 8
74359 9
74360 0
74361 1
74362 2
74363 3
74364 4
74365 5
74366 6
74367 7
74368 8
74369 9
74370 0
74371 1
74372 2
74373 3
74374 4
74375 5
74376 6
74377 7
74378 8
74379 9
74380 0
74381 1
74382 2
74383 3
74384 4
74385 5
74386 6
74387 7
74388 8
74389 9
74390 0
74391 1
74392 2
74393 3
74394 4
74395 5
74396 6
74397 7
74398 8
74399 9
74400 0
74401 1
74402 2
74403 3
74404 4
74405 5
74406 6
74407 7
74408 8
74409 9
74410 0
74411 1
74412 2
74413 3
74414 4
74415 5
74416 6
74417 7
74418 8
74419 9
74420 0
74421 1
74422 2
74423 3
74424 4
74425 5
74426 6
74427 7
74428 8
74429 9
74430 0
74431 1
74432 2
74433 3
74434 4
74435 5
74436 6
74437 7
74438 8
74439 9
74440 0
74441 1
74442 2
74443 3
74444 4
74445 5
74446 6
74447 7
74448 8
74449 9
74450 0
74451 1
74452 2
74453 3
74454 4
74455 5
74456 6
74457 7
74458 8
74459 9
74460 0
74461 1
74462 2
74463 3
74464 4
74465 5
74466 6
74467 7
74468 8
74469 9
74470 0
74471 1
74472 2
74473 3
74474 4
74475 5
74476 6
74477 7
74478 8
74479 9
74480 0
74481 1
74482 2
74483 3
74484 4
74485 5
74486 6
74487 7
74488 8
74489 9
74490 0
74491 1
74492 2
74493 3
74494 4
74495 5
74496 6
74497 7
74498 8
74499 9
74500 0
74501 1
74502 2
74503 3
74504 4
74505 5
74506 6
74507 7
74508 8
74509 9
74510 0
74511 1
74512 2
74513 3
74514 4
74515 5
74516 6
74517 7
74518 8
74519 9
74520 0
74521 1
74522 2
74523 3
74524 4
74525 5
74526 6
74527 7
74528 8
74529 9
74530 0
74531 1
74532 2
74533 3
74534 4
74535 5
74536 6
74537 7
74538 8
74539 9
74540 0
74541 1
74542 2
74543 3
74544 4
74545 5
74546 6
74547 7
74548 8
74549 9
74550 0
74551 1
74552 2
74553 3
74554 4
74555 5
74556 6
74557 7
74558 8
74559 9
74560 0
74561 1
74562 2
74563 3
74564 4
74565 5
74566 6
74567 7
74568 8
74569 9
74570 0
74571 1
74572 2
74573 3
74574 4
74575 5
74576 6
74577 7
74578 8
74579 9
74580 0
74581 1
74582 2
74583 3
74584 4
74585 5
74586 6
74587 7
74588 8
74589 9
74590 0
74591 1
74592 2
74593 3
74594 4
74595 5
74596 6
74597 7
74598 8
74599 9
74600 0
74601 1
74602 2
74603 3
74604 4
74605 5
74606 6
74607 7
74608 8
74609 9
74610 0
74611 1
74612 2
74613 3
74614 4
74615 5
74616 6
74617 7
74618 8
74619 9
74620 0
74621 1
74622 2
74623 3
74624 4
74625 5
74626 6
74627 7
74628 8
74629 9
74630 0
74631 1
74632 2
74633 3
74634 4
74635 5
74636 6
74637 7
74638 8
74639 9
74640 0
74641 1
74642 2
74643 3
74644 4
74645 5
74646 6
74647 7
74648 8
74649 9
74650 0
74651 1
74652 2
74653 3
74654 4
74655 5
74656 6
74657 7
74658 8
74659 9
74660 0
74661 1
74662 2
74663 3
74664 4
74665 5
74666 6
74667 7
74668 8
74669 9
74670 0
74671 1
74672 2
74673 3
74674 4
74675 5
74676 6
74677 7
74678 8
74679 9
74680 0
74681 1
74682 2
74683 3
74684 4
74685 5
74686 6
74687 7
74688 8
74689 9
74690 0
74691 1
74692 2
74693 3
74694 4
74695 5
74696 6
74697 7
74698 8
74699 9
74700 0
74701 1
74702 2
74703 3
74704 4
74705 5
74706 6
74707 7
74708 8
74709 9
74710 0
74711 1
74712 2
74713 3
74714 4
74715 5
74716 6
74717 7
74718 8
74719 9
74720 0
74721 1
74722 2
74723 3
74724 4
74725 5
74726 6
74727 7
74728 8
74729 9
74730 0
74731 1
74732 2
74733 3
74734 4
74735 5
74736 6
74737 7
74738 8
74739 9
74740 0
74741 1
74742 2
74743 3
74744 4
74745 5
74746 6
74747 7
74748 8
74749 9
74750 0
74751 1
74752 2
74753 3
74754 4
74755 5
74756 6
74757 7
74758 8
74759 9
74760 0
74761 1
74762 2
74763 3
74764 4
74765 5
74766 6
74767 7
74768 8
74769 9
74770 0
74771 1
74772 2
74773 3
74774 4
74775 5
74776 6
74777 7
74778 8
74779 9
74780 0
74781 1
74782 2
74783 3
74784 4
74785 5
74786 6
74787 7
74788 8
74789 9
74790 0
74791 1
74792 2
74793 3
74794 4
74795 5
74796 6
74797 7
74798 8
74799 9
74800 0
74801 1
74802 2
74803 3
74804 4
74805 5
74806 6
74807 7
74808 8
74809 9
74810 0
74811 1
74812 2
74813 3
74814 4
74815 5
74816 6
74817 7
74818 8
74819 9
74820 0
74821 1
74822 2
74823 3
74824 4
74825 5
74826 6
74827 7
74828 8
74829 9
74830 0
74831 1
74832 2
74833 3
74834 4
74835 5
74836 6
74837 7
74838 8
74839 9
74840 0
74841 1
74842 2
74843 3
74844 4
74845 5
74846 6
74847 7
74848 8
74849 9
74850 0
74851 1
74852 2
74853 3
74854 4
74855 5
74856 6
74857 7
74858 8
74859 9
74860 0
74861 1
74862 2
74863 3
74864 4
74865 5
74866 6
74867 7
74868 8
74869 9
74870 0
74871 1
74872 2
74873 3
74874 4
74875 5
74876 6
74877 7
74878 8
74879 9
74880 0
74881 1
74882 2
74883 3
74884 4
74885 5
74886 6
74887 7
74888 8
74889 9
74890 0
74891 1
74892 2
74893 3
74894 4
74895 5
74896 6
74897 7
74898 8
74899 9
74900 0
74901 1
74902 2
74903 3
74904 4
74905 5
74906 6
74907 7
74908 8
74909 9
74910 0
74911 1
74912 2
74913 3
74914 4
74915 5
74916 6
74917 7
74918 8
74919 9
74920 0
74921 1
74922 2
74923 3
74924 4
74925 5
74926 6
74927 7
74928 8
74929 9
74930 0
74931 1
74932 2
74933 3
74934 4
74935 5
74936 6
74937 7
74938 8
74939 9
74940 0
74941 1
74942 2
74943 3
74944 4
74945 5
74946 6
74947 7
74948 8
74949 9
74950 0
74951 1
74952 2
74953 3
74954 4
74955 5
74956 6
74957 7
74958 8
74959 9
74960 0
74961 1
74962 2
74963 3
74964 4
74965 5
74966 6
74967 7
74968 8
74969 9
74970 0
74971 1
74972 2
74973 3
74974 4
74975 5
74976 6
74977 7
74978 8
74979 9
74980 0
74981 1
74982 2
74983 3
74984 4
74985 5
74986 6
74987 7
74988 8
74989 9
74990 0
74991 1
74992 2
74993 3
74994 4
74995 5
74996 6
74997 7
74998 8
74999 9
75000 0
75001 1
75002 2
75003 3
75004 4
75005 5
75006 6
75007 7
75008 8
75009 9
75010 0
75011 1
75012 2
75013 3
75014 4
75015 5
75016 6
75017 7
75018 8
75019 9
75020 0
75021 1
75022 2
75023 3
75024 4
75025 5
75026 6
75027 7
75028 8
75029 9
75030 0
75031 1
75032 2
75033 3
75034 4
75035 5
75036 6
75037 7
75038 8
75039 9
75040 0
75041 1
75042 2
75043 3
75044 4
75045 5
75046 6
75047 7
75048 8
75049 9
75050 0
75051 1
75052 2
75053 3
75054 4
75055 5
75056 6
75057 7
75058 8
75059 9
75060 0
75061 1
75062 2
75063 3
75064 4
75065 5
75066 6
75067 7
75068 8
75069 9
75070 0
75071 1
75072 2
75073 3
75074 4
75075 5
75076 6
75077 7
75078 8
75079 9
75080 0
75081 1
75082 2
75083 3
75084 4
75085 5
75086 6
75087 7
75088 8
75089 9
75090 0
75091 1
75092 2
75093 3
75094 4
75095 5
75096 6
75097 7
75098 8
75099 9
75100 0
75101 1
75102 2
75103 3
75104 4
75105 5
75106 6
75107 7
75108 8
75109 9
75110 0
75111 1
75112 2
75113 3
75114 4
75115 5
75116 6
75117 7
75118 8
75119 9
75120 0
75121 1
75122 2
75123 3
75124 4
75125 5
75126 6
75127 7
75128 8
75129 9
75130 0
75131 1
75132 2
75133 3
75134 4
75135 5
75136 6
75137 7
75138 8
75139 9
75140 0
75141 1
75142 2
75143 3
75144 4
75145 5
75146 6
75147 7
75148 8
75149 9
75150 0
75151 1
75152 2
75153 3
75154 4
75155 5
75156 6
75157 7
75158 8
75159 9
75160 0
75161 1
75162 2
75163 3
75164 4
75165 5
75166 6
75167 7
75168 8
75169 9
75170 0
75171 1
75172 2
75173 3
75174 4
75175 5
75176 6
75177 7
75178 8
75179 9
75180 0
75181 1
75182 2
75183 3
75184 4
75185 5
75186 6
75187 7
75188 8
75189 9
75190 0
75191 1
75192 2
75193 3
75194 4
75195 5
75196 6
75197 7
75198 8
75199 9
75200 0
75201 1
75202 2
75203 3
75204 4
75205 5
75206 6
75207 7
75208 8
75209 9
75210 0
75211 1
75212 2
75213 3
75214 4
75215 5
75216 6
75217 7
75218 8
75219 9
75220 0
75221 1
75222 2
75223 3
75224 4
75225 5
75226 6
75227 7
75228 8
75229 9
75230 0
75231 1
75232 2
75233 3
75234 4
75235 5
75236 6
75237 7
75238 8
75239 9
75240 0
75241 1
75242 2
75243 3
75244 4
75245 5
75246 6
75247 7
75248 8
75249 9
75250 0
75251 1
75252 2
75253 3
75254 4
75255 5
75256 6
75257 7
75258 8
75259 9
75260 0
75261 1
75262 2
75263 3
75264 4
75265 5
75266 6
75267 7
75268 8
75269 9
75270 0
75271 1
75272 2
75273 3
75274 4
75275 5
75276 6
75277 7
75278 8
75279 9
75280 0
75281 1
75282 2
75283 3
75284 4
75285 5
75286 6
75287 7
75288 8
75289 9
75290 0
75291 1
75292 2
75293 3
75294 4
75295 5
75296 6
75297 7
75298 8
75299 9
75300 0
75301 1
75302 2
75303 3
75304 4
75305 5
75306 6
75307 7
75308 8
75309 9
75310 0
75311 1
75312 2
75313 3
75314 4
75315 5
75316 6
75317 7
75318 8
75319 9
75320 0
75321 1
75322 2
75323 3
75324 4
75325 5
75326 6
75327 7
75328 8
75329 9
75330 0
75331 1
75332 2
75333 3
75334 4
75335 5
75336 6
75337 7
75338 8
75339 9
75340 0
75341 1
75342 2
75343 3
75344 4
75345 5
75346 6
75347 7
75348 8
75349 9
75350 0
75351 1
75352 2
75353 3
75354 4
75355 5
75356 6
75357 7
75358 8
75359 9
75360 0
75361 1
75362 2
75363 3
75364 4
75365 5
75366 6
75367 7
75368 8
75369 9
75370 0
75371 1
75372 2
75373 3
75374 4
75375 5
75376 6
75377 7
75378 8
75379 9
75380 0
75381 1
75382 2
75383 3
75384 4
75385 5
75386 6
75387 7
75388 8
75389 9
75390 0
75391 1
75392 2
75393 3
75394 4
75395 5
75396 6
75397 7
75398 8
75399 9
75400 0
75401 1
75402 2
75403 3
75404 4
75405 5
75406 6
75407 7
75408 8
75409 9
75410 0
75411 1
75412 2
75413 3
75414 4
75415 5
75416 6
75417 7
75418 8
75419 9
75420 0
75421 1
75422 2
75423 3
75424 4
75425 5
75426 6
75427 7
75428 8
75429 9
75430 0
75431 1
75432 2
75433 3
75434 4
75435 5
75436 6
75437 7
75438 8
75439 9
75440 0
75441 1
75442 2
75443 3
75444 4
75445 5
75446 6
75447 7
75448 8
75449 9
75450 0
75451 1
75452 2
75453 3
75454 4
75455 5
75456 6
75457 7
75458 8
75459 9
75460 0
75461 1
75462 2
75463 3
75464 4
75465 5
75466 6
75467 7
75468 8
75469 9
75470 0
75471 1
75472 2
75473 3
75474 4
75475 5
75476 6
75477 7
75478 8
75479 9
75480 0
75481 1
75482 2
75483 3
75484 4
75485 5
75486 6
75487 7
75488 8
75489 9
75490 0
75491 1
75492 2
75493 3
75494 4
75495 5
75496 6
75497 7
75498 8
75499 9
75500 0
75501 1
75502 2
75503 3
75504 4
75505 5
75506 6
75507 7
75508 8
75509 9
75510 0
75511 1
75512 2
75513 3
75514 4
75515 5
75516 6
75517 7
75518 8
75519 9
75520 0
75521 1
75522 2
75523 3
75524 4
75525 5
75526 6
75527 7
75528 8
75529 9
75530 0
75531 1
75532 2
75533 3
75534 4
75535 5
75536 6
75537 7
75538 8
75539 9
75540 0
75541 1
75542 2
75543 3
75544 4
75545 5
75546 6
75547 7
75548 8
75549 9
75550 0
75551 1
75552 2
75553 3
75554 4
75555 5
75556 6
75557 7
75558 8
75559 9
75560 0
75561 1
75562 2
75563 3
75564 4
75565 5
75566 6
75567 7
75568 8
75569 9
75570 0
75571 1
75572 2
75573 3
75574 4
75575 5
75576 6
75577 7
75578 8
75579 9
75580 0
75581 1
75582 2
75583 3
75584 4
75585 5
75586 6
75587 7
75588 8
75589 9
75590 0
75591 1
75592 2
75593 3
75594 4
75595 5
75596 6
75597 7
75598 8
75599 9
75600 0
75601 1
75602 2
75603 3
75604 4
75605 5
75606 6
75607 7
75608 8
75609 9
75610 0
75611 1
75612 2
75613 3
75614 4
75615 5
75616 6
75617 7
75618 8
75619 9
75620 0
75621 1
75622 2
75623 3
75624 4
75625 5
75626 6
75627 7
75628 8
75629 9
75630 0
75631 1
75632 2
75633 3
75634 4
75635 5
75636 6
75637 7
75638 8
75639 9
75640 0
75641 1
75642 2
75643 3
75644 4
75645 5
75646 6
75647 7
75648 8
75649 9
75650 0
75651 1
75652 2
75653 3
75654 4
75655 5
75656 6
75657 7
75658 8
75659 9
75660 0
75661 1
75662 2
75663 3
75664 4
75665 5
75666 6
75667 7
75668 8
75669 9
75670 0
75671 1
75672 2
75673 3
75674 4
75675 5
75676 6
75677 7
75678 8
75679 9
75680 0
75681 1
75682 2
75683 3
75684 4
75685 5
75686 6
75687 7
75688 8
75689 9
75690 0
75691 1
75692 2
75693 3
75694 4
75695 5
75696 6
75697 7
75698 8
75699 9
75700 0
75701 1
75702 2
75703 3
75704 4
75705 5
75706 6
75707 7
75708 8
75709 9
75710 0
75711 1
75712 2
75713 3
75714 4
75715 5
75716 6
75717 7
75718 8
75719 9
75720 0
75721 1
75722 2
75723 3
75724 4
75725 5
75726 6
75727 7
75728 8
75729 9
75730 0
75731 1
75732 2
75733 3
75734 4
75735 5
75736 6
75737 7
75738 8
75739 9
75740 0
75741 1
75742 2
75743 3
75744 4
75745 5
75746 6
75747 7
75748 8
75749 9
75750 0
75751 1
75752 2
75753 3
75754 4
75755 5
75756 6
75757 7
75758 8
75759 9
75760 0
75761 1
75762 2
75763 3
75764 4
75765 5
75766 6
75767 7
75768 8
75769 9
75770 0
75771 1
75772 2
75773 3
75774 4
75775 5
75776 6
75777 7
75778 8
75779 9
75780 0
75781 1
75782 2
75783 3
75784 4
75785 5
75786 6
75787 7
75788 8
75789 9
75790 0
75791 1
75792 2
75793 3
75794 4
75795 5
75796 6
75797 7
75798 8
75799 9
75800 0
75801 1
75802 2
75803 3
75804 4
75805 5
75806 6
75807 7
75808 8
75809 9
75810 0
75811 1
75812 2
75813 3
75814 4
75815 5
75816 6
75817 7
75818 8
75819 9
75820 0
75821 1
75822 2
75823 3
75824 4
75825 5
75826 6
75827 7
75828 8
75829 9
75830 0
75831 1
75832 2
75833 3
75834 4
75835 5
75836 6
75837 7
75838 8
75839 9
75840 0
75841 1
75842 2
75843 3
75844 4
75845 5
75846 6
75847 7
75848 8
75849 9
75850 0
75851 1
75852 2
75853 3
75854 4
75855 5
75856 6
75857 7
75858 8
75859 9
75860 0
75861 1
75862 2
75863 3
75864 4
75865 5
75866 6
75867 7
75868 8
75869 9
75870 0
75871 1
75872 2
75873 3
75874 4
75875 5
75876 6
75877 7
75878 8
75879 9
75880 0
75881 1
75882 2
75883 3
75884 4
75885 5
75886 6
75887 7
75888 8
75889 9
75890 0
75891 1
75892 2
75893 3
75894 4
75895 5
75896 6
75897 7
75898 8
75899 9
75900 0
75901 1
75902 2
75903 3
75904 4
75905 5
75906 6
75907 7
75908 8
75909 9
75910 0
75911 1
75912 2
75913 3
75914 4
75915 5
75916 6
75917 7
75918 8
75919 9
75920 0
75921 1
75922 2
75923 3
75924 4
75925 5
75926 6
75927 7
75928 8
75929 9
75930 0
75931 1
75932 2
75933 3
75934 4
75935 5
75936 6
75937 7
75938 8
75939 9
75940 0
75941 1
75942 2
75943 3
75944 4
75945 5
75946 6
75947 7
75948 8
75949 9
75950 0
75951 1
75952 2
75953 3
75954 4
75955 5
75956 6
75957 7
75958 8
75959 9
75960 0
75961 1
75962 2
75963 3
75964 4
75965 5
75966 6
75967 7
75968 8
75969 9
75970 0
75971 1
75972 2
75973 3
75974 4
75975 5
75976 6
75977 7
75978 8
75979 9
75980 0
75981 1
75982 2
75983 3
75984 4
75985 5
75986 6
75987 7
75988 8
75989 9
75990 0
75991 1
75992 2
75993 3
75994 4
75995 5
75996 6
75997 7
75998 8
75999 9
76000 0
76001 1
76002 2
76003 3
76004 4
76005 5
76006 6
76007 7
76008 8
76009 9
76010 0
76011 1
76012 2
76013 3
76014 4
76015 5
76016 6
76017 7
76018 8
76019 9
76020 0
76021 1
76022 2
76023 3
76024 4
76025 5
76026 6
76027 7
76028 8
76029 9
76030 0
76031 1
76032 2
76033 3
76034 4
76035 5
76036 6
76037 7
76038 8
76039 9
76040 0
76041 1
76042 2
76043 3
76044 4
76045 5
76046 6
76047 7
76048 8
76049 9
76050 0
76051 1
76052 2
76053 3
76054 4
76055 5
76056 6
76057 7
76058 8
76059 9
76060 0
76061 1
76062 2
76063 3
76064 4
76065 5
76066 6
76067 7
76068 8
76069 9
76070 0
76071 1
76072 2
76073 3
76074 4
76075 5
76076 6
76077 7
76078 8
76079 9
76080 0
76081 1
76082 2
76083 3
76084 4
76085 5
76086 6
76087 7
76088 8
76089 9
76090 0
76091 1
76092 2
76093 3
76094 4
76095 5
76096 6
76097 7
76098 8
76099 9
76100 0
76101 1
76102 2
76103 3
76104 4
76105 5
76106 6
76107 7
76108 8
76109 9
76110 0
76111 1
76112 2
76113 3
76114 4
76115 5
76116 6
76117 7
76118 8
76119 9
76120 0
76121 1
76122 2
76123 3
76124 4
76125 5
76126 6
76127 7
76128 8
76129 9
76130 0
76131 1
76132 2
76133 3
76134 4
76135 5
76136 6
76137 7
76138 8
76139 9
76140 0
76141 1
76142 2
76143 3
76144 4
76145 5
76146 6
76147 7
76148 8
76149 9
76150 0
76151 1
76152 2
76153 3
76154 4
76155 5
76156 6
76157 7
76158 8
76159 9
76160 0
76161 1
76162 2
76163 3
76164 4
76165 5
76166 6
76167 7
76168 8
76169 9
76170 0
76171 1
76172 2
76173 3
76174 4
76175 5
76176 6
76177 7
76178 8
76179 9
76180 0
76181 1
76182 2
76183 3
76184 4
76185 5
76186 6
76187 7
76188 8
76189 9
76190 0
76191 1
76192 2
76193 3
76194 4
76195 5
76196 6
76197 7
76198 8
76199 9
76200 0
76201 1
76202 2
76203 3
76204 4
76205 5
76206 6
76207 7
76208 8
76209 9
76210 0
76211 1
76212 2
76213 3
76214 4
76215 5
76216 6
76217 7
76218 8
76219 9
76220 0
76221 1
76222 2
76223 3
76224 4
76225 5
76226 6
76227 7
76228 8
76229 9
76230 0
76231 1
76232 2
76233 3
76234 4
76235 5
76236 6
76237 7
76238 8
76239 9
76240 0
76241 1
76242 2
76243 3
76244 4
76245 5
76246 6
76247 7
76248 8
76249 9
76250 0
76251 1
76252 2
76253 3
76254 4
76255 5
76256 6
76257 7
76258 8
76259 9
76260 0
76261 1
76262 2
76263 3
76264 4
76265 5
76266 6
76267 7
76268 8
76269 9
76270 0
76271 1
76272 2
76273 3
76274 4
76275 5
76276 6
76277 7
76278 8
76279 9
76280 0
76281 1
76282 2
76283 3
76284 4
76285 5
76286 6
76287 7
76288 8
76289 9
76290 0
76291 1
76292 2
76293 3
76294 4
76295 5
76296 6
76297 7
76298 8
76299 9
76300 0
76301 1
76302 2
76303 3
76304 4
76305 5
76306 6
76307 7
76308 8
76309 9
76310 0
76311 1
76312 2
76313 3
76314 4
76315 5
76316 6
76317 7
76318 8
76319 9
76320 0
76321 1
76322 2
76323 3
76324 4
76325 5
76326 6
76327 7
76328 8
76329 9
76330 0
76331 1
76332 2
76333 3
76334 4
76335 5
76336 6
76337 7
76338 8
76339 9
76340 0
76341 1
76342 2
76343 3
76344 4
76345 5
76346 6
76347 7
76348 8
76349 9
76350 0
76351 1
76352 2
76353 3
76354 4
76355 5
76356 6
76357 7
76358 8
76359 9
76360 0
76361 1
76362 2
76363 3
76364 4
76365 5
76366 6
76367 7
76368 8
76369 9
76370 0
76371 1
76372 2
76373 3
76374 4
76375 5
76376 6
76377 7
76378 8
76379 9
76380 0
76381 1
76382 2
76383 3
76384 4
76385 5
76386 6
76387 7
76388 8
76389 9
76390 0
76391 1
76392 2
76393 3
76394 4
76395 5
76396 6
76397 7
76398 8
76399 9
76400 0
76401 1
76402 2
76403 3
76404 4
76405 5
76406 6
76407 7
76408 8
76409 9
76410 0
76411 1
76412 2
76413 3
76414 4
76415 5
76416 6
76417 7
76418 8
76419 9
76420 0
76421 1
76422 2
76423 3
76424 4
76425 5
76426 6
76427 7
76428 8
76429 9
76430 0
76431 1
76432 2
76433 3
76434 4
76435 5
76436 6
76437 7
76438 8
76439 9
76440 0
76441 1
76442 2
76443 3
76444 4
76445 5
76446 6
76447 7
76448 8
76449 9
76450 0
76451 1
76452 2
76453 3
76454 4
76455 5
76456 6
76457 7
76458 8
76459 9
76460 0
76461 1
76462 2
76463 3
76464 4
76465 5
76466 6
76467 7
76468 8
76469 9
76470 0
76471 1
76472 2
76473 3
76474 4
76475 5
76476 6
76477 7
76478 8
76479 9
76480 0
76481 1
76482 2
76483 3
76484 4
76485 5
76486 6
76487 7
76488 8
76489 9
76490 0
76491 1
76492 2
76493 3
76494 4
76495 5
76496 6
76497 7
76498 8
76499 9
76500 0
76501 1
76502 2
76503 3
76504 4
76505 5
76506 6
76507 7
76508 8
76509 9
76510 0
76511 1
76512 2
76513 3
76514 4
76515 5
76516 6
76517 7
76518 8
76519 9
76520 0
76521 1
76522 2
76523 3
76524 4
76525 5
76526 6
76527 7
76528 8
76529 9
76530 0
76531 1
76532 2
76533 3
76534 4
76535 5
76536 6
76537 7
76538 8
76539 9
76540 0
76541 1
76542 2
76543 3
76544 4
76545 5
76546 6
76547 7
76548 8
76549 9
76550 0
76551 1
76552 2
76553 3
76554 4
76555 5
76556 6
76557 7
76558 8
76559 9
76560 0
76561 1
76562 2
76563 3
76564 4
76565 5
76566 6
76567 7
76568 8
76569 9
76570 0
76571 1
76572 2
76573 3
76574 4
76575 5
76576 6
76577 7
76578 8
76579 9
76580 0
76581 1
76582 2
76583 3
76584 4
76585 5
76586 6
76587 7
76588 8
76589 9
76590 0
76591 1
76592 2
76593 3
76594 4
76595 5
76596 6
76597 7
76598 8
76599 9
76600 0
76601 1
76602 2
76603 3
76604 4
76605 5
76606 6
76607 7
76608 8
76609 9
76610 0
76611 1
76612 2
76613 3
76614 4
76615 5
76616 6
76617 7
76618 8
76619 9
76620 0
76621 1
76622 2
76623 3
76624 4
76625 5
76626 6
76627 7
76628 8
76629 9
76630 0
76631 1
76632 2
76633 3
76634 4
76635 5
76636 6
76637 7
76638 8
76639 9
76640 0
76641 1
76642 2
76643 3
76644 4
76645 5
76646 6
76647 7
76648 8
76649 9
76650 0
76651 1
76652 2
76653 3
76654 4
76655 5
76656 6
76657 7
76658 8
76659 9
76660 0
76661 1
76662 2
76663 3
76664 4
76665 5
76666 6
76667 7
76668 8
76669 9
76670 0
76671 1
76672 2
76673 3
76674 4
76675 5
76676 6
76677 7
76678 8
76679 9
76680 0
76681 1
76682 2
76683 3
76684 4
76685 5
76686 6
76687 7
76688 8
76689 9
76690 0
76691 1
76692 2
76693 3
76694 4
76695 5
76696 6
76697 7
76698 8
76699 9
76700 0
76701 1
76702 2
76703 3
76704 4
76705 5
76706 6
76707 7
76708 8
76709 9
76710 0
76711 1
76712 2
76713 3
76714 4
76715 5
76716 6
76717 7
76718 8
76719 9
76720 0
76721 1
76722 2
76723 3
76724 4
76725 5
76726 6
76727 7
76728 8
76729 9
76730 0
76731 1
76732 2
76733 3
76734 4
76735 5
76736 6
76737 7
76738 8
76739 9
76740 0
76741 1
76742 2
76743 3
76744 4
76745 5
76746 6
76747 7
76748 8
76749 9
76750 0
76751 1
76752 2
76753 3
76754 4
76755 5
76756 6
76757 7
76758 8
76759 9
76760 0
76761 1
76762 2
76763 3
76764 4
76765 5
76766 6
76767 7
76768 8
76769 9
76770 0
76771 1
76772 2
76773 3
76774 4
76775 5
76776 6
76777 7
76778 8
76779 9
76780 0
76781 1
76782 2
76783 3
76784 4
76785 5
76786 6
76787 7
76788 8
76789 9
76790 0
76791 1
76792 2
76793 3
76794 4
76795 5
76796 6
76797 7
76798 8
76799 9
76800 0
76801 1
76802 2
76803 3
76804 4
76805 5
76806 6
76807 7
76808 8
76809 9
76810 0
76811 1
76812 2
76813 3
76814 4
76815 5
76816 6
76817 7
76818 8
76819 9
76820 0
76821 1
76822 2
76823 3
76824 4
76825 5
76826 6
76827 7
76828 8
76829 9
76830 0
76831 1
76832 2
76833 3
76834 4
76835 5
76836 6
76837 7
76838 8
76839 9
76840 0
76841 1
76842 2
76843 3
76844 4
76845 5
76846 6
76847 7
76848 8
76849 9
76850 0
76851 1
76852 2
76853 3
76854 4
76855 5
76856 6
76857 7
76858 8
76859 9
76860 0
76861 1
76862 2
76863 3
76864 4
76865 5
76866 6
76867 7
76868 8
76869 9
76870 0
76871 1
76872 2
76873 3
76874 4
76875 5
76876 6
76877 7
76878 8
76879 9
76880 0
76881 1
76882 2
76883 3
76884 4
76885 5
76886 6
76887 7
76888 8
76889 9
76890 0
76891 1
76892 2
76893 3
76894 4
76895 5
76896 6
76897 7
76898 8
76899 9
76900 0
76901 1
76902 2
76903 3
76904 4
76905 5
76906 6
76907 7
76908 8
76909 9
76910 0
76911 1
76912 2
76913 3
76914 4
76915 5
76916 6
76917 7
76918 8
76919 9
76920 0
76921 1
76922 2
76923 3
76924 4
76925 5
76926 6
76927 7
76928 8
76929 9
76930 0
76931 1
76932 2
76933 3
76934 4
76935 5
76936 6
76937 7
76938 8
76939 9
76940 0
76941 1
76942 2
76943 3
76944 4
76945 5
76946 6
76947 7
76948 8
76949 9
76950 0
76951 1
76952 2
76953 3
76954 4
76955 5
76956 6
76957 7
76958 8
76959 9
76960 0
76961 1
76962 2
76963 3
76964 4
76965 5
76966 6
76967 7
76968 8
76969 9
76970 0
76971 1
76972 2
76973 3
76974 4
76975 5
76976 6
76977 7
76978 8
76979 9
76980 0
76981 1
76982 2
76983 3
76984 4
76985 5
76986 6
76987 7
76988 8
76989 9
76990 0
76991 1
76992 2
76993 3
76994 4
76995 5
76996 6
76997 7
76998 8
76999 9
77000 0
77001 1
77002 2
77003 3
77004 4
77005 5
77006 6
77007 7
77008 8
77009 9
77010 0
77011 1
77012 2
77013 3
77014 4
77015 5
77016 6
77017 7
77018 8
77019 9
77020 0
77021 1
77022 2
77023 3
77024 4
77025 5
77026 6
77027 7
77028 8
77029 9
77030 0
77031 1
77032 2
77033 3
77034 4
77035 5
77036 6
77037 7
77038 8
77039 9
77040 0
77041 1
77042 2
77043 3
77044 4
77045 5
77046 6
77047 7
77048 8
77049 9
77050 0
77051 1
77052 2
77053 3
77054 4
77055 5
77056 6
77057 7
77058 8
77059 9
77060 0
77061 1
77062 2
77063 3
77064 4
77065 5
77066 6
77067 7
77068 8
77069 9
77070 0
77071 1
77072 2
77073 3
77074 4
77075 5
77076 6
77077 7
77078 8
77079 9
77080 0
77081 1
77082 2
77083 3
77084 4
77085 5
77086 6
77087 7
77088 8
77089 9
77090 0
77091 1
77092 2
77093 3
77094 4
77095 5
77096 6
77097 7
77098 8
77099 9
77100 0
77101 1
77102 2
77103 3
77104 4
77105 5
77106 6
77107 7
77108 8
77109 9
77110 0
77111 1
77112 2
77113 3
77114 4
77115 5
77116 6
77117 7
77118 8
77119 9
77120 0
77121 1
77122 2
77123 3
77124 4
77125 5
77126 6
77127 7
77128 8
77129 9
77130 0
77131 1
77132 2
77133 3
77134 4
77135 5
77136 6
77137 7
77138 8
77139 9
77140 0
77141 1
77142 2
77143 3
77144 4
77145 5
77146 6
77147 7
77148 8
77149 9
77150 0
77151 1
77152 2
77153 3
77154 4
77155 5
77156 6
77157 7
77158 8
77159 9
77160 0
77161 1
77162 2
77163 3
77164 4
77165 5
77166 6
77167 7
77168 8
77169 9
77170 0
77171 1
77172 2
77173 3
77174 4
77175 5
77176 6
77177 7
77178 8
77179 9
77180 0
77181 1
77182 2
77183 3
77184 4
77185 5
77186 6
77187 7
77188 8
77189 9
77190 0
77191 1
77192 2
77193 3
77194 4
77195 5
77196 6
77197 7
77198 8
77199 9
77200 0
77201 1
77202 2
77203 3
77204 4
77205 5
77206 6
77207 7
77208 8
77209 9
77210 0
77211 1
77212 2
77213 3
77214 4
77215 5
77216 6
77217 7
77218 8
77219 9
77220 0
77221 1
77222 2
77223 3
77224 4
77225 5
77226 6
77227 7
77228 8
77229 9
77230 0
77231 1
77232 2
77233 3
77234 4
77235 5
77236 6
77237 7
77238 8
77239 9
77240 0
77241 1
77242 2
77243 3
77244 4
77245 5
77246 6
77247 7
77248 8
77249 9
77250 0
77251 1
77252 2
77253 3
77254 4
77255 5
77256 6
77257 7
77258 8
77259 9
77260 0
77261 1
77262 2
77263 3
77264 4
77265 5
77266 6
77267 7
77268 8
77269 9
77270 0
77271 1
77272 2
77273 3
77274 4
77275 5
77276 6
77277 7
77278 8
77279 9
77280 0
77281 1
77282 2
77283 3
77284 4
77285 5
77286 6
77287 7
77288 8
77289 9
77290 0
77291 1
77292 2
77293 3
77294 4
77295 5
77296 6
77297 7
77298 8
77299 9
77300 0
77301 1
77302 2
77303 3
77304 4
77305 5
77306 6
77307 7
77308 8
77309 9
77310 0
77311 1
77312 2
77313 3
77314 4
77315 5
77316 6
77317 7
77318 8
77319 9
77320 0
77321 1
77322 2
77323 3
77324 4
77325 5
77326 6
77327 7
77328 8
77329 9
77330 0
77331 1
77332 2
77333 3
77334 4
77335 5
77336 6
77337 7
77338 8
77339 9
77340 0
77341 1
77342 2
77343 3
77344 4
77345 5
77346 6
77347 7
77348 8
77349 9
77350 0
77351 1
77352 2
77353 3
77354 4
77355 5
77356 6
77357 7
77358 8
77359 9
77360 0
77361 1
77362 2
77363 3
77364 4
77365 5
77366 6
77367 7
77368 8
77369 9
77370 0
77371 1
77372 2
77373 3
77374 4
77375 5
77376 6
77377 7
77378 8
77379 9
77380 0
77381 1
77382 2
77383 3
77384 4
77385 5
77386 6
77387 7
77388 8
77389 9
77390 0
77391 1
77392 2
77393 3
77394 4
77395 5
77396 6
77397 7
77398 8
77399 9
77400 0
77401 1
77402 2
77403 3
77404 4
77405 5
77406 6
77407 7
77408 8
77409 9
77410 0
77411 1
77412 2
77413 3
77414 4
77415 5
77416 6
77417 7
77418 8
77419 9
77420 0
77421 1
77422 2
77423 3
77424 4
77425 5
77426 6
77427 7
77428 8
77429 9
77430 0
77431 1
77432 2
77433 3
77434 4
77435 5
77436 6
77437 7
77438 8
77439 9
77440 0
77441 1
77442 2
77443 3
77444 4
77445 5
77446 6
77447 7
77448 8
77449 9
77450 0
77451 1
77452 2
77453 3
77454 4
77455 5
77456 6
77457 7
77458 8
77459 9
77460 0
77461 1
77462 2
77463 3
77464 4
77465 5
77466 6
77467 7
77468 8
77469 9
77470 0
77471 1
77472 2
77473 3
77474 4
77475 5
77476 6
77477 7
77478 8
77479 9
77480 0
77481 1
77482 2
77483 3
77484 4
77485 5
77486 6
77487 7
77488 8
77489 9
77490 0
77491 1
77492 2
77493 3
77494 4
77495 5
77496 6
77497 7
77498 8
77499 9
77500 0
77501 1
77502 2
77503 3
77504 4
77505 5
77506 6
77507 7
77508 8
77509 9
77510 0
77511 1
77512 2
77513 3
77514 4
77515 5
77516 6
77517 7
77518 8
77519 9
77520 0
77521 1
77522 2
77523 3
77524 4
77525 5
77526 6
77527 7
77528 8
77529 9
77530 0
77531 1
77532 2
77533 3
77534 4
77535 5
77536 6
77537 7
77538 8
77539 9
77540 0
77541 1
77542 2
77543 3
77544 4
77545 5
77546 6
77547 7
77548 8
77549 9
77550 0
77551 1
77552 2
77553 3
77554 4
77555 5
77556 6
77557 7
77558 8
77559 9
77560 0
77561 1
77562 2
77563 3
77564 4
77565 5
77566 6
77567 7
77568 8
77569 9
77570 0
77571 1
77572 2
77573 3
77574 4
77575 5
77576 6
77577 7
77578 8
77579 9
77580 0
77581 1
77582 2
77583 3
77584 4
77585 5
77586 6
77587 7
77588 8
77589 9
77590 0
77591 1
77592 2
77593 3
77594 4
77595 5
77596 6
77597 7
77598 8
77599 9
77600 0
77601 1
77602 2
77603 3
77604 4
77605 5
77606 6
77607 7
77608 8
77609 9
77610 0
77611 1
77612 2
77613 3
77614 4
77615 5
77616 6
77617 7
77618 8
77619 9
77620 0
77621 1
77622 2
77623 3
77624 4
77625 5
77626 6
77627 7
77628 8
77629 9
77630 0
77631 1
77632 2
77633 3
77634 4
77635 5
77636 6
77637 7
77638 8
77639 9
77640 0
77641 1
77642 2
77643 3
77644 4
77645 5
77646 6
77647 7
77648 8
77649 9
77650 0
77651 1
77652 2
77653 3
77654 4
77655 5
77656 6
77657 7
77658 8
77659 9
77660 0
77661 1
77662 2
77663 3
77664 4
77665 5
77666 6
77667 7
77668 8
77669 9
77670 0
77671 1
77672 2
77673 3
77674 4
77675 5
77676 6
77677 7
77678 8
77679 9
77680 0
77681 1
77682 2
77683 3
77684 4
77685 5
77686 6
77687 7
77688 8
77689 9
77690 0
77691 1
77692 2
77693 3
77694 4
77695 5
77696 6
77697 7
77698 8
77699 9
77700 0
77701 1
77702 2
77703 3
77704 4
77705 5
77706 6
77707 7
77708 8
77709 9
77710 0
77711 1
77712 2
77713 3
77714 4
77715 5
77716 6
77717 7
77718 8
77719 9
77720 0
77721 1
77722 2
77723 3
77724 4
77725 5
77726 6
77727 7
77728 8
77729 9
77730 0
77731 1
77732 2
77733 3
77734 4
77735 5
77736 6
77737 7
77738 8
77739 9
77740 0
77741 1
77742 2
77743 3
77744 4
77745 5
77746 6
77747 7
77748 8
77749 9
77750 0
77751 1
77752 2
77753 3
77754 4
77755 5
77756 6
77757 7
77758 8
77759 9
77760 0
77761 1
77762 2
77763 3
77764 4
77765 5
77766 6
77767 7
77768 8
77769 9
77770 0
77771 1
77772 2
77773 3
77774 4
77775 5
77776 6
77777 7
77778 8
77779 9
77780 0
77781 1
77782 2
77783 3
77784 4
77785 5
77786 6
77787 7
77788 8
77789 9
77790 0
77791 1
77792 2
77793 3
77794 4
77795 5
77796 6
77797 7
77798 8
77799 9
77800 0
77801 1
77802 2
77803 3
77804 4
77805 5
77806 6
77807 7
77808 8
77809 9
77810 0
77811 1
77812 2
77813 3
77814 4
77815 5
77816 6
77817 7
77818 8
77819 9
77820 0
77821 1
77822 2
77823 3
77824 4
77825 5
77826 6
77827 7
77828 8
77829 9
77830 0
77831 1
77832 2
77833 3
77834 4
77835 5
77836 6
77837 7
77838 8
77839 9
77840 0
77841 1
77842 2
77843 3
77844 4
77845 5
77846 6
77847 7
77848 8
77849 9
77850 0
77851 1
77852 2
77853 3
77854 4
77855 5
77856 6
77857 7
77858 8
77859 9
77860 0
77861 1
77862 2
77863 3
77864 4
77865 5
77866 6
77867 7
77868 8
77869 9
77870 0
77871 1
77872 2
77873 3
77874 4
77875 5
77876 6
77877 7
77878 8
77879 9
77880 0
77881 1
77882 2
77883 3
77884 4
77885 5
77886 6
77887 7
77888 8
77889 9
77890 0
77891 1
77892 2
77893 3
77894 4
77895 5
77896 6
77897 7
77898 8
77899 9
77900 0
77901 1
77902 2
77903 3
77904 4
77905 5
77906 6
77907 7
77908 8
77909 9
77910 0
77911 1
77912 2
77913 3
77914 4
77915 5
77916 6
77917 7
77918 8
77919 9
77920 0
77921 1
77922 2
77923 3
77924 4
77925 5
77926 6
77927 7
77928 8
77929 9
77930 0
77931 1
77932 2
77933 3
77934 4
77935 5
77936 6
77937 7
77938 8
77939 9
77940 0
77941 1
77942 2
77943 3
77944 4
77945 5
77946 6
77947 7
77948 8
77949 9
77950 0
77951 1
77952 2
77953 3
77954 4
77955 5
77956 6
77957 7
77958 8
77959 9
77960 0
77961 1
77962 2
77963 3
77964 4
77965 5
77966 6
77967 7
77968 8
77969 9
77970 0
77971 1
77972 2
77973 3
77974 4
77975 5
77976 6
77977 7
77978 8
77979 9
77980 0
77981 1
77982 2
77983 3
77984 4
77985 5
77986 6
77987 7
77988 8
77989 9
77990 0
77991 1
77992 2
77993 3
77994 4
77995 5
77996 6
77997 7
77998 8
77999 9
78000 0
78001 1
78002 2
78003 3
78004 4
78005 5
78006 6
78007 7
78008 8
78009 9
78010 0
78011 1
78012 2
78013 3
78014 4
78015 5
78016 6
78017 7
78018 8
78019 9
78020 0
78021 1
78022 2
78023 3
78024 4
78025 5
78026 6
78027 7
78028 8
78029 9
78030 0
78031 1
78032 2
78033 3
78034 4
78035 5
78036 6
78037 7
78038 8
78039 9
78040 0
78041 1
78042 2
78043 3
78044 4
78045 5
78046 6
78047 7
78048 8
78049 9
78050 0
78051 1
78052 2
78053 3
78054 4
78055 5
78056 6
78057 7
78058 8
78059 9
78060 0
78061 1
78062 2
78063 3
78064 4
78065 5
78066 6
78067 7
78068 8
78069 9
78070 0
78071 1
78072 2
78073 3
78074 4
78075 5
78076 6
78077 7
78078 8
78079 9
78080 0
78081 1
78082 2
78083 3
78084 4
78085 5
78086 6
78087 7
78088 8
78089 9
78090 0
78091 1
78092 2
78093 3
78094 4
78095 5
78096 6
78097 7
78098 8
78099 9
78100 0
78101 1
78102 2
78103 3
78104 4
78105 5
78106 6
78107 7
78108 8
78109 9
78110 0
78111 1
78112 2
78113 3
78114 4
78115 5
78116 6
78117 7
78118 8
78119 9
78120 0
78121 1
78122 2
78123 3
78124 4
78125 5
78126 6
78127 7
78128 8
78129 9
78130 0
78131 1
78132 2
78133 3
78134 4
78135 5
78136 6
78137 7
78138 8
78139 9
78140 0
78141 1
78142 2
78143 3
78144 4
78145 5
78146 6
78147 7
78148 8
78149 9
78150 0
78151 1
78152 2
78153 3
78154 4
78155 5
78156 6
78157 7
78158 8
78159 9
78160 0
78161 1
78162 2
78163 3
78164 4
78165 5
78166 6
78167 7
78168 8
78169 9
78170 0
78171 1
78172 2
78173 3
78174 4
78175 5
78176 6
78177 7
78178 8
78179 9
78180 0
78181 1
78182 2
78183 3
78184 4
78185 5
78186 6
78187 7
78188 8
78189 9
78190 0
78191 1
78192 2
78193 3
78194 4
78195 5
78196 6
78197 7
78198 8
78199 9
78200 0
78201 1
78202 2
78203 3
78204 4
78205 5
78206 6
78207 7
78208 8
78209 9
78210 0
78211 1
78212 2
78213 3
78214 4
78215 5
78216 6
78217 7
78218 8
78219 9
78220 0
78221 1
78222 2
78223 3
78224 4
78225 5
78226 6
78227 7
78228 8
78229 9
78230 0
78231 1
78232 2
78233 3
78234 4
78235 5
78236 6
78237 7
78238 8
78239 9
78240 0
78241 1
78242 2
78243 3
78244 4
78245 5
78246 6
78247 7
78248 8
78249 9
78250 0
78251 1
78252 2
78253 3
78254 4
78255 5
78256 6
78257 7
78258 8
78259 9
78260 0
78261 1
78262 2
78263 3
78264 4
78265 5
78266 6
78267 7
78268 8
78269 9
78270 0
78271 1
78272 2
78273 3
78274 4
78275 5
78276 6
78277 7
78278 8
78279 9
78280 0
78281 1
78282 2
78283 3
78284 4
78285 5
78286 6
78287 7
78288 8
78289 9
78290 0
78291 1
78292 2
78293 3
78294 4
78295 5
78296 6
78297 7
78298 8
78299 9
78300 0
78301 1
78302 2
78303 3
78304 4
78305 5
78306 6
78307 7
78308 8
78309 9
78310 0
78311 1
78312 2
78313 3
78314 4
78315 5
78316 6
78317 7
78318 8
78319 9
78320 0
78321 1
78322 2
78323 3
78324 4
78325 5
78326 6
78327 7
78328 8
78329 9
78330 0
78331 1
78332 2
78333 3
78334 4
78335 5
78336 6
78337 7
78338 8
78339 9
78340 0
78341 1
78342 2
78343 3
78344 4
78345 5
78346 6
78347 7
78348 8
78349 9
78350 0
78351 1
78352 2
78353 3
78354 4
78355 5
78356 6
78357 7
78358 8
78359 9
78360 0
78361 1
78362 2
78363 3
78364 4
78365 5
78366 6
78367 7
78368 8
78369 9
78370 0
78371 1
78372 2
78373 3
78374 4
78375 5
78376 6
78377 7
78378 8
78379 9
78380 0
78381 1
78382 2
78383 3
78384 4
78385 5
78386 6
78387 7
78388 8
78389 9
78390 0
78391 1
78392 2
78393 3
78394 4
78395 5
78396 6
78397 7
78398 8
78399 9
78400 0
78401 1
78402 2
78403 3
78404 4
78405 5
78406 6
78407 7
78408 8
78409 9
78410 0
78411 1
78412 2
78413 3
78414 4
78415 5
78416 6
78417 7
78418 8
78419 9
78420 0
78421 1
78422 2
78423 3
78424 4
78425 5
78426 6
78427 7
78428 8
78429 9
78430 0
78431 1
78432 2
78433 3
78434 4
78435 5
78436 6
78437 7
78438 8
78439 9
78440 0
78441 1
78442 2
78443 3
78444 4
78445 5
78446 6
78447 7
78448 8
78449 9
78450 0
78451 1
78452 2
78453 3
78454 4
78455 5
78456 6
78457 7
78458 8
78459 9
78460 0
78461 1
78462 2
78463 3
78464 4
78465 5
78466 6
78467 7
78468 8
78469 9
78470 0
78471 1
78472 2
78473 3
78474 4
78475 5
78476 6
78477 7
78478 8
78479 9
78480 0
78481 1
78482 2
78483 3
78484 4
78485 5
78486 6
78487 7
78488 8
78489 9
78490 0
78491 1
78492 2
78493 3
78494 4
78495 5
78496 6
78497 7
78498 8
78499 9
78500 0
78501 1
78502 2
78503 3
78504 4
78505 5
78506 6
78507 7
78508 8
78509 9
78510 0
78511 1
78512 2
78513 3
78514 4
78515 5
78516 6
78517 7
78518 8
78519 9
78520 0
78521 1
78522 2
78523 3
78524 4
78525 5
78526 6
78527 7
78528 8
78529 9
78530 0
78531 1
78532 2
78533 3
78534 4
78535 5
78536 6
78537 7
78538 8
78539 9
78540 0
78541 1
78542 2
78543 3
78544 4
78545 5
78546 6
78547 7
78548 8
78549 9
78550 0
78551 1
78552 2
78553 3
78554 4
78555 5
78556 6
78557 7
78558 8
78559 9
78560 0
78561 1
78562 2
78563 3
78564 4
78565 5
78566 6
78567 7
78568 8
78569 9
78570 0
78571 1
78572 2
78573 3
78574 4
78575 5
78576 6
78577 7
78578 8
78579 9
78580 0
78581 1
78582 2
78583 3
78584 4
78585 5
78586 6
78587 7
78588 8
78589 9
78590 0
78591 1
78592 2
78593 3
78594 4
78595 5
78596 6
78597 7
78598 8
78599 9
78600 0
78601 1
78602 2
78603 3
78604 4
78605 5
78606 6
78607 7
78608 8
78609 9
78610 0
78611 1
78612 2
78613 3
78614 4
78615 5
78616 6
78617 7
78618 8
78619 9
78620 0
78621 1
78622 2
78623 3
78624 4
78625 5
78626 6
78627 7
78628 8
78629 9
78630 0
78631 1
78632 2
78633 3
78634 4
78635 5
78636 6
78637 7
78638 8
78639 9
78640 0
78641 1
78642 2
78643 3
78644 4
78645 5
78646 6
78647 7
78648 8
78649 9
78650 0
78651 1
78652 2
78653 3
78654 4
78655 5
78656 6
78657 7
78658 8
78659 9
78660 0
78661 1
78662 2
78663 3
78664 4
78665 5
78666 6
78667 7
78668 8
78669 9
78670 0
78671 1
78672 2
78673 3
78674 4
78675 5
78676 6
78677 7
78678 8
78679 9
78680 0
78681 1
78682 2
78683 3
78684 4
78685 5
78686 6
78687 7
78688 8
78689 9
78690 0
78691 1
78692 2
78693 3
78694 4
78695 5
78696 6
78697 7
78698 8
78699 9
78700 0
78701 1
78702 2
78703 3
78704 4
78705 5
78706 6
78707 7
78708 8
78709 9
78710 0
78711 1
78712 2
78713 3
78714 4
78715 5
78716 6
78717 7
78718 8
78719 9
78720 0
78721 1
78722 2
78723 3
78724 4
78725 5
78726 6
78727 7
78728 8
78729 9
78730 0
78731 1
78732 2
78733 3
78734 4
78735 5
78736 6
78737 7
78738 8
78739 9
78740 0
78741 1
78742 2
78743 3
78744 4
78745 5
78746 6
78747 7
78748 8
78749 9
78750 0
78751 1
78752 2
78753 3
78754 4
78755 5
78756 6
78757 7
78758 8
78759 9
78760 0
78761 1
78762 2
78763 3
78764 4
78765 5
78766 6
78767 7
78768 8
78769 9
78770 0
78771 1
78772 2
78773 3
78774 4
78775 5
78776 6
78777 7
78778 8
78779 9
78780 0
78781 1
78782 2
78783 3
78784 4
78785 5
78786 6
78787 7
78788 8
78789 9
78790 0
78791 1
78792 2
78793 3
78794 4
78795 5
78796 6
78797 7
78798 8
78799 9
78800 0
78801 1
78802 2
78803 3
78804 4
78805 5
78806 6
78807 7
78808 8
78809 9
78810 0
78811 1
78812 2
78813 3
78814 4
78815 5
78816 6
78817 7
78818 8
78819 9
78820 0
78821 1
78822 2
78823 3
78824 4
78825 5
78826 6
78827 7
78828 8
78829 9
78830 0
78831 1
78832 2
78833 3
78834 4
78835 5
78836 6
78837 7
78838 8
78839 9
78840 0
78841 1
78842 2
78843 3
78844 4
78845 5
78846 6
78847 7
78848 8
78849 9
78850 0
78851 1
78852 2
78853 3
78854 4
78855 5
78856 6
78857 7
78858 8
78859 9
78860 0
78861 1
78862 2
78863 3
78864 4
78865 5
78866 6
78867 7
78868 8
78869 9
78870 0
78871 1
78872 2
78873 3
78874 4
78875 5
78876 6
78877 7
78878 8
78879 9
78880 0
78881 1
78882 2
78883 3
78884 4
78885 5
78886 6
78887 7
78888 8
78889 9
78890 0
78891 1
78892 2
78893 3
78894 4
78895 5
78896 6
78897 7
78898 8
78899 9
78900 0
78901 1
78902 2
78903 3
78904 4
78905 5
78906 6
78907 7
78908 8
78909 9
78910 0
78911 1
78912 2
78913 3
78914 4
78915 5
78916 6
78917 7
78918 8
78919 9
78920 0
78921 1
78922 2
78923 3
78924 4
78925 5
78926 6
78927 7
78928 8
78929 9
78930 0
78931 1
78932 2
78933 3
78934 4
78935 5
78936 6
78937 7
78938 8
78939 9
78940 0
78941 1
78942 2
78943 3
78944 4
78945 5
78946 6
78947 7
78948 8
78949 9
78950 0
78951 1
78952 2
78953 3
78954 4
78955 5
78956 6
78957 7
78958 8
78959 9
78960 0
78961 1
78962 2
78963 3
78964 4
78965 5
78966 6
78967 7
78968 8
78969 9
78970 0
78971 1
78972 2
78973 3
78974 4
78975 5
78976 6
78977 7
78978 8
78979 9
78980 0
78981 1
78982 2
78983 3
78984 4
78985 5
78986 6
78987 7
78988 8
78989 9
78990 0
78991 1
78992 2
78993 3
78994 4
78995 5
78996 6
78997 7
78998 8
78999 9
79000 0
79001 1
79002 2
79003 3
79004 4
79005 5
79006 6
79007 7
79008 8
79009 9
79010 0
79011 1
79012 2
79013 3
79014 4
79015 5
79016 6
79017 7
79018 8
79019 9
79020 0
79021 1
79022 2
79023 3
79024 4
79025 5
79026 6
79027 7
79028 8
79029 9
79030 0
79031 1
79032 2
79033 3
79034 4
79035 5
79036 6
79037 7
79038 8
79039 9
79040 0
79041 1
79042 2
79043 3
79044 4
79045 5
79046 6
79047 7
79048 8
79049 9
79050 0
79051 1
79052 2
79053 3
79054 4
79055 5
79056 6
79057 7
79058 8
79059 9
79060 0
79061 1
79062 2
79063 3
79064 4
79065 5
79066 6
79067 7
79068 8
79069 9
79070 0
79071 1
79072 2
79073 3
79074 4
79075 5
79076 6
79077 7
79078 8
79079 9
79080 0
79081 1
79082 2
79083 3
79084 4
79085 5
79086 6
79087 7
79088 8
79089 9
79090 0
79091 1
79092 2
79093 3
79094 4
79095 5
79096 6
79097 7
79098 8
79099 9
79100 0
79101 1
79102 2
79103 3
79104 4
79105 5
79106 6
79107 7
79108 8
79109 9
79110 0
79111 1
79112 2
79113 3
79114 4
79115 5
79116 6
79117 7
79118 8
79119 9
79120 0
79121 1
79122 2
79123 3
79124 4
79125 5
79126 6
79127 7
79128 8
79129 9
79130 0
79131 1
79132 2
79133 3
79134 4
79135 5
79136 6
79137 7
79138 8
79139 9
79140 0
79141 1
79142 2
79143 3
79144 4
79145 5
79146 6
79147 7
79148 8
79149 9
79150 0
79151 1
79152 2
79153 3
79154 4
79155 5
79156 6
79157 7
79158 8
79159 9
79160 0
79161 1
79162 2
79163 3
79164 4
79165 5
79166 6
79167 7
79168 8
79169 9
79170 0
79171 1
79172 2
79173 3
79174 4
79175 5
79176 6
79177 7
79178 8
79179 9
79180 0
79181 1
79182 2
79183 3
79184 4
79185 5
79186 6
79187 7
79188 8
79189 9
79190 0
79191 1
79192 2
79193 3
79194 4
79195 5
79196 6
79197 7
79198 8
79199 9
79200 0
79201 1
79202 2
79203 3
79204 4
79205 5
79206 6
79207 7
79208 8
79209 9
79210 0
79211 1
79212 2
79213 3
79214 4
79215 5
79216 6
79217 7
79218 8
79219 9
79220 0
79221 1
79222 2
79223 3
79224 4
79225 5
79226 6
79227 7
79228 8
79229 9
79230 0
79231 1
79232 2
79233 3
79234 4
79235 5
79236 6
79237 7
79238 8
79239 9
79240 0
79241 1
79242 2
79243 3
79244 4
79245 5
79246 6
79247 7
79248 8
79249 9
79250 0
79251 1
79252 2
79253 3
79254 4
79255 5
79256 6
79257 7
79258 8
79259 9
79260 0
79261 1
79262 2
79263 3
79264 4
79265 5
79266 6
79267 7
79268 8
79269 9
79270 0
79271 1
79272 2
79273 3
79274 4
79275 5
79276 6
79277 7
79278 8
79279 9
79280 0
79281 1
79282 2
79283 3
79284 4
79285 5
79286 6
79287 7
79288 8
79289 9
79290 0
79291 1
79292 2
79293 3
79294 4
79295 5
79296 6
79297 7
79298 8
79299 9
79300 0
79301 1
79302 2
79303 3
79304 4
79305 5
79306 6
79307 7
79308 8
79309 9
79310 0
79311 1
79312 2
79313 3
79314 4
79315 5
79316 6
79317 7
79318 8
79319 9
79320 0
79321 1
79322 2
79323 3
79324 4
79325 5
79326 6
79327 7
79328 8
79329 9
79330 0
79331 1
79332 2
79333 3
79334 4
79335 5
79336 6
79337 7
79338 8
79339 9
79340 0
79341 1
79342 2
79343 3
79344 4
79345 5
79346 6
79347 7
79348 8
79349 9
79350 0
79351 1
79352 2
79353 3
79354 4
79355 5
79356 6
79357 7
79358 8
79359 9
79360 0
79361 1
79362 2
79363 3
79364 4
79365 5
79366 6
79367 7
79368 8
79369 9
79370 0
79371 1
79372 2
79373 3
79374 4
79375 5
79376 6
79377 7
79378 8
79379 9
79380 0
79381 1
79382 2
79383 3
79384 4
79385 5
79386 6
79387 7
79388 8
79389 9
79390 0
79391 1
79392 2
79393 3
79394 4
79395 5
79396 6
79397 7
79398 8
79399 9
79400 0
79401 1
79402 2
79403 3
79404 4
79405 5
79406 6
79407 7
79408 8
79409 9
79410 0
79411 1
79412 2
79413 3
79414 4
79415 5
79416 6
79417 7
79418 8
79419 9
79420 0
79421 1
79422 2
79423 3
79424 4
79425 5
79426 6
79427 7
79428 8
79429 9
79430 0
79431 1
79432 2
79433 3
79434 4
79435 5
79436 6
79437 7
79438 8
79439 9
79440 0
79441 1
79442 2
79443 3
79444 4
79445 5
79446 6
79447 7
79448 8
79449 9
79450 0
79451 1
79452 2
79453 3
79454 4
79455 5
79456 6
79457 7
79458 8
79459 9
79460 0
79461 1
79462 2
79463 3
79464 4
79465 5
79466 6
79467 7
79468 8
79469 9
79470 0
79471 1
79472 2
79473 3
79474 4
79475 5
79476 6
79477 7
79478 8
79479 9
79480 0
79481 1
79482 2
79483 3
79484 4
79485 5
79486 6
79487 7
79488 8
79489 9
79490 0
79491 1
79492 2
79493 3
79494 4
79495 5
79496 6
79497 7
79498 8
79499 9
79500 0
79501 1
79502 2
79503 3
79504 4
79505 5
79506 6
79507 7
79508 8
79509 9
79510 0
79511 1
79512 2
79513 3
79514 4
79515 5
79516 6
79517 7
79518 8
79519 9
79520 0
79521 1
79522 2
79523 3
79524 4
79525 5
79526 6
79527 7
79528 8
79529 9
79530 0
79531 1
79532 2
79533 3
79534 4
79535 5
79536 6
79537 7
79538 8
79539 9
79540 0
79541 1
79542 2
79543 3
79544 4
79545 5
79546 6
79547 7
79548 8
79549 9
79550 0
79551 1
79552 2
79553 3
79554 4
79555 5
79556 6
79557 7
79558 8
79559 9
79560 0
79561 1
79562 2
79563 3
79564 4
79565 5
79566 6
79567 7
79568 8
79569 9
79570 0
79571 1
79572 2
79573 3
79574 4
79575 5
79576 6
79577 7
79578 8
79579 9
79580 0
79581 1
79582 2
79583 3
79584 4
79585 5
79586 6
79587 7
79588 8
79589 9
79590 0
79591 1
79592 2
79593 3
79594 4
79595 5
79596 6
79597 7
79598 8
79599 9
79600 0
79601 1
79602 2
79603 3
79604 4
79605 5
79606 6
79607 7
79608 8
79609 9
79610 0
79611 1
79612 2
79613 3
79614 4
79615 5
79616 6
79617 7
79618 8
79619 9
79620 0
79621 1
79622 2
79623 3
79624 4
79625 5
79626 6
79627 7
79628 8
79629 9
79630 0
79631 1
79632 2
79633 3
79634 4
79635 5
79636 6
79637 7
79638 8
79639 9
79640 0
79641 1
79642 2
79643 3
79644 4
79645 5
79646 6
79647 7
79648 8
79649 9
79650 0
79651 1
79652 2
79653 3
79654 4
79655 5
79656 6
79657 7
79658 8
79659 9
79660 0
79661 1
79662 2
79663 3
79664 4
79665 5
79666 6
79667 7
79668 8
79669 9
79670 0
79671 1
79672 2
79673 3
79674 4
79675 5
79676 6
79677 7
79678 8
79679 9
79680 0
79681 1
79682 2
79683 3
79684 4
79685 5
79686 6
79687 7
79688 8
79689 9
79690 0
79691 1
79692 2
79693 3
79694 4
79695 5
79696 6
79697 7
79698 8
79699 9
79700 0
79701 1
79702 2
79703 3
79704 4
79705 5
79706 6
79707 7
79708 8
79709 9
79710 0
79711 1
79712 2
79713 3
79714 4
79715 5
79716 6
79717 7
79718 8
79719 9
79720 0
79721 1
79722 2
79723 3
79724 4
79725 5
79726 6
79727 7
79728 8
79729 9
79730 0
79731 1
79732 2
79733 3
79734 4
79735 5
79736 6
79737 7
79738 8
79739 9
79740 0
79741 1
79742 2
79743 3
79744 4
79745 5
79746 6
79747 7
79748 8
79749 9
79750 0
79751 1
79752 2
79753 3
79754 4
79755 5
79756 6
79757 7
79758 8
79759 9
79760 0
79761 1
79762 2
79763 3
79764 4
79765 5
79766 6
79767 7
79768 8
79769 9
79770 0
79771 1
79772 2
79773 3
79774 4
79775 5
79776 6
79777 7
79778 8
79779 9
79780 0
79781 1
79782 2
79783 3
79784 4
79785 5
79786 6
79787 7
79788 8
79789 9
79790 0
79791 1
79792 2
79793 3
79794 4
79795 5
79796 6
79797 7
79798 8
79799 9
79800 0
79801 1
79802 2
79803 3
79804 4
79805 5
79806 6
79807 7
79808 8
79809 9
79810 0
79811 1
79812 2
79813 3
79814 4
79815 5
79816 6
79817 7
79818 8
79819 9
79820 0
79821 1
79822 2
79823 3
79824 4
79825 5
79826 6
79827 7
79828 8
79829 9
79830 0
79831 1
79832 2
79833 3
79834 4
79835 5
79836 6
79837 7
79838 8
79839 9
79840 0
79841 1
79842 2
79843 3
79844 4
79845 5
79846 6
79847 7
79848 8
79849 9
79850 0
79851 1
79852 2
79853 3
79854 4
79855 5
79856 6
79857 7
79858 8
79859 9
79860 0
79861 1
79862 2
79863 3
79864 4
79865 5
79866 6
79867 7
79868 8
79869 9
79870 0
79871 1
79872 2
79873 3
79874 4
79875 5
79876 6
79877 7
79878 8
79879 9
79880 0
79881 1
79882 2
79883 3
79884 4
79885 5
79886 6
79887 7
79888 8
79889 9
79890 0
79891 1
79892 2
79893 3
79894 4
79895 5
79896 6
79897 7
79898 8
79899 9
79900 0
79901 1
79902 2
79903 3
79904 4
79905 5
79906 6
79907 7
79908 8
79909 9
79910 0
79911 1
79912 2
79913 3
79914 4
79915 5
79916 6
79917 7
79918 8
79919 9
79920 0
79921 1
79922 2
79923 3
79924 4
79925 5
79926 6
79927 7
79928 8
79929 9
79930 0
79931 1
79932 2
79933 3
79934 4
79935 5
79936 6
79937 7
79938 8
79939 9
79940 0
79941 1
79942 2
79943 3
79944 4
79945 5
79946 6
79947 7
79948 8
79949 9
79950 0
79951 1
79952 2
79953 3
79954 4
79955 5
79956 6
79957 7
79958 8
79959 9
79960 0
79961 1
79962 2
79963 3
79964 4
79965 5
79966 6
79967 7
79968 8
79969 9
79970 0
79971 1
79972 2
79973 3
79974 4
79975 5
79976 6
79977 7
79978 8
79979 9
79980 0
79981 1
79982 2
79983 3
79984 4
79985 5
79986 6
79987 7
79988 8
79989 9
79990 0
79991 1
79992 2
79993 3
79994 4
79995 5
79996 6
79997 7
79998 8
79999 9
80000 0
80001 1
80002 2
80003 3
80004 4
80005 5
80006 6
80007 7
80008 8
80009 9
80010 0
80011 1
80012 2
80013 3
80014 4
80015 5
80016 6
80017 7
80018 8
80019 9
80020 0
80021 1
80022 2
80023 3
80024 4
80025 5
80026 6
80027 7
80028 8
80029 9
80030 0
80031 1
80032 2
80033 3
80034 4
80035 5
80036 6
80037 7
80038 8
80039 9
80040 0
80041 1
80042 2
80043 3
80044 4
80045 5
80046 6
80047 7
80048 8
80049 9
80050 0
80051 1
80052 2
80053 3
80054 4
80055 5
80056 6
80057 7
80058 8
80059 9
80060 0
80061 1
80062 2
80063 3
80064 4
80065 5
80066 6
80067 7
80068 8
80069 9
80070 0
80071 1
80072 2
80073 3
80074 4
80075 5
80076 6
80077 7
80078 8
80079 9
80080 0
80081 1
80082 2
80083 3
80084 4
80085 5
80086 6
80087 7
80088 8
80089 9
80090 0
80091 1
80092 2
80093 3
80094 4
80095 5
80096 6
80097 7
80098 8
80099 9
80100 0
80101 1
80102 2
80103 3
80104 4
80105 5
80106 6
80107 7
80108 8
80109 9
80110 0
80111 1
80112 2
80113 3
80114 4
80115 5
80116 6
80117 7
80118 8
80119 9
80120 0
80121 1
80122 2
80123 3
80124 4
80125 5
80126 6
80127 7
80128 8
80129 9
80130 0
80131 1
80132 2
80133 3
80134 4
80135 5
80136 6
80137 7
80138 8
80139 9
80140 0
80141 1
80142 2
80143 3
80144 4
80145 5
80146 6
80147 7
80148 8
80149 9
80150 0
80151 1
80152 2
80153 3
80154 4
80155 5
80156 6
80157 7
80158 8
80159 9
80160 0
80161 1
80162 2
80163 3
80164 4
80165 5
80166 6
80167 7
80168 8
80169 9
80170 0
80171 1
80172 2
80173 3
80174 4
80175 5
80176 6
80177 7
80178 8
80179 9
80180 0
80181 1
80182 2
80183 3
80184 4
80185 5
80186 6
80187 7
80188 8
80189 9
80190 0
80191 1
80192 2
80193 3
80194 4
80195 5
80196 6
80197 7
80198 8
80199 9
80200 0
80201 1
80202 2
80203 3
80204 4
80205 5
80206 6
80207 7
80208 8
80209 9
80210 0
80211 1
80212 2
80213 3
80214 4
80215 5
80216 6
80217 7
80218 8
80219 9
80220 0
80221 1
80222 2
80223 3
80224 4
80225 5
80226 6
80227 7
80228 8
80229 9
80230 0
80231 1
80232 2
80233 3
80234 4
80235 5
80236 6
80237 7
80238 8
80239 9
80240 0
80241 1
80242 2
80243 3
80244 4
80245 5
80246 6
80247 7
80248 8
80249 9
80250 0
80251 1
80252 2
80253 3
80254 4
80255 5
80256 6
80257 7
80258 8
80259 9
80260 0
80261 1
80262 2
80263 3
80264 4
80265 5
80266 6
80267 7
80268 8
80269 9
80270 0
80271 1
80272 2
80273 3
80274 4
80275 5
80276 6
80277 7
80278 8
80279 9
80280 0
80281 1
80282 2
80283 3
80284 4
80285 5
80286 6
80287 7
80288 8
80289 9
80290 0
80291 1
80292 2
80293 3
80294 4
80295 5
80296 6
80297 7
80298 8
80299 9
80300 0
80301 1
80302 2
80303 3
80304 4
80305 5
80306 6
80307 7
80308 8
80309 9
80310 0
80311 1
80312 2
80313 3
80314 4
80315 5
80316 6
80317 7
80318 8
80319 9
80320 0
80321 1
80322 2
80323 3
80324 4
80325 5
80326 6
80327 7
80328 8
80329 9
80330 0
80331 1
80332 2
80333 3
80334 4
80335 5
80336 6
80337 7
80338 8
80339 9
80340 0
80341 1
80342 2
80343 3
80344 4
80345 5
80346 6
80347 7
80348 8
80349 9
80350 0
80351 1
80352 2
80353 3
80354 4
80355 5
80356 6
80357 7
80358 8
80359 9
80360 0
80361 1
80362 2
80363 3
80364 4
80365 5
80366 6
80367 7
80368 8
80369 9
80370 0
80371 1
80372 2
80373 3
80374 4
80375 5
80376 6
80377 7
80378 8
80379 9
80380 0
80381 1
80382 2
80383 3
80384 4
80385 5
80386 6
80387 7
80388 8
80389 9
80390 0
80391 1
80392 2
80393 3
80394 4
80395 5
80396 6
80397 7
80398 8
80399 9
80400 0
80401 1
80402 2
80403 3
80404 4
80405 5
80406 6
80407 7
80408 8
80409 9
80410 0
80411 1
80412 2
80413 3
80414 4
80415 5
80416 6
80417 7
80418 8
80419 9
80420 0
80421 1
80422 2
80423 3
80424 4
80425 5
80426 6
80427 7
80428 8
80429 9
80430 0
80431 1
80432 2
80433 3
80434 4
80435 5
80436 6
80437 7
80438 8
80439 9
80440 0
80441 1
80442 2
80443 3
80444 4
80445 5
80446 6
80447 7
80448 8
80449 9
80450 0
80451 1
80452 2
80453 3
80454 4
80455 5
80456 6
80457 7
80458 8
80459 9
80460 0
80461 1
80462 2
80463 3
80464 4
80465 5
80466 6
80467 7
80468 8
80469 9
80470 0
80471 1
80472 2
80473 3
80474 4
80475 5
80476 6
80477 7
80478 8
80479 9
80480 0
80481 1
80482 2
80483 3
80484 4
80485 5
80486 6
80487 7
80488 8
80489 9
80490 0
80491 1
80492 2
80493 3
80494 4
80495 5
80496 6
80497 7
80498 8
80499 9
80500 0
80501 1
80502 2
80503 3
80504 4
80505 5
80506 6
80507 7
80508 8
80509 9
80510 0
80511 1
80512 2
80513 3
80514 4
80515 5
80516 6
80517 7
80518 8
80519 9
80520 0
80521 1
80522 2
80523 3
80524 4
80525 5
80526 6
80527 7
80528 8
80529 9
80530 0
80531 1
80532 2
80533 3
80534 4
80535 5
80536 6
80537 7
80538 8
80539 9
80540 0
80541 1
80542 2
80543 3
80544 4
80545 5
80546 6
80547 7
80548 8
80549 9
80550 0
80551 1
80552 2
80553 3
80554 4
80555 5
80556 6
80557 7
80558 8
80559 9
80560 0
80561 1
80562 2
80563 3
80564 4
80565 5
80566 6
80567 7
80568 8
80569 9
80570 0
80571 1
80572 2
80573 3
80574 4
80575 5
80576 6
80577 7
80578 8
80579 9
80580 0
80581 1
80582 2
80583 3
80584 4
80585 5
80586 6
80587 7
80588 8
80589 9
80590 0
80591 1
80592 2
80593 3
80594 4
80595 5
80596 6
80597 7
80598 8
80599 9
80600 0
80601 1
80602 2
80603 3
80604 4
80605 5
80606 6
80607 7
80608 8
80609 9
80610 0
80611 1
80612 2
80613 3
80614 4
80615 5
80616 6
80617 7
80618 8
80619 9
80620 0
80621 1
80622 2
80623 3
80624 4
80625 5
80626 6
80627 7
80628 8
80629 9
80630 0
80631 1
80632 2
80633 3
80634 4
80635 5
80636 6
80637 7
80638 8
80639 9
80640 0
80641 1
80642 2
80643 3
80644 4
80645 5
80646 6
80647 7
80648 8
80649 9
80650 0
80651 1
80652 2
80653 3
80654 4
80655 5
80656 6
80657 7
80658 8
80659 9
80660 0
80661 1
80662 2
80663 3
80664 4
80665 5
80666 6
80667 7
80668 8
80669 9
80670 0
80671 1
80672 2
80673 3
80674 4
80675 5
80676 6
80677 7
80678 8
80679 9
80680 0
80681 1
80682 2
80683 3
80684 4
80685 5
80686 6
80687 7
80688 8
80689 9
80690 0
80691 1
80692 2
80693 3
80694 4
80695 5
80696 6
80697 7
80698 8
80699 9
80700 0
80701 1
80702 2
80703 3
80704 4
80705 5
80706 6
80707 7
80708 8
80709 9
80710 0
80711 1
80712 2
80713 3
80714 4
80715 5
80716 6
80717 7
80718 8
80719 9
80720 0
80721 1
80722 2
80723 3
80724 4
80725 5
80726 6
80727 7
80728 8
80729 9
80730 0
80731 1
80732 2
80733 3
80734 4
80735 5
80736 6
80737 7
80738 8
80739 9
80740 0
80741 1
80742 2
80743 3
80744 4
80745 5
80746 6
80747 7
80748 8
80749 9
80750 0
80751 1
80752 2
80753 3
80754 4
80755 5
80756 6
80757 7
80758 8
80759 9
80760 0
80761 1
80762 2
80763 3
80764 4
80765 5
80766 6
80767 7
80768 8
80769 9
80770 0
80771 1
80772 2
80773 3
80774 4
80775 5
80776 6
80777 7
80778 8
80779 9
80780 0
80781 1
80782 2
80783 3
80784 4
80785 5
80786 6
80787 7
80788 8
80789 9
80790 0
80791 1
80792 2
80793 3
80794 4
80795 5
80796 6
80797 7
80798 8
80799 9
80800 0
80801 1
80802 2
80803 3
80804 4
80805 5
80806 6
80807 7
80808 8
80809 9
80810 0
80811 1
80812 2
80813 3
80814 4
80815 5
80816 6
80817 7
80818 8
80819 9
80820 0
80821 1
80822 2
80823 3
80824 4
80825 5
80826 6
80827 7
80828 8
80829 9
80830 0
80831 1
80832 2
80833 3
80834 4
80835 5
80836 6
80837 7
80838 8
80839 9
80840 0
80841 1
80842 2
80843 3
80844 4
80845 5
80846 6
80847 7
80848 8
80849 9
80850 0
80851 1
80852 2
80853 3
80854 4
80855 5
80856 6
80857 7
80858 8
80859 9
80860 0
80861 1
80862 2
80863 3
80864 4
80865 5
80866 6
80867 7
80868 8
80869 9
80870 0
80871 1
80872 2
80873 3
80874 4
80875 5
80876 6
80877 7
80878 8
80879 9
80880 0
80881 1
80882 2
80883 3
80884 4
80885 5
80886 6
80887 7
80888 8
80889 9
80890 0
80891 1
80892 2
80893 3
80894 4
80895 5
80896 6
80897 7
80898 8
80899 9
80900 0
80901 1
80902 2
80903 3
80904 4
80905 5
80906 6
80907 7
80908 8
80909 9
80910 0
80911 1
80912 2
80913 3
80914 4
80915 5
80916 6
80917 7
80918 8
80919 9
80920 0
80921 1
80922 2
80923 3
80924 4
80925 5
80926 6
80927 7
80928 8
80929 9
80930 0
80931 1
80932 2
80933 3
80934 4
80935 5
80936 6
80937 7
80938 8
80939 9
80940 0
80941 1
80942 2
80943 3
80944 4
80945 5
80946 6
80947 7
80948 8
80949 9
80950 0
80951 1
80952 2
80953 3
80954 4
80955 5
80956 6
80957 7
80958 8
80959 9
80960 0
80961 1
80962 2
80963 3
80964 4
80965 5
80966 6
80967 7
80968 8
80969 9
80970 0
80971 1
80972 2
80973 3
80974 4
80975 5
80976 6
80977 7
80978 8
80979 9
80980 0
80981 1
80982 2
80983 3
80984 4
80985 5
80986 6
80987 7
80988 8
80989 9
80990 0
80991 1
80992 2
80993 3
80994 4
80995 5
80996 6
80997 7
80998 8
80999 9
81000 0
81001 1
81002 2
81003 3
81004 4
81005 5
81006 6
81007 7
81008 8
81009 9
81010 0
81011 1
81012 2
81013 3
81014 4
81015 5
81016 6
81017 7
81018 8
81019 9
81020 0
81021 1
81022 2
81023 3
81024 4
81025 5
81026 6
81027 7
81028 8
81029 9
81030 0
81031 1
81032 2
81033 3
81034 4
81035 5
81036 6
81037 7
81038 8
81039 9
81040 0
81041 1
81042 2
81043 3
81044 4
81045 5
81046 6
81047 7
81048 8
81049 9
81050 0
81051 1
81052 2
81053 3
81054 4
81055 5
81056 6
81057 7
81058 8
81059 9
81060 0
81061 1
81062 2
81063 3
81064 4
81065 5
81066 6
81067 7
81068 8
81069 9
81070 0
81071 1
81072 2
81073 3
81074 4
81075 5
81076 6
81077 7
81078 8
81079 9
81080 0
81081 1
81082 2
81083 3
81084 4
81085 5
81086 6
81087 7
81088 8
81089 9
81090 0
81091 1
81092 2
81093 3
81094 4
81095 5
81096 6
81097 7
81098 8
81099 9
81100 0
81101 1
81102 2
81103 3
81104 4
81105 5
81106 6
81107 7
81108 8
81109 9
81110 0
81111 1
81112 2
81113 3
81114 4
81115 5
81116 6
81117 7
81118 8
81119 9
81120 0
81121 1
81122 2
81123 3
81124 4
81125 5
81126 6
81127 7
81128 8
81129 9
81130 0
81131 1
81132 2
81133 3
81134 4
81135 5
81136 6
81137 7
81138 8
81139 9
81140 0
81141 1
81142 2
81143 3
81144 4
81145 5
81146 6
81147 7
81148 8
81149 9
81150 0
81151 1
81152 2
81153 3
81154 4
81155 5
81156 6
81157 7
81158 8
81159 9
81160 0
81161 1
81162 2
81163 3
81164 4
81165 5
81166 6
81167 7
81168 8
81169 9
81170 0
81171 1
81172 2
81173 3
81174 4
81175 5
81176 6
81177 7
81178 8
81179 9
81180 0
81181 1
81182 2
81183 3
81184 4
81185 5
81186 6
81187 7
81188 8
81189 9
81190 0
81191 1
81192 2
81193 3
81194 4
81195 5
81196 6
81197 7
81198 8
81199 9
81200 0
81201 1
81202 2
81203 3
81204 4
81205 5
81206 6
81207 7
81208 8
81209 9
81210 0
81211 1
81212 2
81213 3
81214 4
81215 5
81216 6
81217 7
81218 8
81219 9
81220 0
81221 1
81222 2
81223 3
81224 4
81225 5
81226 6
81227 7
81228 8
81229 9
81230 0
81231 1
81232 2
81233 3
81234 4
81235 5
81236 6
81237 7
81238 8
81239 9
81240 0
81241 1
81242 2
81243 3
81244 4
81245 5
81246 6
81247 7
81248 8
81249 9
81250 0
81251 1
81252 2
81253 3
81254 4
81255 5
81256 6
81257 7
81258 8
81259 9
81260 0
81261 1
81262 2
81263 3
81264 4
81265 5
81266 6
81267 7
81268 8
81269 9
81270 0
81271 1
81272 2
81273 3
81274 4
81275 5
81276 6
81277 7
81278 8
81279 9
81280 0
81281 1
81282 2
81283 3
81284 4
81285 5
81286 6
81287 7
81288 8
81289 9
81290 0
81291 1
81292 2
81293 3
81294 4
81295 5
81296 6
81297 7
81298 8
81299 9
81300 0
81301 1
81302 2
81303 3
81304 4
81305 5
81306 6
81307 7
81308 8
81309 9
81310 0
81311 1
81312 2
81313 3
81314 4
81315 5
81316 6
81317 7
81318 8
81319 9
81320 0
81321 1
81322 2
81323 3
81324 4
81325 5
81326 6
81327 7
81328 8
81329 9
81330 0
81331 1
81332 2
81333 3
81334 4
81335 5
81336 6
81337 7
81338 8
81339 9
81340 0
81341 1
81342 2
81343 3
81344 4
81345 5
81346 6
81347 7
81348 8
81349 9
81350 0
81351 1
81352 2
81353 3
81354 4
81355 5
81356 6
81357 7
81358 8
81359 9
81360 0
81361 1
81362 2
81363 3
81364 4
81365 5
81366 6
81367 7
81368 8
81369 9
81370 0
81371 1
81372 2
81373 3
81374 4
81375 5
81376 6
81377 7
81378 8
81379 9
81380 0
81381 1
81382 2
81383 3
81384 4
81385 5
81386 6
81387 7
81388 8
81389 9
81390 0
81391 1
81392 2
81393 3
81394 4
81395 5
81396 6
81397 7
81398 8
81399 9
81400 0
81401 1
81402 2
81403 3
81404 4
81405 5
81406 6
81407 7
81408 8
81409 9
81410 0
81411 1
81412 2
81413 3
81414 4
81415 5
81416 6
81417 7
81418 8
81419 9
81420 0
81421 1
81422 2
81423 3
81424 4
81425 5
81426 6
81427 7
81428 8
81429 9
81430 0
81431 1
81432 2
81433 3
81434 4
81435 5
81436 6
81437 7
81438 8
81439 9
81440 0
81441 1
81442 2
81443 3
81444 4
81445 5
81446 6
81447 7
81448 8
81449 9
81450 0
81451 1
81452 2
81453 3
81454 4
81455 5
81456 6
81457 7
81458 8
81459 9
81460 0
81461 1
81462 2
81463 3
81464 4
81465 5
81466 6
81467 7
81468 8
81469 9
81470 0
81471 1
81472 2
81473 3
81474 4
81475 5
81476 6
81477 7
81478 8
81479 9
81480 0
81481 1
81482 2
81483 3
81484 4
81485 5
81486 6
81487 7
81488 8
81489 9
81490 0
81491 1
81492 2
81493 3
81494 4
81495 5
81496 6
81497 7
81498 8
81499 9
81500 0
81501 1
81502 2
81503 3
81504 4
81505 5
81506 6
81507 7
81508 8
81509 9
81510 0
81511 1
81512 2
81513 3
81514 4
81515 5
81516 6
81517 7
81518 8
81519 9
81520 0
81521 1
81522 2
81523 3
81524 4
81525 5
81526 6
81527 7
81528 8
81529 9
81530 0
81531 1
81532 2
81533 3
81534 4
81535 5
81536 6
81537 7
81538 8
81539 9
81540 0
81541 1
81542 2
81543 3
81544 4
81545 5
81546 6
81547 7
81548 8
81549 9
81550 0
81551 1
81552 2
81553 3
81554 4
81555 5
81556 6
81557 7
81558 8
81559 9
81560 0
81561 1
81562 2
81563 3
81564 4
81565 5
81566 6
81567 7
81568 8
81569 9
81570 0
81571 1
81572 2
81573 3
81574 4
81575 5
81576 6
81577 7
81578 8
81579 9
81580 0
81581 1
81582 2
81583 3
81584 4
81585 5
81586 6
81587 7
81588 8
81589 9
81590 0
81591 1
81592 2
81593 3
81594 4
81595 5
81596 6
81597 7
81598 8
81599 9
81600 0
81601 1
81602 2
81603 3
81604 4
81605 5
81606 6
81607 7
81608 8
81609 9
81610 0
81611 1
81612 2
81613 3
81614 4
81615 5
81616 6
81617 7
81618 8
81619 9
81620 0
81621 1
81622 2
81623 3
81624 4
81625 5
81626 6
81627 7
81628 8
81629 9
81630 0
81631 1
81632 2
81633 3
81634 4
81635 5
81636 6
81637 7
81638 8
81639 9
81640 0
81641 1
81642 2
81643 3
81644 4
81645 5
81646 6
81647 7
81648 8
81649 9
81650 0
81651 1
81652 2
81653 3
81654 4
81655 5
81656 6
81657 7
81658 8
81659 9
81660 0
81661 1
81662 2
81663 3
81664 4
81665 5
81666 6
81667 7
81668 8
81669 9
81670 0
81671 1
81672 2
81673 3
81674 4
81675 5
81676 6
81677 7
81678 8
81679 9
81680 0
81681 1
81682 2
81683 3
81684 4
81685 5
81686 6
81687 7
81688 8
81689 9
81690 0
81691 1
81692 2
81693 3
81694 4
81695 5
81696 6
81697 7
81698 8
81699 9
81700 0
81701 1
81702 2
81703 3
81704 4
81705 5
81706 6
81707 7
81708 8
81709 9
81710 0
81711 1
81712 2
81713 3
81714 4
81715 5
81716 6
81717 7
81718 8
81719 9
81720 0
81721 1
81722 2
81723 3
81724 4
81725 5
81726 6
81727 7
81728 8
81729 9
81730 0
81731 1
81732 2
81733 3
81734 4
81735 5
81736 6
81737 7
81738 8
81739 9
81740 0
81741 1
81742 2
81743 3
81744 4
81745 5
81746 6
81747 7
81748 8
81749 9
81750 0
81751 1
81752 2
81753 3
81754 4
81755 5
81756 6
81757 7
81758 8
81759 9
81760 0
81761 1
81762 2
81763 3
81764 4
81765 5
81766 6
81767 7
81768 8
81769 9
81770 0
81771 1
81772 2
81773 3
81774 4
81775 5
81776 6
81777 7
81778 8
81779 9
81780 0
81781 1
81782 2
81783 3
81784 4
81785 5
81786 6
81787 7
81788 8
81789 9
81790 0
81791 1
81792 2
81793 3
81794 4
81795 5
81796 6
81797 7
81798 8
81799 9
81800 0
81801 1
81802 2
81803 3
81804 4
81805 5
81806 6
81807 7
81808 8
81809 9
81810 0
81811 1
81812 2
81813 3
81814 4
81815 5
81816 6
81817 7
81818 8
81819 9
81820 0
81821 1
81822 2
81823 3
81824 4
81825 5
81826 6
81827 7
81828 8
81829 9
81830 0
81831 1
81832 2
81833 3
81834 4
81835 5
81836 6
81837 7
81838 8
81839 9
81840 0
81841 1
81842 2
81843 3
81844 4
81845 5
81846 6
81847 7
81848 8
81849 9
81850 0
81851 1
81852 2
81853 3
81854 4
81855 5
81856 6
81857 7
81858 8
81859 9
81860 0
81861 1
81862 2
81863 3
81864 4
81865 5
81866 6
81867 7
81868 8
81869 9
81870 0
81871 1
81872 2
81873 3
81874 4
81875 5
81876 6
81877 7
81878 8
81879 9
81880 0
81881 1
81882 2
81883 3
81884 4
81885 5
81886 6
81887 7
81888 8
81889 9
81890 0
81891 1
81892 2
81893 3
81894 4
81895 5
81896 6
81897 7
81898 8
81899 9
81900 0
81901 1
81902 2
81903 3
81904 4
81905 5
81906 6
81907 7
81908 8
81909 9
81910 0
81911 1
81912 2
81913 3
81914 4
81915 5
81916 6
81917 7
81918 8
81919 9
81920 0
81921 1
81922 2
81923 3
81924 4
81925 5
81926 6
81927 7
81928 8
81929 9
81930 0
81931 1
81932 2
81933 3
81934 4
81935 5
81936 6
81937 7
81938 8
81939 9
81940 0
81941 1
81942 2
81943 3
81944 4
81945 5
81946 6
81947 7
81948 8
81949 9
81950 0
81951 1
81952 2
81953 3
81954 4
81955 5
81956 6
81957 7
81958 8
81959 9
81960 0
81961 1
81962 2
81963 3
81964 4
81965 5
81966 6
81967 7
81968 8
81969 9
81970 0
81971 1
81972 2
81973 3
81974 4
81975 5
81976 6
81977 7
81978 8
81979 9
81980 0
81981 1
81982 2
81983 3
81984 4
81985 5
81986 6
81987 7
81988 8
81989 9
81990 0
81991 1
81992 2
81993 3
81994 4
81995 5
81996 6
81997 7
81998 8
81999 9
82000 0
82001 1
82002 2
82003 3
82004 4
82005 5
82006 6
82007 7
82008 8
82009 9
82010 0
82011 1
82012 2
82013 3
82014 4
82015 5
82016 6
82017 7
82018 8
82019 9
82020 0
82021 1
82022 2
82023 3
82024 4
82025 5
82026 6
82027 7
82028 8
82029 9
82030 0
82031 1
82032 2
82033 3
82034 4
82035 5
82036 6
82037 7
82038 8
82039 9
82040 0
82041 1
82042 2
82043 3
82044 4
82045 5
82046 6
82047 7
82048 8
82049 9
82050 0
82051 1
82052 2
82053 3
82054 4
82055 5
82056 6
82057 7
82058 8
82059 9
82060 0
82061 1
82062 2
82063 3
82064 4
82065 5
82066 6
82067 7
82068 8
82069 9
82070 0
82071 1
82072 2
82073 3
82074 4
82075 5
82076 6
82077 7
82078 8
82079 9
82080 0
82081 1
82082 2
82083 3
82084 4
82085 5
82086 6
82087 7
82088 8
82089 9
82090 0
82091 1
82092 2
82093 3
82094 4
82095 5
82096 6
82097 7
82098 8
82099 9
82100 0
82101 1
82102 2
82103 3
82104 4
82105 5
82106 6
82107 7
82108 8
82109 9
82110 0
82111 1
82112 2
82113 3
82114 4
82115 5
82116 6
82117 7
82118 8
82119 9
82120 0
82121 1
82122 2
82123 3
82124 4
82125 5
82126 6
82127 7
82128 8
82129 9
82130 0
82131 1
82132 2
82133 3
82134 4
82135 5
82136 6
82137 7
82138 8
82139 9
82140 0
82141 1
82142 2
82143 3
82144 4
82145 5
82146 6
82147 7
82148 8
82149 9
82150 0
82151 1
82152 2
82153 3
82154 4
82155 5
82156 6
82157 7
82158 8
82159 9
82160 0
82161 1
82162 2
82163 3
82164 4
82165 5
82166 6
82167 7
82168 8
82169 9
82170 0
82171 1
82172 2
82173 3
82174 4
82175 5
82176 6
82177 7
82178 8
82179 9
82180 0
82181 1
82182 2
82183 3
82184 4
82185 5
82186 6
82187 7
82188 8
82189 9
82190 0
82191 1
82192 2
82193 3
82194 4
82195 5
82196 6
82197 7
82198 8
82199 9
82200 0
82201 1
82202 2
82203 3
82204 4
82205 5
82206 6
82207 7
82208 8
82209 9
82210 0
82211 1
82212 2
82213 3
82214 4
82215 5
82216 6
82217 7
82218 8
82219 9
82220 0
82221 1
82222 2
82223 3
82224 4
82225 5
82226 6
82227 7
82228 8
82229 9
82230 0
82231 1
82232 2
82233 3
82234 4
82235 5
82236 6
82237 7
82238 8
82239 9
82240 0
82241 1
82242 2
82243 3
82244 4
82245 5
82246 6
82247 7
82248 8
82249 9
82250 0
82251 1
82252 2
82253 3
82254 4
82255 5
82256 6
82257 7
82258 8
82259 9
82260 0
82261 1
82262 2
82263 3
82264 4
82265 5
82266 6
82267 7
82268 8
82269 9
82270 0
82271 1
82272 2
82273 3
82274 4
82275 5
82276 6
82277 7
82278 8
82279 9
82280 0
82281 1
82282 2
82283 3
82284 4
82285 5
82286 6
82287 7
82288 8
82289 9
82290 0
82291 1
82292 2
82293 3
82294 4
82295 5
82296 6
82297 7
82298 8
82299 9
82300 0
82301 1
82302 2
82303 3
82304 4
82305 5
82306 6
82307 7
82308 8
82309 9
82310 0
82311 1
82312 2
82313 3
82314 4
82315 5
82316 6
82317 7
82318 8
82319 9
82320 0
82321 1
82322 2
82323 3
82324 4
82325 5
82326 6
82327 7
82328 8
82329 9
82330 0
82331 1
82332 2
82333 3
82334 4
82335 5
82336 6
82337 7
82338 8
82339 9
82340 0
82341 1
82342 2
82343 3
82344 4
82345 5
82346 6
82347 7
82348 8
82349 9
82350 0
82351 1
82352 2
82353 3
82354 4
82355 5
82356 6
82357 7
82358 8
82359 9
82360 0
82361 1
82362 2
82363 3
82364 4
82365 5
82366 6
82367 7
82368 8
82369 9
82370 0
82371 1
82372 2
82373 3
82374 4
82375 5
82376 6
82377 7
82378 8
82379 9
82380 0
82381 1
82382 2
82383 3
82384 4
82385 5
82386 6
82387 7
82388 8
82389 9
82390 0
82391 1
82392 2
82393 3
82394 4
82395 5
82396 6
82397 7
82398 8
82399 9
82400 0
82401 1
82402 2
82403 3
82404 4
82405 5
82406 6
82407 7
82408 8
82409 9
82410 0
82411 1
82412 2
82413 3
82414 4
82415 5
82416 6
82417 7
82418 8
82419 9
82420 0
82421 1
82422 2
82423 3
82424 4
82425 5
82426 6
82427 7
82428 8
82429 9
82430 0
82431 1
82432 2
82433 3
82434 4
82435 5
82436 6
82437 7
82438 8
82439 9
82440 0
82441 1
82442 2
82443 3
82444 4
82445 5
82446 6
82447 7
82448 8
82449 9
82450 0
82451 1
82452 2
82453 3
82454 4
82455 5
82456 6
82457 7
82458 8
82459 9
82460 0
82461 1
82462 2
82463 3
82464 4
82465 5
82466 6
82467 7
82468 8
82469 9
82470 0
82471 1
82472 2
82473 3
82474 4
82475 5
82476 6
82477 7
82478 8
82479 9
82480 0
82481 1
82482 2
82483 3
82484 4
82485 5
82486 6
82487 7
82488 8
82489 9
82490 0
82491 1
82492 2
82493 3
82494 4
82495 5
82496 6
82497 7
82498 8
82499 9
82500 0
82501 1
82502 2
82503 3
82504 4
82505 5
82506 6
82507 7
82508 8
82509 9
82510 0
82511 1
82512 2
82513 3
82514 4
82515 5
82516 6
82517 7
82518 8
82519 9
82520 0
82521 1
82522 2
82523 3
82524 4
82525 5
82526 6
82527 7
82528 8
82529 9
82530 0
82531 1
82532 2
82533 3
82534 4
82535 5
82536 6
82537 7
82538 8
82539 9
82540 0
82541 1
82542 2
82543 3
82544 4
82545 5
82546 6
82547 7
82548 8
82549 9
82550 0
82551 1
82552 2
82553 3
82554 4
82555 5
82556 6
82557 7
82558 8
82559 9
82560 0
82561 1
82562 2
82563 3
82564 4
82565 5
82566 6
82567 7
82568 8
82569 9
82570 0
82571 1
82572 2
82573 3
82574 4
82575 5
82576 6
82577 7
82578 8
82579 9
82580 0
82581 1
82582 2
82583 3
82584 4
82585 5
82586 6
82587 7
82588 8
82589 9
82590 0
82591 1
82592 2
82593 3
82594 4
82595 5
82596 6
82597 7
82598 8
82599 9
82600 0
82601 1
82602 2
82603 3
82604 4
82605 5
82606 6
82607 7
82608 8
82609 9
82610 0
82611 1
82612 2
82613 3
82614 4
82615 5
82616 6
82617 7
82618 8
82619 9
82620 0
82621 1
82622 2
82623 3
82624 4
82625 5
82626 6
82627 7
82628 8
82629 9
82630 0
82631 1
82632 2
82633 3
82634 4
82635 5
82636 6
82637 7
82638 8
82639 9
82640 0
82641 1
82642 2
82643 3
82644 4
82645 5
82646 6
82647 7
82648 8
82649 9
82650 0
82651 1
82652 2
82653 3
82654 4
82655 5
82656 6
82657 7
82658 8
82659 9
82660 0
82661 1
82662 2
82663 3
82664 4
82665 5
82666 6
82667 7
82668 8
82669 9
82670 0
82671 1
82672 2
82673 3
82674 4
82675 5
82676 6
82677 7
82678 8
82679 9
82680 0
82681 1
82682 2
82683 3
82684 4
82685 5
82686 6
82687 7
82688 8
82689 9
82690 0
82691 1
82692 2
82693 3
82694 4
82695 5
82696 6
82697 7
82698 8
82699 9
82700 0
82701 1
82702 2
82703 3
82704 4
82705 5
82706 6
82707 7
82708 8
82709 9
82710 0
82711 1
82712 2
82713 3
82714 4
82715 5
82716 6
82717 7
82718 8
82719 9
82720 0
82721 1
82722 2
82723 3
82724 4
82725 5
82726 6
82727 7
82728 8
82729 9
82730 0
82731 1
82732 2
82733 3
82734 4
82735 5
82736 6
82737 7
82738 8
82739 9
82740 0
82741 1
82742 2
82743 3
82744 4
82745 5
82746 6
82747 7
82748 8
82749 9
82750 0
82751 1
82752 2
82753 3
82754 4
82755 5
82756 6
82757 7
82758 8
82759 9
82760 0
82761 1
82762 2
82763 3
82764 4
82765 5
82766 6
82767 7
82768 8
82769 9
82770 0
82771 1
82772 2
82773 3
82774 4
82775 5
82776 6
82777 7
82778 8
82779 9
82780 0
82781 1
82782 2
82783 3
82784 4
82785 5
82786 6
82787 7
82788 8
82789 9
82790 0
82791 1
82792 2
82793 3
82794 4
82795 5
82796 6
82797 7
82798 8
82799 9
82800 0
82801 1
82802 2
82803 3
82804 4
82805 5
82806 6
82807 7
82808 8
82809 9
82810 0
82811 1
82812 2
82813 3
82814 4
82815 5
82816 6
82817 7
82818 8
82819 9
82820 0
82821 1
82822 2
82823 3
82824 4
82825 5
82826 6
82827 7
82828 8
82829 9
82830 0
82831 1
82832 2
82833 3
82834 4
82835 5
82836 6
82837 7
82838 8
82839 9
82840 0
82841 1
82842 2
82843 3
82844 4
82845 5
82846 6
82847 7
82848 8
82849 9
82850 0
82851 1
82852 2
82853 3
82854 4
82855 5
82856 6
82857 7
82858 8
82859 9
82860 0
82861 1
82862 2
82863 3
82864 4
82865 5
82866 6
82867 7
82868 8
82869 9
82870 0
82871 1
82872 2
82873 3
82874 4
82875 5
82876 6
82877 7
82878 8
82879 9
82880 0
82881 1
82882 2
82883 3
82884 4
82885 5
82886 6
82887 7
82888 8
82889 9
82890 0
82891 1
82892 2
82893 3
82894 4
82895 5
82896 6
82897 7
82898 8
82899 9
82900 0
82901 1
82902 2
82903 3
82904 4
82905 5
82906 6
82907 7
82908 8
82909 9
82910 0
82911 1
82912 2
82913 3
82914 4
82915 5
82916 6
82917 7
82918 8
82919 9
82920 0
82921 1
82922 2
82923 3
82924 4
82925 5
82926 6
82927 7
82928 8
82929 9
82930 0
82931 1
82932 2
82933 3
82934 4
82935 5
82936 6
82937 7
82938 8
82939 9
82940 0
82941 1
82942 2
82943 3
82944 4
82945 5
82946 6
82947 7
82948 8
82949 9
82950 0
82951 1
82952 2
82953 3
82954 4
82955 5
82956 6
82957 7
82958 8
82959 9
82960 0
82961 1
82962 2
82963 3
82964 4
82965 5
82966 6
82967 7
82968 8
82969 9
82970 0
82971 1
82972 2
82973 3
82974 4
82975 5
82976 6
82977 7
82978 8
82979 9
82980 0
82981 1
82982 2
82983 3
82984 4
82985 5
82986 6
82987 7
82988 8
82989 9
82990 0
82991 1
82992 2
82993 3
82994 4
82995 5
82996 6
82997 7
82998 8
82999 9
83000 0
83001 1
83002 2
83003 3
83004 4
83005 5
83006 6
83007 7
83008 8
83009 9
83010 0
83011 1
83012 2
83013 3
83014 4
83015 5
83016 6
83017 7
83018 8
83019 9
83020 0
83021 1
83022 2
83023 3
83024 4
83025 5
83026 6
83027 7
83028 8
83029 9
83030 0
83031 1
83032 2
83033 3
83034 4
83035 5
83036 6
83037 7
83038 8
83039 9
83040 0
83041 1
83042 2
83043 3
83044 4
83045 5
83046 6
83047 7
83048 8
83049 9
83050 0
83051 1
83052 2
83053 3
83054 4
83055 5
83056 6
83057 7
83058 8
83059 9
83060 0
83061 1
83062 2
83063 3
83064 4
83065 5
83066 6
83067 7
83068 8
83069 9
83070 0
83071 1
83072 2
83073 3
83074 4
83075 5
83076 6
83077 7
83078 8
83079 9
83080 0
83081 1
83082 2
83083 3
83084 4
83085 5
83086 6
83087 7
83088 8
83089 9
83090 0
83091 1
83092 2
83093 3
83094 4
83095 5
83096 6
83097 7
83098 8
83099 9
83100 0
83101 1
83102 2
83103 3
83104 4
83105 5
83106 6
83107 7
83108 8
83109 9
83110 0
83111 1
83112 2
83113 3
83114 4
83115 5
83116 6
83117 7
83118 8
83119 9
83120 0
83121 1
83122 2
83123 3
83124 4
83125 5
83126 6
83127 7
83128 8
83129 9
83130 0
83131 1
83132 2
83133 3
83134 4
83135 5
83136 6
83137 7
83138 8
83139 9
83140 0
83141 1
83142 2
83143 3
83144 4
83145 5
83146 6
83147 7
83148 8
83149 9
83150 0
83151 1
83152 2
83153 3
83154 4
83155 5
83156 6
83157 7
83158 8
83159 9
83160 0
83161 1
83162 2
83163 3
83164 4
83165 5
83166 6
83167 7
83168 8
83169 9
83170 0
83171 1
83172 2
83173 3
83174 4
83175 5
83176 6
83177 7
83178 8
83179 9
83180 0
83181 1
83182 2
83183 3
83184 4
83185 5
83186 6
83187 7
83188 8
83189 9
83190 0
83191 1
83192 2
83193 3
83194 4
83195 5
83196 6
83197 7
83198 8
83199 9
83200 0
83201 1
83202 2
83203 3
83204 4
83205 5
83206 6
83207 7
83208 8
83209 9
83210 0
83211 1
83212 2
83213 3
83214 4
83215 5
83216 6
83217 7
83218 8
83219 9
83220 0
83221 1
83222 2
83223 3
83224 4
83225 5
83226 6
83227 7
83228 8
83229 9
83230 0
83231 1
83232 2
83233 3
83234 4
83235 5
83236 6
83237 7
83238 8
83239 9
83240 0
83241 1
83242 2
83243 3
83244 4
83245 5
83246 6
83247 7
83248 8
83249 9
83250 0
83251 1
83252 2
83253 3
83254 4
83255 5
83256 6
83257 7
83258 8
83259 9
83260 0
83261 1
83262 2
83263 3
83264 4
83265 5
83266 6
83267 7
83268 8
83269 9
83270 0
83271 1
83272 2
83273 3
83274 4
83275 5
83276 6
83277 7
83278 8
83279 9
83280 0
83281 1
83282 2
83283 3
83284 4
83285 5
83286 6
83287 7
83288 8
83289 9
83290 0
83291 1
83292 2
83293 3
83294 4
83295 5
83296 6
83297 7
83298 8
83299 9
83300 0
83301 1
83302 2
83303 3
83304 4
83305 5
83306 6
83307 7
83308 8
83309 9
83310 0
83311 1
83312 2
83313 3
83314 4
83315 5
83316 6
83317 7
83318 8
83319 9
83320 0
83321 1
83322 2
83323 3
83324 4
83325 5
83326 6
83327 7
83328 8
83329 9
83330 0
83331 1
83332 2
83333 3
83334 4
83335 5
83336 6
83337 7
83338 8
83339 9
83340 0
83341 1
83342 2
83343 3
83344 4
83345 5
83346 6
83347 7
83348 8
83349 9
83350 0
83351 1
83352 2
83353 3
83354 4
83355 5
83356 6
83357 7
83358 8
83359 9
83360 0
83361 1
83362 2
83363 3
83364 4
83365 5
83366 6
83367 7
83368 8
83369 9
83370 0
83371 1
83372 2
83373 3
83374 4
83375 5
83376 6
83377 7
83378 8
83379 9
83380 0
83381 1
83382 2
83383 3
83384 4
83385 5
83386 6
83387 7
83388 8
83389 9
83390 0
83391 1
83392 2
83393 3
83394 4
83395 5
83396 6
83397 7
83398 8
83399 9
83400 0
83401 1
83402 2
83403 3
83404 4
83405 5
83406 6
83407 7
83408 8
83409 9
83410 0
83411 1
83412 2
83413 3
83414 4
83415 5
83416 6
83417 7
83418 8
83419 9
83420 0
83421 1
83422 2
83423 3
83424 4
83425 5
83426 6
83427 7
83428 8
83429 9
83430 0
83431 1
83432 2
83433 3
83434 4
83435 5
83436 6
83437 7
83438 8
83439 9
83440 0
83441 1
83442 2
83443 3
83444 4
83445 5
83446 6
83447 7
83448 8
83449 9
83450 0
83451 1
83452 2
83453 3
83454 4
83455 5
83456 6
83457 7
83458 8
83459 9
83460 0
83461 1
83462 2
83463 3
83464 4
83465 5
83466 6
83467 7
83468 8
83469 9
83470 0
83471 1
83472 2
83473 3
83474 4
83475 5
83476 6
83477 7
83478 8
83479 9
83480 0
83481 1
83482 2
83483 3
83484 4
83485 5
83486 6
83487 7
83488 8
83489 9
83490 0
83491 1
83492 2
83493 3
83494 4
83495 5
83496 6
83497 7
83498 8
83499 9
83500 0
83501 1
83502 2
83503 3
83504 4
83505 5
83506 6
83507 7
83508 8
83509 9
83510 0
83511 1
83512 2
83513 3
83514 4
83515 5
83516 6
83517 7
83518 8
83519 9
83520 0
83521 1
83522 2
83523 3
83524 4
83525 5
83526 6
83527 7
83528 8
83529 9
83530 0
83531 1
83532 2
83533 3
83534 4
83535 5
83536 6
83537 7
83538 8
83539 9
83540 0
83541 1
83542 2
83543 3
83544 4
83545 5
83546 6
83547 7
83548 8
83549 9
83550 0
83551 1
83552 2
83553 3
83554 4
83555 5
83556 6
83557 7
83558 8
83559 9
83560 0
83561 1
83562 2
83563 3
83564 4
83565 5
83566 6
83567 7
83568 8
83569 9
83570 0
83571 1
83572 2
83573 3
83574 4
83575 5
83576 6
83577 7
83578 8
83579 9
83580 0
83581 1
83582 2
83583 3
83584 4
83585 5
83586 6
83587 7
83588 8
83589 9
83590 0
83591 1
83592 2
83593 3
83594 4
83595 5
83596 6
83597 7
83598 8
83599 9
83600 0
83601 1
83602 2
83603 3
83604 4
83605 5
83606 6
83607 7
83608 8
83609 9
83610 0
83611 1
83612 2
83613 3
83614 4
83615 5
83616 6
83617 7
83618 8
83619 9
83620 0
83621 1
83622 2
83623 3
83624 4
83625 5
83626 6
83627 7
83628 8
83629 9
83630 0
83631 1
83632 2
83633 3
83634 4
83635 5
83636 6
83637 7
83638 8
83639 9
83640 0
83641 1
83642 2
83643 3
83644 4
83645 5
83646 6
83647 7
83648 8
83649 9
83650 0
83651 1
83652 2
83653 3
83654 4
83655 5
83656 6
83657 7
83658 8
83659 9
83660 0
83661 1
83662 2
83663 3
83664 4
83665 5
83666 6
83667 7
83668 8
83669 9
83670 0
83671 1
83672 2
83673 3
83674 4
83675 5
83676 6
83677 7
83678 8
83679 9
83680 0
83681 1
83682 2
83683 3
83684 4
83685 5
83686 6
83687 7
83688 8
83689 9
83690 0
83691 1
83692 2
83693 3
83694 4
83695 5
83696 6
83697 7
83698 8
83699 9
83700 0
83701 1
83702 2
83703 3
83704 4
83705 5
83706 6
83707 7
83708 8
83709 9
83710 0
83711 1
83712 2
83713 3
83714 4
83715 5
83716 6
83717 7
83718 8
83719 9
83720 0
83721 1
83722 2
83723 3
83724 4
83725 5
83726 6
83727 7
83728 8
83729 9
83730 0
83731 1
83732 2
83733 3
83734 4
83735 5
83736 6
83737 7
83738 8
83739 9
83740 0
83741 1
83742 2
83743 3
83744 4
83745 5
83746 6
83747 7
83748 8
83749 9
83750 0
83751 1
83752 2
83753 3
83754 4
83755 5
83756 6
83757 7
83758 8
83759 9
83760 0
83761 1
83762 2
83763 3
83764 4
83765 5
83766 6
83767 7
83768 8
83769 9
83770 0
83771 1
83772 2
83773 3
83774 4
83775 5
83776 6
83777 7
83778 8
83779 9
83780 0
83781 1
83782 2
83783 3
83784 4
83785 5
83786 6
83787 7
83788 8
83789 9
83790 0
83791 1
83792 2
83793 3
83794 4
83795 5
83796 6
83797 7
83798 8
83799 9
83800 0
83801 1
83802 2
83803 3
83804 4
83805 5
83806 6
83807 7
83808 8
83809 9
83810 0
83811 1
83812 2
83813 3
83814 4
83815 5
83816 6
83817 7
83818 8
83819 9
83820 0
83821 1
83822 2
83823 3
83824 4
83825 5
83826 6
83827 7
83828 8
83829 9
83830 0
83831 1
83832 2
83833 3
83834 4
83835 5
83836 6
83837 7
83838 8
83839 9
83840 0
83841 1
83842 2
83843 3
83844 4
83845 5
83846 6
83847 7
83848 8
83849 9
83850 0
83851 1
83852 2
83853 3
83854 4
83855 5
83856 6
83857 7
83858 8
83859 9
83860 0
83861 1
83862 2
83863 3
83864 4
83865 5
83866 6
83867 7
83868 8
83869 9
83870 0
83871 1
83872 2
83873 3
83874 4
83875 5
83876 6
83877 7
83878 8
83879 9
83880 0
83881 1
83882 2
83883 3
83884 4
83885 5
83886 6
83887 7
83888 8
83889 9
83890 0
83891 1
83892 2
83893 3
83894 4
83895 5
83896 6
83897 7
83898 8
83899 9
83900 0
83901 1
83902 2
83903 3
83904 4
83905 5
83906 6
83907 7
83908 8
83909 9
83910 0
83911 1
83912 2
83913 3
83914 4
83915 5
83916 6
83917 7
83918 8
83919 9
83920 0
83921 1
83922 2
83923 3
83924 4
83925 5
83926 6
83927 7
83928 8
83929 9
83930 0
83931 1
83932 2
83933 3
83934 4
83935 5
83936 6
83937 7
83938 8
83939 9
83940 0
83941 1
83942 2
83943 3
83944 4
83945 5
83946 6
83947 7
83948 8
83949 9
83950 0
83951 1
83952 2
83953 3
83954 4
83955 5
83956 6
83957 7
83958 8
83959 9
83960 0
83961 1
83962 2
83963 3
83964 4
83965 5
83966 6
83967 7
83968 8
83969 9
83970 0
83971 1
83972 2
83973 3
83974 4
83975 5
83976 6
83977 7
83978 8
83979 9
83980 0
83981 1
83982 2
83983 3
83984 4
83985 5
83986 6
83987 7
83988 8
83989 9
83990 0
83991 1
83992 2
83993 3
83994 4
83995 5
83996 6
83997 7
83998 8
83999 9
84000 0
84001 1
84002 2
84003 3
84004 4
84005 5
84006 6
84007 7
84008 8
84009 9
84010 0
84011 1
84012 2
84013 3
84014 4
84015 5
84016 6
84017 7
84018 8
84019 9
84020 0
84021 1
84022 2
84023 3
84024 4
84025 5
84026 6
84027 7
84028 8
84029 9
84030 0
84031 1
84032 2
84033 3
84034 4
84035 5
84036 6
84037 7
84038 8
84039 9
84040 0
84041 1
84042 2
84043 3
84044 4
84045 5
84046 6
84047 7
84048 8
84049 9
84050 0
84051 1
84052 2
84053 3
84054 4
84055 5
84056 6
84057 7
84058 8
84059 9
84060 0
84061 1
84062 2
84063 3
84064 4
84065 5
84066 6
84067 7
84068 8
84069 9
84070 0
84071 1
84072 2
84073 3
84074 4
84075 5
84076 6
84077 7
84078 8
84079 9
84080 0
84081 1
84082 2
84083 3
84084 4
84085 5
84086 6
84087 7
84088 8
84089 9
84090 0
84091 1
84092 2
84093 3
84094 4
84095 5
84096 6
84097 7
84098 8
84099 9
84100 0
84101 1
84102 2
84103 3
84104 4
84105 5
84106 6
84107 7
84108 8
84109 9
84110 0
84111 1
84112 2
84113 3
84114 4
84115 5
84116 6
84117 7
84118 8
84119 9
84120 0
84121 1
84122 2
84123 3
84124 4
84125 5
84126 6
84127 7
84128 8
84129 9
84130 0
84131 1
84132 2
84133 3
84134 4
84135 5
84136 6
84137 7
84138 8
84139 9
84140 0
84141 1
84142 2
84143 3
84144 4
84145 5
84146 6
84147 7
84148 8
84149 9
84150 0
84151 1
84152 2
84153 3
84154 4
84155 5
84156 6
84157 7
84158 8
84159 9
84160 0
84161 1
84162 2
84163 3
84164 4
84165 5
84166 6
84167 7
84168 8
84169 9
84170 0
84171 1
84172 2
84173 3
84174 4
84175 5
84176 6
84177 7
84178 8
84179 9
84180 0
84181 1
84182 2
84183 3
84184 4
84185 5
84186 6
84187 7
84188 8
84189 9
84190 0
84191 1
84192 2
84193 3
84194 4
84195 5
84196 6
84197 7
84198 8
84199 9
84200 0
84201 1
84202 2
84203 3
84204 4
84205 5
84206 6
84207 7
84208 8
84209 9
84210 0
84211 1
84212 2
84213 3
84214 4
84215 5
84216 6
84217 7
84218 8
84219 9
84220 0
84221 1
84222 2
84223 3
84224 4
84225 5
84226 6
84227 7
84228 8
84229 9
84230 0
84231 1
84232 2
84233 3
84234 4
84235 5
84236 6
84237 7
84238 8
84239 9
84240 0
84241 1
84242 2
84243 3
84244 4
84245 5
84246 6
84247 7
84248 8
84249 9
84250 0
84251 1
84252 2
84253 3
84254 4
84255 5
84256 6
84257 7
84258 8
84259 9
84260 0
84261 1
84262 2
84263 3
84264 4
84265 5
84266 6
84267 7
84268 8
84269 9
84270 0
84271 1
84272 2
84273 3
84274 4
84275 5
84276 6
84277 7
84278 8
84279 9
84280 0
84281 1
84282 2
84283 3
84284 4
84285 5
84286 6
84287 7
84288 8
84289 9
84290 0
84291 1
84292 2
84293 3
84294 4
84295 5
84296 6
84297 7
84298 8
84299 9
84300 0
84301 1
84302 2
84303 3
84304 4
84305 5
84306 6
84307 7
84308 8
84309 9
84310 0
84311 1
84312 2
84313 3
84314 4
84315 5
84316 6
84317 7
84318 8
84319 9
84320 0
84321 1
84322 2
84323 3
84324 4
84325 5
84326 6
84327 7
84328 8
84329 9
84330 0
84331 1
84332 2
84333 3
84334 4
84335 5
84336 6
84337 7
84338 8
84339 9
84340 0
84341 1
84342 2
84343 3
84344 4
84345 5
84346 6
84347 7
84348 8
84349 9
84350 0
84351 1
84352 2
84353 3
84354 4
84355 5
84356 6
84357 7
84358 8
84359 9
84360 0
84361 1
84362 2
84363 3
84364 4
84365 5
84366 6
84367 7
84368 8
84369 9
84370 0
84371 1
84372 2
84373 3
84374 4
84375 5
84376 6
84377 7
84378 8
84379 9
84380 0
84381 1
84382 2
84383 3
84384 4
84385 5
84386 6
84387 7
84388 8
84389 9
84390 0
84391 1
84392 2
84393 3
84394 4
84395 5
84396 6
84397 7
84398 8
84399 9
84400 0
84401 1
84402 2
84403 3
84404 4
84405 5
84406 6
84407 7
84408 8
84409 9
84410 0
84411 1
84412 2
84413 3
84414 4
84415 5
84416 6
84417 7
84418 8
84419 9
84420 0
84421 1
84422 2
84423 3
84424 4
84425 5
84426 6
84427 7
84428 8
84429 9
84430 0
84431 1
84432 2
84433 3
84434 4
84435 5
84436 6
84437 7
84438 8
84439 9
84440 0
84441 1
84442 2
84443 3
84444 4
84445 5
84446 6
84447 7
84448 8
84449 9
84450 0
84451 1
84452 2
84453 3
84454 4
84455 5
84456 6
84457 7
84458 8
84459 9
84460 0
84461 1
84462 2
84463 3
84464 4
84465 5
84466 6
84467 7
84468 8
84469 9
84470 0
84471 1
84472 2
84473 3
84474 4
84475 5
84476 6
84477 7
84478 8
84479 9
84480 0
84481 1
84482 2
84483 3
84484 4
84485 5
84486 6
84487 7
84488 8
84489 9
84490 0
84491 1
84492 2
84493 3
84494 4
84495 5
84496 6
84497 7
84498 8
84499 9
84500 0
84501 1
84502 2
84503 3
84504 4
84505 5
84506 6
84507 7
84508 8
84509 9
84510 0
84511 1
84512 2
84513 3
84514 4
84515 5
84516 6
84517 7
84518 8
84519 9
84520 0
84521 1
84522 2
84523 3
84524 4
84525 5
84526 6
84527 7
84528 8
84529 9
84530 0
84531 1
84532 2
84533 3
84534 4
84535 5
84536 6
84537 7
84538 8
84539 9
84540 0
84541 1
84542 2
84543 3
84544 4
84545 5
84546 6
84547 7
84548 8
84549 9
84550 0
84551 1
84552 2
84553 3
84554 4
84555 5
84556 6
84557 7
84558 8
84559 9
84560 0
84561 1
84562 2
84563 3
84564 4
84565 5
84566 6
84567 7
84568 8
84569 9
84570 0
84571 1
84572 2
84573 3
84574 4
84575 5
84576 6
84577 7
84578 8
84579 9
84580 0
84581 1
84582 2
84583 3
84584 4
84585 5
84586 6
84587 7
84588 8
84589 9
84590 0
84591 1
84592 2
84593 3
84594 4
84595 5
84596 6
84597 7
84598 8
84599 9
84600 0
84601 1
84602 2
84603 3
84604 4
84605 5
84606 6
84607 7
84608 8
84609 9
84610 0
84611 1
84612 2
84613 3
84614 4
84615 5
84616 6
84617 7
84618 8
84619 9
84620 0
84621 1
84622 2
84623 3
84624 4
84625 5
84626 6
84627 7
84628 8
84629 9
84630 0
84631 1
84632 2
84633 3
84634 4
84635 5
84636 6
84637 7
84638 8
84639 9
84640 0
84641 1
84642 2
84643 3
84644 4
84645 5
84646 6
84647 7
84648 8
84649 9
84650 0
84651 1
84652 2
84653 3
84654 4
84655 5
84656 6
84657 7
84658 8
84659 9
84660 0
84661 1
84662 2
84663 3
84664 4
84665 5
84666 6
84667 7
84668 8
84669 9
84670 0
84671 1
84672 2
84673 3
84674 4
84675 5
84676 6
84677 7
84678 8
84679 9
84680 0
84681 1
84682 2
84683 3
84684 4
84685 5
84686 6
84687 7
84688 8
84689 9
84690 0
84691 1
84692 2
84693 3
84694 4
84695 5
84696 6
84697 7
84698 8
84699 9
84700 0
84701 1
84702 2
84703 3
84704 4
84705 5
84706 6
84707 7
84708 8
84709 9
84710 0
84711 1
84712 2
84713 3
84714 4
84715 5
84716 6
84717 7
84718 8
84719 9
84720 0
84721 1
84722 2
84723 3
84724 4
84725 5
84726 6
84727 7
84728 8
84729 9
84730 0
84731 1
84732 2
84733 3
84734 4
84735 5
84736 6
84737 7
84738 8
84739 9
84740 0
84741 1
84742 2
84743 3
84744 4
84745 5
84746 6
84747 7
84748 8
84749 9
84750 0
84751 1
84752 2
84753 3
84754 4
84755 5
84756 6
84757 7
84758 8
84759 9
84760 0
84761 1
84762 2
84763 3
84764 4
84765 5
84766 6
84767 7
84768 8
84769 9
84770 0
84771 1
84772 2
84773 3
84774 4
84775 5
84776 6
84777 7
84778 8
84779 9
84780 0
84781 1
84782 2
84783 3
84784 4
84785 5
84786 6
84787 7
84788 8
84789 9
84790 0
84791 1
84792 2
84793 3
84794 4
84795 5
84796 6
84797 7
84798 8
84799 9
84800 0
84801 1
84802 2
84803 3
84804 4
84805 5
84806 6
84807 7
84808 8
84809 9
84810 0
84811 1
84812 2
84813 3
84814 4
84815 5
84816 6
84817 7
84818 8
84819 9
84820 0
84821 1
84822 2
84823 3
84824 4
84825 5
84826 6
84827 7
84828 8
84829 9
84830 0
84831 1
84832 2
84833 3
84834 4
84835 5
84836 6
84837 7
84838 8
84839 9
84840 0
84841 1
84842 2
84843 3
84844 4
84845 5
84846 6
84847 7
84848 8
84849 9
84850 0
84851 1
84852 2
84853 3
84854 4
84855 5
84856 6
84857 7
84858 8
84859 9
84860 0
84861 1
84862 2
84863 3
84864 4
84865 5
84866 6
84867 7
84868 8
84869 9
84870 0
84871 1
84872 2
84873 3
84874 4
84875 5
84876 6
84877 7
84878 8
84879 9
84880 0
84881 1
84882 2
84883 3
84884 4
84885 5
84886 6
84887 7
84888 8
84889 9
84890 0
84891 1
84892 2
84893 3
84894 4
84895 5
84896 6
84897 7
84898 8
84899 9
84900 0
84901 1
84902 2
84903 3
84904 4
84905 5
84906 6
84907 7
84908 8
84909 9
84910 0
84911 1
84912 2
84913 3
84914 4
84915 5
84916 6
84917 7
84918 8
84919 9
84920 0
84921 1
84922 2
84923 3
84924 4
84925 5
84926 6
84927 7
84928 8
84929 9
84930 0
84931 1
84932 2
84933 3
84934 4
84935 5
84936 6
84937 7
84938 8
84939 9
84940 0
84941 1
84942 2
84943 3
84944 4
84945 5
84946 6
84947 7
84948 8
84949 9
84950 0
84951 1
84952 2
84953 3
84954 4
84955 5
84956 6
84957 7
84958 8
84959 9
84960 0
84961 1
84962 2
84963 3
84964 4
84965 5
84966 6
84967 7
84968 8
84969 9
84970 0
84971 1
84972 2
84973 3
84974 4
84975 5
84976 6
84977 7
84978 8
84979 9
84980 0
84981 1
84982 2
84983 3
84984 4
84985 5
84986 6
84987 7
84988 8
84989 9
84990 0
84991 1
84992 2
84993 3
84994 4
84995 5
84996 6
84997 7
84998 8
84999 9
85000 0
85001 1
85002 2
85003 3
85004 4
85005 5
85006 6
85007 7
85008 8
85009 9
85010 0
85011 1
85012 2
85013 3
85014 4
85015 5
85016 6
85017 7
85018 8
85019 9
85020 0
85021 1
85022 2
85023 3
85024 4
85025 5
85026 6
85027 7
85028 8
85029 9
85030 0
85031 1
85032 2
85033 3
85034 4
85035 5
85036 6
85037 7
85038 8
85039 9
85040 0
85041 1
85042 2
85043 3
85044 4
85045 5
85046 6
85047 7
85048 8
85049 9
85050 0
85051 1
85052 2
85053 3
85054 4
85055 5
85056 6
85057 7
85058 8
85059 9
85060 0
85061 1
85062 2
85063 3
85064 4
85065 5
85066 6
85067 7
85068 8
85069 9
85070 0
85071 1
85072 2
85073 3
85074 4
85075 5
85076 6
85077 7
85078 8
85079 9
85080 0
85081 1
85082 2
85083 3
85084 4
85085 5
85086 6
85087 7
85088 8
85089 9
85090 0
85091 1
85092 2
85093 3
85094 4
85095 5
85096 6
85097 7
85098 8
85099 9
85100 0
85101 1
85102 2
85103 3
85104 4
85105 5
85106 6
85107 7
85108 8
85109 9
85110 0
85111 1
85112 2
85113 3
85114 4
85115 5
85116 6
85117 7
85118 8
85119 9
85120 0
85121 1
85122 2
85123 3
85124 4
85125 5
85126 6
85127 7
85128 8
85129 9
85130 0
85131 1
85132 2
85133 3
85134 4
85135 5
85136 6
85137 7
85138 8
85139 9
85140 0
85141 1
85142 2
85143 3
85144 4
85145 5
85146 6
85147 7
85148 8
85149 9
85150 0
85151 1
85152 2
85153 3
85154 4
85155 5
85156 6
85157 7
85158 8
85159 9
85160 0
85161 1
85162 2
85163 3
85164 4
85165 5
85166 6
85167 7
85168 8
85169 9
85170 0
85171 1
85172 2
85173 3
85174 4
85175 5
85176 6
85177 7
85178 8
85179 9
85180 0
85181 1
85182 2
85183 3
85184 4
85185 5
85186 6
85187 7
85188 8
85189 9
85190 0
85191 1
85192 2
85193 3
85194 4
85195 5
85196 6
85197 7
85198 8
85199 9
85200 0
85201 1
85202 2
85203 3
85204 4
85205 5
85206 6
85207 7
85208 8
85209 9
85210 0
85211 1
85212 2
85213 3
85214 4
85215 5
85216 6
85217 7
85218 8
85219 9
85220 0
85221 1
85222 2
85223 3
85224 4
85225 5
85226 6
85227 7
85228 8
85229 9
85230 0
85231 1
85232 2
85233 3
85234 4
85235 5
85236 6
85237 7
85238 8
85239 9
85240 0
85241 1
85242 2
85243 3
85244 4
85245 5
85246 6
85247 7
85248 8
85249 9
85250 0
85251 1
85252 2
85253 3
85254 4
85255 5
85256 6
85257 7
85258 8
85259 9
85260 0
85261 1
85262 2
85263 3
85264 4
85265 5
85266 6
85267 7
85268 8
85269 9
85270 0
85271 1
85272 2
85273 3
85274 4
85275 5
85276 6
85277 7
85278 8
85279 9
85280 0
85281 1
85282 2
85283 3
85284 4
85285 5
85286 6
85287 7
85288 8
85289 9
85290 0
85291 1
85292 2
85293 3
85294 4
85295 5
85296 6
85297 7
85298 8
85299 9
85300 0
85301 1
85302 2
85303 3
85304 4
85305 5
85306 6
85307 7
85308 8
85309 9
85310 0
85311 1
85312 2
85313 3
85314 4
85315 5
85316 6
85317 7
85318 8
85319 9
85320 0
85321 1
85322 2
85323 3
85324 4
85325 5
85326 6
85327 7
85328 8
85329 9
85330 0
85331 1
85332 2
85333 3
85334 4
85335 5
85336 6
85337 7
85338 8
85339 9
85340 0
85341 1
85342 2
85343 3
85344 4
85345 5
85346 6
85347 7
85348 8
85349 9
85350 0
85351 1
85352 2
85353 3
85354 4
85355 5
85356 6
85357 7
85358 8
85359 9
85360 0
85361 1
85362 2
85363 3
85364 4
85365 5
85366 6
85367 7
85368 8
85369 9
85370 0
85371 1
85372 2
85373 3
85374 4
85375 5
85376 6
85377 7
85378 8
85379 9
85380 0
85381 1
85382 2
85383 3
85384 4
85385 5
85386 6
85387 7
85388 8
85389 9
85390 0
85391 1
85392 2
85393 3
85394 4
85395 5
85396 6
85397 7
85398 8
85399 9
85400 0
85401 1
85402 2
85403 3
85404 4
85405 5
85406 6
85407 7
85408 8
85409 9
85410 0
85411 1
85412 2
85413 3
85414 4
85415 5
85416 6
85417 7
85418 8
85419 9
85420 0
85421 1
85422 2
85423 3
85424 4
85425 5
85426 6
85427 7
85428 8
85429 9
85430 0
85431 1
85432 2
85433 3
85434 4
85435 5
85436 6
85437 7
85438 8
85439 9
85440 0
85441 1
85442 2
85443 3
85444 4
85445 5
85446 6
85447 7
85448 8
85449 9
85450 0
85451 1
85452 2
85453 3
85454 4
85455 5
85456 6
85457 7
85458 8
85459 9
85460 0
85461 1
85462 2
85463 3
85464 4
85465 5
85466 6
85467 7
85468 8
85469 9
85470 0
85471 1
85472 2
85473 3
85474 4
85475 5
85476 6
85477 7
85478 8
85479 9
85480 0
85481 1
85482 2
85483 3
85484 4
85485 5
85486 6
85487 7
85488 8
85489 9
85490 0
85491 1
85492 2
85493 3
85494 4
85495 5
85496 6
85497 7
85498 8
85499 9
85500 0
85501 1
85502 2
85503 3
85504 4
85505 5
85506 6
85507 7
85508 8
85509 9
85510 0
85511 1
85512 2
85513 3
85514 4
85515 5
85516 6
85517 7
85518 8
85519 9
85520 0
85521 1
85522 2
85523 3
85524 4
85525 5
85526 6
85527 7
85528 8
85529 9
85530 0
85531 1
85532 2
85533 3
85534 4
85535 5
85536 6
85537 7
85538 8
85539 9
85540 0
85541 1
85542 2
85543 3
85544 4
85545 5
85546 6
85547 7
85548 8
85549 9
85550 0
85551 1
85552 2
85553 3
85554 4
85555 5
85556 6
85557 7
85558 8
85559 9
85560 0
85561 1
85562 2
85563 3
85564 4
85565 5
85566 6
85567 7
85568 8
85569 9
85570 0
85571 1
85572 2
85573 3
85574 4
85575 5
85576 6
85577 7
85578 8
85579 9
85580 0
85581 1
85582 2
85583 3
85584 4
85585 5
85586 6
85587 7
85588 8
85589 9
85590 0
85591 1
85592 2
85593 3
85594 4
85595 5
85596 6
85597 7
85598 8
85599 9
85600 0
85601 1
85602 2
85603 3
85604 4
85605 5
85606 6
85607 7
85608 8
85609 9
85610 0
85611 1
85612 2
85613 3
85614 4
85615 5
85616 6
85617 7
85618 8
85619 9
85620 0
85621 1
85622 2
85623 3
85624 4
85625 5
85626 6
85627 7
85628 8
85629 9
85630 0
85631 1
85632 2
85633 3
85634 4
85635 5
85636 6
85637 7
85638 8
85639 9
85640 0
85641 1
85642 2
85643 3
85644 4
85645 5
85646 6
85647 7
85648 8
85649 9
85650 0
85651 1
85652 2
85653 3
85654 4
85655 5
85656 6
85657 7
85658 8
85659 9
85660 0
85661 1
85662 2
85663 3
85664 4
85665 5
85666 6
85667 7
85668 8
85669 9
85670 0
85671 1
85672 2
85673 3
85674 4
85675 5
85676 6
85677 7
85678 8
85679 9
85680 0
85681 1
85682 2
85683 3
85684 4
85685 5
85686 6
85687 7
85688 8
85689 9
85690 0
85691 1
85692 2
85693 3
85694 4
85695 5
85696 6
85697 7
85698 8
85699 9
85700 0
85701 1
85702 2
85703 3
85704 4
85705 5
85706 6
85707 7
85708 8
85709 9
85710 0
85711 1
85712 2
85713 3
85714 4
85715 5
85716 6
85717 7
85718 8
85719 9
85720 0
85721 1
85722 2
85723 3
85724 4
85725 5
85726 6
85727 7
85728 8
85729 9
85730 0
85731 1
85732 2
85733 3
85734 4
85735 5
85736 6
85737 7
85738 8
85739 9
85740 0
85741 1
85742 2
85743 3
85744 4
85745 5
85746 6
85747 7
85748 8
85749 9
85750 0
85751 1
85752 2
85753 3
85754 4
85755 5
85756 6
85757 7
85758 8
85759 9
85760 0
85761 1
85762 2
85763 3
85764 4
85765 5
85766 6
85767 7
85768 8
85769 9
85770 0
85771 1
85772 2
85773 3
85774 4
85775 5
85776 6
85777 7
85778 8
85779 9
85780 0
85781 1
85782 2
85783 3
85784 4
85785 5
85786 6
85787 7
85788 8
85789 9
85790 0
85791 1
85792 2
85793 3
85794 4
85795 5
85796 6
85797 7
85798 8
85799 9
85800 0
85801 1
85802 2
85803 3
85804 4
85805 5
85806 6
85807 7
85808 8
85809 9
85810 0
85811 1
85812 2
85813 3
85814 4
85815 5
85816 6
85817 7
85818 8
85819 9
85820 0
85821 1
85822 2
85823 3
85824 4
85825 5
85826 6
85827 7
85828 8
85829 9
85830 0
85831 1
85832 2
85833 3
85834 4
85835 5
85836 6
85837 7
85838 8
85839 9
85840 0
85841 1
85842 2
85843 3
85844 4
85845 5
85846 6
85847 7
85848 8
85849 9
85850 0
85851 1
85852 2
85853 3
85854 4
85855 5
85856 6
85857 7
85858 8
85859 9
85860 0
85861 1
85862 2
85863 3
85864 4
85865 5
85866 6
85867 7
85868 8
85869 9
85870 0
85871 1
85872 2
85873 3
85874 4
85875 5
85876 6
85877 7
85878 8
85879 9
85880 0
85881 1
85882 2
85883 3
85884 4
85885 5
85886 6
85887 7
85888 8
85889 9
85890 0
85891 1
85892 2
85893 3
85894 4
85895 5
85896 6
85897 7
85898 8
85899 9
85900 0
85901 1
85902 2
85903 3
85904 4
85905 5
85906 6
85907 7
85908 8
85909 9
85910 0
85911 1
85912 2
85913 3
85914 4
85915 5
85916 6
85917 7
85918 8
85919 9
85920 0
85921 1
85922 2
85923 3
85924 4
85925 5
85926 6
85927 7
85928 8
85929 9
85930 0
85931 1
85932 2
85933 3
85934 4
85935 5
85936 6
85937 7
85938 8
85939 9
85940 0
85941 1
85942 2
85943 3
85944 4
85945 5
85946 6
85947 7
85948 8
85949 9
85950 0
85951 1
85952 2
85953 3
85954 4
85955 5
85956 6
85957 7
85958 8
85959 9
85960 0
85961 1
85962 2
85963 3
85964 4
85965 5
85966 6
85967 7
85968 8
85969 9
85970 0
85971 1
85972 2
85973 3
85974 4
85975 5
85976 6
85977 7
85978 8
85979 9
85980 0
85981 1
85982 2
85983 3
85984 4
85985 5
85986 6
85987 7
85988 8
85989 9
85990 0
85991 1
85992 2
85993 3
85994 4
85995 5
85996 6
85997 7
85998 8
85999 9
86000 0
86001 1
86002 2
86003 3
86004 4
86005 5
86006 6
86007 7
86008 8
86009 9
86010 0
86011 1
86012 2
86013 3
86014 4
86015 5
86016 6
86017 7
86018 8
86019 9
86020 0
86021 1
86022 2
86023 3
86024 4
86025 5
86026 6
86027 7
86028 8
86029 9
86030 0
86031 1
86032 2
86033 3
86034 4
86035 5
86036 6
86037 7
86038 8
86039 9
86040 0
86041 1
86042 2
86043 3
86044 4
86045 5
86046 6
86047 7
86048 8
86049 9
86050 0
86051 1
86052 2
86053 3
86054 4
86055 5
86056 6
86057 7
86058 8
86059 9
86060 0
86061 1
86062 2
86063 3
86064 4
86065 5
86066 6
86067 7
86068 8
86069 9
86070 0
86071 1
86072 2
86073 3
86074 4
86075 5
86076 6
86077 7
86078 8
86079 9
86080 0
86081 1
86082 2
86083 3
86084 4
86085 5
86086 6
86087 7
86088 8
86089 9
86090 0
86091 1
86092 2
86093 3
86094 4
86095 5
86096 6
86097 7
86098 8
86099 9
86100 0
86101 1
86102 2
86103 3
86104 4
86105 5
86106 6
86107 7
86108 8
86109 9
86110 0
86111 1
86112 2
86113 3
86114 4
86115 5
86116 6
86117 7
86118 8
86119 9
86120 0
86121 1
86122 2
86123 3
86124 4
86125 5
86126 6
86127 7
86128 8
86129 9
86130 0
86131 1
86132 2
86133 3
86134 4
86135 5
86136 6
86137 7
86138 8
86139 9
86140 0
86141 1
86142 2
86143 3
86144 4
86145 5
86146 6
86147 7
86148 8
86149 9
86150 0
86151 1
86152 2
86153 3
86154 4
86155 5
86156 6
86157 7
86158 8
86159 9
86160 0
86161 1
86162 2
86163 3
86164 4
86165 5
86166 6
86167 7
86168 8
86169 9
86170 0
86171 1
86172 2
86173 3
86174 4
86175 5
86176 6
86177 7
86178 8
86179 9
86180 0
86181 1
86182 2
86183 3
86184 4
86185 5
86186 6
86187 7
86188 8
86189 9
86190 0
86191 1
86192 2
86193 3
86194 4
86195 5
86196 6
86197 7
86198 8
86199 9
86200 0
86201 1
86202 2
86203 3
86204 4
86205 5
86206 6
86207 7
86208 8
86209 9
86210 0
86211 1
86212 2
86213 3
86214 4
86215 5
86216 6
86217 7
86218 8
86219 9
86220 0
86221 1
86222 2
86223 3
86224 4
86225 5
86226 6
86227 7
86228 8
86229 9
86230 0
86231 1
86232 2
86233 3
86234 4
86235 5
86236 6
86237 7
86238 8
86239 9
86240 0
86241 1
86242 2
86243 3
86244 4
86245 5
86246 6
86247 7
86248 8
86249 9
86250 0
86251 1
86252 2
86253 3
86254 4
86255 5
86256 6
86257 7
86258 8
86259 9
86260 0
86261 1
86262 2
86263 3
86264 4
86265 5
86266 6
86267 7
86268 8
86269 9
86270 0
86271 1
86272 2
86273 3
86274 4
86275 5
86276 6
86277 7
86278 8
86279 9
86280 0
86281 1
86282 2
86283 3
86284 4
86285 5
86286 6
86287 7
86288 8
86289 9
86290 0
86291 1
86292 2
86293 3
86294 4
86295 5
86296 6
86297 7
86298 8
86299 9
86300 0
86301 1
86302 2
86303 3
86304 4
86305 5
86306 6
86307 7
86308 8
86309 9
86310 0
86311 1
86312 2
86313 3
86314 4
86315 5
86316 6
86317 7
86318 8
86319 9
86320 0
86321 1
86322 2
86323 3
86324 4
86325 5
86326 6
86327 7
86328 8
86329 9
86330 0
86331 1
86332 2
86333 3
86334 4
86335 5
86336 6
86337 7
86338 8
86339 9
86340 0
86341 1
86342 2
86343 3
86344 4
86345 5
86346 6
86347 7
86348 8
86349 9
86350 0
86351 1
86352 2
86353 3
86354 4
86355 5
86356 6
86357 7
86358 8
86359 9
86360 0
86361 1
86362 2
86363 3
86364 4
86365 5
86366 6
86367 7
86368 8
86369 9
86370 0
86371 1
86372 2
86373 3
86374 4
86375 5
86376 6
86377 7
86378 8
86379 9
86380 0
86381 1
86382 2
86383 3
86384 4
86385 5
86386 6
86387 7
86388 8
86389 9
86390 0
86391 1
86392 2
86393 3
86394 4
86395 5
86396 6
86397 7
86398 8
86399 9
86400 0
86401 1
86402 2
86403 3
86404 4
86405 5
86406 6
86407 7
86408 8
86409 9
86410 0
86411 1
86412 2
86413 3
86414 4
86415 5
86416 6
86417 7
86418 8
86419 9
86420 0
86421 1
86422 2
86423 3
86424 4
86425 5
86426 6
86427 7
86428 8
86429 9
86430 0
86431 1
86432 2
86433 3
86434 4
86435 5
86436 6
86437 7
86438 8
86439 9
86440 0
86441 1
86442 2
86443 3
86444 4
86445 5
86446 6
86447 7
86448 8
86449 9
86450 0
86451 1
86452 2
86453 3
86454 4
86455 5
86456 6
86457 7
86458 8
86459 9
86460 0
86461 1
86462 2
86463 3
86464 4
86465 5
86466 6
86467 7
86468 8
86469 9
86470 0
86471 1
86472 2
86473 3
86474 4
86475 5
86476 6
86477 7
86478 8
86479 9
86480 0
86481 1
86482 2
86483 3
86484 4
86485 5
86486 6
86487 7
86488 8
86489 9
86490 0
86491 1
86492 2
86493 3
86494 4
86495 5
86496 6
86497 7
86498 8
86499 9
86500 0
86501 1
86502 2
86503 3
86504 4
86505 5
86506 6
86507 7
86508 8
86509 9
86510 0
86511 1
86512 2
86513 3
86514 4
86515 5
86516 6
86517 7
86518 8
86519 9
86520 0
86521 1
86522 2
86523 3
86524 4
86525 5
86526 6
86527 7
86528 8
86529 9
86530 0
86531 1
86532 2
86533 3
86534 4
86535 5
86536 6
86537 7
86538 8
86539 9
86540 0
86541 1
86542 2
86543 3
86544 4
86545 5
86546 6
86547 7
86548 8
86549 9
86550 0
86551 1
86552 2
86553 3
86554 4
86555 5
86556 6
86557 7
86558 8
86559 9
86560 0
86561 1
86562 2
86563 3
86564 4
86565 5
86566 6
86567 7
86568 8
86569 9
86570 0
86571 1
86572 2
86573 3
86574 4
86575 5
86576 6
86577 7
86578 8
86579 9
86580 0
86581 1
86582 2
86583 3
86584 4
86585 5
86586 6
86587 7
86588 8
86589 9
86590 0
86591 1
86592 2
86593 3
86594 4
86595 5
86596 6
86597 7
86598 8
86599 9
86600 0
86601 1
86602 2
86603 3
86604 4
86605 5
86606 6
86607 7
86608 8
86609 9
86610 0
86611 1
86612 2
86613 3
86614 4
86615 5
86616 6
86617 7
86618 8
86619 9
86620 0
86621 1
86622 2
86623 3
86624 4
86625 5
86626 6
86627 7
86628 8
86629 9
86630 0
86631 1
86632 2
86633 3
86634 4
86635 5
86636 6
86637 7
86638 8
86639 9
86640 0
86641 1
86642 2
86643 3
86644 4
86645 5
86646 6
86647 7
86648 8
86649 9
86650 0
86651 1
86652 2
86653 3
86654 4
86655 5
86656 6
86657 7
86658 8
86659 9
86660 0
86661 1
86662 2
86663 3
86664 4
86665 5
86666 6
86667 7
86668 8
86669 9
86670 0
86671 1
86672 2
86673 3
86674 4
86675 5
86676 6
86677 7
86678 8
86679 9
86680 0
86681 1
86682 2
86683 3
86684 4
86685 5
86686 6
86687 7
86688 8
86689 9
86690 0
86691 1
86692 2
86693 3
86694 4
86695 5
86696 6
86697 7
86698 8
86699 9
86700 0
86701 1
86702 2
86703 3
86704 4
86705 5
86706 6
86707 7
86708 8
86709 9
86710 0
86711 1
86712 2
86713 3
86714 4
86715 5
86716 6
86717 7
86718 8
86719 9
86720 0
86721 1
86722 2
86723 3
86724 4
86725 5
86726 6
86727 7
86728 8
86729 9
86730 0
86731 1
86732 2
86733 3
86734 4
86735 5
86736 6
86737 7
86738 8
86739 9
86740 0
86741 1
86742 2
86743 3
86744 4
86745 5
86746 6
86747 7
86748 8
86749 9
86750 0
86751 1
86752 2
86753 3
86754 4
86755 5
86756 6
86757 7
86758 8
86759 9
86760 0
86761 1
86762 2
86763 3
86764 4
86765 5
86766 6
86767 7
86768 8
86769 9
86770 0
86771 1
86772 2
86773 3
86774 4
86775 5
86776 6
86777 7
86778 8
86779 9
86780 0
86781 1
86782 2
86783 3
86784 4
86785 5
86786 6
86787 7
86788 8
86789 9
86790 0
86791 1
86792 2
86793 3
86794 4
86795 5
86796 6
86797 7
86798 8
86799 9
86800 0
86801 1
86802 2
86803 3
86804 4
86805 5
86806 6
86807 7
86808 8
86809 9
86810 0
86811 1
86812 2
86813 3
86814 4
86815 5
86816 6
86817 7
86818 8
86819 9
86820 0
86821 1
86822 2
86823 3
86824 4
86825 5
86826 6
86827 7
86828 8
86829 9
86830 0
86831 1
86832 2
86833 3
86834 4
86835 5
86836 6
86837 7
86838 8
86839 9
86840 0
86841 1
86842 2
86843 3
86844 4
86845 5
86846 6
86847 7
86848 8
86849 9
86850 0
86851 1
86852 2
86853 3
86854 4
86855 5
86856 6
86857 7
86858 8
86859 9
86860 0
86861 1
86862 2
86863 3
86864 4
86865 5
86866 6
86867 7
86868 8
86869 9
86870 0
86871 1
86872 2
86873 3
86874 4
86875 5
86876 6
86877 7
86878 8
86879 9
86880 0
86881 1
86882 2
86883 3
86884 4
86885 5
86886 6
86887 7
86888 8
86889 9
86890 0
86891 1
86892 2
86893 3
86894 4
86895 5
86896 6
86897 7
86898 8
86899 9
86900 0
86901 1
86902 2
86903 3
86904 4
86905 5
86906 6
86907 7
86908 8
86909 9
86910 0
86911 1
86912 2
86913 3
86914 4
86915 5
86916 6
86917 7
86918 8
86919 9
86920 0
86921 1
86922 2
86923 3
86924 4
86925 5
86926 6
86927 7
86928 8
86929 9
86930 0
86931 1
86932 2
86933 3
86934 4
86935 5
86936 6
86937 7
86938 8
86939 9
86940 0
86941 1
86942 2
86943 3
86944 4
86945 5
86946 6
86947 7
86948 8
86949 9
86950 0
86951 1
86952 2
86953 3
86954 4
86955 5
86956 6
86957 7
86958 8
86959 9
86960 0
86961 1
86962 2
86963 3
86964 4
86965 5
86966 6
86967 7
86968 8
86969 9
86970 0
86971 1
86972 2
86973 3
86974 4
86975 5
86976 6
86977 7
86978 8
86979 9
86980 0
86981 1
86982 2
86983 3
86984 4
86985 5
86986 6
86987 7
86988 8
86989 9
86990 0
86991 1
86992 2
86993 3
86994 4
86995 5
86996 6
86997 7
86998 8
86999 9
87000 0
87001 1
87002 2
87003 3
87004 4
87005 5
87006 6
87007 7
87008 8
87009 9
87010 0
87011 1
87012 2
87013 3
87014 4
87015 5
87016 6
87017 7
87018 8
87019 9
87020 0
87021 1
87022 2
87023 3
87024 4
87025 5
87026 6
87027 7
87028 8
87029 9
87030 0
87031 1
87032 2
87033 3
87034 4
87035 5
87036 6
87037 7
87038 8
87039 9
87040 0
87041 1
87042 2
87043 3
87044 4
87045 5
87046 6
87047 7
87048 8
87049 9
87050 0
87051 1
87052 2
87053 3
87054 4
87055 5
87056 6
87057 7
87058 8
87059 9
87060 0
87061 1
87062 2
87063 3
87064 4
87065 5
87066 6
87067 7
87068 8
87069 9
87070 0
87071 1
87072 2
87073 3
87074 4
87075 5
87076 6
87077 7
87078 8
87079 9
87080 0
87081 1
87082 2
87083 3
87084 4
87085 5
87086 6
87087 7
87088 8
87089 9
87090 0
87091 1
87092 2
87093 3
87094 4
87095 5
87096 6
87097 7
87098 8
87099 9
87100 0
87101 1
87102 2
87103 3
87104 4
87105 5
87106 6
87107 7
87108 8
87109 9
87110 0
87111 1
87112 2
87113 3
87114 4
87115 5
87116 6
87117 7
87118 8
87119 9
87120 0
87121 1
87122 2
87123 3
87124 4
87125 5
87126 6
87127 7
87128 8
87129 9
87130 0
87131 1
87132 2
87133 3
87134 4
87135 5
87136 6
87137 7
87138 8
87139 9
87140 0
87141 1
87142 2
87143 3
87144 4
87145 5
87146 6
87147 7
87148 8
87149 9
87150 0
87151 1
87152 2
87153 3
87154 4
87155 5
87156 6
87157 7
87158 8
87159 9
87160 0
87161 1
87162 2
87163 3
87164 4
87165 5
87166 6
87167 7
87168 8
87169 9
87170 0
87171 1
87172 2
87173 3
87174 4
87175 5
87176 6
87177 7
87178 8
87179 9
87180 0
87181 1
87182 2
87183 3
87184 4
87185 5
87186 6
87187 7
87188 8
87189 9
87190 0
87191 1
87192 2
87193 3
87194 4
87195 5
87196 6
87197 7
87198 8
87199 9
87200 0
87201 1
87202 2
87203 3
87204 4
87205 5
87206 6
87207 7
87208 8
87209 9
87210 0
87211 1
87212 2
87213 3
87214 4
87215 5
87216 6
87217 7
87218 8
87219 9
87220 0
87221 1
87222 2
87223 3
87224 4
87225 5
87226 6
87227 7
87228 8
87229 9
87230 0
87231 1
87232 2
87233 3
87234 4
87235 5
87236 6
87237 7
87238 8
87239 9
87240 0
87241 1
87242 2
87243 3
87244 4
87245 5
87246 6
87247 7
87248 8
87249 9
87250 0
87251 1
87252 2
87253 3
87254 4
87255 5
87256 6
87257 7
87258 8
87259 9
87260 0
87261 1
87262 2
87263 3
87264 4
87265 5
87266 6
87267 7
87268 8
87269 9
87270 0
87271 1
87272 2
87273 3
87274 4
87275 5
87276 6
87277 7
87278 8
87279 9
87280 0
87281 1
87282 2
87283 3
87284 4
87285 5
87286 6
87287 7
87288 8
87289 9
87290 0
87291 1
87292 2
87293 3
87294 4
87295 5
87296 6
87297 7
87298 8
87299 9
87300 0
87301 1
87302 2
87303 3
87304 4
87305 5
87306 6
87307 7
87308 8
87309 9
87310 0
87311 1
87312 2
87313 3
87314 4
87315 5
87316 6
87317 7
87318 8
87319 9
87320 0
87321 1
87322 2
87323 3
87324 4
87325 5
87326 6
87327 7
87328 8
87329 9
87330 0
87331 1
87332 2
87333 3
87334 4
87335 5
87336 6
87337 7
87338 8
87339 9
87340 0
87341 1
87342 2
87343 3
87344 4
87345 5
87346 6
87347 7
87348 8
87349 9
87350 0
87351 1
87352 2
87353 3
87354 4
87355 5
87356 6
87357 7
87358 8
87359 9
87360 0
87361 1
87362 2
87363 3
87364 4
87365 5
87366 6
87367 7
87368 8
87369 9
87370 0
87371 1
87372 2
87373 3
87374 4
87375 5
87376 6
87377 7
87378 8
87379 9
87380 0
87381 1
87382 2
87383 3
87384 4
87385 5
87386 6
87387 7
87388 8
87389 9
87390 0
87391 1
87392 2
87393 3
87394 4
87395 5
87396 6
87397 7
87398 8
87399 9
87400 0
87401 1
87402 2
87403 3
87404 4
87405 5
87406 6
87407 7
87408 8
87409 9
87410 0
87411 1
87412 2
87413 3
87414 4
87415 5
87416 6
87417 7
87418 8
87419 9
87420 0
87421 1
87422 2
87423 3
87424 4
87425 5
87426 6
87427 7
87428 8
87429 9
87430 0
87431 1
87432 2
87433 3
87434 4
87435 5
87436 6
87437 7
87438 8
87439 9
87440 0
87441 1
87442 2
87443 3
87444 4
87445 5
87446 6
87447 7
87448 8
87449 9
87450 0
87451 1
87452 2
87453 3
87454 4
87455 5
87456 6
87457 7
87458 8
87459 9
87460 0
87461 1
87462 2
87463 3
87464 4
87465 5
87466 6
87467 7
87468 8
87469 9
87470 0
87471 1
87472 2
87473 3
87474 4
87475 5
87476 6
87477 7
87478 8
87479 9
87480 0
87481 1
87482 2
87483 3
87484 4
87485 5
87486 6
87487 7
87488 8
87489 9
87490 0
87491 1
87492 2
87493 3
87494 4
87495 5
87496 6
87497 7
87498 8
87499 9
87500 0
87501 1
87502 2
87503 3
87504 4
87505 5
87506 6
87507 7
87508 8
87509 9
87510 0
87511 1
87512 2
87513 3
87514 4
87515 5
87516 6
87517 7
87518 8
87519 9
87520 0
87521 1
87522 2
87523 3
87524 4
87525 5
87526 6
87527 7
87528 8
87529 9
87530 0
87531 1
87532 2
87533 3
87534 4
87535 5
87536 6
87537 7
87538 8
87539 9
87540 0
87541 1
87542 2
87543 3
87544 4
87545 5
87546 6
87547 7
87548 8
87549 9
87550 0
87551 1
87552 2
87553 3
87554 4
87555 5
87556 6
87557 7
87558 8
87559 9
87560 0
87561 1
87562 2
87563 3
87564 4
87565 5
87566 6
87567 7
87568 8
87569 9
87570 0
87571 1
87572 2
87573 3
87574 4
87575 5
87576 6
87577 7
87578 8
87579 9
87580 0
87581 1
87582 2
87583 3
87584 4
87585 5
87586 6
87587 7
87588 8
87589 9
87590 0
87591 1
87592 2
87593 3
87594 4
87595 5
87596 6
87597 7
87598 8
87599 9
87600 0
87601 1
87602 2
87603 3
87604 4
87605 5
87606 6
87607 7
87608 8
87609 9
87610 0
87611 1
87612 2
87613 3
87614 4
87615 5
87616 6
87617 7
87618 8
87619 9
87620 0
87621 1
87622 2
87623 3
87624 4
87625 5
87626 6
87627 7
87628 8
87629 9
87630 0
87631 1
87632 2
87633 3
87634 4
87635 5
87636 6
87637 7
87638 8
87639 9
87640 0
87641 1
87642 2
87643 3
87644 4
87645 5
87646 6
87647 7
87648 8
87649 9
87650 0
87651 1
87652 2
87653 3
87654 4
87655 5
87656 6
87657 7
87658 8
87659 9
87660 0
87661 1
87662 2
87663 3
87664 4
87665 5
87666 6
87667 7
87668 8
87669 9
87670 0
87671 1
87672 2
87673 3
87674 4
87675 5
87676 6
87677 7
87678 8
87679 9
87680 0
87681 1
87682 2
87683 3
87684 4
87685 5
87686 6
87687 7
87688 8
87689 9
87690 0
87691 1
87692 2
87693 3
87694 4
87695 5
87696 6
87697 7
87698 8
87699 9
87700 0
87701 1
87702 2
87703 3
87704 4
87705 5
87706 6
87707 7
87708 8
87709 9
87710 0
87711 1
87712 2
87713 3
87714 4
87715 5
87716 6
87717 7
87718 8
87719 9
87720 0
87721 1
87722 2
87723 3
87724 4
87725 5
87726 6
87727 7
87728 8
87729 9
87730 0
87731 1
87732 2
87733 3
87734 4
87735 5
87736 6
87737 7
87738 8
87739 9
87740 0
87741 1
87742 2
87743 3
87744 4
87745 5
87746 6
87747 7
87748 8
87749 9
87750 0
87751 1
87752 2
87753 3
87754 4
87755 5
87756 6
87757 7
87758 8
87759 9
87760 0
87761 1
87762 2
87763 3
87764 4
87765 5
87766 6
87767 7
87768 8
87769 9
87770 0
87771 1
87772 2
87773 3
87774 4
87775 5
87776 6
87777 7
87778 8
87779 9
87780 0
87781 1
87782 2
87783 3
87784 4
87785 5
87786 6
87787 7
87788 8
87789 9
87790 0
87791 1
87792 2
87793 3
87794 4
87795 5
87796 6
87797 7
87798 8
87799 9
87800 0
87801 1
87802 2
87803 3
87804 4
87805 5
87806 6
87807 7
87808 8
87809 9
87810 0
87811 1
87812 2
87813 3
87814 4
87815 5
87816 6
87817 7
87818 8
87819 9
87820 0
87821 1
87822 2
87823 3
87824 4
87825 5
87826 6
87827 7
87828 8
87829 9
87830 0
87831 1
87832 2
87833 3
87834 4
87835 5
87836 6
87837 7
87838 8
87839 9
87840 0
87841 1
87842 2
87843 3
87844 4
87845 5
87846 6
87847 7
87848 8
87849 9
87850 0
87851 1
87852 2
87853 3
87854 4
87855 5
87856 6
87857 7
87858 8
87859 9
87860 0
87861 1
87862 2
87863 3
87864 4
87865 5
87866 6
87867 7
87868 8
87869 9
87870 0
87871 1
87872 2
87873 3
87874 4
87875 5
87876 6
87877 7
87878 8
87879 9
87880 0
87881 1
87882 2
87883 3
87884 4
87885 5
87886 6
87887 7
87888 8
87889 9
87890 0
87891 1
87892 2
87893 3
87894 4
87895 5
87896 6
87897 7
87898 8
87899 9
87900 0
87901 1
87902 2
87903 3
87904 4
87905 5
87906 6
87907 7
87908 8
87909 9
87910 0
87911 1
87912 2
87913 3
87914 4
87915 5
87916 6
87917 7
87918 8
87919 9
87920 0
87921 1
87922 2
87923 3
87924 4
87925 5
87926 6
87927 7
87928 8
87929 9
87930 0
87931 1
87932 2
87933 3
87934 4
87935 5
87936 6
87937 7
87938 8
87939 9
87940 0
87941 1
87942 2
87943 3
87944 4
87945 5
87946 6
87947 7
87948 8
87949 9
87950 0
87951 1
87952 2
87953 3
87954 4
87955 5
87956 6
87957 7
87958 8
87959 9
87960 0
87961 1
87962 2
87963 3
87964 4
87965 5
87966 6
87967 7
87968 8
87969 9
87970 0
87971 1
87972 2
87973 3
87974 4
87975 5
87976 6
87977 7
87978 8
87979 9
87980 0
87981 1
87982 2
87983 3
87984 4
87985 5
87986 6
87987 7
87988 8
87989 9
87990 0
87991 1
87992 2
87993 3
87994 4
87995 5
87996 6
87997 7
87998 8
87999 9
88000 0
88001 1
88002 2
88003 3
88004 4
88005 5
88006 6
88007 7
88008 8
88009 9
88010 0
88011 1
88012 2
88013 3
88014 4
88015 5
88016 6
88017 7
88018 8
88019 9
88020 0
88021 1
88022 2
88023 3
88024 4
88025 5
88026 6
88027 7
88028 8
88029 9
88030 0
88031 1
88032 2
88033 3
88034 4
88035 5
88036 6
88037 7
88038 8
88039 9
88040 0
88041 1
88042 2
88043 3
88044 4
88045 5
88046 6
88047 7
88048 8
88049 9
88050 0
88051 1
88052 2
88053 3
88054 4
88055 5
88056 6
88057 7
88058 8
88059 9
88060 0
88061 1
88062 2
88063 3
88064 4
88065 5
88066 6
88067 7
88068 8
88069 9
88070 0
88071 1
88072 2
88073 3
88074 4
88075 5
88076 6
88077 7
88078 8
88079 9
88080 0
88081 1
88082 2
88083 3
88084 4
88085 5
88086 6
88087 7
88088 8
88089 9
88090 0
88091 1
88092 2
88093 3
88094 4
88095 5
88096 6
88097 7
88098 8
88099 9
88100 0
88101 1
88102 2
88103 3
88104 4
88105 5
88106 6
88107 7
88108 8
88109 9
88110 0
88111 1
88112 2
88113 3
88114 4
88115 5
88116 6
88117 7
88118 8
88119 9
88120 0
88121 1
88122 2
88123 3
88124 4
88125 5
88126 6
88127 7
88128 8
88129 9
88130 0
88131 1
88132 2
88133 3
88134 4
88135 5
88136 6
88137 7
88138 8
88139 9
88140 0
88141 1
88142 2
88143 3
88144 4
88145 5
88146 6
88147 7
88148 8
88149 9
88150 0
88151 1
88152 2
88153 3
88154 4
88155 5
88156 6
88157 7
88158 8
88159 9
88160 0
88161 1
88162 2
88163 3
88164 4
88165 5
88166 6
88167 7
88168 8
88169 9
88170 0
88171 1
88172 2
88173 3
88174 4
88175 5
88176 6
88177 7
88178 8
88179 9
88180 0
88181 1
88182 2
88183 3
88184 4
88185 5
88186 6
88187 7
88188 8
88189 9
88190 0
88191 1
88192 2
88193 3
88194 4
88195 5
88196 6
88197 7
88198 8
88199 9
88200 0
88201 1
88202 2
88203 3
88204 4
88205 5
88206 6
88207 7
88208 8
88209 9
88210 0
88211 1
88212 2
88213 3
88214 4
88215 5
88216 6
88217 7
88218 8
88219 9
88220 0
88221 1
88222 2
88223 3
88224 4
88225 5
88226 6
88227 7
88228 8
88229 9
88230 0
88231 1
88232 2
88233 3
88234 4
88235 5
88236 6
88237 7
88238 8
88239 9
88240 0
88241 1
88242 2
88243 3
88244 4
88245 5
88246 6
88247 7
88248 8
88249 9
88250 0
88251 1
88252 2
88253 3
88254 4
88255 5
88256 6
88257 7
88258 8
88259 9
88260 0
88261 1
88262 2
88263 3
88264 4
88265 5
88266 6
88267 7
88268 8
88269 9
88270 0
88271 1
88272 2
88273 3
88274 4
88275 5
88276 6
88277 7
88278 8
88279 9
88280 0
88281 1
88282 2
88283 3
88284 4
88285 5
88286 6
88287 7
88288 8
88289 9
88290 0
88291 1
88292 2
88293 3
88294 4
88295 5
88296 6
88297 7
88298 8
88299 9
88300 0
88301 1
88302 2
88303 3
88304 4
88305 5
88306 6
88307 7
88308 8
88309 9
88310 0
88311 1
88312 2
88313 3
88314 4
88315 5
88316 6
88317 7
88318 8
88319 9
88320 0
88321 1
88322 2
88323 3
88324 4
88325 5
88326 6
88327 7
88328 8
88329 9
88330 0
88331 1
88332 2
88333 3
88334 4
88335 5
88336 6
88337 7
88338 8
88339 9
88340 0
88341 1
88342 2
88343 3
88344 4
88345 5
88346 6
88347 7
88348 8
88349 9
88350 0
88351 1
88352 2
88353 3
88354 4
88355 5
88356 6
88357 7
88358 8
88359 9
88360 0
88361 1
88362 2
88363 3
88364 4
88365 5
88366 6
88367 7
88368 8
88369 9
88370 0
88371 1
88372 2
88373 3
88374 4
88375 5
88376 6
88377 7
88378 8
88379 9
88380 0
88381 1
88382 2
88383 3
88384 4
88385 5
88386 6
88387 7
88388 8
88389 9
88390 0
88391 1
88392 2
88393 3
88394 4
88395 5
88396 6
88397 7
88398 8
88399 9
88400 0
88401 1
88402 2
88403 3
88404 4
88405 5
88406 6
88407 7
88408 8
88409 9
88410 0
88411 1
88412 2
88413 3
88414 4
88415 5
88416 6
88417 7
88418 8
88419 9
88420 0
88421 1
88422 2
88423 3
88424 4
88425 5
88426 6
88427 7
88428 8
88429 9
88430 0
88431 1
88432 2
88433 3
88434 4
88435 5
88436 6
88437 7
88438 8
88439 9
88440 0
88441 1
88442 2
88443 3
88444 4
88445 5
88446 6
88447 7
88448 8
88449 9
88450 0
88451 1
88452 2
88453 3
88454 4
88455 5
88456 6
88457 7
88458 8
88459 9
88460 0
88461 1
88462 2
88463 3
88464 4
88465 5
88466 6
88467 7
88468 8
88469 9
88470 0
88471 1
88472 2
88473 3
88474 4
88475 5
88476 6
88477 7
88478 8
88479 9
88480 0
88481 1
88482 2
88483 3
88484 4
88485 5
88486 6
88487 7
88488 8
88489 9
88490 0
88491 1
88492 2
88493 3
88494 4
88495 5
88496 6
88497 7
88498 8
88499 9
88500 0
88501 1
88502 2
88503 3
88504 4
88505 5
88506 6
88507 7
88508 8
88509 9
88510 0
88511 1
88512 2
88513 3
88514 4
88515 5
88516 6
88517 7
88518 8
88519 9
88520 0
88521 1
88522 2
88523 3
88524 4
88525 5
88526 6
88527 7
88528 8
88529 9
88530 0
88531 1
88532 2
88533 3
88534 4
88535 5
88536 6
88537 7
88538 8
88539 9
88540 0
88541 1
88542 2
88543 3
88544 4
88545 5
88546 6
88547 7
88548 8
88549 9
88550 0
88551 1
88552 2
88553 3
88554 4
88555 5
88556 6
88557 7
88558 8
88559 9
88560 0
88561 1
88562 2
88563 3
88564 4
88565 5
88566 6
88567 7
88568 8
88569 9
88570 0
88571 1
88572 2
88573 3
88574 4
88575 5
88576 6
88577 7
88578 8
88579 9
88580 0
88581 1
88582 2
88583 3
88584 4
88585 5
88586 6
88587 7
88588 8
88589 9
88590 0
88591 1
88592 2
88593 3
88594 4
88595 5
88596 6
88597 7
88598 8
88599 9
88600 0
88601 1
88602 2
88603 3
88604 4
88605 5
88606 6
88607 7
88608 8
88609 9
88610 0
88611 1
88612 2
88613 3
88614 4
88615 5
88616 6
88617 7
88618 8
88619 9
88620 0
88621 1
88622 2
88623 3
88624 4
88625 5
88626 6
88627 7
88628 8
88629 9
88630 0
88631 1
88632 2
88633 3
88634 4
88635 5
88636 6
88637 7
88638 8
88639 9
88640 0
88641 1
88642 2
88643 3
88644 4
88645 5
88646 6
88647 7
88648 8
88649 9
88650 0
88651 1
88652 2
88653 3
88654 4
88655 5
88656 6
88657 7
88658 8
88659 9
88660 0
88661 1
88662 2
88663 3
88664 4
88665 5
88666 6
88667 7
88668 8
88669 9
88670 0
88671 1
88672 2
88673 3
88674 4
88675 5
88676 6
88677 7
88678 8
88679 9
88680 0
88681 1
88682 2
88683 3
88684 4
88685 5
88686 6
88687 7
88688 8
88689 9
88690 0
88691 1
88692 2
88693 3
88694 4
88695 5
88696 6
88697 7
88698 8
88699 9
88700 0
88701 1
88702 2
88703 3
88704 4
88705 5
88706 6
88707 7
88708 8
88709 9
88710 0
88711 1
88712 2
88713 3
88714 4
88715 5
88716 6
88717 7
88718 8
88719 9
88720 0
88721 1
88722 2
88723 3
88724 4
88725 5
88726 6
88727 7
88728 8
88729 9
88730 0
88731 1
88732 2
88733 3
88734 4
88735 5
88736 6
88737 7
88738 8
88739 9
88740 0
88741 1
88742 2
88743 3
88744 4
88745 5
88746 6
88747 7
88748 8
88749 9
88750 0
88751 1
88752 2
88753 3
88754 4
88755 5
88756 6
88757 7
88758 8
88759 9
88760 0
88761 1
88762 2
88763 3
88764 4
88765 5
88766 6
88767 7
88768 8
88769 9
88770 0
88771 1
88772 2
88773 3
88774 4
88775 5
88776 6
88777 7
88778 8
88779 9
88780 0
88781 1
88782 2
88783 3
88784 4
88785 5
88786 6
88787 7
88788 8
88789 9
88790 0
88791 1
88792 2
88793 3
88794 4
88795 5
88796 6
88797 7
88798 8
88799 9
88800 0
88801 1
88802 2
88803 3
88804 4
88805 5
88806 6
88807 7
88808 8
88809 9
88810 0
88811 1
88812 2
88813 3
88814 4
88815 5
88816 6
88817 7
88818 8
88819 9
88820 0
88821 1
88822 2
88823 3
88824 4
88825 5
88826 6
88827 7
88828 8
88829 9
88830 0
88831 1
88832 2
88833 3
88834 4
88835 5
88836 6
88837 7
88838 8
88839 9
88840 0
88841 1
88842 2
88843 3
88844 4
88845 5
88846 6
88847 7
88848 8
88849 9
88850 0
88851 1
88852 2
88853 3
88854 4
88855 5
88856 6
88857 7
88858 8
88859 9
88860 0
88861 1
88862 2
88863 3
88864 4
88865 5
88866 6
88867 7
88868 8
88869 9
88870 0
88871 1
88872 2
88873 3
88874 4
88875 5
88876 6
88877 7
88878 8
88879 9
88880 0
88881 1
88882 2
88883 3
88884 4
88885 5
88886 6
88887 7
88888 8
88889 9
88890 0
88891 1
88892 2
88893 3
88894 4
88895 5
88896 6
88897 7
88898 8
88899 9
88900 0
88901 1
88902 2
88903 3
88904 4
88905 5
88906 6
88907 7
88908 8
88909 9
88910 0
88911 1
88912 2
88913 3
88914 4
88915 5
88916 6
88917 7
88918 8
88919 9
88920 0
88921 1
88922 2
88923 3
88924 4
88925 5
88926 6
88927 7
88928 8
88929 9
88930 0
88931 1
88932 2
88933 3
88934 4
88935 5
88936 6
88937 7
88938 8
88939 9
88940 0
88941 1
88942 2
88943 3
88944 4
88945 5
88946 6
88947 7
88948 8
88949 9
88950 0
88951 1
88952 2
88953 3
88954 4
88955 5
88956 6
88957 7
88958 8
88959 9
88960 0
88961 1
88962 2
88963 3
88964 4
88965 5
88966 6
88967 7
88968 8
88969 9
88970 0
88971 1
88972 2
88973 3
88974 4
88975 5
88976 6
88977 7
88978 8
88979 9
88980 0
88981 1
88982 2
88983 3
88984 4
88985 5
88986 6
88987 7
88988 8
88989 9
88990 0
88991 1
88992 2
88993 3
88994 4
88995 5
88996 6
88997 7
88998 8
88999 9
89000 0
89001 1
89002 2
89003 3
89004 4
89005 5
89006 6
89007 7
89008 8
89009 9
89010 0
89011 1
89012 2
89013 3
89014 4
89015 5
89016 6
89017 7
89018 8
89019 9
89020 0
89021 1
89022 2
89023 3
89024 4
89025 5
89026 6
89027 7
89028 8
89029 9
89030 0
89031 1
89032 2
89033 3
89034 4
89035 5
89036 6
89037 7
89038 8
89039 9
89040 0
89041 1
89042 2
89043 3
89044 4
89045 5
89046 6
89047 7
89048 8
89049 9
89050 0
89051 1
89052 2
89053 3
89054 4
89055 5
89056 6
89057 7
89058 8
89059 9
89060 0
89061 1
89062 2
89063 3
89064 4
89065 5
89066 6
89067 7
89068 8
89069 9
89070 0
89071 1
89072 2
89073 3
89074 4
89075 5
89076 6
89077 7
89078 8
89079 9
89080 0
89081 1
89082 2
89083 3
89084 4
89085 5
89086 6
89087 7
89088 8
89089 9
89090 0
89091 1
89092 2
89093 3
89094 4
89095 5
89096 6
89097 7
89098 8
89099 9
89100 0
89101 1
89102 2
89103 3
89104 4
89105 5
89106 6
89107 7
89108 8
89109 9
89110 0
89111 1
89112 2
89113 3
89114 4
89115 5
89116 6
89117 7
89118 8
89119 9
89120 0
89121 1
89122 2
89123 3
89124 4
89125 5
89126 6
89127 7
89128 8
89129 9
89130 0
89131 1
89132 2
89133 3
89134 4
89135 5
89136 6
89137 7
89138 8
89139 9
89140 0
89141 1
89142 2
89143 3
89144 4
89145 5
89146 6
89147 7
89148 8
89149 9
89150 0
89151 1
89152 2
89153 3
89154 4
89155 5
89156 6
89157 7
89158 8
89159 9
89160 0
89161 1
89162 2
89163 3
89164 4
89165 5
89166 6
89167 7
89168 8
89169 9
89170 0
89171 1
89172 2
89173 3
89174 4
89175 5
89176 6
89177 7
89178 8
89179 9
89180 0
89181 1
89182 2
89183 3
89184 4
89185 5
89186 6
89187 7
89188 8
89189 9
89190 0
89191 1
89192 2
89193 3
89194 4
89195 5
89196 6
89197 7
89198 8
89199 9
89200 0
89201 1
89202 2
89203 3
89204 4
89205 5
89206 6
89207 7
89208 8
89209 9
89210 0
89211 1
89212 2
89213 3
89214 4
89215 5
89216 6
89217 7
89218 8
89219 9
89220 0
89221 1
89222 2
89223 3
89224 4
89225 5
89226 6
89227 7
89228 8
89229 9
89230 0
89231 1
89232 2
89233 3
89234 4
89235 5
89236 6
89237 7
89238 8
89239 9
89240 0
89241 1
89242 2
89243 3
89244 4
89245 5
89246 6
89247 7
89248 8
89249 9
89250 0
89251 1
89252 2
89253 3
89254 4
89255 5
89256 6
89257 7
89258 8
89259 9
89260 0
89261 1
89262 2
89263 3
89264 4
89265 5
89266 6
89267 7
89268 8
89269 9
89270 0
89271 1
89272 2
89273 3
89274 4
89275 5
89276 6
89277 7
89278 8
89279 9
89280 0
89281 1
89282 2
89283 3
89284 4
89285 5
89286 6
89287 7
89288 8
89289 9
89290 0
89291 1
89292 2
89293 3
89294 4
89295 5
89296 6
89297 7
89298 8
89299 9
89300 0
89301 1
89302 2
89303 3
89304 4
89305 5
89306 6
89307 7
89308 8
89309 9
89310 0
89311 1
89312 2
89313 3
89314 4
89315 5
89316 6
89317 7
89318 8
89319 9
89320 0
89321 1
89322 2
89323 3
89324 4
89325 5
89326 6
89327 7
89328 8
89329 9
89330 0
89331 1
89332 2
89333 3
89334 4
89335 5
89336 6
89337 7
89338 8
89339 9
89340 0
89341 1
89342 2
89343 3
89344 4
89345 5
89346 6
89347 7
89348 8
89349 9
89350 0
89351 1
89352 2
89353 3
89354 4
89355 5
89356 6
89357 7
89358 8
89359 9
89360 0
89361 1
89362 2
89363 3
89364 4
89365 5
89366 6
89367 7
89368 8
89369 9
89370 0
89371 1
89372 2
89373 3
89374 4
89375 5
89376 6
89377 7
89378 8
89379 9
89380 0
89381 1
89382 2
89383 3
89384 4
89385 5
89386 6
89387 7
89388 8
89389 9
89390 0
89391 1
89392 2
89393 3
89394 4
89395 5
89396 6
89397 7
89398 8
89399 9
89400 0
89401 1
89402 2
89403 3
89404 4
89405 5
89406 6
89407 7
89408 8
89409 9
89410 0
89411 1
89412 2
89413 3
89414 4
89415 5
89416 6
89417 7
89418 8
89419 9
89420 0
89421 1
89422 2
89423 3
89424 4
89425 5
89426 6
89427 7
89428 8
89429 9
89430 0
89431 1
89432 2
89433 3
89434 4
89435 5
89436 6
89437 7
89438 8
89439 9
89440 0
89441 1
89442 2
89443 3
89444 4
89445 5
89446 6
89447 7
89448 8
89449 9
89450 0
89451 1
89452 2
89453 3
89454 4
89455 5
89456 6
89457 7
89458 8
89459 9
89460 0
89461 1
89462 2
89463 3
89464 4
89465 5
89466 6
89467 7
89468 8
89469 9
89470 0
89471 1
89472 2
89473 3
89474 4
89475 5
89476 6
89477 7
89478 8
89479 9
89480 0
89481 1
89482 2
89483 3
89484 4
89485 5
89486 6
89487 7
89488 8
89489 9
89490 0
89491 1
89492 2
89493 3
89494 4
89495 5
89496 6
89497 7
89498 8
89499 9
89500 0
89501 1
89502 2
89503 3
89504 4
89505 5
89506 6
89507 7
89508 8
89509 9
89510 0
89511 1
89512 2
89513 3
89514 4
89515 5
89516 6
89517 7
89518 8
89519 9
89520 0
89521 1
89522 2
89523 3
89524 4
89525 5
89526 6
89527 7
89528 8
89529 9
89530 0
89531 1
89532 2
89533 3
89534 4
89535 5
89536 6
89537 7
89538 8
89539 9
89540 0
89541 1
89542 2
89543 3
89544 4
89545 5
89546 6
89547 7
89548 8
89549 9
89550 0
89551 1
89552 2
89553 3
89554 4
89555 5
89556 6
89557 7
89558 8
89559 9
89560 0
89561 1
89562 2
89563 3
89564 4
89565 5
89566 6
89567 7
89568 8
89569 9
89570 0
89571 1
89572 2
89573 3
89574 4
89575 5
89576 6
89577 7
89578 8
89579 9
89580 0
89581 1
89582 2
89583 3
89584 4
89585 5
89586 6
89587 7
89588 8
89589 9
89590 0
89591 1
89592 2
89593 3
89594 4
89595 5
89596 6
89597 7
89598 8
89599 9
89600 0
89601 1
89602 2
89603 3
89604 4
89605 5
89606 6
89607 7
89608 8
89609 9
89610 0
89611 1
89612 2
89613 3
89614 4
89615 5
89616 6
89617 7
89618 8
89619 9
89620 0
89621 1
89622 2
89623 3
89624 4
89625 5
89626 6
89627 7
89628 8
89629 9
89630 0
89631 1
89632 2
89633 3
89634 4
89635 5
89636 6
89637 7
89638 8
89639 9
89640 0
89641 1
89642 2
89643 3
89644 4
89645 5
89646 6
89647 7
89648 8
89649 9
89650 0
89651 1
89652 2
89653 3
89654 4
89655 5
89656 6
89657 7
89658 8
89659 9
89660 0
89661 1
89662 2
89663 3
89664 4
89665 5
89666 6
89667 7
89668 8
89669 9
89670 0
89671 1
89672 2
89673 3
89674 4
89675 5
89676 6
89677 7
89678 8
89679 9
89680 0
89681 1
89682 2
89683 3
89684 4
89685 5
89686 6
89687 7
89688 8
89689 9
89690 0
89691 1
89692 2
89693 3
89694 4
89695 5
89696 6
89697 7
89698 8
89699 9
89700 0
89701 1
89702 2
89703 3
89704 4
89705 5
89706 6
89707 7
89708 8
89709 9
89710 0
89711 1
89712 2
89713 3
89714 4
89715 5
89716 6
89717 7
89718 8
89719 9
89720 0
89721 1
89722 2
89723 3
89724 4
89725 5
89726 6
89727 7
89728 8
89729 9
89730 0
89731 1
89732 2
89733 3
89734 4
89735 5
89736 6
89737 7
89738 8
89739 9
89740 0
89741 1
89742 2
89743 3
89744 4
89745 5
89746 6
89747 7
89748 8
89749 9
89750 0
89751 1
89752 2
89753 3
89754 4
89755 5
89756 6
89757 7
89758 8
89759 9
89760 0
89761 1
89762 2
89763 3
89764 4
89765 5
89766 6
89767 7
89768 8
89769 9
89770 0
89771 1
89772 2
89773 3
89774 4
89775 5
89776 6
89777 7
89778 8
89779 9
89780 0
89781 1
89782 2
89783 3
89784 4
89785 5
89786 6
89787 7
89788 8
89789 9
89790 0
89791 1
89792 2
89793 3
89794 4
89795 5
89796 6
89797 7
89798 8
89799 9
89800 0
89801 1
89802 2
89803 3
89804 4
89805 5
89806 6
89807 7
89808 8
89809 9
89810 0
89811 1
89812 2
89813 3
89814 4
89815 5
89816 6
89817 7
89818 8
89819 9
89820 0
89821 1
89822 2
89823 3
89824 4
89825 5
89826 6
89827 7
89828 8
89829 9
89830 0
89831 1
89832 2
89833 3
89834 4
89835 5
89836 6
89837 7
89838 8
89839 9
89840 0
89841 1
89842 2
89843 3
89844 4
89845 5
89846 6
89847 7
89848 8
89849 9
89850 0
89851 1
89852 2
89853 3
89854 4
89855 5
89856 6
89857 7
89858 8
89859 9
89860 0
89861 1
89862 2
89863 3
89864 4
89865 5
89866 6
89867 7
89868 8
89869 9
89870 0
89871 1
89872 2
89873 3
89874 4
89875 5
89876 6
89877 7
89878 8
89879 9
89880 0
89881 1
89882 2
89883 3
89884 4
89885 5
89886 6
89887 7
89888 8
89889 9
89890 0
89891 1
89892 2
89893 3
89894 4
89895 5
89896 6
89897 7
89898 8
89899 9
89900 0
89901 1
89902 2
89903 3
89904 4
89905 5
89906 6
89907 7
89908 8
89909 9
89910 0
89911 1
89912 2
89913 3
89914 4
89915 5
89916 6
89917 7
89918 8
89919 9
89920 0
89921 1
89922 2
89923 3
89924 4
89925 5
89926 6
89927 7
89928 8
89929 9
89930 0
89931 1
89932 2
89933 3
89934 4
89935 5
89936 6
89937 7
89938 8
89939 9
89940 0
89941 1
89942 2
89943 3
89944 4
89945 5
89946 6
89947 7
89948 8
89949 9
89950 0
89951 1
89952 2
89953 3
89954 4
89955 5
89956 6
89957 7
89958 8
89959 9
89960 0
89961 1
89962 2
89963 3
89964 4
89965 5
89966 6
89967 7
89968 8
89969 9
89970 0
89971 1
89972 2
89973 3
89974 4
89975 5
89976 6
89977 7
89978 8
89979 9
89980 0
89981 1
89982 2
89983 3
89984 4
89985 5
89986 6
89987 7
89988 8
89989 9
89990 0
89991 1
89992 2
89993 3
89994 4
89995 5
89996 6
89997 7
89998 8
89999 9
90000 0
90001 1
90002 2
90003 3
90004 4
90005 5
90006 6
90007 7
90008 8
90009 9
90010 0
90011 1
90012 2
90013 3
90014 4
90015 5
90016 6
90017 7
90018 8
90019 9
90020 0
90021 1
90022 2
90023 3
90024 4
90025 5
90026 6
90027 7
90028 8
90029 9
90030 0
90031 1
90032 2
90033 3
90034 4
90035 5
90036 6
90037 7
90038 8
90039 9
90040 0
90041 1
90042 2
90043 3
90044 4
90045 5
90046 6
90047 7
90048 8
90049 9
90050 0
90051 1
90052 2
90053 3
90054 4
90055 5
90056 6
90057 7
90058 8
90059 9
90060 0
90061 1
90062 2
90063 3
90064 4
90065 5
90066 6
90067 7
90068 8
90069 9
90070 0
90071 1
90072 2
90073 3
90074 4
90075 5
90076 6
90077 7
90078 8
90079 9
90080 0
90081 1
90082 2
90083 3
90084 4
90085 5
90086 6
90087 7
90088 8
90089 9
90090 0
90091 1
90092 2
90093 3
90094 4
90095 5
90096 6
90097 7
90098 8
90099 9
90100 0
90101 1
90102 2
90103 3
90104 4
90105 5
90106 6
90107 7
90108 8
90109 9
90110 0
90111 1
90112 2
90113 3
90114 4
90115 5
90116 6
90117 7
90118 8
90119 9
90120 0
90121 1
90122 2
90123 3
90124 4
90125 5
90126 6
90127 7
90128 8
90129 9
90130 0
90131 1
90132 2
90133 3
90134 4
90135 5
90136 6
90137 7
90138 8
90139 9
90140 0
90141 1
90142 2
90143 3
90144 4
90145 5
90146 6
90147 7
90148 8
90149 9
90150 0
90151 1
90152 2
90153 3
90154 4
90155 5
90156 6
90157 7
90158 8
90159 9
90160 0
90161 1
90162 2
90163 3
90164 4
90165 5
90166 6
90167 7
90168 8
90169 9
90170 0
90171 1
90172 2
90173 3
90174 4
90175 5
90176 6
90177 7
90178 8
90179 9
90180 0
90181 1
90182 2
90183 3
90184 4
90185 5
90186 6
90187 7
90188 8
90189 9
90190 0
90191 1
90192 2
90193 3
90194 4
90195 5
90196 6
90197 7
90198 8
90199 9
90200 0
90201 1
90202 2
90203 3
90204 4
90205 5
90206 6
90207 7
90208 8
90209 9
90210 0
90211 1
90212 2
90213 3
90214 4
90215 5
90216 6
90217 7
90218 8
90219 9
90220 0
90221 1
90222 2
90223 3
90224 4
90225 5
90226 6
90227 7
90228 8
90229 9
90230 0
90231 1
90232 2
90233 3
90234 4
90235 5
90236 6
90237 7
90238 8
90239 9
90240 0
90241 1
90242 2
90243 3
90244 4
90245 5
90246 6
90247 7
90248 8
90249 9
90250 0
90251 1
90252 2
90253 3
90254 4
90255 5
90256 6
90257 7
90258 8
90259 9
90260 0
90261 1
90262 2
90263 3
90264 4
90265 5
90266 6
90267 7
90268 8
90269 9
90270 0
90271 1
90272 2
90273 3
90274 4
90275 5
90276 6
90277 7
90278 8
90279 9
90280 0
90281 1
90282 2
90283 3
90284 4
90285 5
90286 6
90287 7
90288 8
90289 9
90290 0
90291 1
90292 2
90293 3
90294 4
90295 5
90296 6
90297 7
90298 8
90299 9
90300 0
90301 1
90302 2
90303 3
90304 4
90305 5
90306 6
90307 7
90308 8
90309 9
90310 0
90311 1
90312 2
90313 3
90314 4
90315 5
90316 6
90317 7
90318 8
90319 9
90320 0
90321 1
90322 2
90323 3
90324 4
90325 5
90326 6
90327 7
90328 8
90329 9
90330 0
90331 1
90332 2
90333 3
90334 4
90335 5
90336 6
90337 7
90338 8
90339 9
90340 0
90341 1
90342 2
90343 3
90344 4
90345 5
90346 6
90347 7
90348 8
90349 9
90350 0
90351 1
90352 2
90353 3
90354 4
90355 5
90356 6
90357 7
90358 8
90359 9
90360 0
90361 1
90362 2
90363 3
90364 4
90365 5
90366 6
90367 7
90368 8
90369 9
90370 0
90371 1
90372 2
90373 3
90374 4
90375 5
90376 6
90377 7
90378 8
90379 9
90380 0
90381 1
90382 2
90383 3
90384 4
90385 5
90386 6
90387 7
90388 8
90389 9
90390 0
90391 1
90392 2
90393 3
90394 4
90395 5
90396 6
90397 7
90398 8
90399 9
90400 0
90401 1
90402 2
90403 3
90404 4
90405 5
90406 6
90407 7
90408 8
90409 9
90410 0
90411 1
90412 2
90413 3
90414 4
90415 5
90416 6
90417 7
90418 8
90419 9
90420 0
90421 1
90422 2
90423 3
90424 4
90425 5
90426 6
90427 7
90428 8
90429 9
90430 0
90431 1
90432 2
90433 3
90434 4
90435 5
90436 6
90437 7
90438 8
90439 9
90440 0
90441 1
90442 2
90443 3
90444 4
90445 5
90446 6
90447 7
90448 8
90449 9
90450 0
90451 1
90452 2
90453 3
90454 4
90455 5
90456 6
90457 7
90458 8
90459 9
90460 0
90461 1
90462 2
90463 3
90464 4
90465 5
90466 6
90467 7
90468 8
90469 9
90470 0
90471 1
90472 2
90473 3
90474 4
90475 5
90476 6
90477 7
90478 8
90479 9
90480 0
90481 1
90482 2
90483 3
90484 4
90485 5
90486 6
90487 7
90488 8
90489 9
90490 0
90491 1
90492 2
90493 3
90494 4
90495 5
90496 6
90497 7
90498 8
90499 9
90500 0
90501 1
90502 2
90503 3
90504 4
90505 5
90506 6
90507 7
90508 8
90509 9
90510 0
90511 1
90512 2
90513 3
90514 4
90515 5
90516 6
90517 7
90518 8
90519 9
90520 0
90521 1
90522 2
90523 3
90524 4
90525 5
90526 6
90527 7
90528 8
90529 9
90530 0
90531 1
90532 2
90533 3
90534 4
90535 5
90536 6
90537 7
90538 8
90539 9
90540 0
90541 1
90542 2
90543 3
90544 4
90545 5
90546 6
90547 7
90548 8
90549 9
90550 0
90551 1
90552 2
90553 3
90554 4
90555 5
90556 6
90557 7
90558 8
90559 9
90560 0
90561 1
90562 2
90563 3
90564 4
90565 5
90566 6
90567 7
90568 8
90569 9
90570 0
90571 1
90572 2
90573 3
90574 4
90575 5
90576 6
90577 7
90578 8
90579 9
90580 0
90581 1
90582 2
90583 3
90584 4
90585 5
90586 6
90587 7
90588 8
90589 9
90590 0
90591 1
90592 2
90593 3
90594 4
90595 5
90596 6
90597 7
90598 8
90599 9
90600 0
90601 1
90602 2
90603 3
90604 4
90605 5
90606 6
90607 7
90608 8
90609 9
90610 0
90611 1
90612 2
90613 3
90614 4
90615 5
90616 6
90617 7
90618 8
90619 9
90620 0
90621 1
90622 2
90623 3
90624 4
90625 5
90626 6
90627 7
90628 8
90629 9
90630 0
90631 1
90632 2
90633 3
90634 4
90635 5
90636 6
90637 7
90638 8
90639 9
90640 0
90641 1
90642 2
90643 3
90644 4
90645 5
90646 6
90647 7
90648 8
90649 9
90650 0
90651 1
90652 2
90653 3
90654 4
90655 5
90656 6
90657 7
90658 8
90659 9
90660 0
90661 1
90662 2
90663 3
90664 4
90665 5
90666 6
90667 7
90668 8
90669 9
90670 0
90671 1
90672 2
90673 3
90674 4
90675 5
90676 6
90677 7
90678 8
90679 9
90680 0
90681 1
90682 2
90683 3
90684 4
90685 5
90686 6
90687 7
90688 8
90689 9
90690 0
90691 1
90692 2
90693 3
90694 4
90695 5
90696 6
90697 7
90698 8
90699 9
90700 0
90701 1
90702 2
90703 3
90704 4
90705 5
90706 6
90707 7
90708 8
90709 9
90710 0
90711 1
90712 2
90713 3
90714 4
90715 5
90716 6
90717 7
90718 8
90719 9
90720 0
90721 1
90722 2
90723 3
90724 4
90725 5
90726 6
90727 7
90728 8
90729 9
90730 0
90731 1
90732 2
90733 3
90734 4
90735 5
90736 6
90737 7
90738 8
90739 9
90740 0
90741 1
90742 2
90743 3
90744 4
90745 5
90746 6
90747 7
90748 8
90749 9
90750 0
90751 1
90752 2
90753 3
90754 4
90755 5
90756 6
90757 7
90758 8
90759 9
90760 0
90761 1
90762 2
90763 3
90764 4
90765 5
90766 6
90767 7
90768 8
90769 9
90770 0
90771 1
90772 2
90773 3
90774 4
90775 5
90776 6
90777 7
90778 8
90779 9
90780 0
90781 1
90782 2
90783 3
90784 4
90785 5
90786 6
90787 7
90788 8
90789 9
90790 0
90791 1
90792 2
90793 3
90794 4
90795 5
90796 6
90797 7
90798 8
90799 9
90800 0
90801 1
90802 2
90803 3
90804 4
90805 5
90806 6
90807 7
90808 8
90809 9
90810 0
90811 1
90812 2
90813 3
90814 4
90815 5
90816 6
90817 7
90818 8
90819 9
90820 0
90821 1
90822 2
90823 3
90824 4
90825 5
90826 6
90827 7
90828 8
90829 9
90830 0
90831 1
90832 2
90833 3
90834 4
90835 5
90836 6
90837 7
90838 8
90839 9
90840 0
90841 1
90842 2
90843 3
90844 4
90845 5
90846 6
90847 7
90848 8
90849 9
90850 0
90851 1
90852 2
90853 3
90854 4
90855 5
90856 6
90857 7
90858 8
90859 9
90860 0
90861 1
90862 2
90863 3
90864 4
90865 5
90866 6
90867 7
90868 8
90869 9
90870 0
90871 1
90872 2
90873 3
90874 4
90875 5
90876 6
90877 7
90878 8
90879 9
90880 0
90881 1
90882 2
90883 3
90884 4
90885 5
90886 6
90887 7
90888 8
90889 9
90890 0
90891 1
90892 2
90893 3
90894 4
90895 5
90896 6
90897 7
90898 8
90899 9
90900 0
90901 1
90902 2
90903 3
90904 4
90905 5
90906 6
90907 7
90908 8
90909 9
90910 0
90911 1
90912 2
90913 3
90914 4
90915 5
90916 6
90917 7
90918 8
90919 9
90920 0
90921 1
90922 2
90923 3
90924 4
90925 5
90926 6
90927 7
90928 8
90929 9
90930 0
90931 1
90932 2
90933 3
90934 4
90935 5
90936 6
90937 7
90938 8
90939 9
90940 0
90941 1
90942 2
90943 3
90944 4
90945 5
90946 6
90947 7
90948 8
90949 9
90950 0
90951 1
90952 2
90953 3
90954 4
90955 5
90956 6
90957 7
90958 8
90959 9
90960 0
90961 1
90962 2
90963 3
90964 4
90965 5
90966 6
90967 7
90968 8
90969 9
90970 0
90971 1
90972 2
90973 3
90974 4
90975 5
90976 6
90977 7
90978 8
90979 9
90980 0
90981 1
90982 2
90983 3
90984 4
90985 5
90986 6
90987 7
90988 8
90989 9
90990 0
90991 1
90992 2
90993 3
90994 4
90995 5
90996 6
90997 7
90998 8
90999 9
91000 0
91001 1
91002 2
91003 3
91004 4
91005 5
91006 6
91007 7
91008 8
91009 9
91010 0
91011 1
91012 2
91013 3
91014 4
91015 5
91016 6
91017 7
91018 8
91019 9
91020 0
91021 1
91022 2
91023 3
91024 4
91025 5
91026 6
91027 7
91028 8
91029 9
91030 0
91031 1
91032 2
91033 3
91034 4
91035 5
91036 6
91037 7
91038 8
91039 9
91040 0
91041 1
91042 2
91043 3
91044 4
91045 5
91046 6
91047 7
91048 8
91049 9
91050 0
91051 1
91052 2
91053 3
91054 4
91055 5
91056 6
91057 7
91058 8
91059 9
91060 0
91061 1
91062 2
91063 3
91064 4
91065 5
91066 6
91067 7
91068 8
91069 9
91070 0
91071 1
91072 2
91073 3
91074 4
91075 5
91076 6
91077 7
91078 8
91079 9
91080 0
91081 1
91082 2
91083 3
91084 4
91085 5
91086 6
91087 7
91088 8
91089 9
91090 0
91091 1
91092 2
91093 3
91094 4
91095 5
91096 6
91097 7
91098 8
91099 9
91100 0
91101 1
91102 2
91103 3
91104 4
91105 5
91106 6
91107 7
91108 8
91109 9
91110 0
91111 1
91112 2
91113 3
91114 4
91115 5
91116 6
91117 7
91118 8
91119 9
91120 0
91121 1
91122 2
91123 3
91124 4
91125 5
91126 6
91127 7
91128 8
91129 9
91130 0
91131 1
91132 2
91133 3
91134 4
91135 5
91136 6
91137 7
91138 8
91139 9
91140 0
91141 1
91142 2
91143 3
91144 4
91145 5
91146 6
91147 7
91148 8
91149 9
91150 0
91151 1
91152 2
91153 3
91154 4
91155 5
91156 6
91157 7
91158 8
91159 9
91160 0
91161 1
91162 2
91163 3
91164 4
91165 5
91166 6
91167 7
91168 8
91169 9
91170 0
91171 1
91172 2
91173 3
91174 4
91175 5
91176 6
91177 7
91178 8
91179 9
91180 0
91181 1
91182 2
91183 3
91184 4
91185 5
91186 6
91187 7
91188 8
91189 9
91190 0
91191 1
91192 2
91193 3
91194 4
91195 5
91196 6
91197 7
91198 8
91199 9
91200 0
91201 1
91202 2
91203 3
91204 4
91205 5
91206 6
91207 7
91208 8
91209 9
91210 0
91211 1
91212 2
91213 3
91214 4
91215 5
91216 6
91217 7
91218 8
91219 9
91220 0
91221 1
91222 2
91223 3
91224 4
91225 5
91226 6
91227 7
91228 8
91229 9
91230 0
91231 1
91232 2
91233 3
91234 4
91235 5
91236 6
91237 7
91238 8
91239 9
91240 0
91241 1
91242 2
91243 3
91244 4
91245 5
91246 6
91247 7
91248 8
91249 9
91250 0
91251 1
91252 2
91253 3
91254 4
91255 5
91256 6
91257 7
91258 8
91259 9
91260 0
91261 1
91262 2
91263 3
91264 4
91265 5
91266 6
91267 7
91268 8
91269 9
91270 0
91271 1
91272 2
91273 3
91274 4
91275 5
91276 6
91277 7
91278 8
91279 9
91280 0
91281 1
91282 2
91283 3
91284 4
91285 5
91286 6
91287 7
91288 8
91289 9
91290 0
91291 1
91292 2
91293 3
91294 4
91295 5
91296 6
91297 7
91298 8
91299 9
91300 0
91301 1
91302 2
91303 3
91304 4
91305 5
91306 6
91307 7
91308 8
91309 9
91310 0
91311 1
91312 2
91313 3
91314 4
91315 5
91316 6
91317 7
91318 8
91319 9
91320 0
91321 1
91322 2
91323 3
91324 4
91325 5
91326 6
91327 7
91328 8
91329 9
91330 0
91331 1
91332 2
91333 3
91334 4
91335 5
91336 6
91337 7
91338 8
91339 9
91340 0
91341 1
91342 2
91343 3
91344 4
91345 5
91346 6
91347 7
91348 8
91349 9
91350 0
91351 1
91352 2
91353 3
91354 4
91355 5
91356 6
91357 7
91358 8
91359 9
91360 0
91361 1
91362 2
91363 3
91364 4
91365 5
91366 6
91367 7
91368 8
91369 9
91370 0
91371 1
91372 2
91373 3
91374 4
91375 5
91376 6
91377 7
91378 8
91379 9
91380 0
91381 1
91382 2
91383 3
91384 4
91385 5
91386 6
91387 7
91388 8
91389 9
91390 0
91391 1
91392 2
91393 3
91394 4
91395 5
91396 6
91397 7
91398 8
91399 9
91400 0
91401 1
91402 2
91403 3
91404 4
91405 5
91406 6
91407 7
91408 8
91409 9
91410 0
91411 1
91412 2
91413 3
91414 4
91415 5
91416 6
91417 7
91418 8
91419 9
91420 0
91421 1
91422 2
91423 3
91424 4
91425 5
91426 6
91427 7
91428 8
91429 9
91430 0
91431 1
91432 2
91433 3
91434 4
91435 5
91436 6
91437 7
91438 8
91439 9
91440 0
91441 1
91442 2
91443 3
91444 4
91445 5
91446 6
91447 7
91448 8
91449 9
91450 0
91451 1
91452 2
91453 3
91454 4
91455 5
91456 6
91457 7
91458 8
91459 9
91460 0
91461 1
91462 2
91463 3
91464 4
91465 5
91466 6
91467 7
91468 8
91469 9
91470 0
91471 1
91472 2
91473 3
91474 4
91475 5
91476 6
91477 7
91478 8
91479 9
91480 0
91481 1
91482 2
91483 3
91484 4
91485 5
91486 6
91487 7
91488 8
91489 9
91490 0
91491 1
91492 2
91493 3
91494 4
91495 5
91496 6
91497 7
91498 8
91499 9
91500 0
91501 1
91502 2
91503 3
91504 4
91505 5
91506 6
91507 7
91508 8
91509 9
91510 0
91511 1
91512 2
91513 3
91514 4
91515 5
91516 6
91517 7
91518 8
91519 9
91520 0
91521 1
91522 2
91523 3
91524 4
91525 5
91526 6
91527 7
91528 8
91529 9
91530 0
91531 1
91532 2
91533 3
91534 4
91535 5
91536 6
91537 7
91538 8
91539 9
91540 0
91541 1
91542 2
91543 3
91544 4
91545 5
91546 6
91547 7
91548 8
91549 9
91550 0
91551 1
91552 2
91553 3
91554 4
91555 5
91556 6
91557 7
91558 8
91559 9
91560 0
91561 1
91562 2
91563 3
91564 4
91565 5
91566 6
91567 7
91568 8
91569 9
91570 0
91571 1
91572 2
91573 3
91574 4
91575 5
91576 6
91577 7
91578 8
91579 9
91580 0
91581 1
91582 2
91583 3
91584 4
91585 5
91586 6
91587 7
91588 8
91589 9
91590 0
91591 1
91592 2
91593 3
91594 4
91595 5
91596 6
91597 7
91598 8
91599 9
91600 0
91601 1
91602 2
91603 3
91604 4
91605 5
91606 6
91607 7
91608 8
91609 9
91610 0
91611 1
91612 2
91613 3
91614 4
91615 5
91616 6
91617 7
91618 8
91619 9
91620 0
91621 1
91622 2
91623 3
91624 4
91625 5
91626 6
91627 7
91628 8
91629 9
91630 0
91631 1
91632 2
91633 3
91634 4
91635 5
91636 6
91637 7
91638 8
91639 9
91640 0
91641 1
91642 2
91643 3
91644 4
91645 5
91646 6
91647 7
91648 8
91649 9
91650 0
91651 1
91652 2
91653 3
91654 4
91655 5
91656 6
91657 7
91658 8
91659 9
91660 0
91661 1
91662 2
91663 3
91664 4
91665 5
91666 6
91667 7
91668 8
91669 9
91670 0
91671 1
91672 2
91673 3
91674 4
91675 5
91676 6
91677 7
91678 8
91679 9
91680 0
91681 1
91682 2
91683 3
91684 4
91685 5
91686 6
91687 7
91688 8
91689 9
91690 0
91691 1
91692 2
91693 3
91694 4
91695 5
91696 6
91697 7
91698 8
91699 9
91700 0
91701 1
91702 2
91703 3
91704 4
91705 5
91706 6
91707 7
91708 8
91709 9
91710 0
91711 1
91712 2
91713 3
91714 4
91715 5
91716 6
91717 7
91718 8
91719 9
91720 0
91721 1
91722 2
91723 3
91724 4
91725 5
91726 6
91727 7
91728 8
91729 9
91730 0
91731 1
91732 2
91733 3
91734 4
91735 5
91736 6
91737 7
91738 8
91739 9
91740 0
91741 1
91742 2
91743 3
91744 4
91745 5
91746 6
91747 7
91748 8
91749 9
91750 0
91751 1
91752 2
91753 3
91754 4
91755 5
91756 6
91757 7
91758 8
91759 9
91760 0
91761 1
91762 2
91763 3
91764 4
91765 5
91766 6
91767 7
91768 8
91769 9
91770 0
91771 1
91772 2
91773 3
91774 4
91775 5
91776 6
91777 7
91778 8
91779 9
91780 0
91781 1
91782 2
91783 3
91784 4
91785 5
91786 6
91787 7
91788 8
91789 9
91790 0
91791 1
91792 2
91793 3
91794 4
91795 5
91796 6
91797 7
91798 8
91799 9
91800 0
91801 1
91802 2
91803 3
91804 4
91805 5
91806 6
91807 7
91808 8
91809 9
91810 0
91811 1
91812 2
91813 3
91814 4
91815 5
91816 6
91817 7
91818 8
91819 9
91820 0
91821 1
91822 2
91823 3
91824 4
91825 5
91826 6
91827 7
91828 8
91829 9
91830 0
91831 1
91832 2
91833 3
91834 4
91835 5
91836 6
91837 7
91838 8
91839 9
91840 0
91841 1
91842 2
91843 3
91844 4
91845 5
91846 6
91847 7
91848 8
91849 9
91850 0
91851 1
91852 2
91853 3
91854 4
91855 5
91856 6
91857 7
91858 8
91859 9
91860 0
91861 1
91862 2
91863 3
91864 4
91865 5
91866 6
91867 7
91868 8
91869 9
91870 0
91871 1
91872 2
91873 3
91874 4
91875 5
91876 6
91877 7
91878 8
91879 9
91880 0
91881 1
91882 2
91883 3
91884 4
91885 5
91886 6
91887 7
91888 8
91889 9
91890 0
91891 1
91892 2
91893 3
91894 4
91895 5
91896 6
91897 7
91898 8
91899 9
91900 0
91901 1
91902 2
91903 3
91904 4
91905 5
91906 6
91907 7
91908 8
91909 9
91910 0
91911 1
91912 2
91913 3
91914 4
91915 5
91916 6
91917 7
91918 8
91919 9
91920 0
91921 1
91922 2
91923 3
91924 4
91925 5
91926 6
91927 7
91928 8
91929 9
91930 0
91931 1
91932 2
91933 3
91934 4
91935 5
91936 6
91937 7
91938 8
91939 9
91940 0
91941 1
91942 2
91943 3
91944 4
91945 5
91946 6
91947 7
91948 8
91949 9
91950 0
91951 1
91952 2
91953 3
91954 4
91955 5
91956 6
91957 7
91958 8
91959 9
91960 0
91961 1
91962 2
91963 3
91964 4
91965 5
91966 6
91967 7
91968 8
91969 9
91970 0
91971 1
91972 2
91973 3
91974 4
91975 5
91976 6
91977 7
91978 8
91979 9
91980 0
91981 1
91982 2
91983 3
91984 4
91985 5
91986 6
91987 7
91988 8
91989 9
91990 0
91991 1
91992 2
91993 3
91994 4
91995 5
91996 6
91997 7
91998 8
91999 9
92000 0
92001 1
92002 2
92003 3
92004 4
92005 5
92006 6
92007 7
92008 8
92009 9
92010 0
92011 1
92012 2
92013 3
92014 4
92015 5
92016 6
92017 7
92018 8
92019 9
92020 0
92021 1
92022 2
92023 3
92024 4
92025 5
92026 6
92027 7
92028 8
92029 9
92030 0
92031 1
92032 2
92033 3
92034 4
92035 5
92036 6
92037 7
92038 8
92039 9
92040 0
92041 1
92042 2
92043 3
92044 4
92045 5
92046 6
92047 7
92048 8
92049 9
92050 0
92051 1
92052 2
92053 3
92054 4
92055 5
92056 6
92057 7
92058 8
92059 9
92060 0
92061 1
92062 2
92063 3
92064 4
92065 5
92066 6
92067 7
92068 8
92069 9
92070 0
92071 1
92072 2
92073 3
92074 4
92075 5
92076 6
92077 7
92078 8
92079 9
92080 0
92081 1
92082 2
92083 3
92084 4
92085 5
92086 6
92087 7
92088 8
92089 9
92090 0
92091 1
92092 2
92093 3
92094 4
92095 5
92096 6
92097 7
92098 8
92099 9
92100 0
92101 1
92102 2
92103 3
92104 4
92105 5
92106 6
92107 7
92108 8
92109 9
92110 0
92111 1
92112 2
92113 3
92114 4
92115 5
92116 6
92117 7
92118 8
92119 9
92120 0
92121 1
92122 2
92123 3
92124 4
92125 5
92126 6
92127 7
92128 8
92129 9
92130 0
92131 1
92132 2
92133 3
92134 4
92135 5
92136 6
92137 7
92138 8
92139 9
92140 0
92141 1
92142 2
92143 3
92144 4
92145 5
92146 6
92147 7
92148 8
92149 9
92150 0
92151 1
92152 2
92153 3
92154 4
92155 5
92156 6
92157 7
92158 8
92159 9
92160 0
92161 1
92162 2
92163 3
92164 4
92165 5
92166 6
92167 7
92168 8
92169 9
92170 0
92171 1
92172 2
92173 3
92174 4
92175 5
92176 6
92177 7
92178 8
92179 9
92180 0
92181 1
92182 2
92183 3
92184 4
92185 5
92186 6
92187 7
92188 8
92189 9
92190 0
92191 1
92192 2
92193 3
92194 4
92195 5
92196 6
92197 7
92198 8
92199 9
92200 0
92201 1
92202 2
92203 3
92204 4
92205 5
92206 6
92207 7
92208 8
92209 9
92210 0
92211 1
92212 2
92213 3
92214 4
92215 5
92216 6
92217 7
92218 8
92219 9
92220 0
92221 1
92222 2
92223 3
92224 4
92225 5
92226 6
92227 7
92228 8
92229 9
92230 0
92231 1
92232 2
92233 3
92234 4
92235 5
92236 6
92237 7
92238 8
92239 9
92240 0
92241 1
92242 2
92243 3
92244 4
92245 5
92246 6
92247 7
92248 8
92249 9
92250 0
92251 1
92252 2
92253 3
92254 4
92255 5
92256 6
92257 7
92258 8
92259 9
92260 0
92261 1
92262 2
92263 3
92264 4
92265 5
92266 6
92267 7
92268 8
92269 9
92270 0
92271 1
92272 2
92273 3
92274 4
92275 5
92276 6
92277 7
92278 8
92279 9
92280 0
92281 1
92282 2
92283 3
92284 4
92285 5
92286 6
92287 7
92288 8
92289 9
92290 0
92291 1
92292 2
92293 3
92294 4
92295 5
92296 6
92297 7
92298 8
92299 9
92300 0
92301 1
92302 2
92303 3
92304 4
92305 5
92306 6
92307 7
92308 8
92309 9
92310 0
92311 1
92312 2
92313 3
92314 4
92315 5
92316 6
92317 7
92318 8
92319 9
92320 0
92321 1
92322 2
92323 3
92324 4
92325 5
92326 6
92327 7
92328 8
92329 9
92330 0
92331 1
92332 2
92333 3
92334 4
92335 5
92336 6
92337 7
92338 8
92339 9
92340 0
92341 1
92342 2
92343 3
92344 4
92345 5
92346 6
92347 7
92348 8
92349 9
92350 0
92351 1
92352 2
92353 3
92354 4
92355 5
92356 6
92357 7
92358 8
92359 9
92360 0
92361 1
92362 2
92363 3
92364 4
92365 5
92366 6
92367 7
92368 8
92369 9
92370 0
92371 1
92372 2
92373 3
92374 4
92375 5
92376 6
92377 7
92378 8
92379 9
92380 0
92381 1
92382 2
92383 3
92384 4
92385 5
92386 6
92387 7
92388 8
92389 9
92390 0
92391 1
92392 2
92393 3
92394 4
92395 5
92396 6
92397 7
92398 8
92399 9
92400 0
92401 1
92402 2
92403 3
92404 4
92405 5
92406 6
92407 7
92408 8
92409 9
92410 0
92411 1
92412 2
92413 3
92414 4
92415 5
92416 6
92417 7
92418 8
92419 9
92420 0
92421 1
92422 2
92423 3
92424 4
92425 5
92426 6
92427 7
92428 8
92429 9
92430 0
92431 1
92432 2
92433 3
92434 4
92435 5
92436 6
92437 7
92438 8
92439 9
92440 0
92441 1
92442 2
92443 3
92444 4
92445 5
92446 6
92447 7
92448 8
92449 9
92450 0
92451 1
92452 2
92453 3
92454 4
92455 5
92456 6
92457 7
92458 8
92459 9
92460 0
92461 1
92462 2
92463 3
92464 4
92465 5
92466 6
92467 7
92468 8
92469 9
92470 0
92471 1
92472 2
92473 3
92474 4
92475 5
92476 6
92477 7
92478 8
92479 9
92480 0
92481 1
92482 2
92483 3
92484 4
92485 5
92486 6
92487 7
92488 8
92489 9
92490 0
92491 1
92492 2
92493 3
92494 4
92495 5
92496 6
92497 7
92498 8
92499 9
92500 0
92501 1
92502 2
92503 3
92504 4
92505 5
92506 6
92507 7
92508 8
92509 9
92510 0
92511 1
92512 2
92513 3
92514 4
92515 5
92516 6
92517 7
92518 8
92519 9
92520 0
92521 1
92522 2
92523 3
92524 4
92525 5
92526 6
92527 7
92528 8
92529 9
92530 0
92531 1
92532 2
92533 3
92534 4
92535 5
92536 6
92537 7
92538 8
92539 9
92540 0
92541 1
92542 2
92543 3
92544 4
92545 5
92546 6
92547 7
92548 8
92549 9
92550 0
92551 1
92552 2
92553 3
92554 4
92555 5
92556 6
92557 7
92558 8
92559 9
92560 0
92561 1
92562 2
92563 3
92564 4
92565 5
92566 6
92567 7
92568 8
92569 9
92570 0
92571 1
92572 2
92573 3
92574 4
92575 5
92576 6
92577 7
92578 8
92579 9
92580 0
92581 1
92582 2
92583 3
92584 4
92585 5
92586 6
92587 7
92588 8
92589 9
92590 0
92591 1
92592 2
92593 3
92594 4
92595 5
92596 6
92597 7
92598 8
92599 9
92600 0
92601 1
92602 2
92603 3
92604 4
92605 5
92606 6
92607 7
92608 8
92609 9
92610 0
92611 1
92612 2
92613 3
92614 4
92615 5
92616 6
92617 7
92618 8
92619 9
92620 0
92621 1
92622 2
92623 3
92624 4
92625 5
92626 6
92627 7
92628 8
92629 9
92630 0
92631 1
92632 2
92633 3
92634 4
92635 5
92636 6
92637 7
92638 8
92639 9
92640 0
92641 1
92642 2
92643 3
92644 4
92645 5
92646 6
92647 7
92648 8
92649 9
92650 0
92651 1
92652 2
92653 3
92654 4
92655 5
92656 6
92657 7
92658 8
92659 9
92660 0
92661 1
92662 2
92663 3
92664 4
92665 5
92666 6
92667 7
92668 8
92669 9
92670 0
92671 1
92672 2
92673 3
92674 4
92675 5
92676 6
92677 7
92678 8
92679 9
92680 0
92681 1
92682 2
92683 3
92684 4
92685 5
92686 6
92687 7
92688 8
92689 9
92690 0
92691 1
92692 2
92693 3
92694 4
92695 5
92696 6
92697 7
92698 8
92699 9
92700 0
92701 1
92702 2
92703 3
92704 4
92705 5
92706 6
92707 7
92708 8
92709 9
92710 0
92711 1
92712 2
92713 3
92714 4
92715 5
92716 6
92717 7
92718 8
92719 9
92720 0
92721 1
92722 2
92723 3
92724 4
92725 5
92726 6
92727 7
92728 8
92729 9
92730 0
92731 1
92732 2
92733 3
92734 4
92735 5
92736 6
92737 7
92738 8
92739 9
92740 0
92741 1
92742 2
92743 3
92744 4
92745 5
92746 6
92747 7
92748 8
92749 9
92750 0
92751 1
92752 2
92753 3
92754 4
92755 5
92756 6
92757 7
92758 8
92759 9
92760 0
92761 1
92762 2
92763 3
92764 4
92765 5
92766 6
92767 7
92768 8
92769 9
92770 0
92771 1
92772 2
92773 3
92774 4
92775 5
92776 6
92777 7
92778 8
92779 9
92780 0
92781 1
92782 2
92783 3
92784 4
92785 5
92786 6
92787 7
92788 8
92789 9
92790 0
92791 1
92792 2
92793 3
92794 4
92795 5
92796 6
92797 7
92798 8
92799 9
92800 0
92801 1
92802 2
92803 3
92804 4
92805 5
92806 6
92807 7
92808 8
92809 9
92810 0
92811 1
92812 2
92813 3
92814 4
92815 5
92816 6
92817 7
92818 8
92819 9
92820 0
92821 1
92822 2
92823 3
92824 4
92825 5
92826 6
92827 7
92828 8
92829 9
92830 0
92831 1
92832 2
92833 3
92834 4
92835 5
92836 6
92837 7
92838 8
92839 9
92840 0
92841 1
92842 2
92843 3
92844 4
92845 5
92846 6
92847 7
92848 8
92849 9
92850 0
92851 1
92852 2
92853 3
92854 4
92855 5
92856 6
92857 7
92858 8
92859 9
92860 0
92861 1
92862 2
92863 3
92864 4
92865 5
92866 6
92867 7
92868 8
92869 9
92870 0
92871 1
92872 2
92873 3
92874 4
92875 5
92876 6
92877 7
92878 8
92879 9
92880 0
92881 1
92882 2
92883 3
92884 4
92885 5
92886 6
92887 7
92888 8
92889 9
92890 0
92891 1
92892 2
92893 3
92894 4
92895 5
92896 6
92897 7
92898 8
92899 9
92900 0
92901 1
92902 2
92903 3
92904 4
92905 5
92906 6
92907 7
92908 8
92909 9
92910 0
92911 1
92912 2
92913 3
92914 4
92915 5
92916 6
92917 7
92918 8
92919 9
92920 0
92921 1
92922 2
92923 3
92924 4
92925 5
92926 6
92927 7
92928 8
92929 9
92930 0
92931 1
92932 2
92933 3
92934 4
92935 5
92936 6
92937 7
92938 8
92939 9
92940 0
92941 1
92942 2
92943 3
92944 4
92945 5
92946 6
92947 7
92948 8
92949 9
92950 0
92951 1
92952 2
92953 3
92954 4
92955 5
92956 6
92957 7
92958 8
92959 9
92960 0
92961 1
92962 2
92963 3
92964 4
92965 5
92966 6
92967 7
92968 8
92969 9
92970 0
92971 1
92972 2
92973 3
92974 4
92975 5
92976 6
92977 7
92978 8
92979 9
92980 0
92981 1
92982 2
92983 3
92984 4
92985 5
92986 6
92987 7
92988 8
92989 9
92990 0
92991 1
92992 2
92993 3
92994 4
92995 5
92996 6
92997 7
92998 8
92999 9
93000 0
93001 1
93002 2
93003 3
93004 4
93005 5
93006 6
93007 7
93008 8
93009 9
93010 0
93011 1
93012 2
93013 3
93014 4
93015 5
93016 6
93017 7
93018 8
93019 9
93020 0
93021 1
93022 2
93023 3
93024 4
93025 5
93026 6
93027 7
93028 8
93029 9
93030 0
93031 1
93032 2
93033 3
93034 4
93035 5
93036 6
93037 7
93038 8
93039 9
93040 0
93041 1
93042 2
93043 3
93044 4
93045 5
93046 6
93047 7
93048 8
93049 9
93050 0
93051 1
93052 2
93053 3
93054 4
93055 5
93056 6
93057 7
93058 8
93059 9
93060 0
93061 1
93062 2
93063 3
93064 4
93065 5
93066 6
93067 7
93068 8
93069 9
93070 0
93071 1
93072 2
93073 3
93074 4
93075 5
93076 6
93077 7
93078 8
93079 9
93080 0
93081 1
93082 2
93083 3
93084 4
93085 5
93086 6
93087 7
93088 8
93089 9
93090 0
93091 1
93092 2
93093 3
93094 4
93095 5
93096 6
93097 7
93098 8
93099 9
93100 0
93101 1
93102 2
93103 3
93104 4
93105 5
93106 6
93107 7
93108 8
93109 9
93110 0
93111 1
93112 2
93113 3
93114 4
93115 5
93116 6
93117 7
93118 8
93119 9
93120 0
93121 1
93122 2
93123 3
93124 4
93125 5
93126 6
93127 7
93128 8
93129 9
93130 0
93131 1
93132 2
93133 3
93134 4
93135 5
93136 6
93137 7
93138 8
93139 9
93140 0
93141 1
93142 2
93143 3
93144 4
93145 5
93146 6
93147 7
93148 8
93149 9
93150 0
93151 1
93152 2
93153 3
93154 4
93155 5
93156 6
93157 7
93158 8
93159 9
93160 0
93161 1
93162 2
93163 3
93164 4
93165 5
93166 6
93167 7
93168 8
93169 9
93170 0
93171 1
93172 2
93173 3
93174 4
93175 5
93176 6
93177 7
93178 8
93179 9
93180 0
93181 1
93182 2
93183 3
93184 4
93185 5
93186 6
93187 7
93188 8
93189 9
93190 0
93191 1
93192 2
93193 3
93194 4
93195 5
93196 6
93197 7
93198 8
93199 9
93200 0
93201 1
93202 2
93203 3
93204 4
93205 5
93206 6
93207 7
93208 8
93209 9
93210 0
93211 1
93212 2
93213 3
93214 4
93215 5
93216 6
93217 7
93218 8
93219 9
93220 0
93221 1
93222 2
93223 3
93224 4
93225 5
93226 6
93227 7
93228 8
93229 9
93230 0
93231 1
93232 2
93233 3
93234 4
93235 5
93236 6
93237 7
93238 8
93239 9
93240 0
93241 1
93242 2
93243 3
93244 4
93245 5
93246 6
93247 7
93248 8
93249 9
93250 0
93251 1
93252 2
93253 3
93254 4
93255 5
93256 6
93257 7
93258 8
93259 9
93260 0
93261 1
93262 2
93263 3
93264 4
93265 5
93266 6
93267 7
93268 8
93269 9
93270 0
93271 1
93272 2
93273 3
93274 4
93275 5
93276 6
93277 7
93278 8
93279 9
93280 0
93281 1
93282 2
93283 3
93284 4
93285 5
93286 6
93287 7
93288 8
93289 9
93290 0
93291 1
93292 2
93293 3
93294 4
93295 5
93296 6
93297 7
93298 8
93299 9
93300 0
93301 1
93302 2
93303 3
93304 4
93305 5
93306 6
93307 7
93308 8
93309 9
93310 0
93311 1
93312 2
93313 3
93314 4
93315 5
93316 6
93317 7
93318 8
93319 9
93320 0
93321 1
93322 2
93323 3
93324 4
93325 5
93326 6
93327 7
93328 8
93329 9
93330 0
93331 1
93332 2
93333 3
93334 4
93335 5
93336 6
93337 7
93338 8
93339 9
93340 0
93341 1
93342 2
93343 3
93344 4
93345 5
93346 6
93347 7
93348 8
93349 9
93350 0
93351 1
93352 2
93353 3
93354 4
93355 5
93356 6
93357 7
93358 8
93359 9
93360 0
93361 1
93362 2
93363 3
93364 4
93365 5
93366 6
93367 7
93368 8
93369 9
93370 0
93371 1
93372 2
93373 3
93374 4
93375 5
93376 6
93377 7
93378 8
93379 9
93380 0
93381 1
93382 2
93383 3
93384 4
93385 5
93386 6
93387 7
93388 8
93389 9
93390 0
93391 1
93392 2
93393 3
93394 4
93395 5
93396 6
93397 7
93398 8
93399 9
93400 0
93401 1
93402 2
93403 3
93404 4
93405 5
93406 6
93407 7
93408 8
93409 9
93410 0
93411 1
93412 2
93413 3
93414 4
93415 5
93416 6
93417 7
93418 8
93419 9
93420 0
93421 1
93422 2
93423 3
93424 4
93425 5
93426 6
93427 7
93428 8
93429 9
93430 0
93431 1
93432 2
93433 3
93434 4
93435 5
93436 6
93437 7
93438 8
93439 9
93440 0
93441 1
93442 2
93443 3
93444 4
93445 5
93446 6
93447 7
93448 8
93449 9
93450 0
93451 1
93452 2
93453 3
93454 4
93455 5
93456 6
93457 7
93458 8
93459 9
93460 0
93461 1
93462 2
93463 3
93464 4
93465 5
93466 6
93467 7
93468 8
93469 9
93470 0
93471 1
93472 2
93473 3
93474 4
93475 5
93476 6
93477 7
93478 8
93479 9
93480 0
93481 1
93482 2
93483 3
93484 4
93485 5
93486 6
93487 7
93488 8
93489 9
93490 0
93491 1
93492 2
93493 3
93494 4
93495 5
93496 6
93497 7
93498 8
93499 9
93500 0
93501 1
93502 2
93503 3
93504 4
93505 5
93506 6
93507 7
93508 8
93509 9
93510 0
93511 1
93512 2
93513 3
93514 4
93515 5
93516 6
93517 7
93518 8
93519 9
93520 0
93521 1
93522 2
93523 3
93524 4
93525 5
93526 6
93527 7
93528 8
93529 9
93530 0
93531 1
93532 2
93533 3
93534 4
93535 5
93536 6
93537 7
93538 8
93539 9
93540 0
93541 1
93542 2
93543 3
93544 4
93545 5
93546 6
93547 7
93548 8
93549 9
93550 0
93551 1
93552 2
93553 3
93554 4
93555 5
93556 6
93557 7
93558 8
93559 9
93560 0
93561 1
93562 2
93563 3
93564 4
93565 5
93566 6
93567 7
93568 8
93569 9
93570 0
93571 1
93572 2
93573 3
93574 4
93575 5
93576 6
93577 7
93578 8
93579 9
93580 0
93581 1
93582 2
93583 3
93584 4
93585 5
93586 6
93587 7
93588 8
93589 9
93590 0
93591 1
93592 2
93593 3
93594 4
93595 5
93596 6
93597 7
93598 8
93599 9
93600 0
93601 1
93602 2
93603 3
93604 4
93605 5
93606 6
93607 7
93608 8
93609 9
93610 0
93611 1
93612 2
93613 3
93614 4
93615 5
93616 6
93617 7
93618 8
93619 9
93620 0
93621 1
93622 2
93623 3
93624 4
93625 5
93626 6
93627 7
93628 8
93629 9
93630 0
93631 1
93632 2
93633 3
93634 4
93635 5
93636 6
93637 7
93638 8
93639 9
93640 0
93641 1
93642 2
93643 3
93644 4
93645 5
93646 6
93647 7
93648 8
93649 9
93650 0
93651 1
93652 2
93653 3
93654 4
93655 5
93656 6
93657 7
93658 8
93659 9
93660 0
93661 1
93662 2
93663 3
93664 4
93665 5
93666 6
93667 7
93668 8
93669 9
93670 0
93671 1
93672 2
93673 3
93674 4
93675 5
93676 6
93677 7
93678 8
93679 9
93680 0
93681 1
93682 2
93683 3
93684 4
93685 5
93686 6
93687 7
93688 8
93689 9
93690 0
93691 1
93692 2
93693 3
93694 4
93695 5
93696 6
93697 7
93698 8
93699 9
93700 0
93701 1
93702 2
93703 3
93704 4
93705 5
93706 6
93707 7
93708 8
93709 9
93710 0
93711 1
93712 2
93713 3
93714 4
93715 5
93716 6
93717 7
93718 8
93719 9
93720 0
93721 1
93722 2
93723 3
93724 4
93725 5
93726 6
93727 7
93728 8
93729 9
93730 0
93731 1
93732 2
93733 3
93734 4
93735 5
93736 6
93737 7
93738 8
93739 9
93740 0
93741 1
93742 2
93743 3
93744 4
93745 5
93746 6
93747 7
93748 8
93749 9
93750 0
93751 1
93752 2
93753 3
93754 4
93755 5
93756 6
93757 7
93758 8
93759 9
93760 0
93761 1
93762 2
93763 3
93764 4
93765 5
93766 6
93767 7
93768 8
93769 9
93770 0
93771 1
93772 2
93773 3
93774 4
93775 5
93776 6
93777 7
93778 8
93779 9
93780 0
93781 1
93782 2
93783 3
93784 4
93785 5
93786 6
93787 7
93788 8
93789 9
93790 0
93791 1
93792 2
93793 3
93794 4
93795 5
93796 6
93797 7
93798 8
93799 9
93800 0
93801 1
93802 2
93803 3
93804 4
93805 5
93806 6
93807 7
93808 8
93809 9
93810 0
93811 1
93812 2
93813 3
93814 4
93815 5
93816 6
93817 7
93818 8
93819 9
93820 0
93821 1
93822 2
93823 3
93824 4
93825 5
93826 6
93827 7
93828 8
93829 9
93830 0
93831 1
93832 2
93833 3
93834 4
93835 5
93836 6
93837 7
93838 8
93839 9
93840 0
93841 1
93842 2
93843 3
93844 4
93845 5
93846 6
93847 7
93848 8
93849 9
93850 0
93851 1
93852 2
93853 3
93854 4
93855 5
93856 6
93857 7
93858 8
93859 9
93860 0
93861 1
93862 2
93863 3
93864 4
93865 5
93866 6
93867 7
93868 8
93869 9
93870 0
93871 1
93872 2
93873 3
93874 4
93875 5
93876 6
93877 7
93878 8
93879 9
93880 0
93881 1
93882 2
93883 3
93884 4
93885 5
93886 6
93887 7
93888 8
93889 9
93890 0
93891 1
93892 2
93893 3
93894 4
93895 5
93896 6
93897 7
93898 8
93899 9
93900 0
93901 1
93902 2
93903 3
93904 4
93905 5
93906 6
93907 7
93908 8
93909 9
93910 0
93911 1
93912 2
93913 3
93914 4
93915 5
93916 6
93917 7
93918 8
93919 9
93920 0
93921 1
93922 2
93923 3
93924 4
93925 5
93926 6
93927 7
93928 8
93929 9
93930 0
93931 1
93932 2
93933 3
93934 4
93935 5
93936 6
93937 7
93938 8
93939 9
93940 0
93941 1
93942 2
93943 3
93944 4
93945 5
93946 6
93947 7
93948 8
93949 9
93950 0
93951 1
93952 2
93953 3
93954 4
93955 5
93956 6
93957 7
93958 8
93959 9
93960 0
93961 1
93962 2
93963 3
93964 4
93965 5
93966 6
93967 7
93968 8
93969 9
93970 0
93971 1
93972 2
93973 3
93974 4
93975 5
93976 6
93977 7
93978 8
93979 9
93980 0
93981 1
93982 2
93983 3
93984 4
93985 5
93986 6
93987 7
93988 8
93989 9
93990 0
93991 1
93992 2
93993 3
93994 4
93995 5
93996 6
93997 7
93998 8
93999 9
94000 0
94001 1
94002 2
94003 3
94004 4
94005 5
94006 6
94007 7
94008 8
94009 9
94010 0
94011 1
94012 2
94013 3
94014 4
94015 5
94016 6
94017 7
94018 8
94019 9
94020 0
94021 1
94022 2
94023 3
94024 4
94025 5
94026 6
94027 7
94028 8
94029 9
94030 0
94031 1
94032 2
94033 3
94034 4
94035 5
94036 6
94037 7
94038 8
94039 9
94040 0
94041 1
94042 2
94043 3
94044 4
94045 5
94046 6
94047 7
94048 8
94049 9
94050 0
94051 1
94052 2
94053 3
94054 4
94055 5
94056 6
94057 7
94058 8
94059 9
94060 0
94061 1
94062 2
94063 3
94064 4
94065 5
94066 6
94067 7
94068 8
94069 9
94070 0
94071 1
94072 2
94073 3
94074 4
94075 5
94076 6
94077 7
94078 8
94079 9
94080 0
94081 1
94082 2
94083 3
94084 4
94085 5
94086 6
94087 7
94088 8
94089 9
94090 0
94091 1
94092 2
94093 3
94094 4
94095 5
94096 6
94097 7
94098 8
94099 9
94100 0
94101 1
94102 2
94103 3
94104 4
94105 5
94106 6
94107 7
94108 8
94109 9
94110 0
94111 1
94112 2
94113 3
94114 4
94115 5
94116 6
94117 7
94118 8
94119 9
94120 0
94121 1
94122 2
94123 3
94124 4
94125 5
94126 6
94127 7
94128 8
94129 9
94130 0
94131 1
94132 2
94133 3
94134 4
94135 5
94136 6
94137 7
94138 8
94139 9
94140 0
94141 1
94142 2
94143 3
94144 4
94145 5
94146 6
94147 7
94148 8
94149 9
94150 0
94151 1
94152 2
94153 3
94154 4
94155 5
94156 6
94157 7
94158 8
94159 9
94160 0
94161 1
94162 2
94163 3
94164 4
94165 5
94166 6
94167 7
94168 8
94169 9
94170 0
94171 1
94172 2
94173 3
94174 4
94175 5
94176 6
94177 7
94178 8
94179 9
94180 0
94181 1
94182 2
94183 3
94184 4
94185 5
94186 6
94187 7
94188 8
94189 9
94190 0
94191 1
94192 2
94193 3
94194 4
94195 5
94196 6
94197 7
94198 8
94199 9
94200 0
94201 1
94202 2
94203 3
94204 4
94205 5
94206 6
94207 7
94208 8
94209 9
94210 0
94211 1
94212 2
94213 3
94214 4
94215 5
94216 6
94217 7
94218 8
94219 9
94220 0
94221 1
94222 2
94223 3
94224 4
94225 5
94226 6
94227 7
94228 8
94229 9
94230 0
94231 1
94232 2
94233 3
94234 4
94235 5
94236 6
94237 7
94238 8
94239 9
94240 0
94241 1
94242 2
94243 3
94244 4
94245 5
94246 6
94247 7
94248 8
94249 9
94250 0
94251 1
94252 2
94253 3
94254 4
94255 5
94256 6
94257 7
94258 8
94259 9
94260 0
94261 1
94262 2
94263 3
94264 4
94265 5
94266 6
94267 7
94268 8
94269 9
94270 0
94271 1
94272 2
94273 3
94274 4
94275 5
94276 6
94277 7
94278 8
94279 9
94280 0
94281 1
94282 2
94283 3
94284 4
94285 5
94286 6
94287 7
94288 8
94289 9
94290 0
94291 1
94292 2
94293 3
94294 4
94295 5
94296 6
94297 7
94298 8
94299 9
94300 0
94301 1
94302 2
94303 3
94304 4
94305 5
94306 6
94307 7
94308 8
94309 9
94310 0
94311 1
94312 2
94313 3
94314 4
94315 5
94316 6
94317 7
94318 8
94319 9
94320 0
94321 1
94322 2
94323 3
94324 4
94325 5
94326 6
94327 7
94328 8
94329 9
94330 0
94331 1
94332 2
94333 3
94334 4
94335 5
94336 6
94337 7
94338 8
94339 9
94340 0
94341 1
94342 2
94343 3
94344 4
94345 5
94346 6
94347 7
94348 8
94349 9
94350 0
94351 1
94352 2
94353 3
94354 4
94355 5
94356 6
94357 7
94358 8
94359 9
94360 0
94361 1
94362 2
94363 3
94364 4
94365 5
94366 6
94367 7
94368 8
94369 9
94370 0
94371 1
94372 2
94373 3
94374 4
94375 5
94376 6
94377 7
94378 8
94379 9
94380 0
94381 1
94382 2
94383 3
94384 4
94385 5
94386 6
94387 7
94388 8
94389 9
94390 0
94391 1
94392 2
94393 3
94394 4
94395 5
94396 6
94397 7
94398 8
94399 9
94400 0
94401 1
94402 2
94403 3
94404 4
94405 5
94406 6
94407 7
94408 8
94409 9
94410 0
94411 1
94412 2
94413 3
94414 4
94415 5
94416 6
94417 7
94418 8
94419 9
94420 0
94421 1
94422 2
94423 3
94424 4
94425 5
94426 6
94427 7
94428 8
94429 9
94430 0
94431 1
94432 2
94433 3
94434 4
94435 5
94436 6
94437 7
94438 8
94439 9
94440 0
94441 1
94442 2
94443 3
94444 4
94445 5
94446 6
94447 7
94448 8
94449 9
94450 0
94451 1
94452 2
94453 3
94454 4
94455 5
94456 6
94457 7
94458 8
94459 9
94460 0
94461 1
94462 2
94463 3
94464 4
94465 5
94466 6
94467 7
94468 8
94469 9
94470 0
94471 1
94472 2
94473 3
94474 4
94475 5
94476 6
94477 7
94478 8
94479 9
94480 0
94481 1
94482 2
94483 3
94484 4
94485 5
94486 6
94487 7
94488 8
94489 9
94490 0
94491 1
94492 2
94493 3
94494 4
94495 5
94496 6
94497 7
94498 8
94499 9
94500 0
94501 1
94502 2
94503 3
94504 4
94505 5
94506 6
94507 7
94508 8
94509 9
94510 0
94511 1
94512 2
94513 3
94514 4
94515 5
94516 6
94517 7
94518 8
94519 9
94520 0
94521 1
94522 2
94523 3
94524 4
94525 5
94526 6
94527 7
94528 8
94529 9
94530 0
94531 1
94532 2
94533 3
94534 4
94535 5
94536 6
94537 7
94538 8
94539 9
94540 0
94541 1
94542 2
94543 3
94544 4
94545 5
94546 6
94547 7
94548 8
94549 9
94550 0
94551 1
94552 2
94553 3
94554 4
94555 5
94556 6
94557 7
94558 8
94559 9
94560 0
94561 1
94562 2
94563 3
94564 4
94565 5
94566 6
94567 7
94568 8
94569 9
94570 0
94571 1
94572 2
94573 3
94574 4
94575 5
94576 6
94577 7
94578 8
94579 9
94580 0
94581 1
94582 2
94583 3
94584 4
94585 5
94586 6
94587 7
94588 8
94589 9
94590 0
94591 1
94592 2
94593 3
94594 4
94595 5
94596 6
94597 7
94598 8
94599 9
94600 0
94601 1
94602 2
94603 3
94604 4
94605 5
94606 6
94607 7
94608 8
94609 9
94610 0
94611 1
94612 2
94613 3
94614 4
94615 5
94616 6
94617 7
94618 8
94619 9
94620 0
94621 1
94622 2
94623 3
94624 4
94625 5
94626 6
94627 7
94628 8
94629 9
94630 0
94631 1
94632 2
94633 3
94634 4
94635 5
94636 6
94637 7
94638 8
94639 9
94640 0
94641 1
94642 2
94643 3
94644 4
94645 5
94646 6
94647 7
94648 8
94649 9
94650 0
94651 1
94652 2
94653 3
94654 4
94655 5
94656 6
94657 7
94658 8
94659 9
94660 0
94661 1
94662 2
94663 3
94664 4
94665 5
94666 6
94667 7
94668 8
94669 9
94670 0
94671 1
94672 2
94673 3
94674 4
94675 5
94676 6
94677 7
94678 8
94679 9
94680 0
94681 1
94682 2
94683 3
94684 4
94685 5
94686 6
94687 7
94688 8
94689 9
94690 0
94691 1
94692 2
94693 3
94694 4
94695 5
94696 6
94697 7
94698 8
94699 9
94700 0
94701 1
94702 2
94703 3
94704 4
94705 5
94706 6
94707 7
94708 8
94709 9
94710 0
94711 1
94712 2
94713 3
94714 4
94715 5
94716 6
94717 7
94718 8
94719 9
94720 0
94721 1
94722 2
94723 3
94724 4
94725 5
94726 6
94727 7
94728 8
94729 9
94730 0
94731 1
94732 2
94733 3
94734 4
94735 5
94736 6
94737 7
94738 8
94739 9
94740 0
94741 1
94742 2
94743 3
94744 4
94745 5
94746 6
94747 7
94748 8
94749 9
94750 0
94751 1
94752 2
94753 3
94754 4
94755 5
94756 6
94757 7
94758 8
94759 9
94760 0
94761 1
94762 2
94763 3
94764 4
94765 5
94766 6
94767 7
94768 8
94769 9
94770 0
94771 1
94772 2
94773 3
94774 4
94775 5
94776 6
94777 7
94778 8
94779 9
94780 0
94781 1
94782 2
94783 3
94784 4
94785 5
94786 6
94787 7
94788 8
94789 9
94790 0
94791 1
94792 2
94793 3
94794 4
94795 5
94796 6
94797 7
94798 8
94799 9
94800 0
94801 1
94802 2
94803 3
94804 4
94805 5
94806 6
94807 7
94808 8
94809 9
94810 0
94811 1
94812 2
94813 3
94814 4
94815 5
94816 6
94817 7
94818 8
94819 9
94820 0
94821 1
94822 2
94823 3
94824 4
94825 5
94826 6
94827 7
94828 8
94829 9
94830 0
94831 1
94832 2
94833 3
94834 4
94835 5
94836 6
94837 7
94838 8
94839 9
94840 0
94841 1
94842 2
94843 3
94844 4
94845 5
94846 6
94847 7
94848 8
94849 9
94850 0
94851 1
94852 2
94853 3
94854 4
94855 5
94856 6
94857 7
94858 8
94859 9
94860 0
94861 1
94862 2
94863 3
94864 4
94865 5
94866 6
94867 7
94868 8
94869 9
94870 0
94871 1
94872 2
94873 3
94874 4
94875 5
94876 6
94877 7
94878 8
94879 9
94880 0
94881 1
94882 2
94883 3
94884 4
94885 5
94886 6
94887 7
94888 8
94889 9
94890 0
94891 1
94892 2
94893 3
94894 4
94895 5
94896 6
94897 7
94898 8
94899 9
94900 0
94901 1
94902 2
94903 3
94904 4
94905 5
94906 6
94907 7
94908 8
94909 9
94910 0
94911 1
94912 2
94913 3
94914 4
94915 5
94916 6
94917 7
94918 8
94919 9
94920 0
94921 1
94922 2
94923 3
94924 4
94925 5
94926 6
94927 7
94928 8
94929 9
94930 0
94931 1
94932 2
94933 3
94934 4
94935 5
94936 6
94937 7
94938 8
94939 9
94940 0
94941 1
94942 2
94943 3
94944 4
94945 5
94946 6
94947 7
94948 8
94949 9
94950 0
94951 1
94952 2
94953 3
94954 4
94955 5
94956 6
94957 7
94958 8
94959 9
94960 0
94961 1
94962 2
94963 3
94964 4
94965 5
94966 6
94967 7
94968 8
94969 9
94970 0
94971 1
94972 2
94973 3
94974 4
94975 5
94976 6
94977 7
94978 8
94979 9
94980 0
94981 1
94982 2
94983 3
94984 4
94985 5
94986 6
94987 7
94988 8
94989 9
94990 0
94991 1
94992 2
94993 3
94994 4
94995 5
94996 6
94997 7
94998 8
94999 9
95000 0
95001 1
95002 2
95003 3
95004 4
95005 5
95006 6
95007 7
95008 8
95009 9
95010 0
95011 1
95012 2
95013 3
95014 4
95015 5
95016 6
95017 7
95018 8
95019 9
95020 0
95021 1
95022 2
95023 3
95024 4
95025 5
95026 6
95027 7
95028 8
95029 9
95030 0
95031 1
95032 2
95033 3
95034 4
95035 5
95036 6
95037 7
95038 8
95039 9
95040 0
95041 1
95042 2
95043 3
95044 4
95045 5
95046 6
95047 7
95048 8
95049 9
95050 0
95051 1
95052 2
95053 3
95054 4
95055 5
95056 6
95057 7
95058 8
95059 9
95060 0
95061 1
95062 2
95063 3
95064 4
95065 5
95066 6
95067 7
95068 8
95069 9
95070 0
95071 1
95072 2
95073 3
95074 4
95075 5
95076 6
95077 7
95078 8
95079 9
95080 0
95081 1
95082 2
95083 3
95084 4
95085 5
95086 6
95087 7
95088 8
95089 9
95090 0
95091 1
95092 2
95093 3
95094 4
95095 5
95096 6
95097 7
95098 8
95099 9
95100 0
95101 1
95102 2
95103 3
95104 4
95105 5
95106 6
95107 7
95108 8
95109 9
95110 0
95111 1
95112 2
95113 3
95114 4
95115 5
95116 6
95117 7
95118 8
95119 9
95120 0
95121 1
95122 2
95123 3
95124 4
95125 5
95126 6
95127 7
95128 8
95129 9
95130 0
95131 1
95132 2
95133 3
95134 4
95135 5
95136 6
95137 7
95138 8
95139 9
95140 0
95141 1
95142 2
95143 3
95144 4
95145 5
95146 6
95147 7
95148 8
95149 9
95150 0
95151 1
95152 2
95153 3
95154 4
95155 5
95156 6
95157 7
95158 8
95159 9
95160 0
95161 1
95162 2
95163 3
95164 4
95165 5
95166 6
95167 7
95168 8
95169 9
95170 0
95171 1
95172 2
95173 3
95174 4
95175 5
95176 6
95177 7
95178 8
95179 9
95180 0
95181 1
95182 2
95183 3
95184 4
95185 5
95186 6
95187 7
95188 8
95189 9
95190 0
95191 1
95192 2
95193 3
95194 4
95195 5
95196 6
95197 7
95198 8
95199 9
95200 0
95201 1
95202 2
95203 3
95204 4
95205 5
95206 6
95207 7
95208 8
95209 9
95210 0
95211 1
95212 2
95213 3
95214 4
95215 5
95216 6
95217 7
95218 8
95219 9
95220 0
95221 1
95222 2
95223 3
95224 4
95225 5
95226 6
95227 7
95228 8
95229 9
95230 0
95231 1
95232 2
95233 3
95234 4
95235 5
95236 6
95237 7
95238 8
95239 9
95240 0
95241 1
95242 2
95243 3
95244 4
95245 5
95246 6
95247 7
95248 8
95249 9
95250 0
95251 1
95252 2
95253 3
95254 4
95255 5
95256 6
95257 7
95258 8
95259 9
95260 0
95261 1
95262 2
95263 3
95264 4
95265 5
95266 6
95267 7
95268 8
95269 9
95270 0
95271 1
95272 2
95273 3
95274 4
95275 5
95276 6
95277 7
95278 8
95279 9
95280 0
95281 1
95282 2
95283 3
95284 4
95285 5
95286 6
95287 7
95288 8
95289 9
95290 0
95291 1
95292 2
95293 3
95294 4
95295 5
95296 6
95297 7
95298 8
95299 9
95300 0
95301 1
95302 2
95303 3
95304 4
95305 5
95306 6
95307 7
95308 8
95309 9
95310 0
95311 1
95312 2
95313 3
95314 4
95315 5
95316 6
95317 7
95318 8
95319 9
95320 0
95321 1
95322 2
95323 3
95324 4
95325 5
95326 6
95327 7
95328 8
95329 9
95330 0
95331 1
95332 2
95333 3
95334 4
95335 5
95336 6
95337 7
95338 8
95339 9
95340 0
95341 1
95342 2
95343 3
95344 4
95345 5
95346 6
95347 7
95348 8
95349 9
95350 0
95351 1
95352 2
95353 3
95354 4
95355 5
95356 6
95357 7
95358 8
95359 9
95360 0
95361 1
95362 2
95363 3
95364 4
95365 5
95366 6
95367 7
95368 8
95369 9
95370 0
95371 1
95372 2
95373 3
95374 4
95375 5
95376 6
95377 7
95378 8
95379 9
95380 0
95381 1
95382 2
95383 3
95384 4
95385 5
95386 6
95387 7
95388 8
95389 9
95390 0
95391 1
95392 2
95393 3
95394 4
95395 5
95396 6
95397 7
95398 8
95399 9
95400 0
95401 1
95402 2
95403 3
95404 4
95405 5
95406 6
95407 7
95408 8
95409 9
95410 0
95411 1
95412 2
95413 3
95414 4
95415 5
95416 6
95417 7
95418 8
95419 9
95420 0
95421 1
95422 2
95423 3
95424 4
95425 5
95426 6
95427 7
95428 8
95429 9
95430 0
95431 1
95432 2
95433 3
95434 4
95435 5
95436 6
95437 7
95438 8
95439 9
95440 0
95441 1
95442 2
95443 3
95444 4
95445 5
95446 6
95447 7
95448 8
95449 9
95450 0
95451 1
95452 2
95453 3
95454 4
95455 5
95456 6
95457 7
95458 8
95459 9
95460 0
95461 1
95462 2
95463 3
95464 4
95465 5
95466 6
95467 7
95468 8
95469 9
95470 0
95471 1
95472 2
95473 3
95474 4
95475 5
95476 6
95477 7
95478 8
95479 9
95480 0
95481 1
95482 2
95483 3
95484 4
95485 5
95486 6
95487 7
95488 8
95489 9
95490 0
95491 1
95492 2
95493 3
95494 4
95495 5
95496 6
95497 7
95498 8
95499 9
95500 0
95501 1
95502 2
95503 3
95504 4
95505 5
95506 6
95507 7
95508 8
95509 9
95510 0
95511 1
95512 2
95513 3
95514 4
95515 5
95516 6
95517 7
95518 8
95519 9
95520 0
95521 1
95522 2
95523 3
95524 4
95525 5
95526 6
95527 7
95528 8
95529 9
95530 0
95531 1
95532 2
95533 3
95534 4
95535 5
95536 6
95537 7
95538 8
95539 9
95540 0
95541 1
95542 2
95543 3
95544 4
95545 5
95546 6
95547 7
95548 8
95549 9
95550 0
95551 1
95552 2
95553 3
95554 4
95555 5
95556 6
95557 7
95558 8
95559 9
95560 0
95561 1
95562 2
95563 3
95564 4
95565 5
95566 6
95567 7
95568 8
95569 9
95570 0
95571 1
95572 2
95573 3
95574 4
95575 5
95576 6
95577 7
95578 8
95579 9
95580 0
95581 1
95582 2
95583 3
95584 4
95585 5
95586 6
95587 7
95588 8
95589 9
95590 0
95591 1
95592 2
95593 3
95594 4
95595 5
95596 6
95597 7
95598 8
95599 9
95600 0
95601 1
95602 2
95603 3
95604 4
95605 5
95606 6
95607 7
95608 8
95609 9
95610 0
95611 1
95612 2
95613 3
95614 4
95615 5
95616 6
95617 7
95618 8
95619 9
95620 0
95621 1
95622 2
95623 3
95624 4
95625 5
95626 6
95627 7
95628 8
95629 9
95630 0
95631 1
95632 2
95633 3
95634 4
95635 5
95636 6
95637 7
95638 8
95639 9
95640 0
95641 1
95642 2
95643 3
95644 4
95645 5
95646 6
95647 7
95648 8
95649 9
95650 0
95651 1
95652 2
95653 3
95654 4
95655 5
95656 6
95657 7
95658 8
95659 9
95660 0
95661 1
95662 2
95663 3
95664 4
95665 5
95666 6
95667 7
95668 8
95669 9
95670 0
95671 1
95672 2
95673 3
95674 4
95675 5
95676 6
95677 7
95678 8
95679 9
95680 0
95681 1
95682 2
95683 3
95684 4
95685 5
95686 6
95687 7
95688 8
95689 9
95690 0
95691 1
95692 2
95693 3
95694 4
95695 5
95696 6
95697 7
95698 8
95699 9
95700 0
95701 1
95702 2
95703 3
95704 4
95705 5
95706 6
95707 7
95708 8
95709 9
95710 0
95711 1
95712 2
95713 3
95714 4
95715 5
95716 6
95717 7
95718 8
95719 9
95720 0
95721 1
95722 2
95723 3
95724 4
95725 5
95726 6
95727 7
95728 8
95729 9
95730 0
95731 1
95732 2
95733 3
95734 4
95735 5
95736 6
95737 7
95738 8
95739 9
95740 0
95741 1
95742 2
95743 3
95744 4
95745 5
95746 6
95747 7
95748 8
95749 9
95750 0
95751 1
95752 2
95753 3
95754 4
95755 5
95756 6
95757 7
95758 8
95759 9
95760 0
95761 1
95762 2
95763 3
95764 4
95765 5
95766 6
95767 7
95768 8
95769 9
95770 0
95771 1
95772 2
95773 3
95774 4
95775 5
95776 6
95777 7
95778 8
95779 9
95780 0
95781 1
95782 2
95783 3
95784 4
95785 5
95786 6
95787 7
95788 8
95789 9
95790 0
95791 1
95792 2
95793 3
95794 4
95795 5
95796 6
95797 7
95798 8
95799 9
95800 0
95801 1
95802 2
95803 3
95804 4
95805 5
95806 6
95807 7
95808 8
95809 9
95810 0
95811 1
95812 2
95813 3
95814 4
95815 5
95816 6
95817 7
95818 8
95819 9
95820 0
95821 1
95822 2
95823 3
95824 4
95825 5
95826 6
95827 7
95828 8
95829 9
95830 0
95831 1
95832 2
95833 3
95834 4
95835 5
95836 6
95837 7
95838 8
95839 9
95840 0
95841 1
95842 2
95843 3
95844 4
95845 5
95846 6
95847 7
95848 8
95849 9
95850 0
95851 1
95852 2
95853 3
95854 4
95855 5
95856 6
95857 7
95858 8
95859 9
95860 0
95861 1
95862 2
95863 3
95864 4
95865 5
95866 6
95867 7
95868 8
95869 9
95870 0
95871 1
95872 2
95873 3
95874 4
95875 5
95876 6
95877 7
95878 8
95879 9
95880 0
95881 1
95882 2
95883 3
95884 4
95885 5
95886 6
95887 7
95888 8
95889 9
95890 0
95891 1
95892 2
95893 3
95894 4
95895 5
95896 6
95897 7
95898 8
95899 9
95900 0
95901 1
95902 2
95903 3
95904 4
95905 5
95906 6
95907 7
95908 8
95909 9
95910 0
95911 1
95912 2
95913 3
95914 4
95915 5
95916 6
95917 7
95918 8
95919 9
95920 0
95921 1
95922 2
95923 3
95924 4
95925 5
95926 6
95927 7
95928 8
95929 9
95930 0
95931 1
95932 2
95933 3
95934 4
95935 5
95936 6
95937 7
95938 8
95939 9
95940 0
95941 1
95942 2
95943 3
95944 4
95945 5
95946 6
95947 7
95948 8
95949 9
95950 0
95951 1
95952 2
95953 3
95954 4
95955 5
95956 6
95957 7
95958 8
95959 9
95960 0
95961 1
95962 2
95963 3
95964 4
95965 5
95966 6
95967 7
95968 8
95969 9
95970 0
95971 1
95972 2
95973 3
95974 4
95975 5
95976 6
95977 7
95978 8
95979 9
95980 0
95981 1
95982 2
95983 3
95984 4
95985 5
95986 6
95987 7
95988 8
95989 9
95990 0
95991 1
95992 2
95993 3
95994 4
95995 5
95996 6
95997 7
95998 8
95999 9
96000 0
96001 1
96002 2
96003 3
96004 4
96005 5
96006 6
96007 7
96008 8
96009 9
96010 0
96011 1
96012 2
96013 3
96014 4
96015 5
96016 6
96017 7
96018 8
96019 9
96020 0
96021 1
96022 2
96023 3
96024 4
96025 5
96026 6
96027 7
96028 8
96029 9
96030 0
96031 1
96032 2
96033 3
96034 4
96035 5
96036 6
96037 7
96038 8
96039 9
96040 0
96041 1
96042 2
96043 3
96044 4
96045 5
96046 6
96047 7
96048 8
96049 9
96050 0
96051 1
96052 2
96053 3
96054 4
96055 5
96056 6
96057 7
96058 8
96059 9
96060 0
96061 1
96062 2
96063 3
96064 4
96065 5
96066 6
96067 7
96068 8
96069 9
96070 0
96071 1
96072 2
96073 3
96074 4
96075 5
96076 6
96077 7
96078 8
96079 9
96080 0
96081 1
96082 2
96083 3
96084 4
96085 5
96086 6
96087 7
96088 8
96089 9
96090 0
96091 1
96092 2
96093 3
96094 4
96095 5
96096 6
96097 7
96098 8
96099 9
96100 0
96101 1
96102 2
96103 3
96104 4
96105 5
96106 6
96107 7
96108 8
96109 9
96110 0
96111 1
96112 2
96113 3
96114 4
96115 5
96116 6
96117 7
96118 8
96119 9
96120 0
96121 1
96122 2
96123 3
96124 4
96125 5
96126 6
96127 7
96128 8
96129 9
96130 0
96131 1
96132 2
96133 3
96134 4
96135 5
96136 6
96137 7
96138 8
96139 9
96140 0
96141 1
96142 2
96143 3
96144 4
96145 5
96146 6
96147 7
96148 8
96149 9
96150 0
96151 1
96152 2
96153 3
96154 4
96155 5
96156 6
96157 7
96158 8
96159 9
96160 0
96161 1
96162 2
96163 3
96164 4
96165 5
96166 6
96167 7
96168 8
96169 9
96170 0
96171 1
96172 2
96173 3
96174 4
96175 5
96176 6
96177 7
96178 8
96179 9
96180 0
96181 1
96182 2
96183 3
96184 4
96185 5
96186 6
96187 7
96188 8
96189 9
96190 0
96191 1
96192 2
96193 3
96194 4
96195 5
96196 6
96197 7
96198 8
96199 9
96200 0
96201 1
96202 2
96203 3
96204 4
96205 5
96206 6
96207 7
96208 8
96209 9
96210 0
96211 1
96212 2
96213 3
96214 4
96215 5
96216 6
96217 7
96218 8
96219 9
96220 0
96221 1
96222 2
96223 3
96224 4
96225 5
96226 6
96227 7
96228 8
96229 9
96230 0
96231 1
96232 2
96233 3
96234 4
96235 5
96236 6
96237 7
96238 8
96239 9
96240 0
96241 1
96242 2
96243 3
96244 4
96245 5
96246 6
96247 7
96248 8
96249 9
96250 0
96251 1
96252 2
96253 3
96254 4
96255 5
96256 6
96257 7
96258 8
96259 9
96260 0
96261 1
96262 2
96263 3
96264 4
96265 5
96266 6
96267 7
96268 8
96269 9
96270 0
96271 1
96272 2
96273 3
96274 4
96275 5
96276 6
96277 7
96278 8
96279 9
96280 0
96281 1
96282 2
96283 3
96284 4
96285 5
96286 6
96287 7
96288 8
96289 9
96290 0
96291 1
96292 2
96293 3
96294 4
96295 5
96296 6
96297 7
96298 8
96299 9
96300 0
96301 1
96302 2
96303 3
96304 4
96305 5
96306 6
96307 7
96308 8
96309 9
96310 0
96311 1
96312 2
96313 3
96314 4
96315 5
96316 6
96317 7
96318 8
96319 9
96320 0
96321 1
96322 2
96323 3
96324 4
96325 5
96326 6
96327 7
96328 8
96329 9
96330 0
96331 1
96332 2
96333 3
96334 4
96335 5
96336 6
96337 7
96338 8
96339 9
96340 0
96341 1
96342 2
96343 3
96344 4
96345 5
96346 6
96347 7
96348 8
96349 9
96350 0
96351 1
96352 2
96353 3
96354 4
96355 5
96356 6
96357 7
96358 8
96359 9
96360 0
96361 1
96362 2
96363 3
96364 4
96365 5
96366 6
96367 7
96368 8
96369 9
96370 0
96371 1
96372 2
96373 3
96374 4
96375 5
96376 6
96377 7
96378 8
96379 9
96380 0
96381 1
96382 2
96383 3
96384 4
96385 5
96386 6
96387 7
96388 8
96389 9
96390 0
96391 1
96392 2
96393 3
96394 4
96395 5
96396 6
96397 7
96398 8
96399 9
96400 0
96401 1
96402 2
96403 3
96404 4
96405 5
96406 6
96407 7
96408 8
96409 9
96410 0
96411 1
96412 2
96413 3
96414 4
96415 5
96416 6
96417 7
96418 8
96419 9
96420 0
96421 1
96422 2
96423 3
96424 4
96425 5
96426 6
96427 7
96428 8
96429 9
96430 0
96431 1
96432 2
96433 3
96434 4
96435 5
96436 6
96437 7
96438 8
96439 9
96440 0
96441 1
96442 2
96443 3
96444 4
96445 5
96446 6
96447 7
96448 8
96449 9
96450 0
96451 1
96452 2
96453 3
96454 4
96455 5
96456 6
96457 7
96458 8
96459 9
96460 0
96461 1
96462 2
96463 3
96464 4
96465 5
96466 6
96467 7
96468 8
96469 9
96470 0
96471 1
96472 2
96473 3
96474 4
96475 5
96476 6
96477 7
96478 8
96479 9
96480 0
96481 1
96482 2
96483 3
96484 4
96485 5
96486 6
96487 7
96488 8
96489 9
96490 0
96491 1
96492 2
96493 3
96494 4
96495 5
96496 6
96497 7
96498 8
96499 9
96500 0
96501 1
96502 2
96503 3
96504 4
96505 5
96506 6
96507 7
96508 8
96509 9
96510 0
96511 1
96512 2
96513 3
96514 4
96515 5
96516 6
96517 7
96518 8
96519 9
96520 0
96521 1
96522 2
96523 3
96524 4
96525 5
96526 6
96527 7
96528 8
96529 9
96530 0
96531 1
96532 2
96533 3
96534 4
96535 5
96536 6
96537 7
96538 8
96539 9
96540 0
96541 1
96542 2
96543 3
96544 4
96545 5
96546 6
96547 7
96548 8
96549 9
96550 0
96551 1
96552 2
96553 3
96554 4
96555 5
96556 6
96557 7
96558 8
96559 9
96560 0
96561 1
96562 2
96563 3
96564 4
96565 5
96566 6
96567 7
96568 8
96569 9
96570 0
96571 1
96572 2
96573 3
96574 4
96575 5
96576 6
96577 7
96578 8
96579 9
96580 0
96581 1
96582 2
96583 3
96584 4
96585 5
96586 6
96587 7
96588 8
96589 9
96590 0
96591 1
96592 2
96593 3
96594 4
96595 5
96596 6
96597 7
96598 8
96599 9
96600 0
96601 1
96602 2
96603 3
96604 4
96605 5
96606 6
96607 7
96608 8
96609 9
96610 0
96611 1
96612 2
96613 3
96614 4
96615 5
96616 6
96617 7
96618 8
96619 9
96620 0
96621 1
96622 2
96623 3
96624 4
96625 5
96626 6
96627 7
96628 8
96629 9
96630 0
96631 1
96632 2
96633 3
96634 4
96635 5
96636 6
96637 7
96638 8
96639 9
96640 0
96641 1
96642 2
96643 3
96644 4
96645 5
96646 6
96647 7
96648 8
96649 9
96650 0
96651 1
96652 2
96653 3
96654 4
96655 5
96656 6
96657 7
96658 8
96659 9
96660 0
96661 1
96662 2
96663 3
96664 4
96665 5
96666 6
96667 7
96668 8
96669 9
96670 0
96671 1
96672 2
96673 3
96674 4
96675 5
96676 6
96677 7
96678 8
96679 9
96680 0
96681 1
96682 2
96683 3
96684 4
96685 5
96686 6
96687 7
96688 8
96689 9
96690 0
96691 1
96692 2
96693 3
96694 4
96695 5
96696 6
96697 7
96698 8
96699 9
96700 0
96701 1
96702 2
96703 3
96704 4
96705 5
96706 6
96707 7
96708 8
96709 9
96710 0
96711 1
96712 2
96713 3
96714 4
96715 5
96716 6
96717 7
96718 8
96719 9
96720 0
96721 1
96722 2
96723 3
96724 4
96725 5
96726 6
96727 7
96728 8
96729 9
96730 0
96731 1
96732 2
96733 3
96734 4
96735 5
96736 6
96737 7
96738 8
96739 9
96740 0
96741 1
96742 2
96743 3
96744 4
96745 5
96746 6
96747 7
96748 8
96749 9
96750 0
96751 1
96752 2
96753 3
96754 4
96755 5
96756 6
96757 7
96758 8
96759 9
96760 0
96761 1
96762 2
96763 3
96764 4
96765 5
96766 6
96767 7
96768 8
96769 9
96770 0
96771 1
96772 2
96773 3
96774 4
96775 5
96776 6
96777 7
96778 8
96779 9
96780 0
96781 1
96782 2
96783 3
96784 4
96785 5
96786 6
96787 7
96788 8
96789 9
96790 0
96791 1
96792 2
96793 3
96794 4
96795 5
96796 6
96797 7
96798 8
96799 9
96800 0
96801 1
96802 2
96803 3
96804 4
96805 5
96806 6
96807 7
96808 8
96809 9
96810 0
96811 1
96812 2
96813 3
96814 4
96815 5
96816 6
96817 7
96818 8
96819 9
96820 0
96821 1
96822 2
96823 3
96824 4
96825 5
96826 6
96827 7
96828 8
96829 9
96830 0
96831 1
96832 2
96833 3
96834 4
96835 5
96836 6
96837 7
96838 8
96839 9
96840 0
96841 1
96842 2
96843 3
96844 4
96845 5
96846 6
96847 7
96848 8
96849 9
96850 0
96851 1
96852 2
96853 3
96854 4
96855 5
96856 6
96857 7
96858 8
96859 9
96860 0
96861 1
96862 2
96863 3
96864 4
96865 5
96866 6
96867 7
96868 8
96869 9
96870 0
96871 1
96872 2
96873 3
96874 4
96875 5
96876 6
96877 7
96878 8
96879 9
96880 0
96881 1
96882 2
96883 3
96884 4
96885 5
96886 6
96887 7
96888 8
96889 9
96890 0
96891 1
96892 2
96893 3
96894 4
96895 5
96896 6
96897 7
96898 8
96899 9
96900 0
96901 1
96902 2
96903 3
96904 4
96905 5
96906 6
96907 7
96908 8
96909 9
96910 0
96911 1
96912 2
96913 3
96914 4
96915 5
96916 6
96917 7
96918 8
96919 9
96920 0
96921 1
96922 2
96923 3
96924 4
96925 5
96926 6
96927 7
96928 8
96929 9
96930 0
96931 1
96932 2
96933 3
96934 4
96935 5
96936 6
96937 7
96938 8
96939 9
96940 0
96941 1
96942 2
96943 3
96944 4
96945 5
96946 6
96947 7
96948 8
96949 9
96950 0
96951 1
96952 2
96953 3
96954 4
96955 5
96956 6
96957 7
96958 8
96959 9
96960 0
96961 1
96962 2
96963 3
96964 4
96965 5
96966 6
96967 7
96968 8
96969 9
96970 0
96971 1
96972 2
96973 3
96974 4
96975 5
96976 6
96977 7
96978 8
96979 9
96980 0
96981 1
96982 2
96983 3
96984 4
96985 5
96986 6
96987 7
96988 8
96989 9
96990 0
96991 1
96992 2
96993 3
96994 4
96995 5
96996 6
96997 7
96998 8
96999 9
97000 0
97001 1
97002 2
97003 3
97004 4
97005 5
97006 6
97007 7
97008 8
97009 9
97010 0
97011 1
97012 2
97013 3
97014 4
97015 5
97016 6
97017 7
97018 8
97019 9
97020 0
97021 1
97022 2
97023 3
97024 4
97025 5
97026 6
97027 7
97028 8
97029 9
97030 0
97031 1
97032 2
97033 3
97034 4
97035 5
97036 6
97037 7
97038 8
97039 9
97040 0
97041 1
97042 2
97043 3
97044 4
97045 5
97046 6
97047 7
97048 8
97049 9
97050 0
97051 1
97052 2
97053 3
97054 4
97055 5
97056 6
97057 7
97058 8
97059 9
97060 0
97061 1
97062 2
97063 3
97064 4
97065 5
97066 6
97067 7
97068 8
97069 9
97070 0
97071 1
97072 2
97073 3
97074 4
97075 5
97076 6
97077 7
97078 8
97079 9
97080 0
97081 1
97082 2
97083 3
97084 4
97085 5
97086 6
97087 7
97088 8
97089 9
97090 0
97091 1
97092 2
97093 3
97094 4
97095 5
97096 6
97097 7
97098 8
97099 9
97100 0
97101 1
97102 2
97103 3
97104 4
97105 5
97106 6
97107 7
97108 8
97109 9
97110 0
97111 1
97112 2
97113 3
97114 4
97115 5
97116 6
97117 7
97118 8
97119 9
97120 0
97121 1
97122 2
97123 3
97124 4
97125 5
97126 6
97127 7
97128 8
97129 9
97130 0
97131 1
97132 2
97133 3
97134 4
97135 5
97136 6
97137 7
97138 8
97139 9
97140 0
97141 1
97142 2
97143 3
97144 4
97145 5
97146 6
97147 7
97148 8
97149 9
97150 0
97151 1
97152 2
97153 3
97154 4
97155 5
97156 6
97157 7
97158 8
97159 9
97160 0
97161 1
97162 2
97163 3
97164 4
97165 5
97166 6
97167 7
97168 8
97169 9
97170 0
97171 1
97172 2
97173 3
97174 4
97175 5
97176 6
97177 7
97178 8
97179 9
97180 0
97181 1
97182 2
97183 3
97184 4
97185 5
97186 6
97187 7
97188 8
97189 9
97190 0
97191 1
97192 2
97193 3
97194 4
97195 5
97196 6
97197 7
97198 8
97199 9
97200 0
97201 1
97202 2
97203 3
97204 4
97205 5
97206 6
97207 7
97208 8
97209 9
97210 0
97211 1
97212 2
97213 3
97214 4
97215 5
97216 6
97217 7
97218 8
97219 9
97220 0
97221 1
97222 2
97223 3
97224 4
97225 5
97226 6
97227 7
97228 8
97229 9
97230 0
97231 1
97232 2
97233 3
97234 4
97235 5
97236 6
97237 7
97238 8
97239 9
97240 0
97241 1
97242 2
97243 3
97244 4
97245 5
97246 6
97247 7
97248 8
97249 9
97250 0
97251 1
97252 2
97253 3
97254 4
97255 5
97256 6
97257 7
97258 8
97259 9
97260 0
97261 1
97262 2
97263 3
97264 4
97265 5
97266 6
97267 7
97268 8
97269 9
97270 0
97271 1
97272 2
97273 3
97274 4
97275 5
97276 6
97277 7
97278 8
97279 9
97280 0
97281 1
97282 2
97283 3
97284 4
97285 5
97286 6
97287 7
97288 8
97289 9
97290 0
97291 1
97292 2
97293 3
97294 4
97295 5
97296 6
97297 7
97298 8
97299 9
97300 0
97301 1
97302 2
97303 3
97304 4
97305 5
97306 6
97307 7
97308 8
97309 9
97310 0
97311 1
97312 2
97313 3
97314 4
97315 5
97316 6
97317 7
97318 8
97319 9
97320 0
97321 1
97322 2
97323 3
97324 4
97325 5
97326 6
97327 7
97328 8
97329 9
97330 0
97331 1
97332 2
97333 3
97334 4
97335 5
97336 6
97337 7
97338 8
97339 9
97340 0
97341 1
97342 2
97343 3
97344 4
97345 5
97346 6
97347 7
97348 8
97349 9
97350 0
97351 1
97352 2
97353 3
97354 4
97355 5
97356 6
97357 7
97358 8
97359 9
97360 0
97361 1
97362 2
97363 3
97364 4
97365 5
97366 6
97367 7
97368 8
97369 9
97370 0
97371 1
97372 2
97373 3
97374 4
97375 5
97376 6
97377 7
97378 8
97379 9
97380 0
97381 1
97382 2
97383 3
97384 4
97385 5
97386 6
97387 7
97388 8
97389 9
97390 0
97391 1
97392 2
97393 3
97394 4
97395 5
97396 6
97397 7
97398 8
97399 9
97400 0
97401 1
97402 2
97403 3
97404 4
97405 5
97406 6
97407 7
97408 8
97409 9
97410 0
97411 1
97412 2
97413 3
97414 4
97415 5
97416 6
97417 7
97418 8
97419 9
97420 0
97421 1
97422 2
97423 3
97424 4
97425 5
97426 6
97427 7
97428 8
97429 9
97430 0
97431 1
97432 2
97433 3
97434 4
97435 5
97436 6
97437 7
97438 8
97439 9
97440 0
97441 1
97442 2
97443 3
97444 4
97445 5
97446 6
97447 7
97448 8
97449 9
97450 0
97451 1
97452 2
97453 3
97454 4
97455 5
97456 6
97457 7
97458 8
97459 9
97460 0
97461 1
97462 2
97463 3
97464 4
97465 5
97466 6
97467 7
97468 8
97469 9
97470 0
97471 1
97472 2
97473 3
97474 4
97475 5
97476 6
97477 7
97478 8
97479 9
97480 0
97481 1
97482 2
97483 3
97484 4
97485 5
97486 6
97487 7
97488 8
97489 9
97490 0
97491 1
97492 2
97493 3
97494 4
97495 5
97496 6
97497 7
97498 8
97499 9
97500 0
97501 1
97502 2
97503 3
97504 4
97505 5
97506 6
97507 7
97508 8
97509 9
97510 0
97511 1
97512 2
97513 3
97514 4
97515 5
97516 6
97517 7
97518 8
97519 9
97520 0
97521 1
97522 2
97523 3
97524 4
97525 5
97526 6
97527 7
97528 8
97529 9
97530 0
97531 1
97532 2
97533 3
97534 4
97535 5
97536 6
97537 7
97538 8
97539 9
97540 0
97541 1
97542 2
97543 3
97544 4
97545 5
97546 6
97547 7
97548 8
97549 9
97550 0
97551 1
97552 2
97553 3
97554 4
97555 5
97556 6
97557 7
97558 8
97559 9
97560 0
97561 1
97562 2
97563 3
97564 4
97565 5
97566 6
97567 7
97568 8
97569 9
97570 0
97571 1
97572 2
97573 3
97574 4
97575 5
97576 6
97577 7
97578 8
97579 9
97580 0
97581 1
97582 2
97583 3
97584 4
97585 5
97586 6
97587 7
97588 8
97589 9
97590 0
97591 1
97592 2
97593 3
97594 4
97595 5
97596 6
97597 7
97598 8
97599 9
97600 0
97601 1
97602 2
97603 3
97604 4
97605 5
97606 6
97607 7
97608 8
97609 9
97610 0
97611 1
97612 2
97613 3
97614 4
97615 5
97616 6
97617 7
97618 8
97619 9
97620 0
97621 1
97622 2
97623 3
97624 4
97625 5
97626 6
97627 7
97628 8
97629 9
97630 0
97631 1
97632 2
97633 3
97634 4
97635 5
97636 6
97637 7
97638 8
97639 9
97640 0
97641 1
97642 2
97643 3
97644 4
97645 5
97646 6
97647 7
97648 8
97649 9
97650 0
97651 1
97652 2
97653 3
97654 4
97655 5
97656 6
97657 7
97658 8
97659 9
97660 0
97661 1
97662 2
97663 3
97664 4
97665 5
97666 6
97667 7
97668 8
97669 9
97670 0
97671 1
97672 2
97673 3
97674 4
97675 5
97676 6
97677 7
97678 8
97679 9
97680 0
97681 1
97682 2
97683 3
97684 4
97685 5
97686 6
97687 7
97688 8
97689 9
97690 0
97691 1
97692 2
97693 3
97694 4
97695 5
97696 6
97697 7
97698 8
97699 9
97700 0
97701 1
97702 2
97703 3
97704 4
97705 5
97706 6
97707 7
97708 8
97709 9
97710 0
97711 1
97712 2
97713 3
97714 4
97715 5
97716 6
97717 7
97718 8
97719 9
97720 0
97721 1
97722 2
97723 3
97724 4
97725 5
97726 6
97727 7
97728 8
97729 9
97730 0
97731 1
97732 2
97733 3
97734 4
97735 5
97736 6
97737 7
97738 8
97739 9
97740 0
97741 1
97742 2
97743 3
97744 4
97745 5
97746 6
97747 7
97748 8
97749 9
97750 0
97751 1
97752 2
97753 3
97754 4
97755 5
97756 6
97757 7
97758 8
97759 9
97760 0
97761 1
97762 2
97763 3
97764 4
97765 5
97766 6
97767 7
97768 8
97769 9
97770 0
97771 1
97772 2
97773 3
97774 4
97775 5
97776 6
97777 7
97778 8
97779 9
97780 0
97781 1
97782 2
97783 3
97784 4
97785 5
97786 6
97787 7
97788 8
97789 9
97790 0
97791 1
97792 2
97793 3
97794 4
97795 5
97796 6
97797 7
97798 8
97799 9
97800 0
97801 1
97802 2
97803 3
97804 4
97805 5
97806 6
97807 7
97808 8
97809 9
97810 0
97811 1
97812 2
97813 3
97814 4
97815 5
97816 6
97817 7
97818 8
97819 9
97820 0
97821 1
97822 2
97823 3
97824 4
97825 5
97826 6
97827 7
97828 8
97829 9
97830 0
97831 1
97832 2
97833 3
97834 4
97835 5
97836 6
97837 7
97838 8
97839 9
97840 0
97841 1
97842 2
97843 3
97844 4
97845 5
97846 6
97847 7
97848 8
97849 9
97850 0
97851 1
97852 2
97853 3
97854 4
97855 5
97856 6
97857 7
97858 8
97859 9
97860 0
97861 1
97862 2
97863 3
97864 4
97865 5
97866 6
97867 7
97868 8
97869 9
97870 0
97871 1
97872 2
97873 3
97874 4
97875 5
97876 6
97877 7
97878 8
97879 9
97880 0
97881 1
97882 2
97883 3
97884 4
97885 5
97886 6
97887 7
97888 8
97889 9
97890 0
97891 1
97892 2
97893 3
97894 4
97895 5
97896 6
97897 7
97898 8
97899 9
97900 0
97901 1
97902 2
97903 3
97904 4
97905 5
97906 6
97907 7
97908 8
97909 9
97910 0
97911 1
97912 2
97913 3
97914 4
97915 5
97916 6
97917 7
97918 8
97919 9
97920 0
97921 1
97922 2
97923 3
97924 4
97925 5
97926 6
97927 7
97928 8
97929 9
97930 0
97931 1
97932 2
97933 3
97934 4
97935 5
97936 6
97937 7
97938 8
97939 9
97940 0
97941 1
97942 2
97943 3
97944 4
97945 5
97946 6
97947 7
97948 8
97949 9
97950 0
97951 1
97952 2
97953 3
97954 4
97955 5
97956 6
97957 7
97958 8
97959 9
97960 0
97961 1
97962 2
97963 3
97964 4
97965 5
97966 6
97967 7
97968 8
97969 9
97970 0
97971 1
97972 2
97973 3
97974 4
97975 5
97976 6
97977 7
97978 8
97979 9
97980 0
97981 1
97982 2
97983 3
97984 4
97985 5
97986 6
97987 7
97988 8
97989 9
97990 0
97991 1
97992 2
97993 3
97994 4
97995 5
97996 6
97997 7
97998 8
97999 9
98000 0
98001 1
98002 2
98003 3
98004 4
98005 5
98006 6
98007 7
98008 8
98009 9
98010 0
98011 1
98012 2
98013 3
98014 4
98015 5
98016 6
98017 7
98018 8
98019 9
98020 0
98021 1
98022 2
98023 3
98024 4
98025 5
98026 6
98027 7
98028 8
98029 9
98030 0
98031 1
98032 2
98033 3
98034 4
98035 5
98036 6
98037 7
98038 8
98039 9
98040 0
98041 1
98042 2
98043 3
98044 4
98045 5
98046 6
98047 7
98048 8
98049 9
98050 0
98051 1
98052 2
98053 3
98054 4
98055 5
98056 6
98057 7
98058 8
98059 9
98060 0
98061 1
98062 2
98063 3
98064 4
98065 5
98066 6
98067 7
98068 8
98069 9
98070 0
98071 1
98072 2
98073 3
98074 4
98075 5
98076 6
98077 7
98078 8
98079 9
98080 0
98081 1
98082 2
98083 3
98084 4
98085 5
98086 6
98087 7
98088 8
98089 9
98090 0
98091 1
98092 2
98093 3
98094 4
98095 5
98096 6
98097 7
98098 8
98099 9
98100 0
98101 1
98102 2
98103 3
98104 4
98105 5
98106 6
98107 7
98108 8
98109 9
98110 0
98111 1
98112 2
98113 3
98114 4
98115 5
98116 6
98117 7
98118 8
98119 9
98120 0
98121 1
98122 2
98123 3
98124 4
98125 5
98126 6
98127 7
98128 8
98129 9
98130 0
98131 1
98132 2
98133 3
98134 4
98135 5
98136 6
98137 7
98138 8
98139 9
98140 0
98141 1
98142 2
98143 3
98144 4
98145 5
98146 6
98147 7
98148 8
98149 9
98150 0
98151 1
98152 2
98153 3
98154 4
98155 5
98156 6
98157 7
98158 8
98159 9
98160 0
98161 1
98162 2
98163 3
98164 4
98165 5
98166 6
98167 7
98168 8
98169 9
98170 0
98171 1
98172 2
98173 3
98174 4
98175 5
98176 6
98177 7
98178 8
98179 9
98180 0
98181 1
98182 2
98183 3
98184 4
98185 5
98186 6
98187 7
98188 8
98189 9
98190 0
98191 1
98192 2
98193 3
98194 4
98195 5
98196 6
98197 7
98198 8
98199 9
98200 0
98201 1
98202 2
98203 3
98204 4
98205 5
98206 6
98207 7
98208 8
98209 9
98210 0
98211 1
98212 2
98213 3
98214 4
98215 5
98216 6
98217 7
98218 8
98219 9
98220 0
98221 1
98222 2
98223 3
98224 4
98225 5
98226 6
98227 7
98228 8
98229 9
98230 0
98231 1
98232 2
98233 3
98234 4
98235 5
98236 6
98237 7
98238 8
98239 9
98240 0
98241 1
98242 2
98243 3
98244 4
98245 5
98246 6
98247 7
98248 8
98249 9
98250 0
98251 1
98252 2
98253 3
98254 4
98255 5
98256 6
98257 7
98258 8
98259 9
98260 0
98261 1
98262 2
98263 3
98264 4
98265 5
98266 6
98267 7
98268 8
98269 9
98270 0
98271 1
98272 2
98273 3
98274 4
98275 5
98276 6
98277 7
98278 8
98279 9
98280 0
98281 1
98282 2
98283 3
98284 4
98285 5
98286 6
98287 7
98288 8
98289 9
98290 0
98291 1
98292 2
98293 3
98294 4
98295 5
98296 6
98297 7
98298 8
98299 9
98300 0
98301 1
98302 2
98303 3
98304 4
98305 5
98306 6
98307 7
98308 8
98309 9
98310 0
98311 1
98312 2
98313 3
98314 4
98315 5
98316 6
98317 7
98318 8
98319 9
98320 0
98321 1
98322 2
98323 3
98324 4
98325 5
98326 6
98327 7
98328 8
98329 9
98330 0
98331 1
98332 2
98333 3
98334 4
98335 5
98336 6
98337 7
98338 8
98339 9
98340 0
98341 1
98342 2
98343 3
98344 4
98345 5
98346 6
98347 7
98348 8
98349 9
98350 0
98351 1
98352 2
98353 3
98354 4
98355 5
98356 6
98357 7
98358 8
98359 9
98360 0
98361 1
98362 2
98363 3
98364 4
98365 5
98366 6
98367 7
98368 8
98369 9
98370 0
98371 1
98372 2
98373 3
98374 4
98375 5
98376 6
98377 7
98378 8
98379 9
98380 0
98381 1
98382 2
98383 3
98384 4
98385 5
98386 6
98387 7
98388 8
98389 9
98390 0
98391 1
98392 2
98393 3
98394 4
98395 5
98396 6
98397 7
98398 8
98399 9
98400 0
98401 1
98402 2
98403 3
98404 4
98405 5
98406 6
98407 7
98408 8
98409 9
98410 0
98411 1
98412 2
98413 3
98414 4
98415 5
98416 6
98417 7
98418 8
98419 9
98420 0
98421 1
98422 2
98423 3
98424 4
98425 5
98426 6
98427 7
98428 8
98429 9
98430 0
98431 1
98432 2
98433 3
98434 4
98435 5
98436 6
98437 7
98438 8
98439 9
98440 0
98441 1
98442 2
98443 3
98444 4
98445 5
98446 6
98447 7
98448 8
98449 9
98450 0
98451 1
98452 2
98453 3
98454 4
98455 5
98456 6
98457 7
98458 8
98459 9
98460 0
98461 1
98462 2
98463 3
98464 4
98465 5
98466 6
98467 7
98468 8
98469 9
98470 0
98471 1
98472 2
98473 3
98474 4
98475 5
98476 6
98477 7
98478 8
98479 9
98480 0
98481 1
98482 2
98483 3
98484 4
98485 5
98486 6
98487 7
98488 8
98489 9
98490 0
98491 1
98492 2
98493 3
98494 4
98495 5
98496 6
98497 7
98498 8
98499 9
98500 0
98501 1
98502 2
98503 3
98504 4
98505 5
98506 6
98507 7
98508 8
98509 9
98510 0
98511 1
98512 2
98513 3
98514 4
98515 5
98516 6
98517 7
98518 8
98519 9
98520 0
98521 1
98522 2
98523 3
98524 4
98525 5
98526 6
98527 7
98528 8
98529 9
98530 0
98531 1
98532 2
98533 3
98534 4
98535 5
98536 6
98537 7
98538 8
98539 9
98540 0
98541 1
98542 2
98543 3
98544 4
98545 5
98546 6
98547 7
98548 8
98549 9
98550 0
98551 1
98552 2
98553 3
98554 4
98555 5
98556 6
98557 7
98558 8
98559 9
98560 0
98561 1
98562 2
98563 3
98564 4
98565 5
98566 6
98567 7
98568 8
98569 9
98570 0
98571 1
98572 2
98573 3
98574 4
98575 5
98576 6
98577 7
98578 8
98579 9
98580 0
98581 1
98582 2
98583 3
98584 4
98585 5
98586 6
98587 7
98588 8
98589 9
98590 0
98591 1
98592 2
98593 3
98594 4
98595 5
98596 6
98597 7
98598 8
98599 9
98600 0
98601 1
98602 2
98603 3
98604 4
98605 5
98606 6
98607 7
98608 8
98609 9
98610 0
98611 1
98612 2
98613 3
98614 4
98615 5
98616 6
98617 7
98618 8
98619 9
98620 0
98621 1
98622 2
98623 3
98624 4
98625 5
98626 6
98627 7
98628 8
98629 9
98630 0
98631 1
98632 2
98633 3
98634 4
98635 5
98636 6
98637 7
98638 8
98639 9
98640 0
98641 1
98642 2
98643 3
98644 4
98645 5
98646 6
98647 7
98648 8
98649 9
98650 0
98651 1
98652 2
98653 3
98654 4
98655 5
98656 6
98657 7
98658 8
98659 9
98660 0
98661 1
98662 2
98663 3
98664 4
98665 5
98666 6
98667 7
98668 8
98669 9
98670 0
98671 1
98672 2
98673 3
98674 4
98675 5
98676 6
98677 7
98678 8
98679 9
98680 0
98681 1
98682 2
98683 3
98684 4
98685 5
98686 6
98687 7
98688 8
98689 9
98690 0
98691 1
98692 2
98693 3
98694 4
98695 5
98696 6
98697 7
98698 8
98699 9
98700 0
98701 1
98702 2
98703 3
98704 4
98705 5
98706 6
98707 7
98708 8
98709 9
98710 0
98711 1
98712 2
98713 3
98714 4
98715 5
98716 6
98717 7
98718 8
98719 9
98720 0
98721 1
98722 2
98723 3
98724 4
98725 5
98726 6
98727 7
98728 8
98729 9
98730 0
98731 1
98732 2
98733 3
98734 4
98735 5
98736 6
98737 7
98738 8
98739 9
98740 0
98741 1
98742 2
98743 3
98744 4
98745 5
98746 6
98747 7
98748 8
98749 9
98750 0
98751 1
98752 2
98753 3
98754 4
98755 5
98756 6
98757 7
98758 8
98759 9
98760 0
98761 1
98762 2
98763 3
98764 4
98765 5
98766 6
98767 7
98768 8
98769 9
98770 0
98771 1
98772 2
98773 3
98774 4
98775 5
98776 6
98777 7
98778 8
98779 9
98780 0
98781 1
98782 2
98783 3
98784 4
98785 5
98786 6
98787 7
98788 8
98789 9
98790 0
98791 1
98792 2
98793 3
98794 4
98795 5
98796 6
98797 7
98798 8
98799 9
98800 0
98801 1
98802 2
98803 3
98804 4
98805 5
98806 6
98807 7
98808 8
98809 9
98810 0
98811 1
98812 2
98813 3
98814 4
98815 5
98816 6
98817 7
98818 8
98819 9
98820 0
98821 1
98822 2
98823 3
98824 4
98825 5
98826 6
98827 7
98828 8
98829 9
98830 0
98831 1
98832 2
98833 3
98834 4
98835 5
98836 6
98837 7
98838 8
98839 9
98840 0
98841 1
98842 2
98843 3
98844 4
98845 5
98846 6
98847 7
98848 8
98849 9
98850 0
98851 1
98852 2
98853 3
98854 4
98855 5
98856 6
98857 7
98858 8
98859 9
98860 0
98861 1
98862 2
98863 3
98864 4
98865 5
98866 6
98867 7
98868 8
98869 9
98870 0
98871 1
98872 2
98873 3
98874 4
98875 5
98876 6
98877 7
98878 8
98879 9
98880 0
98881 1
98882 2
98883 3
98884 4
98885 5
98886 6
98887 7
98888 8
98889 9
98890 0
98891 1
98892 2
98893 3
98894 4
98895 5
98896 6
98897 7
98898 8
98899 9
98900 0
98901 1
98902 2
98903 3
98904 4
98905 5
98906 6
98907 7
98908 8
98909 9
98910 0
98911 1
98912 2
98913 3
98914 4
98915 5
98916 6
98917 7
98918 8
98919 9
98920 0
98921 1
98922 2
98923 3
98924 4
98925 5
98926 6
98927 7
98928 8
98929 9
98930 0
98931 1
98932 2
98933 3
98934 4
98935 5
98936 6
98937 7
98938 8
98939 9
98940 0
98941 1
98942 2
98943 3
98944 4
98945 5
98946 6
98947 7
98948 8
98949 9
98950 0
98951 1
98952 2
98953 3
98954 4
98955 5
98956 6
98957 7
98958 8
98959 9
98960 0
98961 1
98962 2
98963 3
98964 4
98965 5
98966 6
98967 7
98968 8
98969 9
98970 0
98971 1
98972 2
98973 3
98974 4
98975 5
98976 6
98977 7
98978 8
98979 9
98980 0
98981 1
98982 2
98983 3
98984 4
98985 5
98986 6
98987 7
98988 8
98989 9
98990 0
98991 1
98992 2
98993 3
98994 4
98995 5
98996 6
98997 7
98998 8
98999 9
99000 0
99001 1
99002 2
99003 3
99004 4
99005 5
99006 6
99007 7
99008 8
99009 9
99010 0
99011 1
99012 2
99013 3
99014 4
99015 5
99016 6
99017 7
99018 8
99019 9
99020 0
99021 1
99022 2
99023 3
99024 4
99025 5
99026 6
99027 7
99028 8
99029 9
99030 0
99031 1
99032 2
99033 3
99034 4
99035 5
99036 6
99037 7
99038 8
99039 9
99040 0
99041 1
99042 2
99043 3
99044 4
99045 5
99046 6
99047 7
99048 8
99049 9
99050 0
99051 1
99052 2
99053 3
99054 4
99055 5
99056 6
99057 7
99058 8
99059 9
99060 0
99061 1
99062 2
99063 3
99064 4
99065 5
99066 6
99067 7
99068 8
99069 9
99070 0
99071 1
99072 2
99073 3
99074 4
99075 5
99076 6
99077 7
99078 8
99079 9
99080 0
99081 1
99082 2
99083 3
99084 4
99085 5
99086 6
99087 7
99088 8
99089 9
99090 0
99091 1
99092 2
99093 3
99094 4
99095 5
99096 6
99097 7
99098 8
99099 9
99100 0
99101 1
99102 2
99103 3
99104 4
99105 5
99106 6
99107 7
99108 8
99109 9
99110 0
99111 1
99112 2
99113 3
99114 4
99115 5
99116 6
99117 7
99118 8
99119 9
99120 0
99121 1
99122 2
99123 3
99124 4
99125 5
99126 6
99127 7
99128 8
99129 9
99130 0
99131 1
99132 2
99133 3
99134 4
99135 5
99136 6
99137 7
99138 8
99139 9
99140 0
99141 1
99142 2
99143 3
99144 4
99145 5
99146 6
99147 7
99148 8
99149 9
99150 0
99151 1
99152 2
99153 3
99154 4
99155 5
99156 6
99157 7
99158 8
99159 9
99160 0
99161 1
99162 2
99163 3
99164 4
99165 5
99166 6
99167 7
99168 8
99169 9
99170 0
99171 1
99172 2
99173 3
99174 4
99175 5
99176 6
99177 7
99178 8
99179 9
99180 0
99181 1
99182 2
99183 3
99184 4
99185 5
99186 6
99187 7
99188 8
99189 9
99190 0
99191 1
99192 2
99193 3
99194 4
99195 5
99196 6
99197 7
99198 8
99199 9
99200 0
99201 1
99202 2
99203 3
99204 4
99205 5
99206 6
99207 7
99208 8
99209 9
99210 0
99211 1
99212 2
99213 3
99214 4
99215 5
99216 6
99217 7
99218 8
99219 9
99220 0
99221 1
99222 2
99223 3
99224 4
99225 5
99226 6
99227 7
99228 8
99229 9
99230 0
99231 1
99232 2
99233 3
99234 4
99235 5
99236 6
99237 7
99238 8
99239 9
99240 0
99241 1
99242 2
99243 3
99244 4
99245 5
99246 6
99247 7
99248 8
99249 9
99250 0
99251 1
99252 2
99253 3
99254 4
99255 5
99256 6
99257 7
99258 8
99259 9
99260 0
99261 1
99262 2
99263 3
99264 4
99265 5
99266 6
99267 7
99268 8
99269 9
99270 0
99271 1
99272 2
99273 3
99274 4
99275 5
99276 6
99277 7
99278 8
99279 9
99280 0
99281 1
99282 2
99283 3
99284 4
99285 5
99286 6
99287 7
99288 8
99289 9
99290 0
99291 1
99292 2
99293 3
99294 4
99295 5
99296 6
99297 7
99298 8
99299 9
99300 0
99301 1
99302 2
99303 3
99304 4
99305 5
99306 6
99307 7
99308 8
99309 9
99310 0
99311 1
99312 2
99313 3
99314 4
99315 5
99316 6
99317 7
99318 8
99319 9
99320 0
99321 1
99322 2
99323 3
99324 4
99325 5
99326 6
99327 7
99328 8
99329 9
99330 0
99331 1
99332 2
99333 3
99334 4
99335 5
99336 6
99337 7
99338 8
99339 9
99340 0
99341 1
99342 2
99343 3
99344 4
99345 5
99346 6
99347 7
99348 8
99349 9
99350 0
99351 1
99352 2
99353 3
99354 4
99355 5
99356 6
99357 7
99358 8
99359 9
99360 0
99361 1
99362 2
99363 3
99364 4
99365 5
99366 6
99367 7
99368 8
99369 9
99370 0
99371 1
99372 2
99373 3
99374 4
99375 5
99376 6
99377 7
99378 8
99379 9
99380 0
99381 1
99382 2
99383 3
99384 4
99385 5
99386 6
99387 7
99388 8
99389 9
99390 0
99391 1
99392 2
99393 3
99394 4
99395 5
99396 6
99397 7
99398 8
99399 9
99400 0
99401 1
99402 2
99403 3
99404 4
99405 5
99406 6
99407 7
99408 8
99409 9
99410 0
99411 1
99412 2
99413 3
99414 4
99415 5
99416 6
99417 7
99418 8
99419 9
99420 0
99421 1
99422 2
99423 3
99424 4
99425 5
99426 6
99427 7
99428 8
99429 9
99430 0
99431 1
99432 2
99433 3
99434 4
99435 5
99436 6
99437 7
99438 8
99439 9
99440 0
99441 1
99442 2
99443 3
99444 4
99445 5
99446 6
99447 7
99448 8
99449 9
99450 0
99451 1
99452 2
99453 3
99454 4
99455 5
99456 6
99457 7
99458 8
99459 9
99460 0
99461 1
99462 2
99463 3
99464 4
99465 5
99466 6
99467 7
99468 8
99469 9
99470 0
99471 1
99472 2
99473 3
99474 4
99475 5
99476 6
99477 7
99478 8
99479 9
99480 0
99481 1
99482 2
99483 3
99484 4
99485 5
99486 6
99487 7
99488 8
99489 9
99490 0
99491 1
99492 2
99493 3
99494 4
99495 5
99496 6
99497 7
99498 8
99499 9
99500 0
99501 1
99502 2
99503 3
99504 4
99505 5
99506 6
99507 7
99508 8
99509 9
99510 0
99511 1
99512 2
99513 3
99514 4
99515 5
99516 6
99517 7
99518 8
99519 9
99520 0
99521 1
99522 2
99523 3
99524 4
99525 5
99526 6
99527 7
99528 8
99529 9
99530 0
99531 1
99532 2
99533 3
99534 4
99535 5
99536 6
99537 7
99538 8
99539 9
99540 0
99541 1
99542 2
99543 3
99544 4
99545 5
99546 6
99547 7
99548 8
99549 9
99550 0
99551 1
99552 2
99553 3
99554 4
99555 5
99556 6
99557 7
99558 8
99559 9
99560 0
99561 1
99562 2
99563 3
99564 4
99565 5
99566 6
99567 7
99568 8
99569 9
99570 0
99571 1
99572 2
99573 3
99574 4
99575 5
99576 6
99577 7
99578 8
99579 9
99580 0
99581 1
99582 2
99583 3
99584 4
99585 5
99586 6
99587 7
99588 8
99589 9
99590 0
99591 1
99592 2
99593 3
99594 4
99595 5
99596 6
99597 7
99598 8
99599 9
99600 0
99601 1
99602 2
99603 3
99604 4
99605 5
99606 6
99607 7
99608 8
99609 9
99610 0
99611 1
99612 2
99613 3
99614 4
99615 5
99616 6
99617 7
99618 8
99619 9
99620 0
99621 1
99622 2
99623 3
99624 4
99625 5
99626 6
99627 7
99628 8
99629 9
99630 0
99631 1
99632 2
99633 3
99634 4
99635 5
99636 6
99637 7
99638 8
99639 9
99640 0
99641 1
99642 2
99643 3
99644 4
99645 5
99646 6
99647 7
99648 8
99649 9
99650 0
99651 1
99652 2
99653 3
99654 4
99655 5
99656 6
99657 7
99658 8
99659 9
99660 0
99661 1
99662 2
99663 3
99664 4
99665 5
99666 6
99667 7
99668 8
99669 9
99670 0
99671 1
99672 2
99673 3
99674 4
99675 5
99676 6
99677 7
99678 8
99679 9
99680 0
99681 1
99682 2
99683 3
99684 4
99685 5
99686 6
99687 7
99688 8
99689 9
99690 0
99691 1
99692 2
99693 3
99694 4
99695 5
99696 6
99697 7
99698 8
99699 9
99700 0
99701 1
99702 2
99703 3
99704 4
99705 5
99706 6
99707 7
99708 8
99709 9
99710 0
99711 1
99712 2
99713 3
99714 4
99715 5
99716 6
99717 7
99718 8
99719 9
99720 0
99721 1
99722 2
99723 3
99724 4
99725 5
99726 6
99727 7
99728 8
99729 9
99730 0
99731 1
99732 2
99733 3
99734 4
99735 5
99736 6
99737 7
99738 8
99739 9
99740 0
99741 1
99742 2
99743 3
99744 4
99745 5
99746 6
99747 7
99748 8
99749 9
99750 0
99751 1
99752 2
99753 3
99754 4
99755 5
99756 6
99757 7
99758 8
99759 9
99760 0
99761 1
99762 2
99763 3
99764 4
99765 5
99766 6
99767 7
99768 8
99769 9
99770 0
99771 1
99772 2
99773 3
99774 4
99775 5
99776 6
99777 7
99778 8
99779 9
99780 0
99781 1
99782 2
99783 3
99784 4
99785 5
99786 6
99787 7
99788 8
99789 9
99790 0
99791 1
99792 2
99793 3
99794 4
99795 5
99796 6
99797 7
99798 8
99799 9
99800 0
99801 1
99802 2
99803 3
99804 4
99805 5
99806 6
99807 7
99808 8
99809 9
99810 0
99811 1
99812 2
99813 3
99814 4
99815 5
99816 6
99817 7
99818 8
99819 9
99820 0
99821 1
99822 2
99823 3
99824 4
99825 5
99826 6
99827 7
99828 8
99829 9
99830 0
99831 1
99832 2
99833 3
99834 4
99835 5
99836 6
99837 7
99838 8
99839 9
99840 0
99841 1
99842 2
99843 3
99844 4
99845 5
99846 6
99847 7
99848 8
99849 9
99850 0
99851 1
99852 2
99853 3
99854 4
99855 5
99856 6
99857 7
99858 8
99859 9
99860 0
99861 1
99862 2
99863 3
99864 4
99865 5
99866 6
99867 7
99868 8
99869 9
99870 0
99871 1
99872 2
99873 3
99874 4
99875 5
99876 6
99877 7
99878 8
99879 9
99880 0
99881 1
99882 2
99883 3
99884 4
99885 5
99886 6
99887 7
99888 8
99889 9
99890 0
99891 1
99892 2
99893 3
99894 4
99895 5
99896 6
99897 7
99898 8
99899 9
99900 0
99901 1
99902 2
99903 3
99904 4
99905 5
99906 6
99907 7
99908 8
99909 9
99910 0
99911 1
99912 2
99913 3
99914 4
99915 5
99916 6
99917 7
99918 8
99919 9
99920 0
99921 1
99922 2
99923 3
99924 4
99925 5
99926 6
99927 7
99928 8
99929 9
99930 0
99931 1
99932 2
99933 3
99934 4
99935 5
99936 6
99937 7
99938 8
99939 9
99940 0
99941 1
99942 2
99943 3
99944 4
99945 5
99946 6
99947 7
99948 8
99949 9
99950 0
99951 1
99952 2
99953 3
99954 4
99955 5
99956 6
99957 7
99958 8
99959 9
99960 0
99961 1
99962 2
99963 3
99964 4
99965 5
99966 6
99967 7
99968 8
99969 9
99970 0
99971 1
99972 2
99973 3
99974 4
99975 5
99976 6
99977 7
99978 8
99979 9
99980 0
99981 1
99982 2
99983 3
99984 4
99985 5
99986 6
99987 7
99988 8
99989 9
99990 0
99991 1
99992 2
99993 3
99994 4
99995 5
99996 6
99997 7
99998 8
99999 9

Final centroids:
0: -0.015784 -0.005743 0.004269 0.006534 -0.000210
1: 9.994479 10.010837 9.993246 10.016780 10.013768
2: 19.985874 20.006078 19.988310 20.009854 20.001710
3: 30.025822 29.988700 29.990892 29.996118 30.001717
4: 39.994012 39.997535 40.011236 39.999714 39.993995
5: 49.990053 50.012358 49.984068 49.987011 49.995439
6: 59.989504 59.993491 59.998266 59.977098 60.006788
7: 69.997914 70.003138 69.987077 70.007421 70.003956
8: 79.981151 79.988588 80.025155 79.996907 80.016784
9: 90.006374 89.997354 89.974879 89.968268 90.001380

WCSS: 666965.939542
Iterations: 2
Converged: true
Execution time: 85.131300 ms
